GOC_ID,STEP_ID,1
NI03PEGNRST2011,PVFC_LIC_UNWIND,0.0
NI03PEGNRST2011,PVFC_LIC_EXP_CLAIM_CF_CY,0.0
NI03PEGNRST2011,PVFC_LIC_EXP_ATTEXP_CY,0.0
NI03PEGNRST2011,PVFC_LIC_EXP_CLAIM_CF_PY,0.0
NI03PEGNRST2011,PVFC_LIC_EXP_ATTEXP_PY,0.0
NI03PEGNRST2011,RA_LIC_OP,0.0
NI03PEGNRST2011,RA_LIC_UNWIND,0.0
NI03PEGNRST2011,RA_LIC_INCLAIM,0.0
NI03PEGNRST2011,RA_LIC_RELEASE_PY,0.0
NI03PEGNRST2011,RA_LIC_DEREC,0.0
NI03PEGNRST2011,RA_LIC_TASSCHG_PY,0.0
NI03PEGNRST2011,RA_LIC_FASSCHG_PY,0.0
NI03PEGNRST2011,RA_LIC_CLO,0.0
NI03PEGNRST2012,PVFC_LIC_UNWIND,0.0
NI03PEGNRST2012,PVFC_LIC_EXP_CLAIM_CF_CY,0.0
NI03PEGNRST2012,PVFC_LIC_EXP_ATTEXP_CY,0.0
NI03PEGNRST2012,PVFC_LIC_EXP_CLAIM_CF_PY,51.217350000000806
NI03PEGNRST2012,PVFC_LIC_EXP_ATTEXP_PY,0.0
NI03PEGNRST2012,RA_LIC_OP,-2.051500822425606
NI03PEGNRST2012,RA_LIC_UNWIND,-0.05065632365090813
NI03PEGNRST2012,RA_LIC_INCLAIM,-0.8869876931359568
NI03PEGNRST2012,RA_LIC_RELEASE_PY,1.753813766388219
NI03PEGNRST2012,RA_LIC_DEREC,0.0
NI03PEGNRST2012,RA_LIC_TASSCHG_PY,-0.3715979655956966
NI03PEGNRST2012,RA_LIC_FASSCHG_PY,0.0
NI03PEGNRST2012,RA_LIC_CLO,-1.6069290384199488
NI03PEGNRST2013,PVFC_LIC_UNWIND,0.0
NI03PEGNRST2013,PVFC_LIC_EXP_CLAIM_CF_CY,0.0
NI03PEGNRST2013,PVFC_LIC_EXP_ATTEXP_CY,0.0
NI03PEGNRST2013,PVFC_LIC_EXP_CLAIM_CF_PY,446.1634199999998
NI03PEGNRST2013,PVFC_LIC_EXP_ATTEXP_PY,0.0
NI03PEGNRST2013,RA_LIC_OP,-17.870987527980564
NI03PEGNRST2013,RA_LIC_UNWIND,-0.44127621996678695
NI03PEGNRST2013,RA_LIC_INCLAIM,-7.726707115214795
NI03PEGNRST2013,RA_LIC_RELEASE_PY,15.277782783663035
NI03PEGNRST2013,RA_LIC_DEREC,0.0
NI03PEGNRST2013,RA_LIC_TASSCHG_PY,-3.237055786666379
NI03PEGNRST2013,RA_LIC_FASSCHG_PY,0.0
NI03PEGNRST2013,RA_LIC_CLO,-13.998243866165495
NI03PEGNRST2014,PVFC_LIC_UNWIND,0.0
NI03PEGNRST2014,PVFC_LIC_EXP_CLAIM_CF_CY,0.0
NI03PEGNRST2014,PVFC_LIC_EXP_ATTEXP_CY,0.0
NI03PEGNRST2014,PVFC_LIC_EXP_CLAIM_CF_PY,608.0871800000014
NI03PEGNRST2014,PVFC_LIC_EXP_ATTEXP_PY,0.0
NI03PEGNRST2014,RA_LIC_OP,-24.35681170299647
NI03PEGNRST2014,RA_LIC_UNWIND,-0.6014262939813949
NI03PEGNRST2014,RA_LIC_INCLAIM,-10.530920576987072
NI03PEGNRST2014,RA_LIC_RELEASE_PY,20.822468703441118
NI03PEGNRST2014,RA_LIC_DEREC,0.0
NI03PEGNRST2014,RA_LIC_TASSCHG_PY,-4.411863538289738
NI03PEGNRST2014,RA_LIC_FASSCHG_PY,0.0
NI03PEGNRST2014,RA_LIC_CLO,-19.078553408813562
NI03PEGNRST2015,PVFC_LIC_UNWIND,0.0
NI03PEGNRST2015,PVFC_LIC_EXP_CLAIM_CF_CY,0.0
NI03PEGNRST2015,PVFC_LIC_EXP_ATTEXP_CY,0.0
NI03PEGNRST2015,PVFC_LIC_EXP_CLAIM_CF_PY,2130.0
NI03PEGNRST2015,PVFC_LIC_EXP_ATTEXP_PY,0.0
NI03PEGNRST2015,RA_LIC_OP,-85.31672864305735
NI03PEGNRST2015,RA_LIC_UNWIND,-2.1066683336102536
NI03PEGNRST2015,RA_LIC_INCLAIM,-36.88757396428294
NI03PEGNRST2015,RA_LIC_RELEASE_PY,72.93667716910119
NI03PEGNRST2015,RA_LIC_DEREC,0.0
NI03PEGNRST2015,RA_LIC_TASSCHG_PY,-15.45381919835417
NI03PEGNRST2015,RA_LIC_FASSCHG_PY,0.0
NI03PEGNRST2015,RA_LIC_CLO,-66.82811297020352
NI03PEGNRST2016,PVFC_LIC_UNWIND,0.0
NI03PEGNRST2016,PVFC_LIC_EXP_CLAIM_CF_CY,0.0
NI03PEGNRST2016,PVFC_LIC_EXP_ATTEXP_CY,0.0
NI03PEGNRST2016,PVFC_LIC_EXP_CLAIM_CF_PY,0.0
NI03PEGNRST2016,PVFC_LIC_EXP_ATTEXP_PY,0.0
NI03PEGNRST2016,RA_LIC_OP,0.0
NI03PEGNRST2016,RA_LIC_UNWIND,0.0
NI03PEGNRST2016,RA_LIC_INCLAIM,0.0
NI03PEGNRST2016,RA_LIC_RELEASE_PY,0.0
NI03PEGNRST2016,RA_LIC_DEREC,0.0
NI03PEGNRST2016,RA_LIC_TASSCHG_PY,0.0
NI03PEGNRST2016,RA_LIC_FASSCHG_PY,0.0
NI03PEGNRST2016,RA_LIC_CLO,0.0
NI03PEGNRST2017,PVFC_LIC_UNWIND,0.0
NI03PEGNRST2017,PVFC_LIC_EXP_CLAIM_CF_CY,0.0
NI03PEGNRST2017,PVFC_LIC_EXP_ATTEXP_CY,0.0
NI03PEGNRST2017,PVFC_LIC_EXP_CLAIM_CF_PY,3669.8578319999956
NI03PEGNRST2017,PVFC_LIC_EXP_ATTEXP_PY,0.0
NI03PEGNRST2017,RA_LIC_OP,-146.995429488894
NI03PEGNRST2017,RA_LIC_UNWIND,-3.6296588185568144
NI03PEGNRST2017,RA_LIC_INCLAIM,-63.555001040518164
NI03PEGNRST2017,RA_LIC_RELEASE_PY,125.66536899017976
NI03PEGNRST2017,RA_LIC_DEREC,0.0
NI03PEGNRST2017,RA_LIC_TASSCHG_PY,-26.625971558400128
NI03PEGNRST2017,RA_LIC_FASSCHG_PY,0.0
NI03PEGNRST2017,RA_LIC_CLO,-115.14069191618934
NI03PEGNRST2018,PVFC_LIC_UNWIND,0.0
NI03PEGNRST2018,PVFC_LIC_EXP_CLAIM_CF_CY,0.0
NI03PEGNRST2018,PVFC_LIC_EXP_ATTEXP_CY,0.0
NI03PEGNRST2018,PVFC_LIC_EXP_CLAIM_CF_PY,11.659407311533414
NI03PEGNRST2018,PVFC_LIC_EXP_ATTEXP_PY,0.0
NI03PEGNRST2018,RA_LIC_OP,-0.4743701126922075
NI03PEGNRST2018,RA_LIC_UNWIND,-0.011713300670502472
NI03PEGNRST2018,RA_LIC_INCLAIM,-0.2050988463421701
NI03PEGNRST2018,RA_LIC_RELEASE_PY,0.4055357058151478
NI03PEGNRST2018,RA_LIC_DEREC,0.0
NI03PEGNRST2018,RA_LIC_TASSCHG_PY,-0.0859248833287845
NI03PEGNRST2018,RA_LIC_FASSCHG_PY,0.0
NI03PEGNRST2018,RA_LIC_CLO,-0.37157143721851676
NI03PEGNRST2019,PVFC_LIC_UNWIND,0.0
NI03PEGNRST2019,PVFC_LIC_EXP_CLAIM_CF_CY,0.0
NI03PEGNRST2019,PVFC_LIC_EXP_ATTEXP_CY,0.0
NI03PEGNRST2019,PVFC_LIC_EXP_CLAIM_CF_PY,20191.11513097965
NI03PEGNRST2019,PVFC_LIC_EXP_ATTEXP_PY,0.0
NI03PEGNRST2019,RA_LIC_OP,-809.7751855909243
NI03PEGNRST2019,RA_LIC_UNWIND,-19.995231509226258
NI03PEGNRST2019,RA_LIC_INCLAIM,-350.11471405446224
NI03PEGNRST2019,RA_LIC_RELEASE_PY,692.27116686688
NI03PEGNRST2019,RA_LIC_DEREC,0.0
NI03PEGNRST2019,RA_LIC_TASSCHG_PY,-146.67837724758064
NI03PEGNRST2019,RA_LIC_FASSCHG_PY,0.0
NI03PEGNRST2019,RA_LIC_CLO,-634.2923415353138
NI03PEGNRST2020,PVFC_LIC_UNWIND,0.0
NI03PEGNRST2020,PVFC_LIC_EXP_CLAIM_CF_CY,0.0
NI03PEGNRST2020,PVFC_LIC_EXP_ATTEXP_CY,0.0
NI03PEGNRST2020,PVFC_LIC_EXP_CLAIM_CF_PY,11815.041965386408
NI03PEGNRST2020,PVFC_LIC_EXP_ATTEXP_PY,0.0
NI03PEGNRST2020,RA_LIC_OP,-494.8196919182835
NI03PEGNRST2020,RA_LIC_UNWIND,-12.21824831296853
NI03PEGNRST2020,RA_LIC_INCLAIM,-213.94043436644003
NI03PEGNRST2020,RA_LIC_RELEASE_PY,423.017908684135
NI03PEGNRST2020,RA_LIC_DEREC,0.0
NI03PEGNRST2020,RA_LIC_TASSCHG_PY,-89.62901152343619
NI03PEGNRST2020,RA_LIC_FASSCHG_PY,0.0
NI03PEGNRST2020,RA_LIC_CLO,-387.58947743699326
NI03PEGNRST2021,PVFC_LIC_UNWIND,0.0
NI03PEGNRST2021,PVFC_LIC_EXP_CLAIM_CF_CY,0.0
NI03PEGNRST2021,PVFC_LIC_EXP_ATTEXP_CY,0.0
NI03PEGNRST2021,PVFC_LIC_EXP_CLAIM_CF_PY,15881.753004792954
NI03PEGNRST2021,PVFC_LIC_EXP_ATTEXP_PY,0.0
NI03PEGNRST2021,RA_LIC_OP,-703.3788168161735
NI03PEGNRST2021,RA_LIC_UNWIND,-17.36805786492683
NI03PEGNRST2021,RA_LIC_INCLAIM,-304.1131386878109
NI03PEGNRST2021,RA_LIC_RELEASE_PY,601.3136521483391
NI03PEGNRST2021,RA_LIC_DEREC,0.0
NI03PEGNRST2021,RA_LIC_TASSCHG_PY,-127.40630396772674
NI03PEGNRST2021,RA_LIC_FASSCHG_PY,0.0
NI03PEGNRST2021,RA_LIC_CLO,-550.952665188299
NI03PEGNRST2022,PVFC_LIC_UNWIND,0.0
NI03PEGNRST2022,PVFC_LIC_EXP_CLAIM_CF_CY,0.0
NI03PEGNRST2022,PVFC_LIC_EXP_ATTEXP_CY,0.0
NI03PEGNRST2022,PVFC_LIC_EXP_CLAIM_CF_PY,114049.74227561287
NI03PEGNRST2022,PVFC_LIC_EXP_ATTEXP_PY,0.0
NI03PEGNRST2022,RA_LIC_OP,-5704.26864584232
NI03PEGNRST2022,RA_LIC_UNWIND,-140.851651413849
NI03PEGNRST2022,RA_LIC_INCLAIM,-2466.299809337232
NI03PEGNRST2022,RA_LIC_RELEASE_PY,4876.539540659984
NI03PEGNRST2022,RA_LIC_DEREC,0.0
NI03PEGNRST2022,RA_LIC_TASSCHG_PY,-1033.2409330940893
NI03PEGNRST2022,RA_LIC_FASSCHG_PY,0.0
NI03PEGNRST2022,RA_LIC_CLO,-4468.121499027507
NI03PEGNRST2023,PVFC_LIC_UNWIND,0.0
NI03PEGNRST2023,PVFC_LIC_EXP_CLAIM_CF_CY,0.0
NI03PEGNRST2023,PVFC_LIC_EXP_ATTEXP_CY,0.0
NI03PEGNRST2023,PVFC_LIC_EXP_CLAIM_CF_PY,0.0
NI03PEGNRST2023,PVFC_LIC_EXP_ATTEXP_PY,0.0
NI03PEGNRST2023,RA_LIC_OP,0.0
NI03PEGNRST2023,RA_LIC_UNWIND,0.0
NI03PEGNRST2023,RA_LIC_INCLAIM,0.0
NI03PEGNRST2023,RA_LIC_RELEASE_PY,0.0
NI03PEGNRST2023,RA_LIC_DEREC,0.0
NI03PEGNRST2023,RA_LIC_TASSCHG_PY,0.0
NI03PEGNRST2023,RA_LIC_FASSCHG_PY,0.0
NI03PEGNRST2023,RA_LIC_CLO,0.0
NI03PEGNRST2011,RA_LIC_RELEASE_CY,0.0
NI03PEGNRST2012,RA_LIC_RELEASE_CY,0.0
NI03PEGNRST2013,RA_LIC_RELEASE_CY,0.0
NI03PEGNRST2014,RA_LIC_RELEASE_CY,0.0
NI03PEGNRST2015,RA_LIC_RELEASE_CY,0.0
NI03PEGNRST2016,RA_LIC_RELEASE_CY,0.0
NI03PEGNRST2017,RA_LIC_RELEASE_CY,0.0
NI03PEGNRST2018,RA_LIC_RELEASE_CY,0.0
NI03PEGNRST2019,RA_LIC_RELEASE_CY,0.0
NI03PEGNRST2020,RA_LIC_RELEASE_CY,0.0
NI03PEGNRST2021,RA_LIC_RELEASE_CY,0.0
NI03PEGNRST2022,RA_LIC_RELEASE_CY,0.0
NI03PEGNRST2023,RA_LIC_RELEASE_CY,0.0
NI03PEGNRST2011,RA_LIC_FEXPVAR_CY,0.0
NI03PEGNRST2012,RA_LIC_FEXPVAR_CY,0.0
NI03PEGNRST2013,RA_LIC_FEXPVAR_CY,0.0
NI03PEGNRST2014,RA_LIC_FEXPVAR_CY,0.0
NI03PEGNRST2015,RA_LIC_FEXPVAR_CY,0.0
NI03PEGNRST2016,RA_LIC_FEXPVAR_CY,0.0
NI03PEGNRST2017,RA_LIC_FEXPVAR_CY,0.0
NI03PEGNRST2018,RA_LIC_FEXPVAR_CY,0.0
NI03PEGNRST2019,RA_LIC_FEXPVAR_CY,0.0
NI03PEGNRST2020,RA_LIC_FEXPVAR_CY,0.0
NI03PEGNRST2021,RA_LIC_FEXPVAR_CY,0.0
NI03PEGNRST2022,RA_LIC_FEXPVAR_CY,0.0
NI03PEGNRST2023,RA_LIC_FEXPVAR_CY,0.0
NI03PEGNRST2011,DA_LIC_OP,0.0
NI03PEGNRST2012,DA_LIC_OP,0.16350037754544572
NI03PEGNRST2013,DA_LIC_OP,1.4242807879940453
NI03PEGNRST2014,DA_LIC_OP,1.9411875762909505
NI03PEGNRST2015,DA_LIC_OP,6.799567025076377
NI03PEGNRST2016,DA_LIC_OP,0.0
NI03PEGNRST2017,DA_LIC_OP,11.715232066284319
NI03PEGNRST2018,DA_LIC_OP,0.03780631802513651
NI03PEGNRST2019,DA_LIC_OP,64.5374094534884
NI03PEGNRST2020,DA_LIC_OP,39.4361072445996
NI03PEGNRST2021,DA_LIC_OP,56.05783865635455
NI03PEGNRST2022,DA_LIC_OP,454.61842716355454
NI03PEGNRST2023,DA_LIC_OP,0.0
NI03PEGNRST2011,DA_LIC_INCLAIM_INCEXP,0.0
NI03PEGNRST2012,DA_LIC_INCLAIM_INCEXP,0.08541766627368753
NI03PEGNRST2013,DA_LIC_INCLAIM_INCEXP,0.7440884409889783
NI03PEGNRST2014,DA_LIC_INCLAIM_INCEXP,1.0141365729884053
NI03PEGNRST2015,DA_LIC_INCLAIM_INCEXP,3.552304622612307
NI03PEGNRST2016,DA_LIC_INCLAIM_INCEXP,0.0
NI03PEGNRST2017,DA_LIC_INCLAIM_INCEXP,6.120400441757577
NI03PEGNRST2018,DA_LIC_INCLAIM_INCEXP,0.019751192655261
NI03PEGNRST2019,DA_LIC_INCLAIM_INCEXP,33.71634356828402
NI03PEGNRST2020,DA_LIC_INCLAIM_INCEXP,20.602645072279778
NI03PEGNRST2021,DA_LIC_INCLAIM_INCEXP,29.28635288956304
NI03PEGNRST2022,DA_LIC_INCLAIM_INCEXP,237.50676100140237
NI03PEGNRST2023,DA_LIC_INCLAIM_INCEXP,0.0
NI03PEGNRST2011,DA_LIC_CHG,0.0
NI03PEGNRST2012,DA_LIC_CHG,-0.09416941608567761
NI03PEGNRST2013,DA_LIC_CHG,-0.8203264858527173
NI03PEGNRST2014,DA_LIC_CHG,-1.1180432933329483
NI03PEGNRST2015,DA_LIC_CHG,-3.9162677542374036
NI03PEGNRST2016,DA_LIC_CHG,0.0
NI03PEGNRST2017,DA_LIC_CHG,-6.747486333378992
NI03PEGNRST2018,DA_LIC_CHG,-0.021774866494035823
NI03PEGNRST2019,DA_LIC_CHG,-37.17086318181763
NI03PEGNRST2020,DA_LIC_CHG,-22.7135572875596
NI03PEGNRST2021,DA_LIC_CHG,-32.28698314061525
NI03PEGNRST2022,DA_LIC_CHG,-261.8413025736379
NI03PEGNRST2023,DA_LIC_CHG,0.0
NI03PEGNRST2011,DA_LIC_CLO,0.0
NI03PEGNRST2012,DA_LIC_CLO,0.15474862773345566
NI03PEGNRST2013,DA_LIC_CLO,1.3480427431303061
NI03PEGNRST2014,DA_LIC_CLO,1.8372808559464078
NI03PEGNRST2015,DA_LIC_CLO,6.43560389345128
NI03PEGNRST2016,DA_LIC_CLO,0.0
NI03PEGNRST2017,DA_LIC_CLO,11.088146174662903
NI03PEGNRST2018,DA_LIC_CLO,0.03578264418636168
NI03PEGNRST2019,DA_LIC_CLO,61.08288983995478
NI03PEGNRST2020,DA_LIC_CLO,37.32519502931978
NI03PEGNRST2021,DA_LIC_CLO,53.05720840530234
NI03PEGNRST2022,DA_LIC_CLO,430.28388559131895
NI03PEGNRST2023,DA_LIC_CLO,0.0
NI03PFICIST2011,PVFC_LIC_UNWIND,0.0
NI03PFICIST2011,PVFC_LIC_EXP_CLAIM_CF_CY,0.0
NI03PFICIST2011,PVFC_LIC_EXP_ATTEXP_CY,0.0
NI03PFICIST2011,PVFC_LIC_EXP_CLAIM_CF_PY,50.7587984593024
NI03PFICIST2011,PVFC_LIC_EXP_ATTEXP_PY,0.0
NI03PFICIST2011,RA_LIC_OP,-1.7453628771735594
NI03PFICIST2011,RA_LIC_UNWIND,-0.055375777818943796
NI03PFICIST2011,RA_LIC_INCLAIM,-0.17935125754596185
NI03PFICIST2011,RA_LIC_RELEASE_PY,1.2100653877320593
NI03PFICIST2011,RA_LIC_DEREC,0.0
NI03PFICIST2011,RA_LIC_TASSCHG_PY,0.21062616043229088
NI03PFICIST2011,RA_LIC_FASSCHG_PY,0.0
NI03PFICIST2011,RA_LIC_CLO,-0.5593983643741148
NI03PFICIST2012,PVFC_LIC_UNWIND,0.0
NI03PFICIST2012,PVFC_LIC_EXP_CLAIM_CF_CY,0.0
NI03PFICIST2012,PVFC_LIC_EXP_ATTEXP_CY,0.0
NI03PFICIST2012,PVFC_LIC_EXP_CLAIM_CF_PY,995.7331891023423
NI03PFICIST2012,PVFC_LIC_EXP_ATTEXP_PY,0.0
NI03PFICIST2012,RA_LIC_OP,-34.238709279580426
NI03PFICIST2012,RA_LIC_UNWIND,-1.0863042767036672
NI03PFICIST2012,RA_LIC_INCLAIM,-3.51832598616265
NI03PFICIST2012,RA_LIC_RELEASE_PY,23.737801211249682
NI03PFICIST2012,RA_LIC_DEREC,0.0
NI03PFICIST2012,RA_LIC_TASSCHG_PY,4.131844425036636
NI03PFICIST2012,RA_LIC_FASSCHG_PY,0.0
NI03PFICIST2012,RA_LIC_CLO,-10.973693906160428
NI03PFICIST2013,PVFC_LIC_UNWIND,0.0
NI03PFICIST2013,PVFC_LIC_EXP_CLAIM_CF_CY,0.0
NI03PFICIST2013,PVFC_LIC_EXP_ATTEXP_CY,0.0
NI03PFICIST2013,PVFC_LIC_EXP_CLAIM_CF_PY,3154.483511274986
NI03PFICIST2013,PVFC_LIC_EXP_ATTEXP_PY,0.0
NI03PFICIST2013,RA_LIC_OP,-108.46825741255218
NI03PFICIST2013,RA_LIC_UNWIND,-3.441412786670724
NI03PFICIST2013,RA_LIC_INCLAIM,-11.146059438518598
NI03PFICIST2013,RA_LIC_RELEASE_PY,75.20137255072879
NI03PFICIST2013,RA_LIC_DEREC,0.0
NI03PFICIST2013,RA_LIC_TASSCHG_PY,13.089686326195077
NI03PFICIST2013,RA_LIC_FASSCHG_PY,0.0
NI03PFICIST2013,RA_LIC_CLO,-34.764670760817616
NI03PFICIST2014,PVFC_LIC_UNWIND,0.0
NI03PFICIST2014,PVFC_LIC_EXP_CLAIM_CF_CY,0.0
NI03PFICIST2014,PVFC_LIC_EXP_ATTEXP_CY,0.0
NI03PFICIST2014,PVFC_LIC_EXP_CLAIM_CF_PY,3460.005586005072
NI03PFICIST2014,PVFC_LIC_EXP_ATTEXP_PY,0.0
NI03PFICIST2014,RA_LIC_OP,-118.97376391737001
NI03PFICIST2014,RA_LIC_UNWIND,-3.774724902847016
NI03PFICIST2014,RA_LIC_INCLAIM,-12.225591854062804
NI03PFICIST2014,RA_LIC_RELEASE_PY,82.48487214174818
NI03PFICIST2014,RA_LIC_DEREC,0.0
NI03PFICIST2014,RA_LIC_TASSCHG_PY,14.357465380880562
NI03PFICIST2014,RA_LIC_FASSCHG_PY,0.0
NI03PFICIST2014,RA_LIC_CLO,-38.13174315165105
NI03PFICIST2015,PVFC_LIC_UNWIND,0.0
NI03PFICIST2015,PVFC_LIC_EXP_CLAIM_CF_CY,0.0
NI03PFICIST2015,PVFC_LIC_EXP_ATTEXP_CY,0.0
NI03PFICIST2015,PVFC_LIC_EXP_CLAIM_CF_PY,5112.97570693946
NI03PFICIST2015,PVFC_LIC_EXP_ATTEXP_PY,0.0
NI03PFICIST2015,RA_LIC_OP,-175.81142330144388
NI03PFICIST2015,RA_LIC_UNWIND,-5.578034483315596
NI03PFICIST2015,RA_LIC_INCLAIM,-18.06615705676192
NI03PFICIST2015,RA_LIC_RELEASE_PY,121.89059414939744
NI03PFICIST2015,RA_LIC_DEREC,0.0
NI03PFICIST2015,RA_LIC_TASSCHG_PY,21.216496313985143
NI03PFICIST2015,RA_LIC_FASSCHG_PY,0.0
NI03PFICIST2015,RA_LIC_CLO,-56.34852437813885
NI03PFICIST2016,PVFC_LIC_UNWIND,0.0
NI03PFICIST2016,PVFC_LIC_EXP_CLAIM_CF_CY,0.0
NI03PFICIST2016,PVFC_LIC_EXP_ATTEXP_CY,0.0
NI03PFICIST2016,PVFC_LIC_EXP_CLAIM_CF_PY,4945.949816444481
NI03PFICIST2016,PVFC_LIC_EXP_ATTEXP_PY,0.0
NI03PFICIST2016,RA_LIC_OP,-174.83936208430995
NI03PFICIST2016,RA_LIC_UNWIND,-5.5471935351721395
NI03PFICIST2016,RA_LIC_INCLAIM,-17.96626928901762
NI03PFICIST2016,RA_LIC_RELEASE_PY,121.21666115300224
NI03PFICIST2016,RA_LIC_DEREC,0.0
NI03PFICIST2016,RA_LIC_TASSCHG_PY,21.099190323037508
NI03PFICIST2016,RA_LIC_FASSCHG_PY,0.0
NI03PFICIST2016,RA_LIC_CLO,-56.03697343245996
NI03PFICIST2017,PVFC_LIC_UNWIND,0.0
NI03PFICIST2017,PVFC_LIC_EXP_CLAIM_CF_CY,0.0
NI03PFICIST2017,PVFC_LIC_EXP_ATTEXP_CY,0.0
NI03PFICIST2017,PVFC_LIC_EXP_CLAIM_CF_PY,8876.45941517872
NI03PFICIST2017,PVFC_LIC_EXP_ATTEXP_PY,0.0
NI03PFICIST2017,RA_LIC_OP,-323.6189752523691
NI03PFICIST2017,RA_LIC_UNWIND,-10.267579714191108
NI03PFICIST2017,RA_LIC_INCLAIM,-33.254672100761226
NI03PFICIST2017,RA_LIC_RELEASE_PY,224.36601917440055
NI03PFICIST2017,RA_LIC_DEREC,0.0
NI03PFICIST2017,RA_LIC_TASSCHG_PY,39.05355332801716
NI03PFICIST2017,RA_LIC_FASSCHG_PY,0.0
NI03PFICIST2017,RA_LIC_CLO,-103.72165456490373
NI03PFICIST2018,PVFC_LIC_UNWIND,0.0
NI03PFICIST2018,PVFC_LIC_EXP_CLAIM_CF_CY,0.0
NI03PFICIST2018,PVFC_LIC_EXP_ATTEXP_CY,0.0
NI03PFICIST2018,PVFC_LIC_EXP_CLAIM_CF_PY,10615.375029369767
NI03PFICIST2018,PVFC_LIC_EXP_ATTEXP_PY,0.0
NI03PFICIST2018,RA_LIC_OP,-394.87395323711655
NI03PFICIST2018,RA_LIC_UNWIND,-12.528312929605276
NI03PFICIST2018,RA_LIC_INCLAIM,-40.576742528126836
NI03PFICIST2018,RA_LIC_RELEASE_PY,273.7673119889828
NI03PFICIST2018,RA_LIC_DEREC,0.0
NI03PFICIST2018,RA_LIC_TASSCHG_PY,47.65243131545264
NI03PFICIST2018,RA_LIC_FASSCHG_PY,0.0
NI03PFICIST2018,RA_LIC_CLO,-126.5592653904132
NI03PFICIST2019,PVFC_LIC_UNWIND,0.0
NI03PFICIST2019,PVFC_LIC_EXP_CLAIM_CF_CY,0.0
NI03PFICIST2019,PVFC_LIC_EXP_ATTEXP_CY,0.0
NI03PFICIST2019,PVFC_LIC_EXP_CLAIM_CF_PY,4922.275145047353
NI03PFICIST2019,PVFC_LIC_EXP_ATTEXP_PY,0.0
NI03PFICIST2019,RA_LIC_OP,-252.99302594712867
NI03PFICIST2019,RA_LIC_UNWIND,-8.026803925884895
NI03PFICIST2019,RA_LIC_INCLAIM,-25.997239856192735
NI03PFICIST2019,RA_LIC_RELEASE_PY,175.40083385523772
NI03PFICIST2019,RA_LIC_DEREC,0.0
NI03PFICIST2019,RA_LIC_TASSCHG_PY,30.530584996561597
NI03PFICIST2019,RA_LIC_FASSCHG_PY,0.0
NI03PFICIST2019,RA_LIC_CLO,-81.08565087740699
NI03PFICIST2020,PVFC_LIC_UNWIND,0.0
NI03PFICIST2020,PVFC_LIC_EXP_CLAIM_CF_CY,0.0
NI03PFICIST2020,PVFC_LIC_EXP_ATTEXP_CY,0.0
NI03PFICIST2020,PVFC_LIC_EXP_CLAIM_CF_PY,13047.869978507106
NI03PFICIST2020,PVFC_LIC_EXP_ATTEXP_PY,0.0
NI03PFICIST2020,RA_LIC_OP,-1007.3005821829747
NI03PFICIST2020,RA_LIC_UNWIND,-31.9590005983096
NI03PFICIST2020,RA_LIC_INCLAIM,-103.50891983783787
NI03PFICIST2020,RA_LIC_RELEASE_PY,698.3645552928549
NI03PFICIST2020,RA_LIC_DEREC,0.0
NI03PFICIST2020,RA_LIC_TASSCHG_PY,121.55859208486741
NI03PFICIST2020,RA_LIC_FASSCHG_PY,0.0
NI03PFICIST2020,RA_LIC_CLO,-322.8453552414
NI03PFICIST2021,PVFC_LIC_UNWIND,0.0
NI03PFICIST2021,PVFC_LIC_EXP_CLAIM_CF_CY,0.0
NI03PFICIST2021,PVFC_LIC_EXP_ATTEXP_CY,0.0
NI03PFICIST2021,PVFC_LIC_EXP_CLAIM_CF_PY,14870.014034269407
NI03PFICIST2021,PVFC_LIC_EXP_ATTEXP_PY,0.0
NI03PFICIST2021,RA_LIC_OP,-1099.4535356390538
NI03PFICIST2021,RA_LIC_UNWIND,-34.88277166201366
NI03PFICIST2021,RA_LIC_INCLAIM,-112.97843950339153
NI03PFICIST2021,RA_LIC_RELEASE_PY,762.2544780205949
NI03PFICIST2021,RA_LIC_DEREC,0.0
NI03PFICIST2021,RA_LIC_TASSCHG_PY,132.6793870856078
NI03PFICIST2021,RA_LIC_FASSCHG_PY,0.0
NI03PFICIST2021,RA_LIC_CLO,-352.38088169825636
NI03PFICIST2022,PVFC_LIC_UNWIND,0.0
NI03PFICIST2022,PVFC_LIC_EXP_CLAIM_CF_CY,0.0
NI03PFICIST2022,PVFC_LIC_EXP_ATTEXP_CY,0.0
NI03PFICIST2022,PVFC_LIC_EXP_CLAIM_CF_PY,126542.39827888868
NI03PFICIST2022,PVFC_LIC_EXP_ATTEXP_PY,0.0
NI03PFICIST2022,RA_LIC_OP,-6154.040191769629
NI03PFICIST2022,RA_LIC_UNWIND,-195.25152437076704
NI03PFICIST2022,RA_LIC_INCLAIM,-632.3813012281225
NI03PFICIST2022,RA_LIC_RELEASE_PY,4266.614770008015
NI03PFICIST2022,RA_LIC_DEREC,0.0
NI03PFICIST2022,RA_LIC_TASSCHG_PY,742.6546500390253
NI03PFICIST2022,RA_LIC_FASSCHG_PY,0.0
NI03PFICIST2022,RA_LIC_CLO,-1972.4035973214786
NI03PFICIST2023,PVFC_LIC_UNWIND,0.0
NI03PFICIST2023,PVFC_LIC_EXP_CLAIM_CF_CY,0.0
NI03PFICIST2023,PVFC_LIC_EXP_ATTEXP_CY,0.0
NI03PFICIST2023,PVFC_LIC_EXP_CLAIM_CF_PY,0.0
NI03PFICIST2023,PVFC_LIC_EXP_ATTEXP_PY,0.0
NI03PFICIST2023,RA_LIC_OP,0.0
NI03PFICIST2023,RA_LIC_UNWIND,0.0
NI03PFICIST2023,RA_LIC_INCLAIM,0.0
NI03PFICIST2023,RA_LIC_RELEASE_PY,0.0
NI03PFICIST2023,RA_LIC_DEREC,0.0
NI03PFICIST2023,RA_LIC_TASSCHG_PY,0.0
NI03PFICIST2023,RA_LIC_FASSCHG_PY,0.0
NI03PFICIST2023,RA_LIC_CLO,0.0
NI03PFICIST2011,RA_LIC_RELEASE_CY,0.0
NI03PFICIST2012,RA_LIC_RELEASE_CY,0.0
NI03PFICIST2013,RA_LIC_RELEASE_CY,0.0
NI03PFICIST2014,RA_LIC_RELEASE_CY,0.0
NI03PFICIST2015,RA_LIC_RELEASE_CY,0.0
NI03PFICIST2016,RA_LIC_RELEASE_CY,0.0
NI03PFICIST2017,RA_LIC_RELEASE_CY,0.0
NI03PFICIST2018,RA_LIC_RELEASE_CY,0.0
NI03PFICIST2019,RA_LIC_RELEASE_CY,0.0
NI03PFICIST2020,RA_LIC_RELEASE_CY,0.0
NI03PFICIST2021,RA_LIC_RELEASE_CY,0.0
NI03PFICIST2022,RA_LIC_RELEASE_CY,0.0
NI03PFICIST2023,RA_LIC_RELEASE_CY,0.0
NI03PFICIST2011,RA_LIC_FEXPVAR_CY,0.0
NI03PFICIST2012,RA_LIC_FEXPVAR_CY,0.0
NI03PFICIST2013,RA_LIC_FEXPVAR_CY,0.0
NI03PFICIST2014,RA_LIC_FEXPVAR_CY,0.0
NI03PFICIST2015,RA_LIC_FEXPVAR_CY,0.0
NI03PFICIST2016,RA_LIC_FEXPVAR_CY,0.0
NI03PFICIST2017,RA_LIC_FEXPVAR_CY,0.0
NI03PFICIST2018,RA_LIC_FEXPVAR_CY,0.0
NI03PFICIST2019,RA_LIC_FEXPVAR_CY,0.0
NI03PFICIST2020,RA_LIC_FEXPVAR_CY,0.0
NI03PFICIST2021,RA_LIC_FEXPVAR_CY,0.0
NI03PFICIST2022,RA_LIC_FEXPVAR_CY,0.0
NI03PFICIST2023,RA_LIC_FEXPVAR_CY,0.0
NI03PFICIST2011,DA_LIC_OP,0.19439951715932804
NI03PFICIST2012,DA_LIC_OP,3.8135270545502533
NI03PFICIST2013,DA_LIC_OP,12.081256650915368
NI03PFICIST2014,DA_LIC_OP,13.251365983914365
NI03PFICIST2015,DA_LIC_OP,19.58197704780007
NI03PFICIST2016,DA_LIC_OP,19.47370831255221
NI03PFICIST2017,DA_LIC_OP,36.04486686146079
NI03PFICIST2018,DA_LIC_OP,43.98128713061723
NI03PFICIST2019,DA_LIC_OP,28.178508166991634
NI03PFICIST2020,DA_LIC_OP,112.19371591527673
NI03PFICIST2021,DA_LIC_OP,122.45776466465688
NI03PFICIST2022,DA_LIC_OP,685.4405221431496
NI03PFICIST2023,DA_LIC_OP,0.0
NI03PFICIST2011,DA_LIC_INCLAIM_INCEXP,0.03881569502454805
NI03PFICIST2012,DA_LIC_INCLAIM_INCEXP,0.7614458373163858
NI03PFICIST2013,DA_LIC_INCLAIM_INCEXP,2.4122610000665943
NI03PFICIST2014,DA_LIC_INCLAIM_INCEXP,2.6458963901063837
NI03PFICIST2015,DA_LIC_INCLAIM_INCEXP,3.909927659142003
NI03PFICIST2016,DA_LIC_INCLAIM_INCEXP,3.8883096722792576
NI03PFICIST2017,DA_LIC_INCLAIM_INCEXP,7.197068077839955
NI03PFICIST2018,DA_LIC_INCLAIM_INCEXP,8.78173080363128
NI03PFICIST2019,DA_LIC_INCLAIM_INCEXP,5.626394526279824
NI03PFICIST2020,DA_LIC_INCLAIM_INCEXP,22.40168661051224
NI03PFICIST2021,DA_LIC_INCLAIM_INCEXP,24.451106237653104
NI03PFICIST2022,DA_LIC_INCLAIM_INCEXP,136.86170960584005
NI03PFICIST2023,DA_LIC_INCLAIM_INCEXP,0.0
NI03PFICIST2011,DA_LIC_CHG,-0.1121486715536148
NI03PFICIST2012,DA_LIC_CHG,-2.2000157168654706
NI03PFICIST2013,DA_LIC_CHG,-6.969651488321192
NI03PFICIST2014,DA_LIC_CHG,-7.644685095327386
NI03PFICIST2015,DA_LIC_CHG,-11.29680126985221
NI03PFICIST2016,DA_LIC_CHG,-11.234341264774699
NI03PFICIST2017,DA_LIC_CHG,-20.794207690992565
NI03PFICIST2018,DA_LIC_CHG,-25.372711810154513
NI03PFICIST2019,DA_LIC_CHG,-16.256121946541366
NI03PFICIST2020,DA_LIC_CHG,-64.72431814863786
NI03PFICIST2021,DA_LIC_CHG,-70.64562623018568
NI03PFICIST2022,DA_LIC_CHG,-395.42919195816404
NI03PFICIST2023,DA_LIC_CHG,0.0
NI03PFICIST2011,DA_LIC_CLO,0.12106654063026127
NI03PFICIST2012,DA_LIC_CLO,2.3749571750011684
NI03PFICIST2013,DA_LIC_CLO,7.523866162660767
NI03PFICIST2014,DA_LIC_CLO,8.25257727869336
NI03PFICIST2015,DA_LIC_CLO,12.195103437089859
NI03PFICIST2016,DA_LIC_CLO,12.127676720056765
NI03PFICIST2017,DA_LIC_CLO,22.447727248308173
NI03PFICIST2018,DA_LIC_CLO,27.390306124094
NI03PFICIST2019,DA_LIC_CLO,17.548780746730095
NI03PFICIST2020,DA_LIC_CLO,69.87108437715109
NI03PFICIST2021,DA_LIC_CLO,76.26324467212426
NI03PFICIST2022,DA_LIC_CLO,426.87303979082566
NI03PFICIST2023,DA_LIC_CLO,0.0
NI03PFIPIST2011,PVFC_LIC_UNWIND,0.0
NI03PFIPIST2011,PVFC_LIC_EXP_CLAIM_CF_CY,0.0
NI03PFIPIST2011,PVFC_LIC_EXP_ATTEXP_CY,0.0
NI03PFIPIST2011,PVFC_LIC_EXP_CLAIM_CF_PY,7.075401540697612
NI03PFIPIST2011,PVFC_LIC_EXP_ATTEXP_PY,0.0
NI03PFIPIST2011,RA_LIC_OP,-0.24329069178960036
NI03PFIPIST2011,RA_LIC_UNWIND,-0.00730033973462781
NI03PFIPIST2011,RA_LIC_INCLAIM,-0.026733709750665673
NI03PFIPIST2011,RA_LIC_RELEASE_PY,0.17396769919394792
NI03PFIPIST2011,RA_LIC_DEREC,0.0
NI03PFIPIST2011,RA_LIC_TASSCHG_PY,0.019973104843178324
NI03PFIPIST2011,RA_LIC_FASSCHG_PY,0.0
NI03PFIPIST2011,RA_LIC_CLO,-0.08338393723776757
NI03PFIPIST2012,PVFC_LIC_UNWIND,0.0
NI03PFIPIST2012,PVFC_LIC_EXP_CLAIM_CF_CY,0.0
NI03PFIPIST2012,PVFC_LIC_EXP_ATTEXP_CY,0.0
NI03PFIPIST2012,PVFC_LIC_EXP_CLAIM_CF_PY,138.79785089765733
NI03PFIPIST2012,PVFC_LIC_EXP_ATTEXP_PY,0.0
NI03PFIPIST2012,RA_LIC_OP,-4.77262314648385
NI03PFIPIST2012,RA_LIC_UNWIND,-0.1432104538747084
NI03PFIPIST2012,RA_LIC_INCLAIM,-0.5244340464030114
NI03PFIPIST2012,RA_LIC_RELEASE_PY,3.4127169510932633
NI03PFIPIST2012,RA_LIC_DEREC,0.0
NI03PFIPIST2012,RA_LIC_TASSCHG_PY,0.39181154766142295
NI03PFIPIST2012,RA_LIC_FASSCHG_PY,0.0
NI03PFIPIST2012,RA_LIC_CLO,-1.6357391480068837
NI03PFIPIST2013,PVFC_LIC_UNWIND,0.0
NI03PFIPIST2013,PVFC_LIC_EXP_CLAIM_CF_CY,0.0
NI03PFIPIST2013,PVFC_LIC_EXP_ATTEXP_CY,0.0
NI03PFIPIST2013,PVFC_LIC_EXP_CLAIM_CF_PY,439.711698725011
NI03PFIPIST2013,PVFC_LIC_EXP_ATTEXP_PY,0.0
NI03PFIPIST2013,RA_LIC_OP,-15.119673810094579
NI03PFIPIST2013,RA_LIC_UNWIND,-0.45369082836059055
NI03PFIPIST2013,RA_LIC_INCLAIM,-1.6614074636006602
NI03PFIPIST2013,RA_LIC_RELEASE_PY,10.811489933942397
NI03PFIPIST2013,RA_LIC_DEREC,0.0
NI03PFIPIST2013,RA_LIC_TASSCHG_PY,1.2412592852703013
NI03PFIPIST2013,RA_LIC_FASSCHG_PY,0.0
NI03PFIPIST2013,RA_LIC_CLO,-5.182022882843132
NI03PFIPIST2014,PVFC_LIC_UNWIND,0.0
NI03PFIPIST2014,PVFC_LIC_EXP_CLAIM_CF_CY,0.0
NI03PFIPIST2014,PVFC_LIC_EXP_ATTEXP_CY,0.0
NI03PFIPIST2014,PVFC_LIC_EXP_CLAIM_CF_PY,482.2992189949323
NI03PFIPIST2014,PVFC_LIC_EXP_ATTEXP_PY,0.0
NI03PFIPIST2014,RA_LIC_OP,-16.5840638109271
NI03PFIPIST2014,RA_LIC_UNWIND,-0.49763227318707226
NI03PFIPIST2014,RA_LIC_INCLAIM,-1.8223202258443125
NI03PFIPIST2014,RA_LIC_RELEASE_PY,11.858618195584945
NI03PFIPIST2014,RA_LIC_DEREC,0.0
NI03PFIPIST2014,RA_LIC_TASSCHG_PY,1.3614793183623366
NI03PFIPIST2014,RA_LIC_FASSCHG_PY,0.0
NI03PFIPIST2014,RA_LIC_CLO,-5.683918796011202
NI03PFIPIST2015,PVFC_LIC_UNWIND,0.0
NI03PFIPIST2015,PVFC_LIC_EXP_CLAIM_CF_CY,0.0
NI03PFIPIST2015,PVFC_LIC_EXP_ATTEXP_CY,0.0
NI03PFIPIST2015,PVFC_LIC_EXP_CLAIM_CF_PY,712.7110430605385
NI03PFIPIST2015,PVFC_LIC_EXP_ATTEXP_PY,0.0
NI03PFIPIST2015,RA_LIC_OP,-24.50681365974155
NI03PFIPIST2015,RA_LIC_UNWIND,-0.7353674906890885
NI03PFIPIST2015,RA_LIC_INCLAIM,-2.6929022169897276
NI03PFIPIST2015,RA_LIC_RELEASE_PY,17.523868075672482
NI03PFIPIST2015,RA_LIC_DEREC,0.0
NI03PFIPIST2015,RA_LIC_TASSCHG_PY,2.011902531074046
NI03PFIPIST2015,RA_LIC_FASSCHG_PY,0.0
NI03PFIPIST2015,RA_LIC_CLO,-8.399312760673832
NI03PFIPIST2016,PVFC_LIC_UNWIND,0.0
NI03PFIPIST2016,PVFC_LIC_EXP_CLAIM_CF_CY,0.0
NI03PFIPIST2016,PVFC_LIC_EXP_ATTEXP_CY,0.0
NI03PFIPIST2016,PVFC_LIC_EXP_CLAIM_CF_PY,689.4288677795034
NI03PFIPIST2016,PVFC_LIC_EXP_ATTEXP_PY,0.0
NI03PFIPIST2016,RA_LIC_OP,-24.371315506864942
NI03PFIPIST2016,RA_LIC_UNWIND,-0.7313016444286438
NI03PFIPIST2016,RA_LIC_INCLAIM,-2.6780131628129773
NI03PFIPIST2016,RA_LIC_RELEASE_PY,17.4269786232747
NI03PFIPIST2016,RA_LIC_DEREC,0.0
NI03PFIPIST2016,RA_LIC_TASSCHG_PY,2.0007787236091805
NI03PFIPIST2016,RA_LIC_FASSCHG_PY,0.0
NI03PFIPIST2016,RA_LIC_CLO,-8.352872967222682
NI03PFIPIST2017,PVFC_LIC_UNWIND,0.0
NI03PFIPIST2017,PVFC_LIC_EXP_CLAIM_CF_CY,0.0
NI03PFIPIST2017,PVFC_LIC_EXP_ATTEXP_CY,0.0
NI03PFIPIST2017,PVFC_LIC_EXP_CLAIM_CF_PY,1250.1502142571328
NI03PFIPIST2017,PVFC_LIC_EXP_ATTEXP_PY,0.0
NI03PFIPIST2017,RA_LIC_OP,-45.163819539445285
NI03PFIPIST2017,RA_LIC_UNWIND,-1.3552151293832033
NI03PFIPIST2017,RA_LIC_INCLAIM,-4.9627728620342735
NI03PFIPIST2017,RA_LIC_RELEASE_PY,32.29488853146424
NI03PFIPIST2017,RA_LIC_DEREC,0.0
NI03PFIPIST2017,RA_LIC_TASSCHG_PY,3.7077526318180567
NI03PFIPIST2017,RA_LIC_FASSCHG_PY,0.0
NI03PFIPIST2017,RA_LIC_CLO,-15.479166367580461
NI03PFIPIST2018,PVFC_LIC_UNWIND,0.0
NI03PFIPIST2018,PVFC_LIC_EXP_CLAIM_CF_CY,0.0
NI03PFIPIST2018,PVFC_LIC_EXP_ATTEXP_CY,0.0
NI03PFIPIST2018,PVFC_LIC_EXP_CLAIM_CF_PY,1513.8036489532153
NI03PFIPIST2018,PVFC_LIC_EXP_ATTEXP_PY,0.0
NI03PFIPIST2018,RA_LIC_OP,-55.18915813832449
NI03PFIPIST2018,RA_LIC_UNWIND,-1.6560420010901968
NI03PFIPIST2018,RA_LIC_INCLAIM,-6.064395329721457
NI03PFIPIST2018,RA_LIC_RELEASE_PY,39.46361774530359
NI03PFIPIST2018,RA_LIC_DEREC,0.0
NI03PFIPIST2018,RA_LIC_TASSCHG_PY,4.530789211848597
NI03PFIPIST2018,RA_LIC_FASSCHG_PY,0.0
NI03PFIPIST2018,RA_LIC_CLO,-18.915188511983956
NI03PFIPIST2019,PVFC_LIC_UNWIND,0.0
NI03PFIPIST2019,PVFC_LIC_EXP_CLAIM_CF_CY,0.0
NI03PFIPIST2019,PVFC_LIC_EXP_ATTEXP_CY,0.0
NI03PFIPIST2019,PVFC_LIC_EXP_CLAIM_CF_PY,686.1287934065458
NI03PFIPIST2019,PVFC_LIC_EXP_ATTEXP_PY,0.0
NI03PFIPIST2019,RA_LIC_OP,-35.273278892586234
NI03PFIPIST2019,RA_LIC_UNWIND,-1.058433093251466
NI03PFIPIST2019,RA_LIC_INCLAIM,-3.8759625077813644
NI03PFIPIST2019,RA_LIC_RELEASE_PY,25.22254808365825
NI03PFIPIST2019,RA_LIC_DEREC,0.0
NI03PFIPIST2019,RA_LIC_TASSCHG_PY,2.8957823758155348
NI03PFIPIST2019,RA_LIC_FASSCHG_PY,0.0
NI03PFIPIST2019,RA_LIC_CLO,-12.089344034145277
NI03PFIPIST2020,PVFC_LIC_UNWIND,0.0
NI03PFIPIST2020,PVFC_LIC_EXP_CLAIM_CF_CY,0.0
NI03PFIPIST2020,PVFC_LIC_EXP_ATTEXP_CY,0.0
NI03PFIPIST2020,PVFC_LIC_EXP_CLAIM_CF_PY,1934.8084600853642
NI03PFIPIST2020,PVFC_LIC_EXP_ATTEXP_PY,0.0
NI03PFIPIST2020,RA_LIC_OP,-141.3155645525658
NI03PFIPIST2020,RA_LIC_UNWIND,-4.240407322762014
NI03PFIPIST2020,RA_LIC_INCLAIM,-15.52829357428479
NI03PFIPIST2020,RA_LIC_RELEASE_PY,101.04925693895608
NI03PFIPIST2020,RA_LIC_DEREC,0.0
NI03PFIPIST2020,RA_LIC_TASSCHG_PY,11.601391594637164
NI03PFIPIST2020,RA_LIC_FASSCHG_PY,0.0
NI03PFIPIST2020,RA_LIC_CLO,-48.433616916019346
NI03PFIPIST2021,PVFC_LIC_UNWIND,0.0
NI03PFIPIST2021,PVFC_LIC_EXP_CLAIM_CF_CY,0.0
NI03PFIPIST2021,PVFC_LIC_EXP_ATTEXP_CY,0.0
NI03PFIPIST2021,PVFC_LIC_EXP_CLAIM_CF_PY,2911.000386665474
NI03PFIPIST2021,PVFC_LIC_EXP_ATTEXP_PY,0.0
NI03PFIPIST2021,RA_LIC_OP,-158.72702476136206
NI03PFIPIST2021,RA_LIC_UNWIND,-4.762866993804799
NI03PFIPIST2021,RA_LIC_INCLAIM,-17.44153127414619
NI03PFIPIST2021,RA_LIC_RELEASE_PY,113.49951407723896
NI03PFIPIST2021,RA_LIC_DEREC,0.0
NI03PFIPIST2021,RA_LIC_TASSCHG_PY,13.030796549117962
NI03PFIPIST2021,RA_LIC_FASSCHG_PY,0.0
NI03PFIPIST2021,RA_LIC_CLO,-54.40111240295608
NI03PFIPIST2022,PVFC_LIC_UNWIND,0.0
NI03PFIPIST2022,PVFC_LIC_EXP_CLAIM_CF_CY,0.0
NI03PFIPIST2022,PVFC_LIC_EXP_ATTEXP_CY,0.0
NI03PFIPIST2022,PVFC_LIC_EXP_CLAIM_CF_PY,17632.26799427041
NI03PFIPIST2022,PVFC_LIC_EXP_ATTEXP_PY,0.0
NI03PFIPIST2022,RA_LIC_OP,-857.7681102740764
NI03PFIPIST2022,RA_LIC_UNWIND,-25.73875133679949
NI03PFIPIST2022,RA_LIC_INCLAIM,-94.25483369201535
NI03PFIPIST2022,RA_LIC_RELEASE_PY,613.3565714687173
NI03PFIPIST2022,RA_LIC_DEREC,0.0
NI03PFIPIST2022,RA_LIC_TASSCHG_PY,70.41902126060461
NI03PFIPIST2022,RA_LIC_FASSCHG_PY,0.0
NI03PFIPIST2022,RA_LIC_CLO,-293.98610257356927
NI03PFIPIST2023,PVFC_LIC_UNWIND,0.0
NI03PFIPIST2023,PVFC_LIC_EXP_CLAIM_CF_CY,0.0
NI03PFIPIST2023,PVFC_LIC_EXP_ATTEXP_CY,0.0
NI03PFIPIST2023,PVFC_LIC_EXP_CLAIM_CF_PY,0.0
NI03PFIPIST2023,PVFC_LIC_EXP_ATTEXP_PY,0.0
NI03PFIPIST2023,RA_LIC_OP,0.0
NI03PFIPIST2023,RA_LIC_UNWIND,0.0
NI03PFIPIST2023,RA_LIC_INCLAIM,0.0
NI03PFIPIST2023,RA_LIC_RELEASE_PY,0.0
NI03PFIPIST2023,RA_LIC_DEREC,0.0
NI03PFIPIST2023,RA_LIC_TASSCHG_PY,0.0
NI03PFIPIST2023,RA_LIC_FASSCHG_PY,0.0
NI03PFIPIST2023,RA_LIC_CLO,0.0
NI03PFIPIST2011,RA_LIC_RELEASE_CY,0.0
NI03PFIPIST2012,RA_LIC_RELEASE_CY,0.0
NI03PFIPIST2013,RA_LIC_RELEASE_CY,0.0
NI03PFIPIST2014,RA_LIC_RELEASE_CY,0.0
NI03PFIPIST2015,RA_LIC_RELEASE_CY,0.0
NI03PFIPIST2016,RA_LIC_RELEASE_CY,0.0
NI03PFIPIST2017,RA_LIC_RELEASE_CY,0.0
NI03PFIPIST2018,RA_LIC_RELEASE_CY,0.0
NI03PFIPIST2019,RA_LIC_RELEASE_CY,0.0
NI03PFIPIST2020,RA_LIC_RELEASE_CY,0.0
NI03PFIPIST2021,RA_LIC_RELEASE_CY,0.0
NI03PFIPIST2022,RA_LIC_RELEASE_CY,0.0
NI03PFIPIST2023,RA_LIC_RELEASE_CY,0.0
NI03PFIPIST2011,RA_LIC_FEXPVAR_CY,0.0
NI03PFIPIST2012,RA_LIC_FEXPVAR_CY,0.0
NI03PFIPIST2013,RA_LIC_FEXPVAR_CY,0.0
NI03PFIPIST2014,RA_LIC_FEXPVAR_CY,0.0
NI03PFIPIST2015,RA_LIC_FEXPVAR_CY,0.0
NI03PFIPIST2016,RA_LIC_FEXPVAR_CY,0.0
NI03PFIPIST2017,RA_LIC_FEXPVAR_CY,0.0
NI03PFIPIST2018,RA_LIC_FEXPVAR_CY,0.0
NI03PFIPIST2019,RA_LIC_FEXPVAR_CY,0.0
NI03PFIPIST2020,RA_LIC_FEXPVAR_CY,0.0
NI03PFIPIST2021,RA_LIC_FEXPVAR_CY,0.0
NI03PFIPIST2022,RA_LIC_FEXPVAR_CY,0.0
NI03PFIPIST2023,RA_LIC_FEXPVAR_CY,0.0
NI03PFIPIST2011,DA_LIC_OP,0.026690223875199724
NI03PFIPIST2012,DA_LIC_OP,0.523580985834737
NI03PFIPIST2013,DA_LIC_OP,1.6587049670622385
NI03PFIPIST2014,DA_LIC_OP,1.8193559836519926
NI03PFIPIST2015,DA_LIC_OP,2.6885218593236138
NI03PFIPIST2016,DA_LIC_OP,2.6736570241408515
NI03PFIPIST2017,DA_LIC_OP,4.954700262882977
NI03PFIPIST2018,DA_LIC_OP,6.054530797543017
NI03PFIPIST2019,DA_LIC_OP,3.8696577478174063
NI03PFIPIST2020,DA_LIC_OP,15.503034773808988
NI03PFIPIST2021,DA_LIC_OP,17.413160342315297
NI03PFIPIST2022,DA_LIC_OP,94.1015158772331
NI03PFIPIST2023,DA_LIC_OP,0.0
NI03PFIPIST2011,DA_LIC_INCLAIM_INCEXP,0.005786038366500088
NI03PFIPIST2012,DA_LIC_INCLAIM_INCEXP,0.11350446838419626
NI03PFIPIST2013,DA_LIC_INCLAIM_INCEXP,0.35958224340876055
NI03PFIPIST2014,DA_LIC_INCLAIM_INCEXP,0.3944089631077763
NI03PFIPIST2015,DA_LIC_INCLAIM_INCEXP,0.582831028318011
NI03PFIPIST2016,DA_LIC_INCLAIM_INCEXP,0.5796085560344765
NI03PFIPIST2017,DA_LIC_INCLAIM_INCEXP,1.074104359318884
NI03PFIPIST2018,DA_LIC_INCLAIM_INCEXP,1.3125310469310603
NI03PFIPIST2019,DA_LIC_INCLAIM_INCEXP,0.8388834915281613
NI03PFIPIST2020,DA_LIC_INCLAIM_INCEXP,3.3608243384497496
NI03PFIPIST2021,DA_LIC_INCLAIM_INCEXP,3.7749107798332457
NI03PFIPIST2022,DA_LIC_INCLAIM_INCEXP,20.399790715783706
NI03PFIPIST2023,DA_LIC_INCLAIM_INCEXP,0.0
NI03PFIPIST2011,DA_LIC_CHG,-0.014429284680138413
NI03PFIPIST2012,DA_LIC_CHG,-0.28305866346579694
NI03PFIPIST2013,DA_LIC_CHG,-0.8967300642367337
NI03PFIPIST2014,DA_LIC_CHG,-0.9835813122204996
NI03PFIPIST2015,DA_LIC_CHG,-1.4534702840391656
NI03PFIPIST2016,DA_LIC_CHG,-1.4454340480158812
NI03PFIPIST2017,DA_LIC_CHG,-2.678612998234363
NI03PFIPIST2018,DA_LIC_CHG,-3.273204034964653
NI03PFIPIST2019,DA_LIC_CHG,-2.092016669438401
NI03PFIPIST2020,DA_LIC_CHG,-8.381259865161066
NI03PFIPIST2021,DA_LIC_CHG,-9.413913084244736
NI03PFIPIST2022,DA_LIC_CHG,-50.87321739128727
NI03PFIPIST2023,DA_LIC_CHG,0.0
NI03PFIPIST2011,DA_LIC_CLO,0.018046977561561397
NI03PFIPIST2012,DA_LIC_CLO,0.35402679075313626
NI03PFIPIST2013,DA_LIC_CLO,1.1215571462342655
NI03PFIPIST2014,DA_LIC_CLO,1.2301836345392694
NI03PFIPIST2015,DA_LIC_CLO,1.817882603602459
NI03PFIPIST2016,DA_LIC_CLO,1.8078315321594467
NI03PFIPIST2017,DA_LIC_CLO,3.350191623967498
NI03PFIPIST2018,DA_LIC_CLO,4.093857809509424
NI03PFIPIST2019,DA_LIC_CLO,2.6165245699071664
NI03PFIPIST2020,DA_LIC_CLO,10.482599247097669
NI03PFIPIST2021,DA_LIC_CLO,11.774158037903808
NI03PFIPIST2022,DA_LIC_CLO,63.628089201729544
NI03PFIPIST2023,DA_LIC_CLO,0.0
NI03PGACIPF2011,PVFC_LIC_UNWIND,0.0
NI03PGACIPF2011,PVFC_LIC_EXP_CLAIM_CF_CY,0.0
NI03PGACIPF2011,PVFC_LIC_EXP_ATTEXP_CY,0.0
NI03PGACIPF2011,PVFC_LIC_EXP_CLAIM_CF_PY,0.0
NI03PGACIPF2011,PVFC_LIC_EXP_ATTEXP_PY,0.0
NI03PGACIPF2011,RA_LIC_OP,0.0
NI03PGACIPF2011,RA_LIC_UNWIND,0.0
NI03PGACIPF2011,RA_LIC_INCLAIM,0.0
NI03PGACIPF2011,RA_LIC_RELEASE_PY,0.0
NI03PGACIPF2011,RA_LIC_DEREC,0.0
NI03PGACIPF2011,RA_LIC_TASSCHG_PY,0.0
NI03PGACIPF2011,RA_LIC_FASSCHG_PY,0.0
NI03PGACIPF2011,RA_LIC_CLO,0.0
NI03PGACIPF2012,PVFC_LIC_UNWIND,0.0
NI03PGACIPF2012,PVFC_LIC_EXP_CLAIM_CF_CY,0.0
NI03PGACIPF2012,PVFC_LIC_EXP_ATTEXP_CY,0.0
NI03PGACIPF2012,PVFC_LIC_EXP_CLAIM_CF_PY,0.0
NI03PGACIPF2012,PVFC_LIC_EXP_ATTEXP_PY,0.0
NI03PGACIPF2012,RA_LIC_OP,0.0
NI03PGACIPF2012,RA_LIC_UNWIND,0.0
NI03PGACIPF2012,RA_LIC_INCLAIM,0.0
NI03PGACIPF2012,RA_LIC_RELEASE_PY,0.0
NI03PGACIPF2012,RA_LIC_DEREC,0.0
NI03PGACIPF2012,RA_LIC_TASSCHG_PY,0.0
NI03PGACIPF2012,RA_LIC_FASSCHG_PY,0.0
NI03PGACIPF2012,RA_LIC_CLO,0.0
NI03PGACIPF2013,PVFC_LIC_UNWIND,0.0
NI03PGACIPF2013,PVFC_LIC_EXP_CLAIM_CF_CY,0.0
NI03PGACIPF2013,PVFC_LIC_EXP_ATTEXP_CY,0.0
NI03PGACIPF2013,PVFC_LIC_EXP_CLAIM_CF_PY,0.0
NI03PGACIPF2013,PVFC_LIC_EXP_ATTEXP_PY,0.0
NI03PGACIPF2013,RA_LIC_OP,0.0
NI03PGACIPF2013,RA_LIC_UNWIND,0.0
NI03PGACIPF2013,RA_LIC_INCLAIM,0.0
NI03PGACIPF2013,RA_LIC_RELEASE_PY,0.0
NI03PGACIPF2013,RA_LIC_DEREC,0.0
NI03PGACIPF2013,RA_LIC_TASSCHG_PY,0.0
NI03PGACIPF2013,RA_LIC_FASSCHG_PY,0.0
NI03PGACIPF2013,RA_LIC_CLO,0.0
NI03PGACIPF2014,PVFC_LIC_UNWIND,0.0
NI03PGACIPF2014,PVFC_LIC_EXP_CLAIM_CF_CY,0.0
NI03PGACIPF2014,PVFC_LIC_EXP_ATTEXP_CY,0.0
NI03PGACIPF2014,PVFC_LIC_EXP_CLAIM_CF_PY,347.2155884313396
NI03PGACIPF2014,PVFC_LIC_EXP_ATTEXP_PY,0.0
NI03PGACIPF2014,RA_LIC_OP,-5.768580078470607
NI03PGACIPF2014,RA_LIC_UNWIND,-0.13843805749495036
NI03PGACIPF2014,RA_LIC_INCLAIM,-23.875897367202608
NI03PGACIPF2014,RA_LIC_RELEASE_PY,4.770106637507332
NI03PGACIPF2014,RA_LIC_DEREC,0.0
NI03PGACIPF2014,RA_LIC_TASSCHG_PY,-44.2557038890273
NI03PGACIPF2014,RA_LIC_FASSCHG_PY,0.0
NI03PGACIPF2014,RA_LIC_CLO,-69.26851275468813
NI03PGACIPF2015,PVFC_LIC_UNWIND,0.0
NI03PGACIPF2015,PVFC_LIC_EXP_CLAIM_CF_CY,0.0
NI03PGACIPF2015,PVFC_LIC_EXP_ATTEXP_CY,0.0
NI03PGACIPF2015,PVFC_LIC_EXP_CLAIM_CF_PY,1450.9938383233389
NI03PGACIPF2015,PVFC_LIC_EXP_ATTEXP_PY,0.0
NI03PGACIPF2015,RA_LIC_OP,-24.10614733641971
NI03PGACIPF2015,RA_LIC_UNWIND,-0.5785146718160481
NI03PGACIPF2015,RA_LIC_INCLAIM,-99.7742757998803
NI03PGACIPF2015,RA_LIC_RELEASE_PY,19.933656437109175
NI03PGACIPF2015,RA_LIC_DEREC,0.0
NI03PGACIPF2015,RA_LIC_TASSCHG_PY,-184.93884177970867
NI03PGACIPF2015,RA_LIC_FASSCHG_PY,0.0
NI03PGACIPF2015,RA_LIC_CLO,-289.4641231507155
NI03PGACIPF2016,PVFC_LIC_UNWIND,0.0
NI03PGACIPF2016,PVFC_LIC_EXP_CLAIM_CF_CY,0.0
NI03PGACIPF2016,PVFC_LIC_EXP_ATTEXP_CY,0.0
NI03PGACIPF2016,PVFC_LIC_EXP_CLAIM_CF_PY,1436.3067593866272
NI03PGACIPF2016,PVFC_LIC_EXP_ATTEXP_PY,0.0
NI03PGACIPF2016,RA_LIC_OP,-23.874401554938107
NI03PGACIPF2016,RA_LIC_UNWIND,-0.5729530890028529
NI03PGACIPF2016,RA_LIC_INCLAIM,-98.81509027785079
NI03PGACIPF2016,RA_LIC_RELEASE_PY,19.742023127798713
NI03PGACIPF2016,RA_LIC_DEREC,0.0
NI03PGACIPF2016,RA_LIC_TASSCHG_PY,-183.16092198952347
NI03PGACIPF2016,RA_LIC_FASSCHG_PY,0.0
NI03PGACIPF2016,RA_LIC_CLO,-286.68134378351647
NI03PGACIPF2017,PVFC_LIC_UNWIND,0.0
NI03PGACIPF2017,PVFC_LIC_EXP_CLAIM_CF_CY,0.0
NI03PGACIPF2017,PVFC_LIC_EXP_ATTEXP_CY,0.0
NI03PGACIPF2017,PVFC_LIC_EXP_CLAIM_CF_PY,58.64371183466588
NI03PGACIPF2017,PVFC_LIC_EXP_ATTEXP_PY,0.0
NI03PGACIPF2017,RA_LIC_OP,-1.022131943814703
NI03PGACIPF2017,RA_LIC_UNWIND,-0.024529773164345313
NI03PGACIPF2017,RA_LIC_INCLAIM,-4.23055882977867
NI03PGACIPF2017,RA_LIC_RELEASE_PY,0.845212912584105
NI03PGACIPF2017,RA_LIC_DEREC,0.0
NI03PGACIPF2017,RA_LIC_TASSCHG_PY,-7.841646995558804
NI03PGACIPF2017,RA_LIC_FASSCHG_PY,0.0
NI03PGACIPF2017,RA_LIC_CLO,-12.273654629732418
NI03PGACIPF2018,PVFC_LIC_UNWIND,0.0
NI03PGACIPF2018,PVFC_LIC_EXP_CLAIM_CF_CY,0.0
NI03PGACIPF2018,PVFC_LIC_EXP_ATTEXP_CY,0.0
NI03PGACIPF2018,PVFC_LIC_EXP_CLAIM_CF_PY,-2.8534024967338496
NI03PGACIPF2018,PVFC_LIC_EXP_ATTEXP_PY,0.0
NI03PGACIPF2018,RA_LIC_OP,0.009259204488917705
NI03PGACIPF2018,RA_LIC_UNWIND,0.00022220828452712324
NI03PGACIPF2018,RA_LIC_INCLAIM,0.03832343714953722
NI03PGACIPF2018,RA_LIC_RELEASE_PY,-0.0076565449711732
NI03PGACIPF2018,RA_LIC_DEREC,0.0
NI03PGACIPF2018,RA_LIC_TASSCHG_PY,0.07103526457729875
NI03PGACIPF2018,RA_LIC_FASSCHG_PY,0.0
NI03PGACIPF2018,RA_LIC_CLO,0.11118356952910759
NI03PGACIPF2019,PVFC_LIC_UNWIND,0.0
NI03PGACIPF2019,PVFC_LIC_EXP_CLAIM_CF_CY,0.0
NI03PGACIPF2019,PVFC_LIC_EXP_ATTEXP_CY,0.0
NI03PGACIPF2019,PVFC_LIC_EXP_CLAIM_CF_PY,430.6206656028692
NI03PGACIPF2019,PVFC_LIC_EXP_ATTEXP_PY,0.0
NI03PGACIPF2019,RA_LIC_OP,-7.605888094568763
NI03PGACIPF2019,RA_LIC_UNWIND,-0.1825309450528128
NI03PGACIPF2019,RA_LIC_INCLAIM,-31.48043384369519
NI03PGACIPF2019,RA_LIC_RELEASE_PY,6.289398221140655
NI03PGACIPF2019,RA_LIC_DEREC,0.0
NI03PGACIPF2019,RA_LIC_TASSCHG_PY,-58.3512626586533
NI03PGACIPF2019,RA_LIC_FASSCHG_PY,0.0
NI03PGACIPF2019,RA_LIC_CLO,-91.33071732082944
NI03PGACIPF2020,PVFC_LIC_UNWIND,0.0
NI03PGACIPF2020,PVFC_LIC_EXP_CLAIM_CF_CY,0.0
NI03PGACIPF2020,PVFC_LIC_EXP_ATTEXP_CY,0.0
NI03PGACIPF2020,PVFC_LIC_EXP_CLAIM_CF_PY,1243.1689327502972
NI03PGACIPF2020,PVFC_LIC_EXP_ATTEXP_PY,0.0
NI03PGACIPF2020,RA_LIC_OP,-21.266414922653592
NI03PGACIPF2020,RA_LIC_UNWIND,-0.5103649653337804
NI03PGACIPF2020,RA_LIC_INCLAIM,-88.02074915396535
NI03PGACIPF2020,RA_LIC_RELEASE_PY,17.58544834232932
NI03PGACIPF2020,RA_LIC_DEREC,0.0
NI03PGACIPF2020,RA_LIC_TASSCHG_PY,-163.15282943037062
NI03PGACIPF2020,RA_LIC_FASSCHG_PY,0.0
NI03PGACIPF2020,RA_LIC_CLO,-255.36491012999403
NI03PGACIPF2021,PVFC_LIC_UNWIND,0.0
NI03PGACIPF2021,PVFC_LIC_EXP_CLAIM_CF_CY,0.0
NI03PGACIPF2021,PVFC_LIC_EXP_ATTEXP_CY,0.0
NI03PGACIPF2021,PVFC_LIC_EXP_CLAIM_CF_PY,95.4228016389321
NI03PGACIPF2021,PVFC_LIC_EXP_ATTEXP_PY,0.0
NI03PGACIPF2021,RA_LIC_OP,-3.643769656552145
NI03PGACIPF2021,RA_LIC_UNWIND,-0.08744550415357324
NI03PGACIPF2021,RA_LIC_INCLAIM,-15.081401170846101
NI03PGACIPF2021,RA_LIC_RELEASE_PY,3.0130759368560898
NI03PGACIPF2021,RA_LIC_DEREC,0.0
NI03PGACIPF2021,RA_LIC_TASSCHG_PY,-27.95446865027274
NI03PGACIPF2021,RA_LIC_FASSCHG_PY,0.0
NI03PGACIPF2021,RA_LIC_CLO,-43.754009044968484
NI03PGACIPF2022,PVFC_LIC_UNWIND,0.0
NI03PGACIPF2022,PVFC_LIC_EXP_CLAIM_CF_CY,0.0
NI03PGACIPF2022,PVFC_LIC_EXP_ATTEXP_CY,0.0
NI03PGACIPF2022,PVFC_LIC_EXP_CLAIM_CF_PY,3533.1206399139796
NI03PGACIPF2022,PVFC_LIC_EXP_ATTEXP_PY,0.0
NI03PGACIPF2022,RA_LIC_OP,-87.05930388371311
NI03PGACIPF2022,RA_LIC_UNWIND,-2.089304604005636
NI03PGACIPF2022,RA_LIC_INCLAIM,-360.3346016024676
NI03PGACIPF2022,RA_LIC_RELEASE_PY,71.99036117438615
NI03PGACIPF2022,RA_LIC_DEREC,0.0
NI03PGACIPF2022,RA_LIC_TASSCHG_PY,-667.9062648089205
NI03PGACIPF2022,RA_LIC_FASSCHG_PY,0.0
NI03PGACIPF2022,RA_LIC_CLO,-1045.3991137247208
NI03PGACIPF2023,PVFC_LIC_UNWIND,0.0
NI03PGACIPF2023,PVFC_LIC_EXP_CLAIM_CF_CY,0.0
NI03PGACIPF2023,PVFC_LIC_EXP_ATTEXP_CY,0.0
NI03PGACIPF2023,PVFC_LIC_EXP_CLAIM_CF_PY,0.0
NI03PGACIPF2023,PVFC_LIC_EXP_ATTEXP_PY,0.0
NI03PGACIPF2023,RA_LIC_OP,0.0
NI03PGACIPF2023,RA_LIC_UNWIND,0.0
NI03PGACIPF2023,RA_LIC_INCLAIM,0.0
NI03PGACIPF2023,RA_LIC_RELEASE_PY,0.0
NI03PGACIPF2023,RA_LIC_DEREC,0.0
NI03PGACIPF2023,RA_LIC_TASSCHG_PY,0.0
NI03PGACIPF2023,RA_LIC_FASSCHG_PY,0.0
NI03PGACIPF2023,RA_LIC_CLO,0.0
NI03PGACIPF2011,RA_LIC_RELEASE_CY,0.0
NI03PGACIPF2012,RA_LIC_RELEASE_CY,0.0
NI03PGACIPF2013,RA_LIC_RELEASE_CY,0.0
NI03PGACIPF2014,RA_LIC_RELEASE_CY,0.0
NI03PGACIPF2015,RA_LIC_RELEASE_CY,0.0
NI03PGACIPF2016,RA_LIC_RELEASE_CY,0.0
NI03PGACIPF2017,RA_LIC_RELEASE_CY,0.0
NI03PGACIPF2018,RA_LIC_RELEASE_CY,0.0
NI03PGACIPF2019,RA_LIC_RELEASE_CY,0.0
NI03PGACIPF2020,RA_LIC_RELEASE_CY,0.0
NI03PGACIPF2021,RA_LIC_RELEASE_CY,0.0
NI03PGACIPF2022,RA_LIC_RELEASE_CY,0.0
NI03PGACIPF2023,RA_LIC_RELEASE_CY,0.0
NI03PGACIPF2011,RA_LIC_FEXPVAR_CY,0.0
NI03PGACIPF2012,RA_LIC_FEXPVAR_CY,0.0
NI03PGACIPF2013,RA_LIC_FEXPVAR_CY,0.0
NI03PGACIPF2014,RA_LIC_FEXPVAR_CY,0.0
NI03PGACIPF2015,RA_LIC_FEXPVAR_CY,0.0
NI03PGACIPF2016,RA_LIC_FEXPVAR_CY,0.0
NI03PGACIPF2017,RA_LIC_FEXPVAR_CY,0.0
NI03PGACIPF2018,RA_LIC_FEXPVAR_CY,0.0
NI03PGACIPF2019,RA_LIC_FEXPVAR_CY,0.0
NI03PGACIPF2020,RA_LIC_FEXPVAR_CY,0.0
NI03PGACIPF2021,RA_LIC_FEXPVAR_CY,0.0
NI03PGACIPF2022,RA_LIC_FEXPVAR_CY,0.0
NI03PGACIPF2023,RA_LIC_FEXPVAR_CY,0.0
NI03PGACIPF2011,DA_LIC_OP,0.0
NI03PGACIPF2012,DA_LIC_OP,0.0
NI03PGACIPF2013,DA_LIC_OP,0.0
NI03PGACIPF2014,DA_LIC_OP,1.1962312529279737
NI03PGACIPF2015,DA_LIC_OP,4.998895124839276
NI03PGACIPF2016,DA_LIC_OP,4.950837969911818
NI03PGACIPF2017,DA_LIC_OP,0.21195964330468947
NI03PGACIPF2018,DA_LIC_OP,-0.0019200825222540562
NI03PGACIPF2019,DA_LIC_OP,1.5772340716830544
NI03PGACIPF2020,DA_LIC_OP,4.410019419364065
NI03PGACIPF2021,DA_LIC_OP,0.7556090203039928
NI03PGACIPF2022,DA_LIC_OP,18.05349995097273
NI03PGACIPF2023,DA_LIC_OP,0.0
NI03PGACIPF2011,DA_LIC_INCLAIM_INCEXP,0.0
NI03PGACIPF2012,DA_LIC_INCLAIM_INCEXP,0.0
NI03PGACIPF2013,DA_LIC_INCLAIM_INCEXP,0.0
NI03PGACIPF2014,DA_LIC_INCLAIM_INCEXP,1.3719693740060954
NI03PGACIPF2015,DA_LIC_INCLAIM_INCEXP,5.733281920499038
NI03PGACIPF2016,DA_LIC_INCLAIM_INCEXP,5.678164697469664
NI03PGACIPF2017,DA_LIC_INCLAIM_INCEXP,0.24309859688710173
NI03PGACIPF2018,DA_LIC_INCLAIM_INCEXP,-0.0022021615048503965
NI03PGACIPF2019,DA_LIC_INCLAIM_INCEXP,1.8089452492497091
NI03PGACIPF2020,DA_LIC_INCLAIM_INCEXP,5.057894589637462
NI03PGACIPF2021,DA_LIC_INCLAIM_INCEXP,0.8666154073824779
NI03PGACIPF2022,DA_LIC_INCLAIM_INCEXP,20.705736424900515
NI03PGACIPF2023,DA_LIC_INCLAIM_INCEXP,0.0
NI03PGACIPF2011,DA_LIC_CHG,0.0
NI03PGACIPF2012,DA_LIC_CHG,0.0
NI03PGACIPF2013,DA_LIC_CHG,0.0
NI03PGACIPF2014,DA_LIC_CHG,1.4121430904471084
NI03PGACIPF2015,DA_LIC_CHG,5.901162666610715
NI03PGACIPF2016,DA_LIC_CHG,5.844431512737876
NI03PGACIPF2017,DA_LIC_CHG,0.25021695847999476
NI03PGACIPF2018,DA_LIC_CHG,-0.0022666447313198393
NI03PGACIPF2019,DA_LIC_CHG,1.861914400659027
NI03PGACIPF2020,DA_LIC_CHG,5.205998787065214
NI03PGACIPF2021,DA_LIC_CHG,0.8919914560751231
NI03PGACIPF2022,DA_LIC_CHG,21.31203741061961
NI03PGACIPF2023,DA_LIC_CHG,0.0
NI03PGACIPF2011,DA_LIC_CLO,0.0
NI03PGACIPF2012,DA_LIC_CLO,0.0
NI03PGACIPF2013,DA_LIC_CLO,0.0
NI03PGACIPF2014,DA_LIC_CLO,3.9803437173811775
NI03PGACIPF2015,DA_LIC_CLO,16.633339711949027
NI03PGACIPF2016,DA_LIC_CLO,16.47343418011936
NI03PGACIPF2017,DA_LIC_CLO,0.7052751986717859
NI03PGACIPF2018,DA_LIC_CLO,-0.006388888758424291
NI03PGACIPF2019,DA_LIC_CLO,5.248093721591791
NI03PGACIPF2020,DA_LIC_CLO,14.67391279606674
NI03PGACIPF2021,DA_LIC_CLO,2.5142158837615938
NI03PGACIPF2022,DA_LIC_CLO,60.071273786492846
NI03PGACIPF2023,DA_LIC_CLO,0.0
