GOC_ID,VARIABLE_NAME,1
NI03PEGNRST2011,ACTUARIAL_ACTUAL_CLAIMS_CF_CY,0.0
NI03PEGNRST2011,ACTUARIAL_ACTUAL_CLAIMS_CF_PY,0.0
NI03PEGNRST2011,ACTUARIAL_ACTUAL_EXPENSE_CF_PY,0.0
NI03PEGNRST2011,ACTUARIAL_ACTUAL_EXPENSE_CLHANDL_CF_CY,0.0
NI03PEGNRST2011,ACTUARIAL_ACTUAL_EXPENSE_NCLHANDL_CF_CY,0.0
NI03PEGNRST2011,INVESTMENT_INCOME_OCI,0.0
NI03PEGNRST2011,INVESTMENT_INCOME_PNL,0.0
NI03PEGNRST2011,NON_ATTRIBUTABLE_EXPENSE,0.0
NI03PEGNRST2012,ACTUARIAL_ACTUAL_CLAIMS_CF_CY,0.0
NI03PEGNRST2012,ACTUARIAL_ACTUAL_CLAIMS_CF_PY,0.0
NI03PEGNRST2012,ACTUARIAL_ACTUAL_EXPENSE_CF_PY,0.0
NI03PEGNRST2012,ACTUARIAL_ACTUAL_EXPENSE_CLHANDL_CF_CY,0.0
NI03PEGNRST2012,ACTUARIAL_ACTUAL_EXPENSE_NCLHANDL_CF_CY,0.0
NI03PEGNRST2012,INVESTMENT_INCOME_OCI,0.0
NI03PEGNRST2012,INVESTMENT_INCOME_PNL,0.0
NI03PEGNRST2012,NON_ATTRIBUTABLE_EXPENSE,0.0
NI03PEGNRST2013,ACTUARIAL_ACTUAL_CLAIMS_CF_CY,0.0
NI03PEGNRST2013,ACTUARIAL_ACTUAL_CLAIMS_CF_PY,0.0
NI03PEGNRST2013,ACTUARIAL_ACTUAL_EXPENSE_CF_PY,0.0
NI03PEGNRST2013,ACTUARIAL_ACTUAL_EXPENSE_CLHANDL_CF_CY,0.0
NI03PEGNRST2013,ACTUARIAL_ACTUAL_EXPENSE_NCLHANDL_CF_CY,0.0
NI03PEGNRST2013,INVESTMENT_INCOME_OCI,0.0
NI03PEGNRST2013,INVESTMENT_INCOME_PNL,0.0
NI03PEGNRST2013,NON_ATTRIBUTABLE_EXPENSE,0.0
NI03PEGNRST2014,ACTUARIAL_ACTUAL_CLAIMS_CF_CY,0.0
NI03PEGNRST2014,ACTUARIAL_ACTUAL_CLAIMS_CF_PY,0.0
NI03PEGNRST2014,ACTUARIAL_ACTUAL_EXPENSE_CF_PY,0.0
NI03PEGNRST2014,ACTUARIAL_ACTUAL_EXPENSE_CLHANDL_CF_CY,0.0
NI03PEGNRST2014,ACTUARIAL_ACTUAL_EXPENSE_NCLHANDL_CF_CY,0.0
NI03PEGNRST2014,INVESTMENT_INCOME_OCI,0.0
NI03PEGNRST2014,INVESTMENT_INCOME_PNL,0.0
NI03PEGNRST2014,NON_ATTRIBUTABLE_EXPENSE,0.0
NI03PEGNRST2015,ACTUARIAL_ACTUAL_CLAIMS_CF_CY,0.0
NI03PEGNRST2015,ACTUARIAL_ACTUAL_CLAIMS_CF_PY,0.0
NI03PEGNRST2015,ACTUARIAL_ACTUAL_EXPENSE_CF_PY,0.0
NI03PEGNRST2015,ACTUARIAL_ACTUAL_EXPENSE_CLHANDL_CF_CY,0.0
NI03PEGNRST2015,ACTUARIAL_ACTUAL_EXPENSE_NCLHANDL_CF_CY,0.0
NI03PEGNRST2015,INVESTMENT_INCOME_OCI,0.0
NI03PEGNRST2015,INVESTMENT_INCOME_PNL,0.0
NI03PEGNRST2015,NON_ATTRIBUTABLE_EXPENSE,0.0
NI03PEGNRST2016,ACTUARIAL_ACTUAL_CLAIMS_CF_CY,0.0
NI03PEGNRST2016,ACTUARIAL_ACTUAL_CLAIMS_CF_PY,0.0
NI03PEGNRST2016,ACTUARIAL_ACTUAL_EXPENSE_CF_PY,0.0
NI03PEGNRST2016,ACTUARIAL_ACTUAL_EXPENSE_CLHANDL_CF_CY,0.0
NI03PEGNRST2016,ACTUARIAL_ACTUAL_EXPENSE_NCLHANDL_CF_CY,0.0
NI03PEGNRST2016,INVESTMENT_INCOME_OCI,0.0
NI03PEGNRST2016,INVESTMENT_INCOME_PNL,0.0
NI03PEGNRST2016,NON_ATTRIBUTABLE_EXPENSE,0.0
NI03PEGNRST2017,ACTUARIAL_ACTUAL_CLAIMS_CF_CY,0.0
NI03PEGNRST2017,ACTUARIAL_ACTUAL_CLAIMS_CF_PY,0.0
NI03PEGNRST2017,ACTUARIAL_ACTUAL_EXPENSE_CF_PY,0.0
NI03PEGNRST2017,ACTUARIAL_ACTUAL_EXPENSE_CLHANDL_CF_CY,0.0
NI03PEGNRST2017,ACTUARIAL_ACTUAL_EXPENSE_NCLHANDL_CF_CY,0.0
NI03PEGNRST2017,INVESTMENT_INCOME_OCI,0.0
NI03PEGNRST2017,INVESTMENT_INCOME_PNL,0.0
NI03PEGNRST2017,NON_ATTRIBUTABLE_EXPENSE,0.0
NI03PEGNRST2018,ACTUARIAL_ACTUAL_CLAIMS_CF_CY,0.0
NI03PEGNRST2018,ACTUARIAL_ACTUAL_CLAIMS_CF_PY,0.0
NI03PEGNRST2018,ACTUARIAL_ACTUAL_EXPENSE_CF_PY,0.0
NI03PEGNRST2018,ACTUARIAL_ACTUAL_EXPENSE_CLHANDL_CF_CY,0.0
NI03PEGNRST2018,ACTUARIAL_ACTUAL_EXPENSE_NCLHANDL_CF_CY,0.0
NI03PEGNRST2018,INVESTMENT_INCOME_OCI,0.0
NI03PEGNRST2018,INVESTMENT_INCOME_PNL,0.0
NI03PEGNRST2018,NON_ATTRIBUTABLE_EXPENSE,0.0
NI03PEGNRST2019,ACTUARIAL_ACTUAL_CLAIMS_CF_CY,0.0
NI03PEGNRST2019,ACTUARIAL_ACTUAL_CLAIMS_CF_PY,0.0
NI03PEGNRST2019,ACTUARIAL_ACTUAL_EXPENSE_CF_PY,0.0
NI03PEGNRST2019,ACTUARIAL_ACTUAL_EXPENSE_CLHANDL_CF_CY,0.0
NI03PEGNRST2019,ACTUARIAL_ACTUAL_EXPENSE_NCLHANDL_CF_CY,0.0
NI03PEGNRST2019,INVESTMENT_INCOME_OCI,0.0
NI03PEGNRST2019,INVESTMENT_INCOME_PNL,0.0
NI03PEGNRST2019,NON_ATTRIBUTABLE_EXPENSE,0.0
NI03PEGNRST2020,ACTUARIAL_ACTUAL_CLAIMS_CF_CY,0.0
NI03PEGNRST2020,ACTUARIAL_ACTUAL_CLAIMS_CF_PY,0.0
NI03PEGNRST2020,ACTUARIAL_ACTUAL_EXPENSE_CF_PY,0.0
NI03PEGNRST2020,ACTUARIAL_ACTUAL_EXPENSE_CLHANDL_CF_CY,0.0
NI03PEGNRST2020,ACTUARIAL_ACTUAL_EXPENSE_NCLHANDL_CF_CY,0.0
NI03PEGNRST2020,INVESTMENT_INCOME_OCI,0.0
NI03PEGNRST2020,INVESTMENT_INCOME_PNL,0.0
NI03PEGNRST2020,NON_ATTRIBUTABLE_EXPENSE,0.0
NI03PEGNRST2021,ACTUARIAL_ACTUAL_CLAIMS_CF_CY,0.0
NI03PEGNRST2021,ACTUARIAL_ACTUAL_CLAIMS_CF_PY,0.0
NI03PEGNRST2021,ACTUARIAL_ACTUAL_EXPENSE_CF_PY,0.0
NI03PEGNRST2021,ACTUARIAL_ACTUAL_EXPENSE_CLHANDL_CF_CY,0.0
NI03PEGNRST2021,ACTUARIAL_ACTUAL_EXPENSE_NCLHANDL_CF_CY,0.0
NI03PEGNRST2021,INVESTMENT_INCOME_OCI,0.0
NI03PEGNRST2021,INVESTMENT_INCOME_PNL,0.0
NI03PEGNRST2021,NON_ATTRIBUTABLE_EXPENSE,0.0
NI03PEGNRST2022,ACTUARIAL_ACTUAL_CLAIMS_CF_CY,0.0
NI03PEGNRST2022,ACTUARIAL_ACTUAL_CLAIMS_CF_PY,49914.0671
NI03PEGNRST2022,ACTUARIAL_ACTUAL_EXPENSE_CF_PY,0.0
NI03PEGNRST2022,ACTUARIAL_ACTUAL_EXPENSE_CLHANDL_CF_CY,0.0
NI03PEGNRST2022,ACTUARIAL_ACTUAL_EXPENSE_NCLHANDL_CF_CY,0.0
NI03PEGNRST2022,INVESTMENT_INCOME_OCI,0.0
NI03PEGNRST2022,INVESTMENT_INCOME_PNL,0.0
NI03PEGNRST2022,NON_ATTRIBUTABLE_EXPENSE,0.0
NI03PEGNRST2023,ACTUARIAL_ACTUAL_CLAIMS_CF_CY,52.932900000000004
NI03PEGNRST2023,ACTUARIAL_ACTUAL_CLAIMS_CF_PY,0.0
NI03PEGNRST2023,ACTUARIAL_ACTUAL_EXPENSE_CF_PY,0.0
NI03PEGNRST2023,ACTUARIAL_ACTUAL_EXPENSE_CLHANDL_CF_CY,0.0
NI03PEGNRST2023,ACTUARIAL_ACTUAL_EXPENSE_NCLHANDL_CF_CY,0.0
NI03PEGNRST2023,INVESTMENT_INCOME_OCI,0.0
NI03PEGNRST2023,INVESTMENT_INCOME_PNL,0.0
NI03PEGNRST2023,NON_ATTRIBUTABLE_EXPENSE,0.0
NI03PFICIST2011,ACTUARIAL_ACTUAL_CLAIMS_CF_CY,0.0
NI03PFICIST2011,ACTUARIAL_ACTUAL_CLAIMS_CF_PY,0.0
NI03PFICIST2011,ACTUARIAL_ACTUAL_EXPENSE_CF_PY,0.0
NI03PFICIST2011,ACTUARIAL_ACTUAL_EXPENSE_CLHANDL_CF_CY,0.0
NI03PFICIST2011,ACTUARIAL_ACTUAL_EXPENSE_NCLHANDL_CF_CY,0.0
NI03PFICIST2011,INVESTMENT_INCOME_OCI,0.0
NI03PFICIST2011,INVESTMENT_INCOME_PNL,0.0
NI03PFICIST2011,NON_ATTRIBUTABLE_EXPENSE,0.0
NI03PFICIST2012,ACTUARIAL_ACTUAL_CLAIMS_CF_CY,0.0
NI03PFICIST2012,ACTUARIAL_ACTUAL_CLAIMS_CF_PY,0.0
NI03PFICIST2012,ACTUARIAL_ACTUAL_EXPENSE_CF_PY,0.0
NI03PFICIST2012,ACTUARIAL_ACTUAL_EXPENSE_CLHANDL_CF_CY,0.0
NI03PFICIST2012,ACTUARIAL_ACTUAL_EXPENSE_NCLHANDL_CF_CY,0.0
NI03PFICIST2012,INVESTMENT_INCOME_OCI,0.0
NI03PFICIST2012,INVESTMENT_INCOME_PNL,0.0
NI03PFICIST2012,NON_ATTRIBUTABLE_EXPENSE,0.0
NI03PFICIST2013,ACTUARIAL_ACTUAL_CLAIMS_CF_CY,0.0
NI03PFICIST2013,ACTUARIAL_ACTUAL_CLAIMS_CF_PY,0.0
NI03PFICIST2013,ACTUARIAL_ACTUAL_EXPENSE_CF_PY,0.0
NI03PFICIST2013,ACTUARIAL_ACTUAL_EXPENSE_CLHANDL_CF_CY,0.0
NI03PFICIST2013,ACTUARIAL_ACTUAL_EXPENSE_NCLHANDL_CF_CY,0.0
NI03PFICIST2013,INVESTMENT_INCOME_OCI,0.0
NI03PFICIST2013,INVESTMENT_INCOME_PNL,0.0
NI03PFICIST2013,NON_ATTRIBUTABLE_EXPENSE,0.0
NI03PFICIST2014,ACTUARIAL_ACTUAL_CLAIMS_CF_CY,0.0
NI03PFICIST2014,ACTUARIAL_ACTUAL_CLAIMS_CF_PY,0.0
NI03PFICIST2014,ACTUARIAL_ACTUAL_EXPENSE_CF_PY,0.0
NI03PFICIST2014,ACTUARIAL_ACTUAL_EXPENSE_CLHANDL_CF_CY,0.0
NI03PFICIST2014,ACTUARIAL_ACTUAL_EXPENSE_NCLHANDL_CF_CY,0.0
NI03PFICIST2014,INVESTMENT_INCOME_OCI,0.0
NI03PFICIST2014,INVESTMENT_INCOME_PNL,0.0
NI03PFICIST2014,NON_ATTRIBUTABLE_EXPENSE,0.0
NI03PFICIST2015,ACTUARIAL_ACTUAL_CLAIMS_CF_CY,0.0
NI03PFICIST2015,ACTUARIAL_ACTUAL_CLAIMS_CF_PY,0.0
NI03PFICIST2015,ACTUARIAL_ACTUAL_EXPENSE_CF_PY,0.0
NI03PFICIST2015,ACTUARIAL_ACTUAL_EXPENSE_CLHANDL_CF_CY,0.0
NI03PFICIST2015,ACTUARIAL_ACTUAL_EXPENSE_NCLHANDL_CF_CY,0.0
NI03PFICIST2015,INVESTMENT_INCOME_OCI,0.0
NI03PFICIST2015,INVESTMENT_INCOME_PNL,0.0
NI03PFICIST2015,NON_ATTRIBUTABLE_EXPENSE,0.0
NI03PFICIST2016,ACTUARIAL_ACTUAL_CLAIMS_CF_CY,0.0
NI03PFICIST2016,ACTUARIAL_ACTUAL_CLAIMS_CF_PY,0.0
NI03PFICIST2016,ACTUARIAL_ACTUAL_EXPENSE_CF_PY,0.0
NI03PFICIST2016,ACTUARIAL_ACTUAL_EXPENSE_CLHANDL_CF_CY,0.0
NI03PFICIST2016,ACTUARIAL_ACTUAL_EXPENSE_NCLHANDL_CF_CY,0.0
NI03PFICIST2016,INVESTMENT_INCOME_OCI,0.0
NI03PFICIST2016,INVESTMENT_INCOME_PNL,0.0
NI03PFICIST2016,NON_ATTRIBUTABLE_EXPENSE,0.0
NI03PFICIST2017,ACTUARIAL_ACTUAL_CLAIMS_CF_CY,0.0
NI03PFICIST2017,ACTUARIAL_ACTUAL_CLAIMS_CF_PY,0.0
NI03PFICIST2017,ACTUARIAL_ACTUAL_EXPENSE_CF_PY,0.0
NI03PFICIST2017,ACTUARIAL_ACTUAL_EXPENSE_CLHANDL_CF_CY,0.0
NI03PFICIST2017,ACTUARIAL_ACTUAL_EXPENSE_NCLHANDL_CF_CY,0.0
NI03PFICIST2017,INVESTMENT_INCOME_OCI,0.0
NI03PFICIST2017,INVESTMENT_INCOME_PNL,0.0
NI03PFICIST2017,NON_ATTRIBUTABLE_EXPENSE,0.0
NI03PFICIST2018,ACTUARIAL_ACTUAL_CLAIMS_CF_CY,0.0
NI03PFICIST2018,ACTUARIAL_ACTUAL_CLAIMS_CF_PY,0.0
NI03PFICIST2018,ACTUARIAL_ACTUAL_EXPENSE_CF_PY,0.0
NI03PFICIST2018,ACTUARIAL_ACTUAL_EXPENSE_CLHANDL_CF_CY,0.0
NI03PFICIST2018,ACTUARIAL_ACTUAL_EXPENSE_NCLHANDL_CF_CY,0.0
NI03PFICIST2018,INVESTMENT_INCOME_OCI,0.0
NI03PFICIST2018,INVESTMENT_INCOME_PNL,0.0
NI03PFICIST2018,NON_ATTRIBUTABLE_EXPENSE,0.0
NI03PFICIST2019,ACTUARIAL_ACTUAL_CLAIMS_CF_CY,0.0
NI03PFICIST2019,ACTUARIAL_ACTUAL_CLAIMS_CF_PY,0.0
NI03PFICIST2019,ACTUARIAL_ACTUAL_EXPENSE_CF_PY,0.0
NI03PFICIST2019,ACTUARIAL_ACTUAL_EXPENSE_CLHANDL_CF_CY,0.0
NI03PFICIST2019,ACTUARIAL_ACTUAL_EXPENSE_NCLHANDL_CF_CY,0.0
NI03PFICIST2019,INVESTMENT_INCOME_OCI,0.0
NI03PFICIST2019,INVESTMENT_INCOME_PNL,0.0
NI03PFICIST2019,NON_ATTRIBUTABLE_EXPENSE,0.0
NI03PFICIST2020,ACTUARIAL_ACTUAL_CLAIMS_CF_CY,0.0
NI03PFICIST2020,ACTUARIAL_ACTUAL_CLAIMS_CF_PY,0.0
NI03PFICIST2020,ACTUARIAL_ACTUAL_EXPENSE_CF_PY,0.0
NI03PFICIST2020,ACTUARIAL_ACTUAL_EXPENSE_CLHANDL_CF_CY,0.0
NI03PFICIST2020,ACTUARIAL_ACTUAL_EXPENSE_NCLHANDL_CF_CY,0.0
NI03PFICIST2020,INVESTMENT_INCOME_OCI,0.0
NI03PFICIST2020,INVESTMENT_INCOME_PNL,0.0
NI03PFICIST2020,NON_ATTRIBUTABLE_EXPENSE,0.0
NI03PFICIST2021,ACTUARIAL_ACTUAL_CLAIMS_CF_CY,0.0
NI03PFICIST2021,ACTUARIAL_ACTUAL_CLAIMS_CF_PY,0.0
NI03PFICIST2021,ACTUARIAL_ACTUAL_EXPENSE_CF_PY,0.0
NI03PFICIST2021,ACTUARIAL_ACTUAL_EXPENSE_CLHANDL_CF_CY,0.0
NI03PFICIST2021,ACTUARIAL_ACTUAL_EXPENSE_NCLHANDL_CF_CY,0.0
NI03PFICIST2021,INVESTMENT_INCOME_OCI,0.0
NI03PFICIST2021,INVESTMENT_INCOME_PNL,0.0
NI03PFICIST2021,NON_ATTRIBUTABLE_EXPENSE,0.0
NI03PFICIST2022,ACTUARIAL_ACTUAL_CLAIMS_CF_CY,0.0
NI03PFICIST2022,ACTUARIAL_ACTUAL_CLAIMS_CF_PY,0.0
NI03PFICIST2022,ACTUARIAL_ACTUAL_EXPENSE_CF_PY,0.0
NI03PFICIST2022,ACTUARIAL_ACTUAL_EXPENSE_CLHANDL_CF_CY,0.0
NI03PFICIST2022,ACTUARIAL_ACTUAL_EXPENSE_NCLHANDL_CF_CY,0.0
NI03PFICIST2022,INVESTMENT_INCOME_OCI,0.0
NI03PFICIST2022,INVESTMENT_INCOME_PNL,0.0
NI03PFICIST2022,NON_ATTRIBUTABLE_EXPENSE,0.0
NI03PFICIST2023,ACTUARIAL_ACTUAL_CLAIMS_CF_CY,0.0
NI03PFICIST2023,ACTUARIAL_ACTUAL_CLAIMS_CF_PY,0.0
NI03PFICIST2023,ACTUARIAL_ACTUAL_EXPENSE_CF_PY,0.0
NI03PFICIST2023,ACTUARIAL_ACTUAL_EXPENSE_CLHANDL_CF_CY,0.0
NI03PFICIST2023,ACTUARIAL_ACTUAL_EXPENSE_NCLHANDL_CF_CY,0.0
NI03PFICIST2023,INVESTMENT_INCOME_OCI,0.0
NI03PFICIST2023,INVESTMENT_INCOME_PNL,0.0
NI03PFICIST2023,NON_ATTRIBUTABLE_EXPENSE,0.0
NI03PFIPIST2011,ACTUARIAL_ACTUAL_CLAIMS_CF_CY,0.0
NI03PFIPIST2011,ACTUARIAL_ACTUAL_CLAIMS_CF_PY,0.0
NI03PFIPIST2011,ACTUARIAL_ACTUAL_EXPENSE_CF_PY,0.0
NI03PFIPIST2011,ACTUARIAL_ACTUAL_EXPENSE_CLHANDL_CF_CY,0.0
NI03PFIPIST2011,ACTUARIAL_ACTUAL_EXPENSE_NCLHANDL_CF_CY,0.0
NI03PFIPIST2011,INVESTMENT_INCOME_OCI,0.0
NI03PFIPIST2011,INVESTMENT_INCOME_PNL,0.0
NI03PFIPIST2011,NON_ATTRIBUTABLE_EXPENSE,0.0
NI03PFIPIST2012,ACTUARIAL_ACTUAL_CLAIMS_CF_CY,0.0
NI03PFIPIST2012,ACTUARIAL_ACTUAL_CLAIMS_CF_PY,0.0
NI03PFIPIST2012,ACTUARIAL_ACTUAL_EXPENSE_CF_PY,0.0
NI03PFIPIST2012,ACTUARIAL_ACTUAL_EXPENSE_CLHANDL_CF_CY,0.0
NI03PFIPIST2012,ACTUARIAL_ACTUAL_EXPENSE_NCLHANDL_CF_CY,0.0
NI03PFIPIST2012,INVESTMENT_INCOME_OCI,0.0
NI03PFIPIST2012,INVESTMENT_INCOME_PNL,0.0
NI03PFIPIST2012,NON_ATTRIBUTABLE_EXPENSE,0.0
NI03PFIPIST2013,ACTUARIAL_ACTUAL_CLAIMS_CF_CY,0.0
NI03PFIPIST2013,ACTUARIAL_ACTUAL_CLAIMS_CF_PY,0.0
NI03PFIPIST2013,ACTUARIAL_ACTUAL_EXPENSE_CF_PY,0.0
NI03PFIPIST2013,ACTUARIAL_ACTUAL_EXPENSE_CLHANDL_CF_CY,0.0
NI03PFIPIST2013,ACTUARIAL_ACTUAL_EXPENSE_NCLHANDL_CF_CY,0.0
NI03PFIPIST2013,INVESTMENT_INCOME_OCI,0.0
NI03PFIPIST2013,INVESTMENT_INCOME_PNL,0.0
NI03PFIPIST2013,NON_ATTRIBUTABLE_EXPENSE,0.0
NI03PFIPIST2014,ACTUARIAL_ACTUAL_CLAIMS_CF_CY,0.0
NI03PFIPIST2014,ACTUARIAL_ACTUAL_CLAIMS_CF_PY,0.0
NI03PFIPIST2014,ACTUARIAL_ACTUAL_EXPENSE_CF_PY,0.0
NI03PFIPIST2014,ACTUARIAL_ACTUAL_EXPENSE_CLHANDL_CF_CY,0.0
NI03PFIPIST2014,ACTUARIAL_ACTUAL_EXPENSE_NCLHANDL_CF_CY,0.0
NI03PFIPIST2014,INVESTMENT_INCOME_OCI,0.0
NI03PFIPIST2014,INVESTMENT_INCOME_PNL,0.0
NI03PFIPIST2014,NON_ATTRIBUTABLE_EXPENSE,0.0
NI03PFIPIST2015,ACTUARIAL_ACTUAL_CLAIMS_CF_CY,0.0
NI03PFIPIST2015,ACTUARIAL_ACTUAL_CLAIMS_CF_PY,0.0
NI03PFIPIST2015,ACTUARIAL_ACTUAL_EXPENSE_CF_PY,0.0
NI03PFIPIST2015,ACTUARIAL_ACTUAL_EXPENSE_CLHANDL_CF_CY,0.0
NI03PFIPIST2015,ACTUARIAL_ACTUAL_EXPENSE_NCLHANDL_CF_CY,0.0
NI03PFIPIST2015,INVESTMENT_INCOME_OCI,0.0
NI03PFIPIST2015,INVESTMENT_INCOME_PNL,0.0
NI03PFIPIST2015,NON_ATTRIBUTABLE_EXPENSE,0.0
NI03PFIPIST2016,ACTUARIAL_ACTUAL_CLAIMS_CF_CY,0.0
NI03PFIPIST2016,ACTUARIAL_ACTUAL_CLAIMS_CF_PY,0.0
NI03PFIPIST2016,ACTUARIAL_ACTUAL_EXPENSE_CF_PY,0.0
NI03PFIPIST2016,ACTUARIAL_ACTUAL_EXPENSE_CLHANDL_CF_CY,0.0
NI03PFIPIST2016,ACTUARIAL_ACTUAL_EXPENSE_NCLHANDL_CF_CY,0.0
NI03PFIPIST2016,INVESTMENT_INCOME_OCI,0.0
NI03PFIPIST2016,INVESTMENT_INCOME_PNL,0.0
NI03PFIPIST2016,NON_ATTRIBUTABLE_EXPENSE,0.0
NI03PFIPIST2017,ACTUARIAL_ACTUAL_CLAIMS_CF_CY,0.0
NI03PFIPIST2017,ACTUARIAL_ACTUAL_CLAIMS_CF_PY,0.0
NI03PFIPIST2017,ACTUARIAL_ACTUAL_EXPENSE_CF_PY,0.0
NI03PFIPIST2017,ACTUARIAL_ACTUAL_EXPENSE_CLHANDL_CF_CY,0.0
NI03PFIPIST2017,ACTUARIAL_ACTUAL_EXPENSE_NCLHANDL_CF_CY,0.0
NI03PFIPIST2017,INVESTMENT_INCOME_OCI,0.0
NI03PFIPIST2017,INVESTMENT_INCOME_PNL,0.0
NI03PFIPIST2017,NON_ATTRIBUTABLE_EXPENSE,0.0
NI03PFIPIST2018,ACTUARIAL_ACTUAL_CLAIMS_CF_CY,0.0
NI03PFIPIST2018,ACTUARIAL_ACTUAL_CLAIMS_CF_PY,0.0
NI03PFIPIST2018,ACTUARIAL_ACTUAL_EXPENSE_CF_PY,0.0
NI03PFIPIST2018,ACTUARIAL_ACTUAL_EXPENSE_CLHANDL_CF_CY,0.0
NI03PFIPIST2018,ACTUARIAL_ACTUAL_EXPENSE_NCLHANDL_CF_CY,0.0
NI03PFIPIST2018,INVESTMENT_INCOME_OCI,0.0
NI03PFIPIST2018,INVESTMENT_INCOME_PNL,0.0
NI03PFIPIST2018,NON_ATTRIBUTABLE_EXPENSE,0.0
NI03PFIPIST2019,ACTUARIAL_ACTUAL_CLAIMS_CF_CY,0.0
NI03PFIPIST2019,ACTUARIAL_ACTUAL_CLAIMS_CF_PY,0.0
NI03PFIPIST2019,ACTUARIAL_ACTUAL_EXPENSE_CF_PY,0.0
NI03PFIPIST2019,ACTUARIAL_ACTUAL_EXPENSE_CLHANDL_CF_CY,0.0
NI03PFIPIST2019,ACTUARIAL_ACTUAL_EXPENSE_NCLHANDL_CF_CY,0.0
NI03PFIPIST2019,INVESTMENT_INCOME_OCI,0.0
NI03PFIPIST2019,INVESTMENT_INCOME_PNL,0.0
NI03PFIPIST2019,NON_ATTRIBUTABLE_EXPENSE,0.0
NI03PFIPIST2020,ACTUARIAL_ACTUAL_CLAIMS_CF_CY,0.0
NI03PFIPIST2020,ACTUARIAL_ACTUAL_CLAIMS_CF_PY,0.0
NI03PFIPIST2020,ACTUARIAL_ACTUAL_EXPENSE_CF_PY,0.0
NI03PFIPIST2020,ACTUARIAL_ACTUAL_EXPENSE_CLHANDL_CF_CY,0.0
NI03PFIPIST2020,ACTUARIAL_ACTUAL_EXPENSE_NCLHANDL_CF_CY,0.0
NI03PFIPIST2020,INVESTMENT_INCOME_OCI,0.0
NI03PFIPIST2020,INVESTMENT_INCOME_PNL,0.0
NI03PFIPIST2020,NON_ATTRIBUTABLE_EXPENSE,0.0
NI03PFIPIST2021,ACTUARIAL_ACTUAL_CLAIMS_CF_CY,0.0
NI03PFIPIST2021,ACTUARIAL_ACTUAL_CLAIMS_CF_PY,0.0
NI03PFIPIST2021,ACTUARIAL_ACTUAL_EXPENSE_CF_PY,0.0
NI03PFIPIST2021,ACTUARIAL_ACTUAL_EXPENSE_CLHANDL_CF_CY,0.0
NI03PFIPIST2021,ACTUARIAL_ACTUAL_EXPENSE_NCLHANDL_CF_CY,0.0
NI03PFIPIST2021,INVESTMENT_INCOME_OCI,0.0
NI03PFIPIST2021,INVESTMENT_INCOME_PNL,0.0
NI03PFIPIST2021,NON_ATTRIBUTABLE_EXPENSE,0.0
NI03PFIPIST2022,ACTUARIAL_ACTUAL_CLAIMS_CF_CY,0.0
NI03PFIPIST2022,ACTUARIAL_ACTUAL_CLAIMS_CF_PY,0.0
NI03PFIPIST2022,ACTUARIAL_ACTUAL_EXPENSE_CF_PY,0.0
NI03PFIPIST2022,ACTUARIAL_ACTUAL_EXPENSE_CLHANDL_CF_CY,0.0
NI03PFIPIST2022,ACTUARIAL_ACTUAL_EXPENSE_NCLHANDL_CF_CY,0.0
NI03PFIPIST2022,INVESTMENT_INCOME_OCI,0.0
NI03PFIPIST2022,INVESTMENT_INCOME_PNL,0.0
NI03PFIPIST2022,NON_ATTRIBUTABLE_EXPENSE,0.0
NI03PFIPIST2023,ACTUARIAL_ACTUAL_CLAIMS_CF_CY,0.0
NI03PFIPIST2023,ACTUARIAL_ACTUAL_CLAIMS_CF_PY,0.0
NI03PFIPIST2023,ACTUARIAL_ACTUAL_EXPENSE_CF_PY,0.0
NI03PFIPIST2023,ACTUARIAL_ACTUAL_EXPENSE_CLHANDL_CF_CY,0.0
NI03PFIPIST2023,ACTUARIAL_ACTUAL_EXPENSE_NCLHANDL_CF_CY,0.0
NI03PFIPIST2023,INVESTMENT_INCOME_OCI,0.0
NI03PFIPIST2023,INVESTMENT_INCOME_PNL,0.0
NI03PFIPIST2023,NON_ATTRIBUTABLE_EXPENSE,0.0
NI03PGACIPF2011,ACTUARIAL_ACTUAL_CLAIMS_CF_CY,0.0
NI03PGACIPF2011,ACTUARIAL_ACTUAL_CLAIMS_CF_PY,0.0
NI03PGACIPF2011,ACTUARIAL_ACTUAL_EXPENSE_CF_PY,0.0
NI03PGACIPF2011,ACTUARIAL_ACTUAL_EXPENSE_CLHANDL_CF_CY,0.0
NI03PGACIPF2011,ACTUARIAL_ACTUAL_EXPENSE_NCLHANDL_CF_CY,0.0
NI03PGACIPF2011,INVESTMENT_INCOME_OCI,0.0
NI03PGACIPF2011,INVESTMENT_INCOME_PNL,0.0
NI03PGACIPF2011,NON_ATTRIBUTABLE_EXPENSE,0.0
NI03PGACIPF2012,ACTUARIAL_ACTUAL_CLAIMS_CF_CY,0.0
NI03PGACIPF2012,ACTUARIAL_ACTUAL_CLAIMS_CF_PY,0.0
NI03PGACIPF2012,ACTUARIAL_ACTUAL_EXPENSE_CF_PY,0.0
NI03PGACIPF2012,ACTUARIAL_ACTUAL_EXPENSE_CLHANDL_CF_CY,0.0
NI03PGACIPF2012,ACTUARIAL_ACTUAL_EXPENSE_NCLHANDL_CF_CY,0.0
NI03PGACIPF2012,INVESTMENT_INCOME_OCI,0.0
NI03PGACIPF2012,INVESTMENT_INCOME_PNL,0.0
NI03PGACIPF2012,NON_ATTRIBUTABLE_EXPENSE,0.0
NI03PGACIPF2013,ACTUARIAL_ACTUAL_CLAIMS_CF_CY,0.0
NI03PGACIPF2013,ACTUARIAL_ACTUAL_CLAIMS_CF_PY,0.0
NI03PGACIPF2013,ACTUARIAL_ACTUAL_EXPENSE_CF_PY,0.0
NI03PGACIPF2013,ACTUARIAL_ACTUAL_EXPENSE_CLHANDL_CF_CY,0.0
NI03PGACIPF2013,ACTUARIAL_ACTUAL_EXPENSE_NCLHANDL_CF_CY,0.0
NI03PGACIPF2013,INVESTMENT_INCOME_OCI,0.0
NI03PGACIPF2013,INVESTMENT_INCOME_PNL,0.0
NI03PGACIPF2013,NON_ATTRIBUTABLE_EXPENSE,0.0
NI03PGACIPF2014,ACTUARIAL_ACTUAL_CLAIMS_CF_CY,0.0
NI03PGACIPF2014,ACTUARIAL_ACTUAL_CLAIMS_CF_PY,0.0
NI03PGACIPF2014,ACTUARIAL_ACTUAL_EXPENSE_CF_PY,0.0
NI03PGACIPF2014,ACTUARIAL_ACTUAL_EXPENSE_CLHANDL_CF_CY,0.0
NI03PGACIPF2014,ACTUARIAL_ACTUAL_EXPENSE_NCLHANDL_CF_CY,0.0
NI03PGACIPF2014,INVESTMENT_INCOME_OCI,0.0
NI03PGACIPF2014,INVESTMENT_INCOME_PNL,0.0
NI03PGACIPF2014,NON_ATTRIBUTABLE_EXPENSE,0.0
NI03PGACIPF2015,ACTUARIAL_ACTUAL_CLAIMS_CF_CY,0.0
NI03PGACIPF2015,ACTUARIAL_ACTUAL_CLAIMS_CF_PY,0.0
NI03PGACIPF2015,ACTUARIAL_ACTUAL_EXPENSE_CF_PY,0.0
NI03PGACIPF2015,ACTUARIAL_ACTUAL_EXPENSE_CLHANDL_CF_CY,0.0
NI03PGACIPF2015,ACTUARIAL_ACTUAL_EXPENSE_NCLHANDL_CF_CY,0.0
NI03PGACIPF2015,INVESTMENT_INCOME_OCI,0.0
NI03PGACIPF2015,INVESTMENT_INCOME_PNL,0.0
NI03PGACIPF2015,NON_ATTRIBUTABLE_EXPENSE,0.0
NI03PGACIPF2016,ACTUARIAL_ACTUAL_CLAIMS_CF_CY,0.0
NI03PGACIPF2016,ACTUARIAL_ACTUAL_CLAIMS_CF_PY,0.0
NI03PGACIPF2016,ACTUARIAL_ACTUAL_EXPENSE_CF_PY,0.0
NI03PGACIPF2016,ACTUARIAL_ACTUAL_EXPENSE_CLHANDL_CF_CY,0.0
NI03PGACIPF2016,ACTUARIAL_ACTUAL_EXPENSE_NCLHANDL_CF_CY,0.0
NI03PGACIPF2016,INVESTMENT_INCOME_OCI,0.0
NI03PGACIPF2016,INVESTMENT_INCOME_PNL,0.0
NI03PGACIPF2016,NON_ATTRIBUTABLE_EXPENSE,0.0
NI03PGACIPF2017,ACTUARIAL_ACTUAL_CLAIMS_CF_CY,0.0
NI03PGACIPF2017,ACTUARIAL_ACTUAL_CLAIMS_CF_PY,0.0
NI03PGACIPF2017,ACTUARIAL_ACTUAL_EXPENSE_CF_PY,0.0
NI03PGACIPF2017,ACTUARIAL_ACTUAL_EXPENSE_CLHANDL_CF_CY,0.0
NI03PGACIPF2017,ACTUARIAL_ACTUAL_EXPENSE_NCLHANDL_CF_CY,0.0
NI03PGACIPF2017,INVESTMENT_INCOME_OCI,0.0
NI03PGACIPF2017,INVESTMENT_INCOME_PNL,0.0
NI03PGACIPF2017,NON_ATTRIBUTABLE_EXPENSE,0.0
NI03PGACIPF2018,ACTUARIAL_ACTUAL_CLAIMS_CF_CY,0.0
NI03PGACIPF2018,ACTUARIAL_ACTUAL_CLAIMS_CF_PY,0.0
NI03PGACIPF2018,ACTUARIAL_ACTUAL_EXPENSE_CF_PY,0.0
NI03PGACIPF2018,ACTUARIAL_ACTUAL_EXPENSE_CLHANDL_CF_CY,0.0
NI03PGACIPF2018,ACTUARIAL_ACTUAL_EXPENSE_NCLHANDL_CF_CY,0.0
NI03PGACIPF2018,INVESTMENT_INCOME_OCI,0.0
NI03PGACIPF2018,INVESTMENT_INCOME_PNL,0.0
NI03PGACIPF2018,NON_ATTRIBUTABLE_EXPENSE,0.0
NI03PGACIPF2019,ACTUARIAL_ACTUAL_CLAIMS_CF_CY,0.0
NI03PGACIPF2019,ACTUARIAL_ACTUAL_CLAIMS_CF_PY,0.0
NI03PGACIPF2019,ACTUARIAL_ACTUAL_EXPENSE_CF_PY,0.0
NI03PGACIPF2019,ACTUARIAL_ACTUAL_EXPENSE_CLHANDL_CF_CY,0.0
NI03PGACIPF2019,ACTUARIAL_ACTUAL_EXPENSE_NCLHANDL_CF_CY,0.0
NI03PGACIPF2019,INVESTMENT_INCOME_OCI,0.0
NI03PGACIPF2019,INVESTMENT_INCOME_PNL,0.0
NI03PGACIPF2019,NON_ATTRIBUTABLE_EXPENSE,0.0
NI03PGACIPF2020,ACTUARIAL_ACTUAL_CLAIMS_CF_CY,0.0
NI03PGACIPF2020,ACTUARIAL_ACTUAL_CLAIMS_CF_PY,0.0
NI03PGACIPF2020,ACTUARIAL_ACTUAL_EXPENSE_CF_PY,0.0
NI03PGACIPF2020,ACTUARIAL_ACTUAL_EXPENSE_CLHANDL_CF_CY,0.0
NI03PGACIPF2020,ACTUARIAL_ACTUAL_EXPENSE_NCLHANDL_CF_CY,0.0
NI03PGACIPF2020,INVESTMENT_INCOME_OCI,0.0
NI03PGACIPF2020,INVESTMENT_INCOME_PNL,0.0
NI03PGACIPF2020,NON_ATTRIBUTABLE_EXPENSE,0.0
NI03PGACIPF2021,ACTUARIAL_ACTUAL_CLAIMS_CF_CY,0.0
NI03PGACIPF2021,ACTUARIAL_ACTUAL_CLAIMS_CF_PY,0.0
NI03PGACIPF2021,ACTUARIAL_ACTUAL_EXPENSE_CF_PY,0.0
NI03PGACIPF2021,ACTUARIAL_ACTUAL_EXPENSE_CLHANDL_CF_CY,0.0
NI03PGACIPF2021,ACTUARIAL_ACTUAL_EXPENSE_NCLHANDL_CF_CY,0.0
NI03PGACIPF2021,INVESTMENT_INCOME_OCI,0.0
NI03PGACIPF2021,INVESTMENT_INCOME_PNL,0.0
NI03PGACIPF2021,NON_ATTRIBUTABLE_EXPENSE,0.0
NI03PGACIPF2022,ACTUARIAL_ACTUAL_CLAIMS_CF_CY,0.0
NI03PGACIPF2022,ACTUARIAL_ACTUAL_CLAIMS_CF_PY,22969.70481421443
NI03PGACIPF2022,ACTUARIAL_ACTUAL_EXPENSE_CF_PY,0.0
NI03PGACIPF2022,ACTUARIAL_ACTUAL_EXPENSE_CLHANDL_CF_CY,0.0
NI03PGACIPF2022,ACTUARIAL_ACTUAL_EXPENSE_NCLHANDL_CF_CY,0.0
NI03PGACIPF2022,INVESTMENT_INCOME_OCI,0.0
NI03PGACIPF2022,INVESTMENT_INCOME_PNL,0.0
NI03PGACIPF2022,NON_ATTRIBUTABLE_EXPENSE,0.0
NI03PGACIPF2023,ACTUARIAL_ACTUAL_CLAIMS_CF_CY,0.0
NI03PGACIPF2023,ACTUARIAL_ACTUAL_CLAIMS_CF_PY,0.0
NI03PGACIPF2023,ACTUARIAL_ACTUAL_EXPENSE_CF_PY,0.0
NI03PGACIPF2023,ACTUARIAL_ACTUAL_EXPENSE_CLHANDL_CF_CY,0.0
NI03PGACIPF2023,ACTUARIAL_ACTUAL_EXPENSE_NCLHANDL_CF_CY,0.0
NI03PGACIPF2023,INVESTMENT_INCOME_OCI,0.0
NI03PGACIPF2023,INVESTMENT_INCOME_PNL,0.0
NI03PGACIPF2023,NON_ATTRIBUTABLE_EXPENSE,0.0
