GOC_ID,VARIABLE_NAME,1
NI03PEGNRST2011,CLOSING_CURVE_ID,20230630_NGN_LP100
NI03PEGNRST2011,OPENING_CURVE_ID,20221231_NGN_LP100
NI03PEGNRST2012,CLOSING_CURVE_ID,20230630_NGN_LP100
NI03PEGNRST2012,OPENING_CURVE_ID,20221231_NGN_LP100
NI03PEGNRST2013,CLOSING_CURVE_ID,20230630_NGN_LP100
NI03PEGNRST2013,OPENING_CURVE_ID,20221231_NGN_LP100
NI03PEGNRST2014,CLOSING_CURVE_ID,20230630_NGN_LP100
NI03PEGNRST2014,OPENING_CURVE_ID,20221231_NGN_LP100
NI03PEGNRST2015,CLOSING_CURVE_ID,20230630_NGN_LP100
NI03PEGNRST2015,OPENING_CURVE_ID,20221231_NGN_LP100
NI03PEGNRST2016,CLOSING_CURVE_ID,20230630_NGN_LP100
NI03PEGNRST2016,OPENING_CURVE_ID,20221231_NGN_LP100
NI03PEGNRST2017,CLOSING_CURVE_ID,20230630_NGN_LP100
NI03PEGNRST2017,OPENING_CURVE_ID,20221231_NGN_LP100
NI03PEGNRST2018,CLOSING_CURVE_ID,20230630_NGN_LP100
NI03PEGNRST2018,OPENING_CURVE_ID,20221231_NGN_LP100
NI03PEGNRST2019,CLOSING_CURVE_ID,20230630_NGN_LP100
NI03PEGNRST2019,OPENING_CURVE_ID,20221231_NGN_LP100
NI03PEGNRST2020,CLOSING_CURVE_ID,20230630_NGN_LP100
NI03PEGNRST2020,OPENING_CURVE_ID,20221231_NGN_LP100
NI03PEGNRST2021,CLOSING_CURVE_ID,20230630_NGN_LP100
NI03PEGNRST2021,OPENING_CURVE_ID,20221231_NGN_LP100
NI03PEGNRST2022,CLOSING_CURVE_ID,20230630_NGN_LP100
NI03PEGNRST2022,OPENING_CURVE_ID,20221231_NGN_LP100
NI03PEGNRST2023,CLOSING_CURVE_ID,20230630_NGN_LP100
NI03PEGNRST2023,OPENING_CURVE_ID,20221231_NGN_LP100
NI03PFICIST2011,CLOSING_CURVE_ID,20230630_NGN_LP100
NI03PFICIST2011,OPENING_CURVE_ID,20221231_NGN_LP100
NI03PFICIST2012,CLOSING_CURVE_ID,20230630_NGN_LP100
NI03PFICIST2012,OPENING_CURVE_ID,20221231_NGN_LP100
NI03PFICIST2013,CLOSING_CURVE_ID,20230630_NGN_LP100
NI03PFICIST2013,OPENING_CURVE_ID,20221231_NGN_LP100
NI03PFICIST2014,CLOSING_CURVE_ID,20230630_NGN_LP100
NI03PFICIST2014,OPENING_CURVE_ID,20221231_NGN_LP100
NI03PFICIST2015,CLOSING_CURVE_ID,20230630_NGN_LP100
NI03PFICIST2015,OPENING_CURVE_ID,20221231_NGN_LP100
NI03PFICIST2016,CLOSING_CURVE_ID,20230630_NGN_LP100
NI03PFICIST2016,OPENING_CURVE_ID,20221231_NGN_LP100
NI03PFICIST2017,CLOSING_CURVE_ID,20230630_NGN_LP100
NI03PFICIST2017,OPENING_CURVE_ID,20221231_NGN_LP100
NI03PFICIST2018,CLOSING_CURVE_ID,20230630_NGN_LP100
NI03PFICIST2018,OPENING_CURVE_ID,20221231_NGN_LP100
NI03PFICIST2019,CLOSING_CURVE_ID,20230630_NGN_LP100
NI03PFICIST2019,OPENING_CURVE_ID,20221231_NGN_LP100
NI03PFICIST2020,CLOSING_CURVE_ID,20230630_NGN_LP100
NI03PFICIST2020,OPENING_CURVE_ID,20221231_NGN_LP100
NI03PFICIST2021,CLOSING_CURVE_ID,20230630_NGN_LP100
NI03PFICIST2021,OPENING_CURVE_ID,20221231_NGN_LP100
NI03PFICIST2022,CLOSING_CURVE_ID,20230630_NGN_LP100
NI03PFICIST2022,OPENING_CURVE_ID,20221231_NGN_LP100
NI03PFICIST2023,CLOSING_CURVE_ID,20230630_NGN_LP100
NI03PFICIST2023,OPENING_CURVE_ID,20221231_NGN_LP100
NI03PFIPIST2011,CLOSING_CURVE_ID,20230630_NGN_LP100
NI03PFIPIST2011,OPENING_CURVE_ID,20221231_NGN_LP100
NI03PFIPIST2012,CLOSING_CURVE_ID,20230630_NGN_LP100
NI03PFIPIST2012,OPENING_CURVE_ID,20221231_NGN_LP100
NI03PFIPIST2013,CLOSING_CURVE_ID,20230630_NGN_LP100
NI03PFIPIST2013,OPENING_CURVE_ID,20221231_NGN_LP100
NI03PFIPIST2014,CLOSING_CURVE_ID,20230630_NGN_LP100
NI03PFIPIST2014,OPENING_CURVE_ID,20221231_NGN_LP100
NI03PFIPIST2015,CLOSING_CURVE_ID,20230630_NGN_LP100
NI03PFIPIST2015,OPENING_CURVE_ID,20221231_NGN_LP100
NI03PFIPIST2016,CLOSING_CURVE_ID,20230630_NGN_LP100
NI03PFIPIST2016,OPENING_CURVE_ID,20221231_NGN_LP100
NI03PFIPIST2017,CLOSING_CURVE_ID,20230630_NGN_LP100
NI03PFIPIST2017,OPENING_CURVE_ID,20221231_NGN_LP100
NI03PFIPIST2018,CLOSING_CURVE_ID,20230630_NGN_LP100
NI03PFIPIST2018,OPENING_CURVE_ID,20221231_NGN_LP100
NI03PFIPIST2019,CLOSING_CURVE_ID,20230630_NGN_LP100
NI03PFIPIST2019,OPENING_CURVE_ID,20221231_NGN_LP100
NI03PFIPIST2020,CLOSING_CURVE_ID,20230630_NGN_LP100
NI03PFIPIST2020,OPENING_CURVE_ID,20221231_NGN_LP100
NI03PFIPIST2021,CLOSING_CURVE_ID,20230630_NGN_LP100
NI03PFIPIST2021,OPENING_CURVE_ID,20221231_NGN_LP100
NI03PFIPIST2022,CLOSING_CURVE_ID,20230630_NGN_LP100
NI03PFIPIST2022,OPENING_CURVE_ID,20221231_NGN_LP100
NI03PFIPIST2023,CLOSING_CURVE_ID,20230630_NGN_LP100
NI03PFIPIST2023,OPENING_CURVE_ID,20221231_NGN_LP100
NI03PGACIPF2011,CLOSING_CURVE_ID,20230630_NGN_LP100
NI03PGACIPF2011,OPENING_CURVE_ID,20221231_NGN_LP100
NI03PGACIPF2012,CLOSING_CURVE_ID,20230630_NGN_LP100
NI03PGACIPF2012,OPENING_CURVE_ID,20221231_NGN_LP100
NI03PGACIPF2013,CLOSING_CURVE_ID,20230630_NGN_LP100
NI03PGACIPF2013,OPENING_CURVE_ID,20221231_NGN_LP100
NI03PGACIPF2014,CLOSING_CURVE_ID,20230630_NGN_LP100
NI03PGACIPF2014,OPENING_CURVE_ID,20221231_NGN_LP100
NI03PGACIPF2015,CLOSING_CURVE_ID,20230630_NGN_LP100
NI03PGACIPF2015,OPENING_CURVE_ID,20221231_NGN_LP100
NI03PGACIPF2016,CLOSING_CURVE_ID,20230630_NGN_LP100
NI03PGACIPF2016,OPENING_CURVE_ID,20221231_NGN_LP100
NI03PGACIPF2017,CLOSING_CURVE_ID,20230630_NGN_LP100
NI03PGACIPF2017,OPENING_CURVE_ID,20221231_NGN_LP100
NI03PGACIPF2018,CLOSING_CURVE_ID,20230630_NGN_LP100
NI03PGACIPF2018,OPENING_CURVE_ID,20221231_NGN_LP100
NI03PGACIPF2019,CLOSING_CURVE_ID,20230630_NGN_LP100
NI03PGACIPF2019,OPENING_CURVE_ID,20221231_NGN_LP100
NI03PGACIPF2020,CLOSING_CURVE_ID,20230630_NGN_LP100
NI03PGACIPF2020,OPENING_CURVE_ID,20221231_NGN_LP100
NI03PGACIPF2021,CLOSING_CURVE_ID,20230630_NGN_LP100
NI03PGACIPF2021,OPENING_CURVE_ID,20221231_NGN_LP100
NI03PGACIPF2022,CLOSING_CURVE_ID,20230630_NGN_LP100
NI03PGACIPF2022,OPENING_CURVE_ID,20221231_NGN_LP100
NI03PGACIPF2023,CLOSING_CURVE_ID,20230630_NGN_LP100
NI03PGACIPF2023,OPENING_CURVE_ID,20221231_NGN_LP100
