GOC_ID,VARIABLE_NAME,1
NI03PEGNRST2011,ACTUAL_PREMIUM_CF_PAST_SERVICE,0
NI03PEGNRST2011,ACTUAL_PREMIUM_CF_FUTURE_SERVICE,0
NI03PEGNRST2011,ACTUAL_ACQUISITION_CF_PAST_SERVICE,0
NI03PEGNRST2011,ACTUAL_ACQUISITION_CF_FUTURE_SERVICE,0
NI03PEGNRST2011,ACTUAL_INV_COMP_PAYABLE,0
NI03PEGNRST2011,ACTUAL_CHANGE_FV_FINANCIAL_UNDERLYING_ITEMS,0
NI03PEGNRST2011,ACTUAL_CHANGE_FV_TECHNICAL_UNDERLYING_ITEMS,0
NI03PEGNRST2011,FIN_RISK_MITIGATION,0
NI03PEGNRST2011,RE_RISK_MITIGATION,0
NI03PEGNRST2011,ACTUAL_COVERAGE_UNIT,0
NI03PEGNRST2011,THEORETICAL_PREMIUM_DERECOGNITION_LRC,0
NI03PEGNRST2011,THEORETICAL_PREMIUM_RECOGNITION,0
NI03PEGNRST2011,ACTUAL_ACQUISITION_CF_BF_INIT_RECOG,0
NI03PEGNRST2011,ACTUAL_COMMISSION_CF_PAST_SERVICE,0
NI03PEGNRST2011,ACTUAL_COMMISSION_CF_FUTURE_SERVICE,0
NI03PEGNRST2012,ACTUAL_PREMIUM_CF_PAST_SERVICE,0
NI03PEGNRST2012,ACTUAL_PREMIUM_CF_FUTURE_SERVICE,0
NI03PEGNRST2012,ACTUAL_ACQUISITION_CF_PAST_SERVICE,0
NI03PEGNRST2012,ACTUAL_ACQUISITION_CF_FUTURE_SERVICE,0
NI03PEGNRST2012,ACTUAL_INV_COMP_PAYABLE,0
NI03PEGNRST2012,ACTUAL_CHANGE_FV_FINANCIAL_UNDERLYING_ITEMS,0
NI03PEGNRST2012,ACTUAL_CHANGE_FV_TECHNICAL_UNDERLYING_ITEMS,0
NI03PEGNRST2012,FIN_RISK_MITIGATION,0
NI03PEGNRST2012,RE_RISK_MITIGATION,0
NI03PEGNRST2012,ACTUAL_COVERAGE_UNIT,0
NI03PEGNRST2012,THEORETICAL_PREMIUM_DERECOGNITION_LRC,0
NI03PEGNRST2012,THEORETICAL_PREMIUM_RECOGNITION,0
NI03PEGNRST2012,ACTUAL_ACQUISITION_CF_BF_INIT_RECOG,0
NI03PEGNRST2012,ACTUAL_COMMISSION_CF_PAST_SERVICE,0
NI03PEGNRST2012,ACTUAL_COMMISSION_CF_FUTURE_SERVICE,0
NI03PEGNRST2013,ACTUAL_PREMIUM_CF_PAST_SERVICE,0
NI03PEGNRST2013,ACTUAL_PREMIUM_CF_FUTURE_SERVICE,0
NI03PEGNRST2013,ACTUAL_ACQUISITION_CF_PAST_SERVICE,0
NI03PEGNRST2013,ACTUAL_ACQUISITION_CF_FUTURE_SERVICE,0
NI03PEGNRST2013,ACTUAL_INV_COMP_PAYABLE,0
NI03PEGNRST2013,ACTUAL_CHANGE_FV_FINANCIAL_UNDERLYING_ITEMS,0
NI03PEGNRST2013,ACTUAL_CHANGE_FV_TECHNICAL_UNDERLYING_ITEMS,0
NI03PEGNRST2013,FIN_RISK_MITIGATION,0
NI03PEGNRST2013,RE_RISK_MITIGATION,0
NI03PEGNRST2013,ACTUAL_COVERAGE_UNIT,0
NI03PEGNRST2013,THEORETICAL_PREMIUM_DERECOGNITION_LRC,0
NI03PEGNRST2013,THEORETICAL_PREMIUM_RECOGNITION,0
NI03PEGNRST2013,ACTUAL_ACQUISITION_CF_BF_INIT_RECOG,0
NI03PEGNRST2013,ACTUAL_COMMISSION_CF_PAST_SERVICE,0
NI03PEGNRST2013,ACTUAL_COMMISSION_CF_FUTURE_SERVICE,0
NI03PEGNRST2014,ACTUAL_PREMIUM_CF_PAST_SERVICE,0
NI03PEGNRST2014,ACTUAL_PREMIUM_CF_FUTURE_SERVICE,0
NI03PEGNRST2014,ACTUAL_ACQUISITION_CF_PAST_SERVICE,0
NI03PEGNRST2014,ACTUAL_ACQUISITION_CF_FUTURE_SERVICE,0
NI03PEGNRST2014,ACTUAL_INV_COMP_PAYABLE,0
NI03PEGNRST2014,ACTUAL_CHANGE_FV_FINANCIAL_UNDERLYING_ITEMS,0
NI03PEGNRST2014,ACTUAL_CHANGE_FV_TECHNICAL_UNDERLYING_ITEMS,0
NI03PEGNRST2014,FIN_RISK_MITIGATION,0
NI03PEGNRST2014,RE_RISK_MITIGATION,0
NI03PEGNRST2014,ACTUAL_COVERAGE_UNIT,0
NI03PEGNRST2014,THEORETICAL_PREMIUM_DERECOGNITION_LRC,0
NI03PEGNRST2014,THEORETICAL_PREMIUM_RECOGNITION,0
NI03PEGNRST2014,ACTUAL_ACQUISITION_CF_BF_INIT_RECOG,0
NI03PEGNRST2014,ACTUAL_COMMISSION_CF_PAST_SERVICE,0
NI03PEGNRST2014,ACTUAL_COMMISSION_CF_FUTURE_SERVICE,0
NI03PEGNRST2015,ACTUAL_PREMIUM_CF_PAST_SERVICE,0
NI03PEGNRST2015,ACTUAL_PREMIUM_CF_FUTURE_SERVICE,0
NI03PEGNRST2015,ACTUAL_ACQUISITION_CF_PAST_SERVICE,0
NI03PEGNRST2015,ACTUAL_ACQUISITION_CF_FUTURE_SERVICE,0
NI03PEGNRST2015,ACTUAL_INV_COMP_PAYABLE,0
NI03PEGNRST2015,ACTUAL_CHANGE_FV_FINANCIAL_UNDERLYING_ITEMS,0
NI03PEGNRST2015,ACTUAL_CHANGE_FV_TECHNICAL_UNDERLYING_ITEMS,0
NI03PEGNRST2015,FIN_RISK_MITIGATION,0
NI03PEGNRST2015,RE_RISK_MITIGATION,0
NI03PEGNRST2015,ACTUAL_COVERAGE_UNIT,0
NI03PEGNRST2015,THEORETICAL_PREMIUM_DERECOGNITION_LRC,0
NI03PEGNRST2015,THEORETICAL_PREMIUM_RECOGNITION,0
NI03PEGNRST2015,ACTUAL_ACQUISITION_CF_BF_INIT_RECOG,0
NI03PEGNRST2015,ACTUAL_COMMISSION_CF_PAST_SERVICE,0
NI03PEGNRST2015,ACTUAL_COMMISSION_CF_FUTURE_SERVICE,0
NI03PEGNRST2016,ACTUAL_PREMIUM_CF_PAST_SERVICE,0
NI03PEGNRST2016,ACTUAL_PREMIUM_CF_FUTURE_SERVICE,0
NI03PEGNRST2016,ACTUAL_ACQUISITION_CF_PAST_SERVICE,0
NI03PEGNRST2016,ACTUAL_ACQUISITION_CF_FUTURE_SERVICE,0
NI03PEGNRST2016,ACTUAL_INV_COMP_PAYABLE,0
NI03PEGNRST2016,ACTUAL_CHANGE_FV_FINANCIAL_UNDERLYING_ITEMS,0
NI03PEGNRST2016,ACTUAL_CHANGE_FV_TECHNICAL_UNDERLYING_ITEMS,0
NI03PEGNRST2016,FIN_RISK_MITIGATION,0
NI03PEGNRST2016,RE_RISK_MITIGATION,0
NI03PEGNRST2016,ACTUAL_COVERAGE_UNIT,0
NI03PEGNRST2016,THEORETICAL_PREMIUM_DERECOGNITION_LRC,0
NI03PEGNRST2016,THEORETICAL_PREMIUM_RECOGNITION,0
NI03PEGNRST2016,ACTUAL_ACQUISITION_CF_BF_INIT_RECOG,0
NI03PEGNRST2016,ACTUAL_COMMISSION_CF_PAST_SERVICE,0
NI03PEGNRST2016,ACTUAL_COMMISSION_CF_FUTURE_SERVICE,0
NI03PEGNRST2017,ACTUAL_PREMIUM_CF_PAST_SERVICE,0
NI03PEGNRST2017,ACTUAL_PREMIUM_CF_FUTURE_SERVICE,0
NI03PEGNRST2017,ACTUAL_ACQUISITION_CF_PAST_SERVICE,0
NI03PEGNRST2017,ACTUAL_ACQUISITION_CF_FUTURE_SERVICE,0
NI03PEGNRST2017,ACTUAL_INV_COMP_PAYABLE,0
NI03PEGNRST2017,ACTUAL_CHANGE_FV_FINANCIAL_UNDERLYING_ITEMS,0
NI03PEGNRST2017,ACTUAL_CHANGE_FV_TECHNICAL_UNDERLYING_ITEMS,0
NI03PEGNRST2017,FIN_RISK_MITIGATION,0
NI03PEGNRST2017,RE_RISK_MITIGATION,0
NI03PEGNRST2017,ACTUAL_COVERAGE_UNIT,0
NI03PEGNRST2017,THEORETICAL_PREMIUM_DERECOGNITION_LRC,0
NI03PEGNRST2017,THEORETICAL_PREMIUM_RECOGNITION,0
NI03PEGNRST2017,ACTUAL_ACQUISITION_CF_BF_INIT_RECOG,0
NI03PEGNRST2017,ACTUAL_COMMISSION_CF_PAST_SERVICE,0
NI03PEGNRST2017,ACTUAL_COMMISSION_CF_FUTURE_SERVICE,0
NI03PEGNRST2018,ACTUAL_PREMIUM_CF_PAST_SERVICE,0
NI03PEGNRST2018,ACTUAL_PREMIUM_CF_FUTURE_SERVICE,0
NI03PEGNRST2018,ACTUAL_ACQUISITION_CF_PAST_SERVICE,0
NI03PEGNRST2018,ACTUAL_ACQUISITION_CF_FUTURE_SERVICE,0
NI03PEGNRST2018,ACTUAL_INV_COMP_PAYABLE,0
NI03PEGNRST2018,ACTUAL_CHANGE_FV_FINANCIAL_UNDERLYING_ITEMS,0
NI03PEGNRST2018,ACTUAL_CHANGE_FV_TECHNICAL_UNDERLYING_ITEMS,0
NI03PEGNRST2018,FIN_RISK_MITIGATION,0
NI03PEGNRST2018,RE_RISK_MITIGATION,0
NI03PEGNRST2018,ACTUAL_COVERAGE_UNIT,0
NI03PEGNRST2018,THEORETICAL_PREMIUM_DERECOGNITION_LRC,0
NI03PEGNRST2018,THEORETICAL_PREMIUM_RECOGNITION,0
NI03PEGNRST2018,ACTUAL_ACQUISITION_CF_BF_INIT_RECOG,0
NI03PEGNRST2018,ACTUAL_COMMISSION_CF_PAST_SERVICE,0
NI03PEGNRST2018,ACTUAL_COMMISSION_CF_FUTURE_SERVICE,0
NI03PEGNRST2019,ACTUAL_PREMIUM_CF_PAST_SERVICE,0
NI03PEGNRST2019,ACTUAL_PREMIUM_CF_FUTURE_SERVICE,0
NI03PEGNRST2019,ACTUAL_ACQUISITION_CF_PAST_SERVICE,0
NI03PEGNRST2019,ACTUAL_ACQUISITION_CF_FUTURE_SERVICE,0
NI03PEGNRST2019,ACTUAL_INV_COMP_PAYABLE,0
NI03PEGNRST2019,ACTUAL_CHANGE_FV_FINANCIAL_UNDERLYING_ITEMS,0
NI03PEGNRST2019,ACTUAL_CHANGE_FV_TECHNICAL_UNDERLYING_ITEMS,0
NI03PEGNRST2019,FIN_RISK_MITIGATION,0
NI03PEGNRST2019,RE_RISK_MITIGATION,0
NI03PEGNRST2019,ACTUAL_COVERAGE_UNIT,0
NI03PEGNRST2019,THEORETICAL_PREMIUM_DERECOGNITION_LRC,0
NI03PEGNRST2019,THEORETICAL_PREMIUM_RECOGNITION,0
NI03PEGNRST2019,ACTUAL_ACQUISITION_CF_BF_INIT_RECOG,0
NI03PEGNRST2019,ACTUAL_COMMISSION_CF_PAST_SERVICE,0
NI03PEGNRST2019,ACTUAL_COMMISSION_CF_FUTURE_SERVICE,0
NI03PEGNRST2020,ACTUAL_PREMIUM_CF_PAST_SERVICE,0
NI03PEGNRST2020,ACTUAL_PREMIUM_CF_FUTURE_SERVICE,0
NI03PEGNRST2020,ACTUAL_ACQUISITION_CF_PAST_SERVICE,0
NI03PEGNRST2020,ACTUAL_ACQUISITION_CF_FUTURE_SERVICE,0
NI03PEGNRST2020,ACTUAL_INV_COMP_PAYABLE,0
NI03PEGNRST2020,ACTUAL_CHANGE_FV_FINANCIAL_UNDERLYING_ITEMS,0
NI03PEGNRST2020,ACTUAL_CHANGE_FV_TECHNICAL_UNDERLYING_ITEMS,0
NI03PEGNRST2020,FIN_RISK_MITIGATION,0
NI03PEGNRST2020,RE_RISK_MITIGATION,0
NI03PEGNRST2020,ACTUAL_COVERAGE_UNIT,0
NI03PEGNRST2020,THEORETICAL_PREMIUM_DERECOGNITION_LRC,0
NI03PEGNRST2020,THEORETICAL_PREMIUM_RECOGNITION,0
NI03PEGNRST2020,ACTUAL_ACQUISITION_CF_BF_INIT_RECOG,0
NI03PEGNRST2020,ACTUAL_COMMISSION_CF_PAST_SERVICE,0
NI03PEGNRST2020,ACTUAL_COMMISSION_CF_FUTURE_SERVICE,0
NI03PEGNRST2021,ACTUAL_PREMIUM_CF_PAST_SERVICE,0
NI03PEGNRST2021,ACTUAL_PREMIUM_CF_FUTURE_SERVICE,0
NI03PEGNRST2021,ACTUAL_ACQUISITION_CF_PAST_SERVICE,0
NI03PEGNRST2021,ACTUAL_ACQUISITION_CF_FUTURE_SERVICE,0
NI03PEGNRST2021,ACTUAL_INV_COMP_PAYABLE,0
NI03PEGNRST2021,ACTUAL_CHANGE_FV_FINANCIAL_UNDERLYING_ITEMS,0
NI03PEGNRST2021,ACTUAL_CHANGE_FV_TECHNICAL_UNDERLYING_ITEMS,0
NI03PEGNRST2021,FIN_RISK_MITIGATION,0
NI03PEGNRST2021,RE_RISK_MITIGATION,0
NI03PEGNRST2021,ACTUAL_COVERAGE_UNIT,0
NI03PEGNRST2021,THEORETICAL_PREMIUM_DERECOGNITION_LRC,0
NI03PEGNRST2021,THEORETICAL_PREMIUM_RECOGNITION,0
NI03PEGNRST2021,ACTUAL_ACQUISITION_CF_BF_INIT_RECOG,0
NI03PEGNRST2021,ACTUAL_COMMISSION_CF_PAST_SERVICE,0
NI03PEGNRST2021,ACTUAL_COMMISSION_CF_FUTURE_SERVICE,0
NI03PEGNRST2022,ACTUAL_PREMIUM_CF_PAST_SERVICE,0
NI03PEGNRST2022,ACTUAL_PREMIUM_CF_FUTURE_SERVICE,0
NI03PEGNRST2022,ACTUAL_ACQUISITION_CF_PAST_SERVICE,0
NI03PEGNRST2022,ACTUAL_ACQUISITION_CF_FUTURE_SERVICE,0
NI03PEGNRST2022,ACTUAL_INV_COMP_PAYABLE,0
NI03PEGNRST2022,ACTUAL_CHANGE_FV_FINANCIAL_UNDERLYING_ITEMS,0
NI03PEGNRST2022,ACTUAL_CHANGE_FV_TECHNICAL_UNDERLYING_ITEMS,0
NI03PEGNRST2022,FIN_RISK_MITIGATION,0
NI03PEGNRST2022,RE_RISK_MITIGATION,0
NI03PEGNRST2022,ACTUAL_COVERAGE_UNIT,0
NI03PEGNRST2022,THEORETICAL_PREMIUM_DERECOGNITION_LRC,0
NI03PEGNRST2022,THEORETICAL_PREMIUM_RECOGNITION,0
NI03PEGNRST2022,ACTUAL_ACQUISITION_CF_BF_INIT_RECOG,0
NI03PEGNRST2022,ACTUAL_COMMISSION_CF_PAST_SERVICE,0
NI03PEGNRST2022,ACTUAL_COMMISSION_CF_FUTURE_SERVICE,0
NI03PEGNRST2023,ACTUAL_PREMIUM_CF_PAST_SERVICE,0
NI03PEGNRST2023,ACTUAL_PREMIUM_CF_FUTURE_SERVICE,0
NI03PEGNRST2023,ACTUAL_ACQUISITION_CF_PAST_SERVICE,0
NI03PEGNRST2023,ACTUAL_ACQUISITION_CF_FUTURE_SERVICE,0
NI03PEGNRST2023,ACTUAL_INV_COMP_PAYABLE,0
NI03PEGNRST2023,ACTUAL_CHANGE_FV_FINANCIAL_UNDERLYING_ITEMS,0
NI03PEGNRST2023,ACTUAL_CHANGE_FV_TECHNICAL_UNDERLYING_ITEMS,0
NI03PEGNRST2023,FIN_RISK_MITIGATION,0
NI03PEGNRST2023,RE_RISK_MITIGATION,0
NI03PEGNRST2023,ACTUAL_COVERAGE_UNIT,0
NI03PEGNRST2023,THEORETICAL_PREMIUM_DERECOGNITION_LRC,0
NI03PEGNRST2023,THEORETICAL_PREMIUM_RECOGNITION,0
NI03PEGNRST2023,ACTUAL_ACQUISITION_CF_BF_INIT_RECOG,0
NI03PEGNRST2023,ACTUAL_COMMISSION_CF_PAST_SERVICE,0
NI03PEGNRST2023,ACTUAL_COMMISSION_CF_FUTURE_SERVICE,0
NI03PEGNRST2011,THEORETICAL_PREMIUM_DERECOGNITION_LIC,0
NI03PEGNRST2012,THEORETICAL_PREMIUM_DERECOGNITION_LIC,0
NI03PEGNRST2013,THEORETICAL_PREMIUM_DERECOGNITION_LIC,0
NI03PEGNRST2014,THEORETICAL_PREMIUM_DERECOGNITION_LIC,0
NI03PEGNRST2015,THEORETICAL_PREMIUM_DERECOGNITION_LIC,0
NI03PEGNRST2016,THEORETICAL_PREMIUM_DERECOGNITION_LIC,0
NI03PEGNRST2017,THEORETICAL_PREMIUM_DERECOGNITION_LIC,0
NI03PEGNRST2018,THEORETICAL_PREMIUM_DERECOGNITION_LIC,0
NI03PEGNRST2019,THEORETICAL_PREMIUM_DERECOGNITION_LIC,0
NI03PEGNRST2020,THEORETICAL_PREMIUM_DERECOGNITION_LIC,0
NI03PEGNRST2021,THEORETICAL_PREMIUM_DERECOGNITION_LIC,0
NI03PEGNRST2022,THEORETICAL_PREMIUM_DERECOGNITION_LIC,0
NI03PEGNRST2023,THEORETICAL_PREMIUM_DERECOGNITION_LIC,0
NI03PFICIST2011,ACTUAL_PREMIUM_CF_PAST_SERVICE,0
NI03PFICIST2011,ACTUAL_PREMIUM_CF_FUTURE_SERVICE,0
NI03PFICIST2011,ACTUAL_ACQUISITION_CF_PAST_SERVICE,0
NI03PFICIST2011,ACTUAL_ACQUISITION_CF_FUTURE_SERVICE,0
NI03PFICIST2011,ACTUAL_INV_COMP_PAYABLE,0
NI03PFICIST2011,ACTUAL_CHANGE_FV_FINANCIAL_UNDERLYING_ITEMS,0
NI03PFICIST2011,ACTUAL_CHANGE_FV_TECHNICAL_UNDERLYING_ITEMS,0
NI03PFICIST2011,FIN_RISK_MITIGATION,0
NI03PFICIST2011,RE_RISK_MITIGATION,0
NI03PFICIST2011,ACTUAL_COVERAGE_UNIT,0
NI03PFICIST2011,THEORETICAL_PREMIUM_DERECOGNITION_LRC,0
NI03PFICIST2011,THEORETICAL_PREMIUM_RECOGNITION,0
NI03PFICIST2011,ACTUAL_ACQUISITION_CF_BF_INIT_RECOG,0
NI03PFICIST2011,ACTUAL_COMMISSION_CF_PAST_SERVICE,0
NI03PFICIST2011,ACTUAL_COMMISSION_CF_FUTURE_SERVICE,0
NI03PFICIST2012,ACTUAL_PREMIUM_CF_PAST_SERVICE,0
NI03PFICIST2012,ACTUAL_PREMIUM_CF_FUTURE_SERVICE,0
NI03PFICIST2012,ACTUAL_ACQUISITION_CF_PAST_SERVICE,0
NI03PFICIST2012,ACTUAL_ACQUISITION_CF_FUTURE_SERVICE,0
NI03PFICIST2012,ACTUAL_INV_COMP_PAYABLE,0
NI03PFICIST2012,ACTUAL_CHANGE_FV_FINANCIAL_UNDERLYING_ITEMS,0
NI03PFICIST2012,ACTUAL_CHANGE_FV_TECHNICAL_UNDERLYING_ITEMS,0
NI03PFICIST2012,FIN_RISK_MITIGATION,0
NI03PFICIST2012,RE_RISK_MITIGATION,0
NI03PFICIST2012,ACTUAL_COVERAGE_UNIT,0
NI03PFICIST2012,THEORETICAL_PREMIUM_DERECOGNITION_LRC,0
NI03PFICIST2012,THEORETICAL_PREMIUM_RECOGNITION,0
NI03PFICIST2012,ACTUAL_ACQUISITION_CF_BF_INIT_RECOG,0
NI03PFICIST2012,ACTUAL_COMMISSION_CF_PAST_SERVICE,0
NI03PFICIST2012,ACTUAL_COMMISSION_CF_FUTURE_SERVICE,0
NI03PFICIST2013,ACTUAL_PREMIUM_CF_PAST_SERVICE,0
NI03PFICIST2013,ACTUAL_PREMIUM_CF_FUTURE_SERVICE,0
NI03PFICIST2013,ACTUAL_ACQUISITION_CF_PAST_SERVICE,0
NI03PFICIST2013,ACTUAL_ACQUISITION_CF_FUTURE_SERVICE,0
NI03PFICIST2013,ACTUAL_INV_COMP_PAYABLE,0
NI03PFICIST2013,ACTUAL_CHANGE_FV_FINANCIAL_UNDERLYING_ITEMS,0
NI03PFICIST2013,ACTUAL_CHANGE_FV_TECHNICAL_UNDERLYING_ITEMS,0
NI03PFICIST2013,FIN_RISK_MITIGATION,0
NI03PFICIST2013,RE_RISK_MITIGATION,0
NI03PFICIST2013,ACTUAL_COVERAGE_UNIT,0
NI03PFICIST2013,THEORETICAL_PREMIUM_DERECOGNITION_LRC,0
NI03PFICIST2013,THEORETICAL_PREMIUM_RECOGNITION,0
NI03PFICIST2013,ACTUAL_ACQUISITION_CF_BF_INIT_RECOG,0
NI03PFICIST2013,ACTUAL_COMMISSION_CF_PAST_SERVICE,0
NI03PFICIST2013,ACTUAL_COMMISSION_CF_FUTURE_SERVICE,0
NI03PFICIST2014,ACTUAL_PREMIUM_CF_PAST_SERVICE,0
NI03PFICIST2014,ACTUAL_PREMIUM_CF_FUTURE_SERVICE,0
NI03PFICIST2014,ACTUAL_ACQUISITION_CF_PAST_SERVICE,0
NI03PFICIST2014,ACTUAL_ACQUISITION_CF_FUTURE_SERVICE,0
NI03PFICIST2014,ACTUAL_INV_COMP_PAYABLE,0
NI03PFICIST2014,ACTUAL_CHANGE_FV_FINANCIAL_UNDERLYING_ITEMS,0
NI03PFICIST2014,ACTUAL_CHANGE_FV_TECHNICAL_UNDERLYING_ITEMS,0
NI03PFICIST2014,FIN_RISK_MITIGATION,0
NI03PFICIST2014,RE_RISK_MITIGATION,0
NI03PFICIST2014,ACTUAL_COVERAGE_UNIT,0
NI03PFICIST2014,THEORETICAL_PREMIUM_DERECOGNITION_LRC,0
NI03PFICIST2014,THEORETICAL_PREMIUM_RECOGNITION,0
NI03PFICIST2014,ACTUAL_ACQUISITION_CF_BF_INIT_RECOG,0
NI03PFICIST2014,ACTUAL_COMMISSION_CF_PAST_SERVICE,0
NI03PFICIST2014,ACTUAL_COMMISSION_CF_FUTURE_SERVICE,0
NI03PFICIST2015,ACTUAL_PREMIUM_CF_PAST_SERVICE,0
NI03PFICIST2015,ACTUAL_PREMIUM_CF_FUTURE_SERVICE,0
NI03PFICIST2015,ACTUAL_ACQUISITION_CF_PAST_SERVICE,0
NI03PFICIST2015,ACTUAL_ACQUISITION_CF_FUTURE_SERVICE,0
NI03PFICIST2015,ACTUAL_INV_COMP_PAYABLE,0
NI03PFICIST2015,ACTUAL_CHANGE_FV_FINANCIAL_UNDERLYING_ITEMS,0
NI03PFICIST2015,ACTUAL_CHANGE_FV_TECHNICAL_UNDERLYING_ITEMS,0
NI03PFICIST2015,FIN_RISK_MITIGATION,0
NI03PFICIST2015,RE_RISK_MITIGATION,0
NI03PFICIST2015,ACTUAL_COVERAGE_UNIT,0
NI03PFICIST2015,THEORETICAL_PREMIUM_DERECOGNITION_LRC,0
NI03PFICIST2015,THEORETICAL_PREMIUM_RECOGNITION,0
NI03PFICIST2015,ACTUAL_ACQUISITION_CF_BF_INIT_RECOG,0
NI03PFICIST2015,ACTUAL_COMMISSION_CF_PAST_SERVICE,0
NI03PFICIST2015,ACTUAL_COMMISSION_CF_FUTURE_SERVICE,0
NI03PFICIST2016,ACTUAL_PREMIUM_CF_PAST_SERVICE,0
NI03PFICIST2016,ACTUAL_PREMIUM_CF_FUTURE_SERVICE,0
NI03PFICIST2016,ACTUAL_ACQUISITION_CF_PAST_SERVICE,0
NI03PFICIST2016,ACTUAL_ACQUISITION_CF_FUTURE_SERVICE,0
NI03PFICIST2016,ACTUAL_INV_COMP_PAYABLE,0
NI03PFICIST2016,ACTUAL_CHANGE_FV_FINANCIAL_UNDERLYING_ITEMS,0
NI03PFICIST2016,ACTUAL_CHANGE_FV_TECHNICAL_UNDERLYING_ITEMS,0
NI03PFICIST2016,FIN_RISK_MITIGATION,0
NI03PFICIST2016,RE_RISK_MITIGATION,0
NI03PFICIST2016,ACTUAL_COVERAGE_UNIT,0
NI03PFICIST2016,THEORETICAL_PREMIUM_DERECOGNITION_LRC,0
NI03PFICIST2016,THEORETICAL_PREMIUM_RECOGNITION,0
NI03PFICIST2016,ACTUAL_ACQUISITION_CF_BF_INIT_RECOG,0
NI03PFICIST2016,ACTUAL_COMMISSION_CF_PAST_SERVICE,0
NI03PFICIST2016,ACTUAL_COMMISSION_CF_FUTURE_SERVICE,0
NI03PFICIST2017,ACTUAL_PREMIUM_CF_PAST_SERVICE,0
NI03PFICIST2017,ACTUAL_PREMIUM_CF_FUTURE_SERVICE,0
NI03PFICIST2017,ACTUAL_ACQUISITION_CF_PAST_SERVICE,0
NI03PFICIST2017,ACTUAL_ACQUISITION_CF_FUTURE_SERVICE,0
NI03PFICIST2017,ACTUAL_INV_COMP_PAYABLE,0
NI03PFICIST2017,ACTUAL_CHANGE_FV_FINANCIAL_UNDERLYING_ITEMS,0
NI03PFICIST2017,ACTUAL_CHANGE_FV_TECHNICAL_UNDERLYING_ITEMS,0
NI03PFICIST2017,FIN_RISK_MITIGATION,0
NI03PFICIST2017,RE_RISK_MITIGATION,0
NI03PFICIST2017,ACTUAL_COVERAGE_UNIT,0
NI03PFICIST2017,THEORETICAL_PREMIUM_DERECOGNITION_LRC,0
NI03PFICIST2017,THEORETICAL_PREMIUM_RECOGNITION,0
NI03PFICIST2017,ACTUAL_ACQUISITION_CF_BF_INIT_RECOG,0
NI03PFICIST2017,ACTUAL_COMMISSION_CF_PAST_SERVICE,0
NI03PFICIST2017,ACTUAL_COMMISSION_CF_FUTURE_SERVICE,0
NI03PFICIST2018,ACTUAL_PREMIUM_CF_PAST_SERVICE,0
NI03PFICIST2018,ACTUAL_PREMIUM_CF_FUTURE_SERVICE,0
NI03PFICIST2018,ACTUAL_ACQUISITION_CF_PAST_SERVICE,0
NI03PFICIST2018,ACTUAL_ACQUISITION_CF_FUTURE_SERVICE,0
NI03PFICIST2018,ACTUAL_INV_COMP_PAYABLE,0
NI03PFICIST2018,ACTUAL_CHANGE_FV_FINANCIAL_UNDERLYING_ITEMS,0
NI03PFICIST2018,ACTUAL_CHANGE_FV_TECHNICAL_UNDERLYING_ITEMS,0
NI03PFICIST2018,FIN_RISK_MITIGATION,0
NI03PFICIST2018,RE_RISK_MITIGATION,0
NI03PFICIST2018,ACTUAL_COVERAGE_UNIT,0
NI03PFICIST2018,THEORETICAL_PREMIUM_DERECOGNITION_LRC,0
NI03PFICIST2018,THEORETICAL_PREMIUM_RECOGNITION,0
NI03PFICIST2018,ACTUAL_ACQUISITION_CF_BF_INIT_RECOG,0
NI03PFICIST2018,ACTUAL_COMMISSION_CF_PAST_SERVICE,0
NI03PFICIST2018,ACTUAL_COMMISSION_CF_FUTURE_SERVICE,0
NI03PFICIST2019,ACTUAL_PREMIUM_CF_PAST_SERVICE,0
NI03PFICIST2019,ACTUAL_PREMIUM_CF_FUTURE_SERVICE,0
NI03PFICIST2019,ACTUAL_ACQUISITION_CF_PAST_SERVICE,0
NI03PFICIST2019,ACTUAL_ACQUISITION_CF_FUTURE_SERVICE,0
NI03PFICIST2019,ACTUAL_INV_COMP_PAYABLE,0
NI03PFICIST2019,ACTUAL_CHANGE_FV_FINANCIAL_UNDERLYING_ITEMS,0
NI03PFICIST2019,ACTUAL_CHANGE_FV_TECHNICAL_UNDERLYING_ITEMS,0
NI03PFICIST2019,FIN_RISK_MITIGATION,0
NI03PFICIST2019,RE_RISK_MITIGATION,0
NI03PFICIST2019,ACTUAL_COVERAGE_UNIT,0
NI03PFICIST2019,THEORETICAL_PREMIUM_DERECOGNITION_LRC,0
NI03PFICIST2019,THEORETICAL_PREMIUM_RECOGNITION,0
NI03PFICIST2019,ACTUAL_ACQUISITION_CF_BF_INIT_RECOG,0
NI03PFICIST2019,ACTUAL_COMMISSION_CF_PAST_SERVICE,0
NI03PFICIST2019,ACTUAL_COMMISSION_CF_FUTURE_SERVICE,0
NI03PFICIST2020,ACTUAL_PREMIUM_CF_PAST_SERVICE,0
NI03PFICIST2020,ACTUAL_PREMIUM_CF_FUTURE_SERVICE,0
NI03PFICIST2020,ACTUAL_ACQUISITION_CF_PAST_SERVICE,0
NI03PFICIST2020,ACTUAL_ACQUISITION_CF_FUTURE_SERVICE,0
NI03PFICIST2020,ACTUAL_INV_COMP_PAYABLE,0
NI03PFICIST2020,ACTUAL_CHANGE_FV_FINANCIAL_UNDERLYING_ITEMS,0
NI03PFICIST2020,ACTUAL_CHANGE_FV_TECHNICAL_UNDERLYING_ITEMS,0
NI03PFICIST2020,FIN_RISK_MITIGATION,0
NI03PFICIST2020,RE_RISK_MITIGATION,0
NI03PFICIST2020,ACTUAL_COVERAGE_UNIT,0
NI03PFICIST2020,THEORETICAL_PREMIUM_DERECOGNITION_LRC,0
NI03PFICIST2020,THEORETICAL_PREMIUM_RECOGNITION,0
NI03PFICIST2020,ACTUAL_ACQUISITION_CF_BF_INIT_RECOG,0
NI03PFICIST2020,ACTUAL_COMMISSION_CF_PAST_SERVICE,0
NI03PFICIST2020,ACTUAL_COMMISSION_CF_FUTURE_SERVICE,0
NI03PFICIST2021,ACTUAL_PREMIUM_CF_PAST_SERVICE,0
NI03PFICIST2021,ACTUAL_PREMIUM_CF_FUTURE_SERVICE,0
NI03PFICIST2021,ACTUAL_ACQUISITION_CF_PAST_SERVICE,0
NI03PFICIST2021,ACTUAL_ACQUISITION_CF_FUTURE_SERVICE,0
NI03PFICIST2021,ACTUAL_INV_COMP_PAYABLE,0
NI03PFICIST2021,ACTUAL_CHANGE_FV_FINANCIAL_UNDERLYING_ITEMS,0
NI03PFICIST2021,ACTUAL_CHANGE_FV_TECHNICAL_UNDERLYING_ITEMS,0
NI03PFICIST2021,FIN_RISK_MITIGATION,0
NI03PFICIST2021,RE_RISK_MITIGATION,0
NI03PFICIST2021,ACTUAL_COVERAGE_UNIT,0
NI03PFICIST2021,THEORETICAL_PREMIUM_DERECOGNITION_LRC,0
NI03PFICIST2021,THEORETICAL_PREMIUM_RECOGNITION,0
NI03PFICIST2021,ACTUAL_ACQUISITION_CF_BF_INIT_RECOG,0
NI03PFICIST2021,ACTUAL_COMMISSION_CF_PAST_SERVICE,0
NI03PFICIST2021,ACTUAL_COMMISSION_CF_FUTURE_SERVICE,0
NI03PFICIST2022,ACTUAL_PREMIUM_CF_PAST_SERVICE,0
NI03PFICIST2022,ACTUAL_PREMIUM_CF_FUTURE_SERVICE,0
NI03PFICIST2022,ACTUAL_ACQUISITION_CF_PAST_SERVICE,0
NI03PFICIST2022,ACTUAL_ACQUISITION_CF_FUTURE_SERVICE,0
NI03PFICIST2022,ACTUAL_INV_COMP_PAYABLE,0
NI03PFICIST2022,ACTUAL_CHANGE_FV_FINANCIAL_UNDERLYING_ITEMS,0
NI03PFICIST2022,ACTUAL_CHANGE_FV_TECHNICAL_UNDERLYING_ITEMS,0
NI03PFICIST2022,FIN_RISK_MITIGATION,0
NI03PFICIST2022,RE_RISK_MITIGATION,0
NI03PFICIST2022,ACTUAL_COVERAGE_UNIT,0
NI03PFICIST2022,THEORETICAL_PREMIUM_DERECOGNITION_LRC,0
NI03PFICIST2022,THEORETICAL_PREMIUM_RECOGNITION,0
NI03PFICIST2022,ACTUAL_ACQUISITION_CF_BF_INIT_RECOG,0
NI03PFICIST2022,ACTUAL_COMMISSION_CF_PAST_SERVICE,0
NI03PFICIST2022,ACTUAL_COMMISSION_CF_FUTURE_SERVICE,0
NI03PFICIST2023,ACTUAL_PREMIUM_CF_PAST_SERVICE,0
NI03PFICIST2023,ACTUAL_PREMIUM_CF_FUTURE_SERVICE,0
NI03PFICIST2023,ACTUAL_ACQUISITION_CF_PAST_SERVICE,0
NI03PFICIST2023,ACTUAL_ACQUISITION_CF_FUTURE_SERVICE,0
NI03PFICIST2023,ACTUAL_INV_COMP_PAYABLE,0
NI03PFICIST2023,ACTUAL_CHANGE_FV_FINANCIAL_UNDERLYING_ITEMS,0
NI03PFICIST2023,ACTUAL_CHANGE_FV_TECHNICAL_UNDERLYING_ITEMS,0
NI03PFICIST2023,FIN_RISK_MITIGATION,0
NI03PFICIST2023,RE_RISK_MITIGATION,0
NI03PFICIST2023,ACTUAL_COVERAGE_UNIT,0
NI03PFICIST2023,THEORETICAL_PREMIUM_DERECOGNITION_LRC,0
NI03PFICIST2023,THEORETICAL_PREMIUM_RECOGNITION,0
NI03PFICIST2023,ACTUAL_ACQUISITION_CF_BF_INIT_RECOG,0
NI03PFICIST2023,ACTUAL_COMMISSION_CF_PAST_SERVICE,0
NI03PFICIST2023,ACTUAL_COMMISSION_CF_FUTURE_SERVICE,0
NI03PFICIST2011,THEORETICAL_PREMIUM_DERECOGNITION_LIC,0
NI03PFICIST2012,THEORETICAL_PREMIUM_DERECOGNITION_LIC,0
NI03PFICIST2013,THEORETICAL_PREMIUM_DERECOGNITION_LIC,0
NI03PFICIST2014,THEORETICAL_PREMIUM_DERECOGNITION_LIC,0
NI03PFICIST2015,THEORETICAL_PREMIUM_DERECOGNITION_LIC,0
NI03PFICIST2016,THEORETICAL_PREMIUM_DERECOGNITION_LIC,0
NI03PFICIST2017,THEORETICAL_PREMIUM_DERECOGNITION_LIC,0
NI03PFICIST2018,THEORETICAL_PREMIUM_DERECOGNITION_LIC,0
NI03PFICIST2019,THEORETICAL_PREMIUM_DERECOGNITION_LIC,0
NI03PFICIST2020,THEORETICAL_PREMIUM_DERECOGNITION_LIC,0
NI03PFICIST2021,THEORETICAL_PREMIUM_DERECOGNITION_LIC,0
NI03PFICIST2022,THEORETICAL_PREMIUM_DERECOGNITION_LIC,0
NI03PFICIST2023,THEORETICAL_PREMIUM_DERECOGNITION_LIC,0
NI03PFIPIST2011,ACTUAL_PREMIUM_CF_PAST_SERVICE,0
NI03PFIPIST2011,ACTUAL_PREMIUM_CF_FUTURE_SERVICE,0
NI03PFIPIST2011,ACTUAL_ACQUISITION_CF_PAST_SERVICE,0
NI03PFIPIST2011,ACTUAL_ACQUISITION_CF_FUTURE_SERVICE,0
NI03PFIPIST2011,ACTUAL_INV_COMP_PAYABLE,0
NI03PFIPIST2011,ACTUAL_CHANGE_FV_FINANCIAL_UNDERLYING_ITEMS,0
NI03PFIPIST2011,ACTUAL_CHANGE_FV_TECHNICAL_UNDERLYING_ITEMS,0
NI03PFIPIST2011,FIN_RISK_MITIGATION,0
NI03PFIPIST2011,RE_RISK_MITIGATION,0
NI03PFIPIST2011,ACTUAL_COVERAGE_UNIT,0
NI03PFIPIST2011,THEORETICAL_PREMIUM_DERECOGNITION_LRC,0
NI03PFIPIST2011,THEORETICAL_PREMIUM_RECOGNITION,0
NI03PFIPIST2011,ACTUAL_ACQUISITION_CF_BF_INIT_RECOG,0
NI03PFIPIST2011,ACTUAL_COMMISSION_CF_PAST_SERVICE,0
NI03PFIPIST2011,ACTUAL_COMMISSION_CF_FUTURE_SERVICE,0
NI03PFIPIST2012,ACTUAL_PREMIUM_CF_PAST_SERVICE,0
NI03PFIPIST2012,ACTUAL_PREMIUM_CF_FUTURE_SERVICE,0
NI03PFIPIST2012,ACTUAL_ACQUISITION_CF_PAST_SERVICE,0
NI03PFIPIST2012,ACTUAL_ACQUISITION_CF_FUTURE_SERVICE,0
NI03PFIPIST2012,ACTUAL_INV_COMP_PAYABLE,0
NI03PFIPIST2012,ACTUAL_CHANGE_FV_FINANCIAL_UNDERLYING_ITEMS,0
NI03PFIPIST2012,ACTUAL_CHANGE_FV_TECHNICAL_UNDERLYING_ITEMS,0
NI03PFIPIST2012,FIN_RISK_MITIGATION,0
NI03PFIPIST2012,RE_RISK_MITIGATION,0
NI03PFIPIST2012,ACTUAL_COVERAGE_UNIT,0
NI03PFIPIST2012,THEORETICAL_PREMIUM_DERECOGNITION_LRC,0
NI03PFIPIST2012,THEORETICAL_PREMIUM_RECOGNITION,0
NI03PFIPIST2012,ACTUAL_ACQUISITION_CF_BF_INIT_RECOG,0
NI03PFIPIST2012,ACTUAL_COMMISSION_CF_PAST_SERVICE,0
NI03PFIPIST2012,ACTUAL_COMMISSION_CF_FUTURE_SERVICE,0
NI03PFIPIST2013,ACTUAL_PREMIUM_CF_PAST_SERVICE,0
NI03PFIPIST2013,ACTUAL_PREMIUM_CF_FUTURE_SERVICE,0
NI03PFIPIST2013,ACTUAL_ACQUISITION_CF_PAST_SERVICE,0
NI03PFIPIST2013,ACTUAL_ACQUISITION_CF_FUTURE_SERVICE,0
NI03PFIPIST2013,ACTUAL_INV_COMP_PAYABLE,0
NI03PFIPIST2013,ACTUAL_CHANGE_FV_FINANCIAL_UNDERLYING_ITEMS,0
NI03PFIPIST2013,ACTUAL_CHANGE_FV_TECHNICAL_UNDERLYING_ITEMS,0
NI03PFIPIST2013,FIN_RISK_MITIGATION,0
NI03PFIPIST2013,RE_RISK_MITIGATION,0
NI03PFIPIST2013,ACTUAL_COVERAGE_UNIT,0
NI03PFIPIST2013,THEORETICAL_PREMIUM_DERECOGNITION_LRC,0
NI03PFIPIST2013,THEORETICAL_PREMIUM_RECOGNITION,0
NI03PFIPIST2013,ACTUAL_ACQUISITION_CF_BF_INIT_RECOG,0
NI03PFIPIST2013,ACTUAL_COMMISSION_CF_PAST_SERVICE,0
NI03PFIPIST2013,ACTUAL_COMMISSION_CF_FUTURE_SERVICE,0
NI03PFIPIST2014,ACTUAL_PREMIUM_CF_PAST_SERVICE,0
NI03PFIPIST2014,ACTUAL_PREMIUM_CF_FUTURE_SERVICE,0
NI03PFIPIST2014,ACTUAL_ACQUISITION_CF_PAST_SERVICE,0
NI03PFIPIST2014,ACTUAL_ACQUISITION_CF_FUTURE_SERVICE,0
NI03PFIPIST2014,ACTUAL_INV_COMP_PAYABLE,0
NI03PFIPIST2014,ACTUAL_CHANGE_FV_FINANCIAL_UNDERLYING_ITEMS,0
NI03PFIPIST2014,ACTUAL_CHANGE_FV_TECHNICAL_UNDERLYING_ITEMS,0
NI03PFIPIST2014,FIN_RISK_MITIGATION,0
NI03PFIPIST2014,RE_RISK_MITIGATION,0
NI03PFIPIST2014,ACTUAL_COVERAGE_UNIT,0
NI03PFIPIST2014,THEORETICAL_PREMIUM_DERECOGNITION_LRC,0
NI03PFIPIST2014,THEORETICAL_PREMIUM_RECOGNITION,0
NI03PFIPIST2014,ACTUAL_ACQUISITION_CF_BF_INIT_RECOG,0
NI03PFIPIST2014,ACTUAL_COMMISSION_CF_PAST_SERVICE,0
NI03PFIPIST2014,ACTUAL_COMMISSION_CF_FUTURE_SERVICE,0
NI03PFIPIST2015,ACTUAL_PREMIUM_CF_PAST_SERVICE,0
NI03PFIPIST2015,ACTUAL_PREMIUM_CF_FUTURE_SERVICE,0
NI03PFIPIST2015,ACTUAL_ACQUISITION_CF_PAST_SERVICE,0
NI03PFIPIST2015,ACTUAL_ACQUISITION_CF_FUTURE_SERVICE,0
NI03PFIPIST2015,ACTUAL_INV_COMP_PAYABLE,0
NI03PFIPIST2015,ACTUAL_CHANGE_FV_FINANCIAL_UNDERLYING_ITEMS,0
NI03PFIPIST2015,ACTUAL_CHANGE_FV_TECHNICAL_UNDERLYING_ITEMS,0
NI03PFIPIST2015,FIN_RISK_MITIGATION,0
NI03PFIPIST2015,RE_RISK_MITIGATION,0
NI03PFIPIST2015,ACTUAL_COVERAGE_UNIT,0
NI03PFIPIST2015,THEORETICAL_PREMIUM_DERECOGNITION_LRC,0
NI03PFIPIST2015,THEORETICAL_PREMIUM_RECOGNITION,0
NI03PFIPIST2015,ACTUAL_ACQUISITION_CF_BF_INIT_RECOG,0
NI03PFIPIST2015,ACTUAL_COMMISSION_CF_PAST_SERVICE,0
NI03PFIPIST2015,ACTUAL_COMMISSION_CF_FUTURE_SERVICE,0
NI03PFIPIST2016,ACTUAL_PREMIUM_CF_PAST_SERVICE,0
NI03PFIPIST2016,ACTUAL_PREMIUM_CF_FUTURE_SERVICE,0
NI03PFIPIST2016,ACTUAL_ACQUISITION_CF_PAST_SERVICE,0
NI03PFIPIST2016,ACTUAL_ACQUISITION_CF_FUTURE_SERVICE,0
NI03PFIPIST2016,ACTUAL_INV_COMP_PAYABLE,0
NI03PFIPIST2016,ACTUAL_CHANGE_FV_FINANCIAL_UNDERLYING_ITEMS,0
NI03PFIPIST2016,ACTUAL_CHANGE_FV_TECHNICAL_UNDERLYING_ITEMS,0
NI03PFIPIST2016,FIN_RISK_MITIGATION,0
NI03PFIPIST2016,RE_RISK_MITIGATION,0
NI03PFIPIST2016,ACTUAL_COVERAGE_UNIT,0
NI03PFIPIST2016,THEORETICAL_PREMIUM_DERECOGNITION_LRC,0
NI03PFIPIST2016,THEORETICAL_PREMIUM_RECOGNITION,0
NI03PFIPIST2016,ACTUAL_ACQUISITION_CF_BF_INIT_RECOG,0
NI03PFIPIST2016,ACTUAL_COMMISSION_CF_PAST_SERVICE,0
NI03PFIPIST2016,ACTUAL_COMMISSION_CF_FUTURE_SERVICE,0
NI03PFIPIST2017,ACTUAL_PREMIUM_CF_PAST_SERVICE,0
NI03PFIPIST2017,ACTUAL_PREMIUM_CF_FUTURE_SERVICE,0
NI03PFIPIST2017,ACTUAL_ACQUISITION_CF_PAST_SERVICE,0
NI03PFIPIST2017,ACTUAL_ACQUISITION_CF_FUTURE_SERVICE,0
NI03PFIPIST2017,ACTUAL_INV_COMP_PAYABLE,0
NI03PFIPIST2017,ACTUAL_CHANGE_FV_FINANCIAL_UNDERLYING_ITEMS,0
NI03PFIPIST2017,ACTUAL_CHANGE_FV_TECHNICAL_UNDERLYING_ITEMS,0
NI03PFIPIST2017,FIN_RISK_MITIGATION,0
NI03PFIPIST2017,RE_RISK_MITIGATION,0
NI03PFIPIST2017,ACTUAL_COVERAGE_UNIT,0
NI03PFIPIST2017,THEORETICAL_PREMIUM_DERECOGNITION_LRC,0
NI03PFIPIST2017,THEORETICAL_PREMIUM_RECOGNITION,0
NI03PFIPIST2017,ACTUAL_ACQUISITION_CF_BF_INIT_RECOG,0
NI03PFIPIST2017,ACTUAL_COMMISSION_CF_PAST_SERVICE,0
NI03PFIPIST2017,ACTUAL_COMMISSION_CF_FUTURE_SERVICE,0
NI03PFIPIST2018,ACTUAL_PREMIUM_CF_PAST_SERVICE,0
NI03PFIPIST2018,ACTUAL_PREMIUM_CF_FUTURE_SERVICE,0
NI03PFIPIST2018,ACTUAL_ACQUISITION_CF_PAST_SERVICE,0
NI03PFIPIST2018,ACTUAL_ACQUISITION_CF_FUTURE_SERVICE,0
NI03PFIPIST2018,ACTUAL_INV_COMP_PAYABLE,0
NI03PFIPIST2018,ACTUAL_CHANGE_FV_FINANCIAL_UNDERLYING_ITEMS,0
NI03PFIPIST2018,ACTUAL_CHANGE_FV_TECHNICAL_UNDERLYING_ITEMS,0
NI03PFIPIST2018,FIN_RISK_MITIGATION,0
NI03PFIPIST2018,RE_RISK_MITIGATION,0
NI03PFIPIST2018,ACTUAL_COVERAGE_UNIT,0
NI03PFIPIST2018,THEORETICAL_PREMIUM_DERECOGNITION_LRC,0
NI03PFIPIST2018,THEORETICAL_PREMIUM_RECOGNITION,0
NI03PFIPIST2018,ACTUAL_ACQUISITION_CF_BF_INIT_RECOG,0
NI03PFIPIST2018,ACTUAL_COMMISSION_CF_PAST_SERVICE,0
NI03PFIPIST2018,ACTUAL_COMMISSION_CF_FUTURE_SERVICE,0
NI03PFIPIST2019,ACTUAL_PREMIUM_CF_PAST_SERVICE,0
NI03PFIPIST2019,ACTUAL_PREMIUM_CF_FUTURE_SERVICE,0
NI03PFIPIST2019,ACTUAL_ACQUISITION_CF_PAST_SERVICE,0
NI03PFIPIST2019,ACTUAL_ACQUISITION_CF_FUTURE_SERVICE,0
NI03PFIPIST2019,ACTUAL_INV_COMP_PAYABLE,0
NI03PFIPIST2019,ACTUAL_CHANGE_FV_FINANCIAL_UNDERLYING_ITEMS,0
NI03PFIPIST2019,ACTUAL_CHANGE_FV_TECHNICAL_UNDERLYING_ITEMS,0
NI03PFIPIST2019,FIN_RISK_MITIGATION,0
NI03PFIPIST2019,RE_RISK_MITIGATION,0
NI03PFIPIST2019,ACTUAL_COVERAGE_UNIT,0
NI03PFIPIST2019,THEORETICAL_PREMIUM_DERECOGNITION_LRC,0
NI03PFIPIST2019,THEORETICAL_PREMIUM_RECOGNITION,0
NI03PFIPIST2019,ACTUAL_ACQUISITION_CF_BF_INIT_RECOG,0
NI03PFIPIST2019,ACTUAL_COMMISSION_CF_PAST_SERVICE,0
NI03PFIPIST2019,ACTUAL_COMMISSION_CF_FUTURE_SERVICE,0
NI03PFIPIST2020,ACTUAL_PREMIUM_CF_PAST_SERVICE,0
NI03PFIPIST2020,ACTUAL_PREMIUM_CF_FUTURE_SERVICE,0
NI03PFIPIST2020,ACTUAL_ACQUISITION_CF_PAST_SERVICE,0
NI03PFIPIST2020,ACTUAL_ACQUISITION_CF_FUTURE_SERVICE,0
NI03PFIPIST2020,ACTUAL_INV_COMP_PAYABLE,0
NI03PFIPIST2020,ACTUAL_CHANGE_FV_FINANCIAL_UNDERLYING_ITEMS,0
NI03PFIPIST2020,ACTUAL_CHANGE_FV_TECHNICAL_UNDERLYING_ITEMS,0
NI03PFIPIST2020,FIN_RISK_MITIGATION,0
NI03PFIPIST2020,RE_RISK_MITIGATION,0
NI03PFIPIST2020,ACTUAL_COVERAGE_UNIT,0
NI03PFIPIST2020,THEORETICAL_PREMIUM_DERECOGNITION_LRC,0
NI03PFIPIST2020,THEORETICAL_PREMIUM_RECOGNITION,0
NI03PFIPIST2020,ACTUAL_ACQUISITION_CF_BF_INIT_RECOG,0
NI03PFIPIST2020,ACTUAL_COMMISSION_CF_PAST_SERVICE,0
NI03PFIPIST2020,ACTUAL_COMMISSION_CF_FUTURE_SERVICE,0
NI03PFIPIST2021,ACTUAL_PREMIUM_CF_PAST_SERVICE,0
NI03PFIPIST2021,ACTUAL_PREMIUM_CF_FUTURE_SERVICE,0
NI03PFIPIST2021,ACTUAL_ACQUISITION_CF_PAST_SERVICE,0
NI03PFIPIST2021,ACTUAL_ACQUISITION_CF_FUTURE_SERVICE,0
NI03PFIPIST2021,ACTUAL_INV_COMP_PAYABLE,0
NI03PFIPIST2021,ACTUAL_CHANGE_FV_FINANCIAL_UNDERLYING_ITEMS,0
NI03PFIPIST2021,ACTUAL_CHANGE_FV_TECHNICAL_UNDERLYING_ITEMS,0
NI03PFIPIST2021,FIN_RISK_MITIGATION,0
NI03PFIPIST2021,RE_RISK_MITIGATION,0
NI03PFIPIST2021,ACTUAL_COVERAGE_UNIT,0
NI03PFIPIST2021,THEORETICAL_PREMIUM_DERECOGNITION_LRC,0
NI03PFIPIST2021,THEORETICAL_PREMIUM_RECOGNITION,0
NI03PFIPIST2021,ACTUAL_ACQUISITION_CF_BF_INIT_RECOG,0
NI03PFIPIST2021,ACTUAL_COMMISSION_CF_PAST_SERVICE,0
NI03PFIPIST2021,ACTUAL_COMMISSION_CF_FUTURE_SERVICE,0
NI03PFIPIST2022,ACTUAL_PREMIUM_CF_PAST_SERVICE,0
NI03PFIPIST2022,ACTUAL_PREMIUM_CF_FUTURE_SERVICE,0
NI03PFIPIST2022,ACTUAL_ACQUISITION_CF_PAST_SERVICE,0
NI03PFIPIST2022,ACTUAL_ACQUISITION_CF_FUTURE_SERVICE,0
NI03PFIPIST2022,ACTUAL_INV_COMP_PAYABLE,0
NI03PFIPIST2022,ACTUAL_CHANGE_FV_FINANCIAL_UNDERLYING_ITEMS,0
NI03PFIPIST2022,ACTUAL_CHANGE_FV_TECHNICAL_UNDERLYING_ITEMS,0
NI03PFIPIST2022,FIN_RISK_MITIGATION,0
NI03PFIPIST2022,RE_RISK_MITIGATION,0
NI03PFIPIST2022,ACTUAL_COVERAGE_UNIT,0
NI03PFIPIST2022,THEORETICAL_PREMIUM_DERECOGNITION_LRC,0
NI03PFIPIST2022,THEORETICAL_PREMIUM_RECOGNITION,0
NI03PFIPIST2022,ACTUAL_ACQUISITION_CF_BF_INIT_RECOG,0
NI03PFIPIST2022,ACTUAL_COMMISSION_CF_PAST_SERVICE,0
NI03PFIPIST2022,ACTUAL_COMMISSION_CF_FUTURE_SERVICE,0
NI03PFIPIST2023,ACTUAL_PREMIUM_CF_PAST_SERVICE,0
NI03PFIPIST2023,ACTUAL_PREMIUM_CF_FUTURE_SERVICE,0
NI03PFIPIST2023,ACTUAL_ACQUISITION_CF_PAST_SERVICE,0
NI03PFIPIST2023,ACTUAL_ACQUISITION_CF_FUTURE_SERVICE,0
NI03PFIPIST2023,ACTUAL_INV_COMP_PAYABLE,0
NI03PFIPIST2023,ACTUAL_CHANGE_FV_FINANCIAL_UNDERLYING_ITEMS,0
NI03PFIPIST2023,ACTUAL_CHANGE_FV_TECHNICAL_UNDERLYING_ITEMS,0
NI03PFIPIST2023,FIN_RISK_MITIGATION,0
NI03PFIPIST2023,RE_RISK_MITIGATION,0
NI03PFIPIST2023,ACTUAL_COVERAGE_UNIT,0
NI03PFIPIST2023,THEORETICAL_PREMIUM_DERECOGNITION_LRC,0
NI03PFIPIST2023,THEORETICAL_PREMIUM_RECOGNITION,0
NI03PFIPIST2023,ACTUAL_ACQUISITION_CF_BF_INIT_RECOG,0
NI03PFIPIST2023,ACTUAL_COMMISSION_CF_PAST_SERVICE,0
NI03PFIPIST2023,ACTUAL_COMMISSION_CF_FUTURE_SERVICE,0
NI03PFIPIST2011,THEORETICAL_PREMIUM_DERECOGNITION_LIC,0
NI03PFIPIST2012,THEORETICAL_PREMIUM_DERECOGNITION_LIC,0
NI03PFIPIST2013,THEORETICAL_PREMIUM_DERECOGNITION_LIC,0
NI03PFIPIST2014,THEORETICAL_PREMIUM_DERECOGNITION_LIC,0
NI03PFIPIST2015,THEORETICAL_PREMIUM_DERECOGNITION_LIC,0
NI03PFIPIST2016,THEORETICAL_PREMIUM_DERECOGNITION_LIC,0
NI03PFIPIST2017,THEORETICAL_PREMIUM_DERECOGNITION_LIC,0
NI03PFIPIST2018,THEORETICAL_PREMIUM_DERECOGNITION_LIC,0
NI03PFIPIST2019,THEORETICAL_PREMIUM_DERECOGNITION_LIC,0
NI03PFIPIST2020,THEORETICAL_PREMIUM_DERECOGNITION_LIC,0
NI03PFIPIST2021,THEORETICAL_PREMIUM_DERECOGNITION_LIC,0
NI03PFIPIST2022,THEORETICAL_PREMIUM_DERECOGNITION_LIC,0
NI03PFIPIST2023,THEORETICAL_PREMIUM_DERECOGNITION_LIC,0
NI03PGACIPF2011,ACTUAL_PREMIUM_CF_PAST_SERVICE,0
NI03PGACIPF2011,ACTUAL_PREMIUM_CF_FUTURE_SERVICE,0
NI03PGACIPF2011,ACTUAL_ACQUISITION_CF_PAST_SERVICE,0
NI03PGACIPF2011,ACTUAL_ACQUISITION_CF_FUTURE_SERVICE,0
NI03PGACIPF2011,ACTUAL_INV_COMP_PAYABLE,0
NI03PGACIPF2011,ACTUAL_CHANGE_FV_FINANCIAL_UNDERLYING_ITEMS,0
NI03PGACIPF2011,ACTUAL_CHANGE_FV_TECHNICAL_UNDERLYING_ITEMS,0
NI03PGACIPF2011,FIN_RISK_MITIGATION,0
NI03PGACIPF2011,RE_RISK_MITIGATION,0
NI03PGACIPF2011,ACTUAL_COVERAGE_UNIT,0
NI03PGACIPF2011,THEORETICAL_PREMIUM_DERECOGNITION_LRC,0
NI03PGACIPF2011,THEORETICAL_PREMIUM_RECOGNITION,0
NI03PGACIPF2011,ACTUAL_ACQUISITION_CF_BF_INIT_RECOG,0
NI03PGACIPF2011,ACTUAL_COMMISSION_CF_PAST_SERVICE,0
NI03PGACIPF2011,ACTUAL_COMMISSION_CF_FUTURE_SERVICE,0
NI03PGACIPF2012,ACTUAL_PREMIUM_CF_PAST_SERVICE,0
NI03PGACIPF2012,ACTUAL_PREMIUM_CF_FUTURE_SERVICE,0
NI03PGACIPF2012,ACTUAL_ACQUISITION_CF_PAST_SERVICE,0
NI03PGACIPF2012,ACTUAL_ACQUISITION_CF_FUTURE_SERVICE,0
NI03PGACIPF2012,ACTUAL_INV_COMP_PAYABLE,0
NI03PGACIPF2012,ACTUAL_CHANGE_FV_FINANCIAL_UNDERLYING_ITEMS,0
NI03PGACIPF2012,ACTUAL_CHANGE_FV_TECHNICAL_UNDERLYING_ITEMS,0
NI03PGACIPF2012,FIN_RISK_MITIGATION,0
NI03PGACIPF2012,RE_RISK_MITIGATION,0
NI03PGACIPF2012,ACTUAL_COVERAGE_UNIT,0
NI03PGACIPF2012,THEORETICAL_PREMIUM_DERECOGNITION_LRC,0
NI03PGACIPF2012,THEORETICAL_PREMIUM_RECOGNITION,0
NI03PGACIPF2012,ACTUAL_ACQUISITION_CF_BF_INIT_RECOG,0
NI03PGACIPF2012,ACTUAL_COMMISSION_CF_PAST_SERVICE,0
NI03PGACIPF2012,ACTUAL_COMMISSION_CF_FUTURE_SERVICE,0
NI03PGACIPF2013,ACTUAL_PREMIUM_CF_PAST_SERVICE,0
NI03PGACIPF2013,ACTUAL_PREMIUM_CF_FUTURE_SERVICE,0
NI03PGACIPF2013,ACTUAL_ACQUISITION_CF_PAST_SERVICE,0
NI03PGACIPF2013,ACTUAL_ACQUISITION_CF_FUTURE_SERVICE,0
NI03PGACIPF2013,ACTUAL_INV_COMP_PAYABLE,0
NI03PGACIPF2013,ACTUAL_CHANGE_FV_FINANCIAL_UNDERLYING_ITEMS,0
NI03PGACIPF2013,ACTUAL_CHANGE_FV_TECHNICAL_UNDERLYING_ITEMS,0
NI03PGACIPF2013,FIN_RISK_MITIGATION,0
NI03PGACIPF2013,RE_RISK_MITIGATION,0
NI03PGACIPF2013,ACTUAL_COVERAGE_UNIT,0
NI03PGACIPF2013,THEORETICAL_PREMIUM_DERECOGNITION_LRC,0
NI03PGACIPF2013,THEORETICAL_PREMIUM_RECOGNITION,0
NI03PGACIPF2013,ACTUAL_ACQUISITION_CF_BF_INIT_RECOG,0
NI03PGACIPF2013,ACTUAL_COMMISSION_CF_PAST_SERVICE,0
NI03PGACIPF2013,ACTUAL_COMMISSION_CF_FUTURE_SERVICE,0
NI03PGACIPF2014,ACTUAL_PREMIUM_CF_PAST_SERVICE,0
NI03PGACIPF2014,ACTUAL_PREMIUM_CF_FUTURE_SERVICE,0
NI03PGACIPF2014,ACTUAL_ACQUISITION_CF_PAST_SERVICE,0
NI03PGACIPF2014,ACTUAL_ACQUISITION_CF_FUTURE_SERVICE,0
NI03PGACIPF2014,ACTUAL_INV_COMP_PAYABLE,0
NI03PGACIPF2014,ACTUAL_CHANGE_FV_FINANCIAL_UNDERLYING_ITEMS,0
NI03PGACIPF2014,ACTUAL_CHANGE_FV_TECHNICAL_UNDERLYING_ITEMS,0
NI03PGACIPF2014,FIN_RISK_MITIGATION,0
NI03PGACIPF2014,RE_RISK_MITIGATION,0
NI03PGACIPF2014,ACTUAL_COVERAGE_UNIT,0
NI03PGACIPF2014,THEORETICAL_PREMIUM_DERECOGNITION_LRC,0
NI03PGACIPF2014,THEORETICAL_PREMIUM_RECOGNITION,0
NI03PGACIPF2014,ACTUAL_ACQUISITION_CF_BF_INIT_RECOG,0
NI03PGACIPF2014,ACTUAL_COMMISSION_CF_PAST_SERVICE,0
NI03PGACIPF2014,ACTUAL_COMMISSION_CF_FUTURE_SERVICE,0
NI03PGACIPF2015,ACTUAL_PREMIUM_CF_PAST_SERVICE,0
NI03PGACIPF2015,ACTUAL_PREMIUM_CF_FUTURE_SERVICE,0
NI03PGACIPF2015,ACTUAL_ACQUISITION_CF_PAST_SERVICE,0
NI03PGACIPF2015,ACTUAL_ACQUISITION_CF_FUTURE_SERVICE,0
NI03PGACIPF2015,ACTUAL_INV_COMP_PAYABLE,0
NI03PGACIPF2015,ACTUAL_CHANGE_FV_FINANCIAL_UNDERLYING_ITEMS,0
NI03PGACIPF2015,ACTUAL_CHANGE_FV_TECHNICAL_UNDERLYING_ITEMS,0
NI03PGACIPF2015,FIN_RISK_MITIGATION,0
NI03PGACIPF2015,RE_RISK_MITIGATION,0
NI03PGACIPF2015,ACTUAL_COVERAGE_UNIT,0
NI03PGACIPF2015,THEORETICAL_PREMIUM_DERECOGNITION_LRC,0
NI03PGACIPF2015,THEORETICAL_PREMIUM_RECOGNITION,0
NI03PGACIPF2015,ACTUAL_ACQUISITION_CF_BF_INIT_RECOG,0
NI03PGACIPF2015,ACTUAL_COMMISSION_CF_PAST_SERVICE,0
NI03PGACIPF2015,ACTUAL_COMMISSION_CF_FUTURE_SERVICE,0
NI03PGACIPF2016,ACTUAL_PREMIUM_CF_PAST_SERVICE,0
NI03PGACIPF2016,ACTUAL_PREMIUM_CF_FUTURE_SERVICE,0
NI03PGACIPF2016,ACTUAL_ACQUISITION_CF_PAST_SERVICE,0
NI03PGACIPF2016,ACTUAL_ACQUISITION_CF_FUTURE_SERVICE,0
NI03PGACIPF2016,ACTUAL_INV_COMP_PAYABLE,0
NI03PGACIPF2016,ACTUAL_CHANGE_FV_FINANCIAL_UNDERLYING_ITEMS,0
NI03PGACIPF2016,ACTUAL_CHANGE_FV_TECHNICAL_UNDERLYING_ITEMS,0
NI03PGACIPF2016,FIN_RISK_MITIGATION,0
NI03PGACIPF2016,RE_RISK_MITIGATION,0
NI03PGACIPF2016,ACTUAL_COVERAGE_UNIT,0
NI03PGACIPF2016,THEORETICAL_PREMIUM_DERECOGNITION_LRC,0
NI03PGACIPF2016,THEORETICAL_PREMIUM_RECOGNITION,0
NI03PGACIPF2016,ACTUAL_ACQUISITION_CF_BF_INIT_RECOG,0
NI03PGACIPF2016,ACTUAL_COMMISSION_CF_PAST_SERVICE,0
NI03PGACIPF2016,ACTUAL_COMMISSION_CF_FUTURE_SERVICE,0
NI03PGACIPF2017,ACTUAL_PREMIUM_CF_PAST_SERVICE,0
NI03PGACIPF2017,ACTUAL_PREMIUM_CF_FUTURE_SERVICE,0
NI03PGACIPF2017,ACTUAL_ACQUISITION_CF_PAST_SERVICE,0
NI03PGACIPF2017,ACTUAL_ACQUISITION_CF_FUTURE_SERVICE,0
NI03PGACIPF2017,ACTUAL_INV_COMP_PAYABLE,0
NI03PGACIPF2017,ACTUAL_CHANGE_FV_FINANCIAL_UNDERLYING_ITEMS,0
NI03PGACIPF2017,ACTUAL_CHANGE_FV_TECHNICAL_UNDERLYING_ITEMS,0
NI03PGACIPF2017,FIN_RISK_MITIGATION,0
NI03PGACIPF2017,RE_RISK_MITIGATION,0
NI03PGACIPF2017,ACTUAL_COVERAGE_UNIT,0
NI03PGACIPF2017,THEORETICAL_PREMIUM_DERECOGNITION_LRC,0
NI03PGACIPF2017,THEORETICAL_PREMIUM_RECOGNITION,0
NI03PGACIPF2017,ACTUAL_ACQUISITION_CF_BF_INIT_RECOG,0
NI03PGACIPF2017,ACTUAL_COMMISSION_CF_PAST_SERVICE,0
NI03PGACIPF2017,ACTUAL_COMMISSION_CF_FUTURE_SERVICE,0
NI03PGACIPF2018,ACTUAL_PREMIUM_CF_PAST_SERVICE,0
NI03PGACIPF2018,ACTUAL_PREMIUM_CF_FUTURE_SERVICE,0
NI03PGACIPF2018,ACTUAL_ACQUISITION_CF_PAST_SERVICE,0
NI03PGACIPF2018,ACTUAL_ACQUISITION_CF_FUTURE_SERVICE,0
NI03PGACIPF2018,ACTUAL_INV_COMP_PAYABLE,0
NI03PGACIPF2018,ACTUAL_CHANGE_FV_FINANCIAL_UNDERLYING_ITEMS,0
NI03PGACIPF2018,ACTUAL_CHANGE_FV_TECHNICAL_UNDERLYING_ITEMS,0
NI03PGACIPF2018,FIN_RISK_MITIGATION,0
NI03PGACIPF2018,RE_RISK_MITIGATION,0
NI03PGACIPF2018,ACTUAL_COVERAGE_UNIT,0
NI03PGACIPF2018,THEORETICAL_PREMIUM_DERECOGNITION_LRC,0
NI03PGACIPF2018,THEORETICAL_PREMIUM_RECOGNITION,0
NI03PGACIPF2018,ACTUAL_ACQUISITION_CF_BF_INIT_RECOG,0
NI03PGACIPF2018,ACTUAL_COMMISSION_CF_PAST_SERVICE,0
NI03PGACIPF2018,ACTUAL_COMMISSION_CF_FUTURE_SERVICE,0
NI03PGACIPF2019,ACTUAL_PREMIUM_CF_PAST_SERVICE,0
NI03PGACIPF2019,ACTUAL_PREMIUM_CF_FUTURE_SERVICE,0
NI03PGACIPF2019,ACTUAL_ACQUISITION_CF_PAST_SERVICE,0
NI03PGACIPF2019,ACTUAL_ACQUISITION_CF_FUTURE_SERVICE,0
NI03PGACIPF2019,ACTUAL_INV_COMP_PAYABLE,0
NI03PGACIPF2019,ACTUAL_CHANGE_FV_FINANCIAL_UNDERLYING_ITEMS,0
NI03PGACIPF2019,ACTUAL_CHANGE_FV_TECHNICAL_UNDERLYING_ITEMS,0
NI03PGACIPF2019,FIN_RISK_MITIGATION,0
NI03PGACIPF2019,RE_RISK_MITIGATION,0
NI03PGACIPF2019,ACTUAL_COVERAGE_UNIT,0
NI03PGACIPF2019,THEORETICAL_PREMIUM_DERECOGNITION_LRC,0
NI03PGACIPF2019,THEORETICAL_PREMIUM_RECOGNITION,0
NI03PGACIPF2019,ACTUAL_ACQUISITION_CF_BF_INIT_RECOG,0
NI03PGACIPF2019,ACTUAL_COMMISSION_CF_PAST_SERVICE,0
NI03PGACIPF2019,ACTUAL_COMMISSION_CF_FUTURE_SERVICE,0
NI03PGACIPF2020,ACTUAL_PREMIUM_CF_PAST_SERVICE,0
NI03PGACIPF2020,ACTUAL_PREMIUM_CF_FUTURE_SERVICE,0
NI03PGACIPF2020,ACTUAL_ACQUISITION_CF_PAST_SERVICE,0
NI03PGACIPF2020,ACTUAL_ACQUISITION_CF_FUTURE_SERVICE,0
NI03PGACIPF2020,ACTUAL_INV_COMP_PAYABLE,0
NI03PGACIPF2020,ACTUAL_CHANGE_FV_FINANCIAL_UNDERLYING_ITEMS,0
NI03PGACIPF2020,ACTUAL_CHANGE_FV_TECHNICAL_UNDERLYING_ITEMS,0
NI03PGACIPF2020,FIN_RISK_MITIGATION,0
NI03PGACIPF2020,RE_RISK_MITIGATION,0
NI03PGACIPF2020,ACTUAL_COVERAGE_UNIT,0
NI03PGACIPF2020,THEORETICAL_PREMIUM_DERECOGNITION_LRC,0
NI03PGACIPF2020,THEORETICAL_PREMIUM_RECOGNITION,0
NI03PGACIPF2020,ACTUAL_ACQUISITION_CF_BF_INIT_RECOG,0
NI03PGACIPF2020,ACTUAL_COMMISSION_CF_PAST_SERVICE,0
NI03PGACIPF2020,ACTUAL_COMMISSION_CF_FUTURE_SERVICE,0
NI03PGACIPF2021,ACTUAL_PREMIUM_CF_PAST_SERVICE,0
NI03PGACIPF2021,ACTUAL_PREMIUM_CF_FUTURE_SERVICE,0
NI03PGACIPF2021,ACTUAL_ACQUISITION_CF_PAST_SERVICE,0
NI03PGACIPF2021,ACTUAL_ACQUISITION_CF_FUTURE_SERVICE,0
NI03PGACIPF2021,ACTUAL_INV_COMP_PAYABLE,0
NI03PGACIPF2021,ACTUAL_CHANGE_FV_FINANCIAL_UNDERLYING_ITEMS,0
NI03PGACIPF2021,ACTUAL_CHANGE_FV_TECHNICAL_UNDERLYING_ITEMS,0
NI03PGACIPF2021,FIN_RISK_MITIGATION,0
NI03PGACIPF2021,RE_RISK_MITIGATION,0
NI03PGACIPF2021,ACTUAL_COVERAGE_UNIT,0
NI03PGACIPF2021,THEORETICAL_PREMIUM_DERECOGNITION_LRC,0
NI03PGACIPF2021,THEORETICAL_PREMIUM_RECOGNITION,0
NI03PGACIPF2021,ACTUAL_ACQUISITION_CF_BF_INIT_RECOG,0
NI03PGACIPF2021,ACTUAL_COMMISSION_CF_PAST_SERVICE,0
NI03PGACIPF2021,ACTUAL_COMMISSION_CF_FUTURE_SERVICE,0
NI03PGACIPF2022,ACTUAL_PREMIUM_CF_PAST_SERVICE,0
NI03PGACIPF2022,ACTUAL_PREMIUM_CF_FUTURE_SERVICE,0
NI03PGACIPF2022,ACTUAL_ACQUISITION_CF_PAST_SERVICE,0
NI03PGACIPF2022,ACTUAL_ACQUISITION_CF_FUTURE_SERVICE,0
NI03PGACIPF2022,ACTUAL_INV_COMP_PAYABLE,0
NI03PGACIPF2022,ACTUAL_CHANGE_FV_FINANCIAL_UNDERLYING_ITEMS,0
NI03PGACIPF2022,ACTUAL_CHANGE_FV_TECHNICAL_UNDERLYING_ITEMS,0
NI03PGACIPF2022,FIN_RISK_MITIGATION,0
NI03PGACIPF2022,RE_RISK_MITIGATION,0
NI03PGACIPF2022,ACTUAL_COVERAGE_UNIT,0
NI03PGACIPF2022,THEORETICAL_PREMIUM_DERECOGNITION_LRC,0
NI03PGACIPF2022,THEORETICAL_PREMIUM_RECOGNITION,0
NI03PGACIPF2022,ACTUAL_ACQUISITION_CF_BF_INIT_RECOG,0
NI03PGACIPF2022,ACTUAL_COMMISSION_CF_PAST_SERVICE,0
NI03PGACIPF2022,ACTUAL_COMMISSION_CF_FUTURE_SERVICE,0
NI03PGACIPF2023,ACTUAL_PREMIUM_CF_PAST_SERVICE,0
NI03PGACIPF2023,ACTUAL_PREMIUM_CF_FUTURE_SERVICE,0
NI03PGACIPF2023,ACTUAL_ACQUISITION_CF_PAST_SERVICE,0
NI03PGACIPF2023,ACTUAL_ACQUISITION_CF_FUTURE_SERVICE,0
NI03PGACIPF2023,ACTUAL_INV_COMP_PAYABLE,0
NI03PGACIPF2023,ACTUAL_CHANGE_FV_FINANCIAL_UNDERLYING_ITEMS,0
NI03PGACIPF2023,ACTUAL_CHANGE_FV_TECHNICAL_UNDERLYING_ITEMS,0
NI03PGACIPF2023,FIN_RISK_MITIGATION,0
NI03PGACIPF2023,RE_RISK_MITIGATION,0
NI03PGACIPF2023,ACTUAL_COVERAGE_UNIT,0
NI03PGACIPF2023,THEORETICAL_PREMIUM_DERECOGNITION_LRC,0
NI03PGACIPF2023,THEORETICAL_PREMIUM_RECOGNITION,0
NI03PGACIPF2023,ACTUAL_ACQUISITION_CF_BF_INIT_RECOG,0
NI03PGACIPF2023,ACTUAL_COMMISSION_CF_PAST_SERVICE,0
NI03PGACIPF2023,ACTUAL_COMMISSION_CF_FUTURE_SERVICE,0
NI03PGACIPF2011,THEORETICAL_PREMIUM_DERECOGNITION_LIC,0
NI03PGACIPF2012,THEORETICAL_PREMIUM_DERECOGNITION_LIC,0
NI03PGACIPF2013,THEORETICAL_PREMIUM_DERECOGNITION_LIC,0
NI03PGACIPF2014,THEORETICAL_PREMIUM_DERECOGNITION_LIC,0
NI03PGACIPF2015,THEORETICAL_PREMIUM_DERECOGNITION_LIC,0
NI03PGACIPF2016,THEORETICAL_PREMIUM_DERECOGNITION_LIC,0
NI03PGACIPF2017,THEORETICAL_PREMIUM_DERECOGNITION_LIC,0
NI03PGACIPF2018,THEORETICAL_PREMIUM_DERECOGNITION_LIC,0
NI03PGACIPF2019,THEORETICAL_PREMIUM_DERECOGNITION_LIC,0
NI03PGACIPF2020,THEORETICAL_PREMIUM_DERECOGNITION_LIC,0
NI03PGACIPF2021,THEORETICAL_PREMIUM_DERECOGNITION_LIC,0
NI03PGACIPF2022,THEORETICAL_PREMIUM_DERECOGNITION_LIC,0
NI03PGACIPF2023,THEORETICAL_PREMIUM_DERECOGNITION_LIC,0
