GOC_ID,MEASUREMENT_MODEL,ANNUAL_COHORT,AOM_ID,INCEPTION_CURVE_ID,TIMING_INCEPTION_CURVE,CSM_RELEASE_RATIO_CURVE_ID,SHARE_TECH_EXP_ENTITY_SHARE,OCI_OPTION,OCI_OPTION_LRC,OCI_OPTION_LIC,GOC_DURATION,GOC_TYPE_IF_NB,GOC_CURRENCY,REPORTING_CURRENCY,GOC_TYPE_REINSURANCE,AGGREG_1_ID,AGGREG_2_ID,AGGREG_3_ID,AGGREG_4_ID,AGGREG_5_ID
NI03PEGNRST2011,PAA,2011,20,20221231_NGN_LP100_INC,1_JANUARY,,0,INCEPTION_YIELD,4_NO,1_YES_INCL_CALIBRATION,0,1_IF,NGN,NGN,3_RE_CEDED_NON_RETRO ,Commercial P&C - Non Motor_PAA_Ceded,PAA_Ceded,P&C_Engineering ST_PAA_P,,
NI03PEGNRST2012,PAA,2012,20,20221231_NGN_LP100_INC,1_JANUARY,,0,INCEPTION_YIELD,4_NO,1_YES_INCL_CALIBRATION,0,1_IF,NGN,NGN,3_RE_CEDED_NON_RETRO ,Commercial P&C - Non Motor_PAA_Ceded,PAA_Ceded,P&C_Engineering ST_PAA_P,,
NI03PEGNRST2013,PAA,2013,20,20221231_NGN_LP100_INC,1_JANUARY,,0,INCEPTION_YIELD,4_NO,1_YES_INCL_CALIBRATION,0,1_IF,NGN,NGN,3_RE_CEDED_NON_RETRO ,Commercial P&C - Non Motor_PAA_Ceded,PAA_Ceded,P&C_Engineering ST_PAA_P,,
NI03PEGNRST2014,PAA,2014,20,20221231_NGN_LP100_INC,1_JANUARY,,0,INCEPTION_YIELD,4_NO,1_YES_INCL_CALIBRATION,0,1_IF,NGN,NGN,3_RE_CEDED_NON_RETRO ,Commercial P&C - Non Motor_PAA_Ceded,PAA_Ceded,P&C_Engineering ST_PAA_P,,
NI03PEGNRST2015,PAA,2015,20,20221231_NGN_LP100_INC,1_JANUARY,,0,INCEPTION_YIELD,4_NO,1_YES_INCL_CALIBRATION,0,1_IF,NGN,NGN,3_RE_CEDED_NON_RETRO ,Commercial P&C - Non Motor_PAA_Ceded,PAA_Ceded,P&C_Engineering ST_PAA_P,,
NI03PEGNRST2016,PAA,2016,20,20161231_NGN_LP100_AVG,1_JANUARY,,0,INCEPTION_YIELD,4_NO,1_YES_INCL_CALIBRATION,72,1_IF,NGN,NGN,3_RE_CEDED_NON_RETRO ,Commercial P&C - Non Motor_PAA_Ceded,PAA_Ceded,P&C_Engineering ST_PAA_P,,
NI03PEGNRST2017,PAA,2017,20,20171231_NGN_LP100_AVG,1_JANUARY,,0,INCEPTION_YIELD,4_NO,1_YES_INCL_CALIBRATION,60,1_IF,NGN,NGN,3_RE_CEDED_NON_RETRO ,Commercial P&C - Non Motor_PAA_Ceded,PAA_Ceded,P&C_Engineering ST_PAA_P,,
NI03PEGNRST2018,PAA,2018,20,20181231_NGN_LP100_AVG,1_JANUARY,,0,INCEPTION_YIELD,4_NO,1_YES_INCL_CALIBRATION,48,1_IF,NGN,NGN,3_RE_CEDED_NON_RETRO ,Commercial P&C - Non Motor_PAA_Ceded,PAA_Ceded,P&C_Engineering ST_PAA_P,,
NI03PEGNRST2019,PAA,2019,20,20191231_NGN_LP100_AVG,1_JANUARY,,0,INCEPTION_YIELD,4_NO,1_YES_INCL_CALIBRATION,36,1_IF,NGN,NGN,3_RE_CEDED_NON_RETRO ,Commercial P&C - Non Motor_PAA_Ceded,PAA_Ceded,P&C_Engineering ST_PAA_P,,
NI03PEGNRST2020,PAA,2020,20,20201231_NGN_LP100_AVG,1_JANUARY,,0,INCEPTION_YIELD,4_NO,1_YES_INCL_CALIBRATION,24,1_IF,NGN,NGN,3_RE_CEDED_NON_RETRO ,Commercial P&C - Non Motor_PAA_Ceded,PAA_Ceded,P&C_Engineering ST_PAA_P,,
NI03PEGNRST2021,PAA,2021,20,20211231_NGN_LP100_AVG,1_JANUARY,,0,INCEPTION_YIELD,4_NO,1_YES_INCL_CALIBRATION,12,1_IF,NGN,NGN,3_RE_CEDED_NON_RETRO ,Commercial P&C - Non Motor_PAA_Ceded,PAA_Ceded,P&C_Engineering ST_PAA_P,,
NI03PEGNRST2022,PAA,2022,20,20221231_NGN_LP100_AVG,1_JANUARY,,0,INCEPTION_YIELD,4_NO,1_YES_INCL_CALIBRATION,0,1_IF,NGN,NGN,3_RE_CEDED_NON_RETRO ,Commercial P&C - Non Motor_PAA_Ceded,PAA_Ceded,P&C_Engineering ST_PAA_P,,
NI03PEGNRST2023,PAA,2023,20,20230630_NGN_LP100_AVG,07_JULY,,0,INCEPTION_YIELD,4_NO,1_YES_INCL_CALIBRATION,0,1_IF,NGN,NGN,3_RE_CEDED_NON_RETRO ,Commercial P&C - Non Motor_PAA_Ceded,PAA_Ceded,P&C_Engineering ST_PAA_P,,
NI03PFICIST2011,PAA,2011,19,20221231_NGN_LP100_INC,1_JANUARY,,0,INCEPTION_YIELD,4_NO,1_YES_INCL_CALIBRATION,0,1_IF,NGN,NGN,3_RE_CEDED_NON_RETRO ,Commercial P&C - Non Motor_PAA_Ceded,PAA_Ceded,P&C_Fire CI ST_PAA_P,,
NI03PFICIST2012,PAA,2012,19,20221231_NGN_LP100_INC,1_JANUARY,,0,INCEPTION_YIELD,4_NO,1_YES_INCL_CALIBRATION,0,1_IF,NGN,NGN,3_RE_CEDED_NON_RETRO ,Commercial P&C - Non Motor_PAA_Ceded,PAA_Ceded,P&C_Fire CI ST_PAA_P,,
NI03PFICIST2013,PAA,2013,19,20221231_NGN_LP100_INC,1_JANUARY,,0,INCEPTION_YIELD,4_NO,1_YES_INCL_CALIBRATION,0,1_IF,NGN,NGN,3_RE_CEDED_NON_RETRO ,Commercial P&C - Non Motor_PAA_Ceded,PAA_Ceded,P&C_Fire CI ST_PAA_P,,
NI03PFICIST2014,PAA,2014,19,20221231_NGN_LP100_INC,1_JANUARY,,0,INCEPTION_YIELD,4_NO,1_YES_INCL_CALIBRATION,0,1_IF,NGN,NGN,3_RE_CEDED_NON_RETRO ,Commercial P&C - Non Motor_PAA_Ceded,PAA_Ceded,P&C_Fire CI ST_PAA_P,,
NI03PFICIST2015,PAA,2015,19,20221231_NGN_LP100_INC,1_JANUARY,,0,INCEPTION_YIELD,4_NO,1_YES_INCL_CALIBRATION,0,1_IF,NGN,NGN,3_RE_CEDED_NON_RETRO ,Commercial P&C - Non Motor_PAA_Ceded,PAA_Ceded,P&C_Fire CI ST_PAA_P,,
NI03PFICIST2016,PAA,2016,19,20161231_NGN_LP100_AVG,1_JANUARY,,0,INCEPTION_YIELD,4_NO,1_YES_INCL_CALIBRATION,72,1_IF,NGN,NGN,3_RE_CEDED_NON_RETRO ,Commercial P&C - Non Motor_PAA_Ceded,PAA_Ceded,P&C_Fire CI ST_PAA_P,,
NI03PFICIST2017,PAA,2017,19,20171231_NGN_LP100_AVG,1_JANUARY,,0,INCEPTION_YIELD,4_NO,1_YES_INCL_CALIBRATION,60,1_IF,NGN,NGN,3_RE_CEDED_NON_RETRO ,Commercial P&C - Non Motor_PAA_Ceded,PAA_Ceded,P&C_Fire CI ST_PAA_P,,
NI03PFICIST2018,PAA,2018,19,20181231_NGN_LP100_AVG,1_JANUARY,,0,INCEPTION_YIELD,4_NO,1_YES_INCL_CALIBRATION,48,1_IF,NGN,NGN,3_RE_CEDED_NON_RETRO ,Commercial P&C - Non Motor_PAA_Ceded,PAA_Ceded,P&C_Fire CI ST_PAA_P,,
NI03PFICIST2019,PAA,2019,19,20191231_NGN_LP100_AVG,1_JANUARY,,0,INCEPTION_YIELD,4_NO,1_YES_INCL_CALIBRATION,36,1_IF,NGN,NGN,3_RE_CEDED_NON_RETRO ,Commercial P&C - Non Motor_PAA_Ceded,PAA_Ceded,P&C_Fire CI ST_PAA_P,,
NI03PFICIST2020,PAA,2020,19,20201231_NGN_LP100_AVG,1_JANUARY,,0,INCEPTION_YIELD,4_NO,1_YES_INCL_CALIBRATION,24,1_IF,NGN,NGN,3_RE_CEDED_NON_RETRO ,Commercial P&C - Non Motor_PAA_Ceded,PAA_Ceded,P&C_Fire CI ST_PAA_P,,
NI03PFICIST2021,PAA,2021,19,20211231_NGN_LP100_AVG,1_JANUARY,,0,INCEPTION_YIELD,4_NO,1_YES_INCL_CALIBRATION,12,1_IF,NGN,NGN,3_RE_CEDED_NON_RETRO ,Commercial P&C - Non Motor_PAA_Ceded,PAA_Ceded,P&C_Fire CI ST_PAA_P,,
NI03PFICIST2022,PAA,2022,19,20221231_NGN_LP100_AVG,1_JANUARY,,0,INCEPTION_YIELD,4_NO,1_YES_INCL_CALIBRATION,0,1_IF,NGN,NGN,3_RE_CEDED_NON_RETRO ,Commercial P&C - Non Motor_PAA_Ceded,PAA_Ceded,P&C_Fire CI ST_PAA_P,,
NI03PFICIST2023,PAA,2023,19,20230630_NGN_LP100_AVG,07_JULY,,0,INCEPTION_YIELD,4_NO,1_YES_INCL_CALIBRATION,0,1_IF,NGN,NGN,3_RE_CEDED_NON_RETRO ,Commercial P&C - Non Motor_PAA_Ceded,PAA_Ceded,P&C_Fire CI ST_PAA_P,,
NI03PFIPIST2011,PAA,2011,19,20221231_NGN_LP100_INC,1_JANUARY,,0,INCEPTION_YIELD,4_NO,1_YES_INCL_CALIBRATION,0,1_IF,NGN,NGN,3_RE_CEDED_NON_RETRO ,Personal P&C - Non Motor_PAA_Ceded,PAA_Ceded,P&C_FI PI ST_PAA_P,,
NI03PFIPIST2012,PAA,2012,19,20221231_NGN_LP100_INC,1_JANUARY,,0,INCEPTION_YIELD,4_NO,1_YES_INCL_CALIBRATION,0,1_IF,NGN,NGN,3_RE_CEDED_NON_RETRO ,Personal P&C - Non Motor_PAA_Ceded,PAA_Ceded,P&C_FI PI ST_PAA_P,,
NI03PFIPIST2013,PAA,2013,19,20221231_NGN_LP100_INC,1_JANUARY,,0,INCEPTION_YIELD,4_NO,1_YES_INCL_CALIBRATION,0,1_IF,NGN,NGN,3_RE_CEDED_NON_RETRO ,Personal P&C - Non Motor_PAA_Ceded,PAA_Ceded,P&C_FI PI ST_PAA_P,,
NI03PFIPIST2014,PAA,2014,19,20221231_NGN_LP100_INC,1_JANUARY,,0,INCEPTION_YIELD,4_NO,1_YES_INCL_CALIBRATION,0,1_IF,NGN,NGN,3_RE_CEDED_NON_RETRO ,Personal P&C - Non Motor_PAA_Ceded,PAA_Ceded,P&C_FI PI ST_PAA_P,,
NI03PFIPIST2015,PAA,2015,19,20221231_NGN_LP100_INC,1_JANUARY,,0,INCEPTION_YIELD,4_NO,1_YES_INCL_CALIBRATION,0,1_IF,NGN,NGN,3_RE_CEDED_NON_RETRO ,Personal P&C - Non Motor_PAA_Ceded,PAA_Ceded,P&C_FI PI ST_PAA_P,,
NI03PFIPIST2016,PAA,2016,19,20161231_NGN_LP100_AVG,1_JANUARY,,0,INCEPTION_YIELD,4_NO,1_YES_INCL_CALIBRATION,72,1_IF,NGN,NGN,3_RE_CEDED_NON_RETRO ,Personal P&C - Non Motor_PAA_Ceded,PAA_Ceded,P&C_FI PI ST_PAA_P,,
NI03PFIPIST2017,PAA,2017,19,20171231_NGN_LP100_AVG,1_JANUARY,,0,INCEPTION_YIELD,4_NO,1_YES_INCL_CALIBRATION,60,1_IF,NGN,NGN,3_RE_CEDED_NON_RETRO ,Personal P&C - Non Motor_PAA_Ceded,PAA_Ceded,P&C_FI PI ST_PAA_P,,
NI03PFIPIST2018,PAA,2018,19,20181231_NGN_LP100_AVG,1_JANUARY,,0,INCEPTION_YIELD,4_NO,1_YES_INCL_CALIBRATION,48,1_IF,NGN,NGN,3_RE_CEDED_NON_RETRO ,Personal P&C - Non Motor_PAA_Ceded,PAA_Ceded,P&C_FI PI ST_PAA_P,,
NI03PFIPIST2019,PAA,2019,19,20191231_NGN_LP100_AVG,1_JANUARY,,0,INCEPTION_YIELD,4_NO,1_YES_INCL_CALIBRATION,36,1_IF,NGN,NGN,3_RE_CEDED_NON_RETRO ,Personal P&C - Non Motor_PAA_Ceded,PAA_Ceded,P&C_FI PI ST_PAA_P,,
NI03PFIPIST2020,PAA,2020,19,20201231_NGN_LP100_AVG,1_JANUARY,,0,INCEPTION_YIELD,4_NO,1_YES_INCL_CALIBRATION,24,1_IF,NGN,NGN,3_RE_CEDED_NON_RETRO ,Personal P&C - Non Motor_PAA_Ceded,PAA_Ceded,P&C_FI PI ST_PAA_P,,
NI03PFIPIST2021,PAA,2021,19,20211231_NGN_LP100_AVG,1_JANUARY,,0,INCEPTION_YIELD,4_NO,1_YES_INCL_CALIBRATION,12,1_IF,NGN,NGN,3_RE_CEDED_NON_RETRO ,Personal P&C - Non Motor_PAA_Ceded,PAA_Ceded,P&C_FI PI ST_PAA_P,,
NI03PFIPIST2022,PAA,2022,19,20221231_NGN_LP100_AVG,1_JANUARY,,0,INCEPTION_YIELD,4_NO,1_YES_INCL_CALIBRATION,0,1_IF,NGN,NGN,3_RE_CEDED_NON_RETRO ,Personal P&C - Non Motor_PAA_Ceded,PAA_Ceded,P&C_FI PI ST_PAA_P,,
NI03PFIPIST2023,PAA,2023,19,20230630_NGN_LP100_AVG,07_JULY,,0,INCEPTION_YIELD,4_NO,1_YES_INCL_CALIBRATION,0,1_IF,NGN,NGN,3_RE_CEDED_NON_RETRO ,Personal P&C - Non Motor_PAA_Ceded,PAA_Ceded,P&C_FI PI ST_PAA_P,,
NI03PGACIPF2011,PAA,2011,19,20221231_NGN_LP100_INC,1_JANUARY,,0,INCEPTION_YIELD,4_NO,1_YES_INCL_CALIBRATION,0,1_IF,NGN,NGN,3_RE_CEDED_NON_RETRO ,Commercial P&C - Non Motor_PAA_Ceded,PAA_Ceded,P&C_GA CI PF_PAA_P,,
NI03PGACIPF2012,PAA,2012,19,20221231_NGN_LP100_INC,1_JANUARY,,0,INCEPTION_YIELD,4_NO,1_YES_INCL_CALIBRATION,0,1_IF,NGN,NGN,3_RE_CEDED_NON_RETRO ,Commercial P&C - Non Motor_PAA_Ceded,PAA_Ceded,P&C_GA CI PF_PAA_P,,
NI03PGACIPF2013,PAA,2013,19,20221231_NGN_LP100_INC,1_JANUARY,,0,INCEPTION_YIELD,4_NO,1_YES_INCL_CALIBRATION,0,1_IF,NGN,NGN,3_RE_CEDED_NON_RETRO ,Commercial P&C - Non Motor_PAA_Ceded,PAA_Ceded,P&C_GA CI PF_PAA_P,,
NI03PGACIPF2014,PAA,2014,19,20221231_NGN_LP100_INC,1_JANUARY,,0,INCEPTION_YIELD,4_NO,1_YES_INCL_CALIBRATION,0,1_IF,NGN,NGN,3_RE_CEDED_NON_RETRO ,Commercial P&C - Non Motor_PAA_Ceded,PAA_Ceded,P&C_GA CI PF_PAA_P,,
NI03PGACIPF2015,PAA,2015,19,20221231_NGN_LP100_INC,1_JANUARY,,0,INCEPTION_YIELD,4_NO,1_YES_INCL_CALIBRATION,0,1_IF,NGN,NGN,3_RE_CEDED_NON_RETRO ,Commercial P&C - Non Motor_PAA_Ceded,PAA_Ceded,P&C_GA CI PF_PAA_P,,
NI03PGACIPF2016,PAA,2016,19,20161231_NGN_LP100_AVG,1_JANUARY,,0,INCEPTION_YIELD,4_NO,1_YES_INCL_CALIBRATION,72,1_IF,NGN,NGN,3_RE_CEDED_NON_RETRO ,Commercial P&C - Non Motor_PAA_Ceded,PAA_Ceded,P&C_GA CI PF_PAA_P,,
NI03PGACIPF2017,PAA,2017,19,20171231_NGN_LP100_AVG,1_JANUARY,,0,INCEPTION_YIELD,4_NO,1_YES_INCL_CALIBRATION,60,1_IF,NGN,NGN,3_RE_CEDED_NON_RETRO ,Commercial P&C - Non Motor_PAA_Ceded,PAA_Ceded,P&C_GA CI PF_PAA_P,,
NI03PGACIPF2018,PAA,2018,19,20181231_NGN_LP100_AVG,1_JANUARY,,0,INCEPTION_YIELD,4_NO,1_YES_INCL_CALIBRATION,48,1_IF,NGN,NGN,3_RE_CEDED_NON_RETRO ,Commercial P&C - Non Motor_PAA_Ceded,PAA_Ceded,P&C_GA CI PF_PAA_P,,
NI03PGACIPF2019,PAA,2019,19,20191231_NGN_LP100_AVG,1_JANUARY,,0,INCEPTION_YIELD,4_NO,1_YES_INCL_CALIBRATION,36,1_IF,NGN,NGN,3_RE_CEDED_NON_RETRO ,Commercial P&C - Non Motor_PAA_Ceded,PAA_Ceded,P&C_GA CI PF_PAA_P,,
NI03PGACIPF2020,PAA,2020,19,20201231_NGN_LP100_AVG,1_JANUARY,,0,INCEPTION_YIELD,4_NO,1_YES_INCL_CALIBRATION,24,1_IF,NGN,NGN,3_RE_CEDED_NON_RETRO ,Commercial P&C - Non Motor_PAA_Ceded,PAA_Ceded,P&C_GA CI PF_PAA_P,,
NI03PGACIPF2021,PAA,2021,19,20211231_NGN_LP100_AVG,1_JANUARY,,0,INCEPTION_YIELD,4_NO,1_YES_INCL_CALIBRATION,12,1_IF,NGN,NGN,3_RE_CEDED_NON_RETRO ,Commercial P&C - Non Motor_PAA_Ceded,PAA_Ceded,P&C_GA CI PF_PAA_P,,
NI03PGACIPF2022,PAA,2022,19,20221231_NGN_LP100_AVG,1_JANUARY,,0,INCEPTION_YIELD,4_NO,1_YES_INCL_CALIBRATION,0,1_IF,NGN,NGN,3_RE_CEDED_NON_RETRO ,Commercial P&C - Non Motor_PAA_Ceded,PAA_Ceded,P&C_GA CI PF_PAA_P,,
NI03PGACIPF2023,PAA,2023,19,20230630_NGN_LP100_AVG,07_JULY,,0,INCEPTION_YIELD,4_NO,1_YES_INCL_CALIBRATION,0,1_IF,NGN,NGN,3_RE_CEDED_NON_RETRO ,Commercial P&C - Non Motor_PAA_Ceded,PAA_Ceded,P&C_GA CI PF_PAA_P,,
