GOC_SEG_ID,GOC_ID,SEG_ID,ALLOCATION_RATIO
NI03PEGNRST2011_02_P&C,NI03PEGNRST2011,02_P&C,1
NI03PEGNRST2012_02_P&C,NI03PEGNRST2012,02_P&C,1
NI03PEGNRST2013_02_P&C,NI03PEGNRST2013,02_P&C,1
NI03PEGNRST2014_02_P&C,NI03PEGNRST2014,02_P&C,1
NI03PEGNRST2015_02_P&C,NI03PEGNRST2015,02_P&C,1
NI03PEGNRST2016_02_P&C,NI03PEGNRST2016,02_P&C,1
NI03PEGNRST2017_02_P&C,NI03PEGNRST2017,02_P&C,1
NI03PEGNRST2018_02_P&C,NI03PEGNRST2018,02_P&C,1
NI03PEGNRST2019_02_P&C,NI03PEGNRST2019,02_P&C,1
NI03PEGNRST2020_02_P&C,NI03PEGNRST2020,02_P&C,1
NI03PEGNRST2021_02_P&C,NI03PEGNRST2021,02_P&C,1
NI03PEGNRST2022_02_P&C,NI03PEGNRST2022,02_P&C,1
NI03PEGNRST2023_02_P&C,NI03PEGNRST2023,02_P&C,1
NI03PFICIST2011_02_P&C,NI03PFICIST2011,02_P&C,1
NI03PFICIST2012_02_P&C,NI03PFICIST2012,02_P&C,1
NI03PFICIST2013_02_P&C,NI03PFICIST2013,02_P&C,1
NI03PFICIST2014_02_P&C,NI03PFICIST2014,02_P&C,1
NI03PFICIST2015_02_P&C,NI03PFICIST2015,02_P&C,1
NI03PFICIST2016_02_P&C,NI03PFICIST2016,02_P&C,1
NI03PFICIST2017_02_P&C,NI03PFICIST2017,02_P&C,1
NI03PFICIST2018_02_P&C,NI03PFICIST2018,02_P&C,1
NI03PFICIST2019_02_P&C,NI03PFICIST2019,02_P&C,1
NI03PFICIST2020_02_P&C,NI03PFICIST2020,02_P&C,1
NI03PFICIST2021_02_P&C,NI03PFICIST2021,02_P&C,1
NI03PFICIST2022_02_P&C,NI03PFICIST2022,02_P&C,1
NI03PFICIST2023_02_P&C,NI03PFICIST2023,02_P&C,1
NI03PFIPIST2011_02_P&C,NI03PFIPIST2011,02_P&C,1
NI03PFIPIST2012_02_P&C,NI03PFIPIST2012,02_P&C,1
NI03PFIPIST2013_02_P&C,NI03PFIPIST2013,02_P&C,1
NI03PFIPIST2014_02_P&C,NI03PFIPIST2014,02_P&C,1
NI03PFIPIST2015_02_P&C,NI03PFIPIST2015,02_P&C,1
NI03PFIPIST2016_02_P&C,NI03PFIPIST2016,02_P&C,1
NI03PFIPIST2017_02_P&C,NI03PFIPIST2017,02_P&C,1
NI03PFIPIST2018_02_P&C,NI03PFIPIST2018,02_P&C,1
NI03PFIPIST2019_02_P&C,NI03PFIPIST2019,02_P&C,1
NI03PFIPIST2020_02_P&C,NI03PFIPIST2020,02_P&C,1
NI03PFIPIST2021_02_P&C,NI03PFIPIST2021,02_P&C,1
NI03PFIPIST2022_02_P&C,NI03PFIPIST2022,02_P&C,1
NI03PFIPIST2023_02_P&C,NI03PFIPIST2023,02_P&C,1
NI03PGACIPF2011_02_P&C,NI03PGACIPF2011,02_P&C,1
NI03PGACIPF2012_02_P&C,NI03PGACIPF2012,02_P&C,1
NI03PGACIPF2013_02_P&C,NI03PGACIPF2013,02_P&C,1
NI03PGACIPF2014_02_P&C,NI03PGACIPF2014,02_P&C,1
NI03PGACIPF2015_02_P&C,NI03PGACIPF2015,02_P&C,1
NI03PGACIPF2016_02_P&C,NI03PGACIPF2016,02_P&C,1
NI03PGACIPF2017_02_P&C,NI03PGACIPF2017,02_P&C,1
NI03PGACIPF2018_02_P&C,NI03PGACIPF2018,02_P&C,1
NI03PGACIPF2019_02_P&C,NI03PGACIPF2019,02_P&C,1
NI03PGACIPF2020_02_P&C,NI03PGACIPF2020,02_P&C,1
NI03PGACIPF2021_02_P&C,NI03PGACIPF2021,02_P&C,1
NI03PGACIPF2022_02_P&C,NI03PGACIPF2022,02_P&C,1
NI03PGACIPF2023_02_P&C,NI03PGACIPF2023,02_P&C,1
