GOC_ID,VARIABLE_NAME,1
NI03PEGNRST2011,PVFC_LIC_CUMULATIVE_OCI_DERECOG,0.0
NI03PEGNRST2012,PVFC_LIC_CUMULATIVE_OCI_DERECOG,0.0
NI03PEGNRST2013,PVFC_LIC_CUMULATIVE_OCI_DERECOG,0.0
NI03PEGNRST2014,PVFC_LIC_CUMULATIVE_OCI_DERECOG,0.0
NI03PEGNRST2015,PVFC_LIC_CUMULATIVE_OCI_DERECOG,0.0
NI03PEGNRST2016,PVFC_LIC_CUMULATIVE_OCI_DERECOG,0.0
NI03PEGNRST2017,PVFC_LIC_CUMULATIVE_OCI_DERECOG,10.076156204658218
NI03PEGNRST2018,PVFC_LIC_CUMULATIVE_OCI_DERECOG,0.03368040854951815
NI03PEGNRST2019,PVFC_LIC_CUMULATIVE_OCI_DERECOG,11.377073987525364
NI03PEGNRST2020,PVFC_LIC_CUMULATIVE_OCI_DERECOG,-77.80849017625951
NI03PEGNRST2021,PVFC_LIC_CUMULATIVE_OCI_DERECOG,-190.41712675490635
NI03PEGNRST2022,PVFC_LIC_CUMULATIVE_OCI_DERECOG,-1073.5676792460144
NI03PEGNRST2023,PVFC_LIC_CUMULATIVE_OCI_DERECOG,0.0
NI03PEGNRST2011,RA_LIC_CUMULATIVE_OCI_DERECOG,0.0
NI03PEGNRST2012,RA_LIC_CUMULATIVE_OCI_DERECOG,0.0
NI03PEGNRST2013,RA_LIC_CUMULATIVE_OCI_DERECOG,0.0
NI03PEGNRST2014,RA_LIC_CUMULATIVE_OCI_DERECOG,0.0
NI03PEGNRST2015,RA_LIC_CUMULATIVE_OCI_DERECOG,0.0
NI03PEGNRST2016,RA_LIC_CUMULATIVE_OCI_DERECOG,0.0
NI03PEGNRST2017,RA_LIC_CUMULATIVE_OCI_DERECOG,0.0
NI03PEGNRST2018,RA_LIC_CUMULATIVE_OCI_DERECOG,0.0
NI03PEGNRST2019,RA_LIC_CUMULATIVE_OCI_DERECOG,0.0
NI03PEGNRST2020,RA_LIC_CUMULATIVE_OCI_DERECOG,0.0
NI03PEGNRST2021,RA_LIC_CUMULATIVE_OCI_DERECOG,0.0
NI03PEGNRST2022,RA_LIC_CUMULATIVE_OCI_DERECOG,0.0
NI03PEGNRST2023,RA_LIC_CUMULATIVE_OCI_DERECOG,0.0
NI03PFICIST2011,PVFC_LIC_CUMULATIVE_OCI_DERECOG,0.0
NI03PFICIST2012,PVFC_LIC_CUMULATIVE_OCI_DERECOG,0.0
NI03PFICIST2013,PVFC_LIC_CUMULATIVE_OCI_DERECOG,0.0
NI03PFICIST2014,PVFC_LIC_CUMULATIVE_OCI_DERECOG,0.0
NI03PFICIST2015,PVFC_LIC_CUMULATIVE_OCI_DERECOG,0.0
NI03PFICIST2016,PVFC_LIC_CUMULATIVE_OCI_DERECOG,23.76836983344765
NI03PFICIST2017,PVFC_LIC_CUMULATIVE_OCI_DERECOG,46.867198404695955
NI03PFICIST2018,PVFC_LIC_CUMULATIVE_OCI_DERECOG,58.075837172456886
NI03PFICIST2019,PVFC_LIC_CUMULATIVE_OCI_DERECOG,27.174265379902863
NI03PFICIST2020,PVFC_LIC_CUMULATIVE_OCI_DERECOG,-1482.112600120341
NI03PFICIST2021,PVFC_LIC_CUMULATIVE_OCI_DERECOG,-2020.064040047284
NI03PFICIST2022,PVFC_LIC_CUMULATIVE_OCI_DERECOG,-1838.257271141454
NI03PFICIST2023,PVFC_LIC_CUMULATIVE_OCI_DERECOG,0.0
NI03PFICIST2011,RA_LIC_CUMULATIVE_OCI_DERECOG,0.0
NI03PFICIST2012,RA_LIC_CUMULATIVE_OCI_DERECOG,0.0
NI03PFICIST2013,RA_LIC_CUMULATIVE_OCI_DERECOG,0.0
NI03PFICIST2014,RA_LIC_CUMULATIVE_OCI_DERECOG,0.0
NI03PFICIST2015,RA_LIC_CUMULATIVE_OCI_DERECOG,0.0
NI03PFICIST2016,RA_LIC_CUMULATIVE_OCI_DERECOG,0.0
NI03PFICIST2017,RA_LIC_CUMULATIVE_OCI_DERECOG,0.0
NI03PFICIST2018,RA_LIC_CUMULATIVE_OCI_DERECOG,0.0
NI03PFICIST2019,RA_LIC_CUMULATIVE_OCI_DERECOG,0.0
NI03PFICIST2020,RA_LIC_CUMULATIVE_OCI_DERECOG,0.0
NI03PFICIST2021,RA_LIC_CUMULATIVE_OCI_DERECOG,0.0
NI03PFICIST2022,RA_LIC_CUMULATIVE_OCI_DERECOG,0.0
NI03PFICIST2023,RA_LIC_CUMULATIVE_OCI_DERECOG,0.0
NI03PFIPIST2011,PVFC_LIC_CUMULATIVE_OCI_DERECOG,0.0
NI03PFIPIST2012,PVFC_LIC_CUMULATIVE_OCI_DERECOG,0.0
NI03PFIPIST2013,PVFC_LIC_CUMULATIVE_OCI_DERECOG,0.0
NI03PFIPIST2014,PVFC_LIC_CUMULATIVE_OCI_DERECOG,0.0
NI03PFIPIST2015,PVFC_LIC_CUMULATIVE_OCI_DERECOG,0.0
NI03PFIPIST2016,PVFC_LIC_CUMULATIVE_OCI_DERECOG,3.313135173311707
NI03PFIPIST2017,PVFC_LIC_CUMULATIVE_OCI_DERECOG,6.130874607621081
NI03PFIPIST2018,PVFC_LIC_CUMULATIVE_OCI_DERECOG,7.159776941913606
NI03PFIPIST2019,PVFC_LIC_CUMULATIVE_OCI_DERECOG,3.775374858212899
NI03PFIPIST2020,PVFC_LIC_CUMULATIVE_OCI_DERECOG,-195.83917833796022
NI03PFIPIST2021,PVFC_LIC_CUMULATIVE_OCI_DERECOG,-217.03311701397433
NI03PFIPIST2022,PVFC_LIC_CUMULATIVE_OCI_DERECOG,-256.43031102311215
NI03PFIPIST2023,PVFC_LIC_CUMULATIVE_OCI_DERECOG,0.0
NI03PFIPIST2011,RA_LIC_CUMULATIVE_OCI_DERECOG,0.0
NI03PFIPIST2012,RA_LIC_CUMULATIVE_OCI_DERECOG,0.0
NI03PFIPIST2013,RA_LIC_CUMULATIVE_OCI_DERECOG,0.0
NI03PFIPIST2014,RA_LIC_CUMULATIVE_OCI_DERECOG,0.0
NI03PFIPIST2015,RA_LIC_CUMULATIVE_OCI_DERECOG,0.0
NI03PFIPIST2016,RA_LIC_CUMULATIVE_OCI_DERECOG,0.0
NI03PFIPIST2017,RA_LIC_CUMULATIVE_OCI_DERECOG,0.0
NI03PFIPIST2018,RA_LIC_CUMULATIVE_OCI_DERECOG,0.0
NI03PFIPIST2019,RA_LIC_CUMULATIVE_OCI_DERECOG,0.0
NI03PFIPIST2020,RA_LIC_CUMULATIVE_OCI_DERECOG,0.0
NI03PFIPIST2021,RA_LIC_CUMULATIVE_OCI_DERECOG,0.0
NI03PFIPIST2022,RA_LIC_CUMULATIVE_OCI_DERECOG,0.0
NI03PFIPIST2023,RA_LIC_CUMULATIVE_OCI_DERECOG,0.0
NI03PGACIPF2011,PVFC_LIC_CUMULATIVE_OCI_DERECOG,0.0
NI03PGACIPF2012,PVFC_LIC_CUMULATIVE_OCI_DERECOG,0.0
NI03PGACIPF2013,PVFC_LIC_CUMULATIVE_OCI_DERECOG,0.0
NI03PGACIPF2014,PVFC_LIC_CUMULATIVE_OCI_DERECOG,0.0
NI03PGACIPF2015,PVFC_LIC_CUMULATIVE_OCI_DERECOG,0.0
NI03PGACIPF2016,PVFC_LIC_CUMULATIVE_OCI_DERECOG,5.0334545176872325
NI03PGACIPF2017,PVFC_LIC_CUMULATIVE_OCI_DERECOG,0.28937493184910323
NI03PGACIPF2018,PVFC_LIC_CUMULATIVE_OCI_DERECOG,0.11824089190076903
NI03PGACIPF2019,PVFC_LIC_CUMULATIVE_OCI_DERECOG,0.5190114599318463
NI03PGACIPF2020,PVFC_LIC_CUMULATIVE_OCI_DERECOG,-8.41307132850352
NI03PGACIPF2021,PVFC_LIC_CUMULATIVE_OCI_DERECOG,-13.757473999233213
NI03PGACIPF2022,PVFC_LIC_CUMULATIVE_OCI_DERECOG,-61.92171556984613
NI03PGACIPF2023,PVFC_LIC_CUMULATIVE_OCI_DERECOG,0.0
NI03PGACIPF2011,RA_LIC_CUMULATIVE_OCI_DERECOG,0.0
NI03PGACIPF2012,RA_LIC_CUMULATIVE_OCI_DERECOG,0.0
NI03PGACIPF2013,RA_LIC_CUMULATIVE_OCI_DERECOG,0.0
NI03PGACIPF2014,RA_LIC_CUMULATIVE_OCI_DERECOG,0.0
NI03PGACIPF2015,RA_LIC_CUMULATIVE_OCI_DERECOG,0.0
NI03PGACIPF2016,RA_LIC_CUMULATIVE_OCI_DERECOG,0.0
NI03PGACIPF2017,RA_LIC_CUMULATIVE_OCI_DERECOG,0.0
NI03PGACIPF2018,RA_LIC_CUMULATIVE_OCI_DERECOG,0.0
NI03PGACIPF2019,RA_LIC_CUMULATIVE_OCI_DERECOG,0.0
NI03PGACIPF2020,RA_LIC_CUMULATIVE_OCI_DERECOG,0.0
NI03PGACIPF2021,RA_LIC_CUMULATIVE_OCI_DERECOG,0.0
NI03PGACIPF2022,RA_LIC_CUMULATIVE_OCI_DERECOG,0.0
NI03PGACIPF2023,RA_LIC_CUMULATIVE_OCI_DERECOG,0.0
