GOC_ID,VARIABLE_NAME,1
NI01PPGOHLT2023,ACTUARIAL_ACTUAL_CLAIMS_CF_CY,0.0
NI01PPGOHLT2023,ACTUARIAL_ACTUAL_CLAIMS_CF_PY,0.0
NI01PPGOHLT2023,ACTUARIAL_ACTUAL_EXPENSE_CF_PY,0.0
NI01PPGOHLT2023,ACTUARIAL_ACTUAL_EXPENSE_CLHANDL_CF_CY,0.0
NI01PPGOHLT2023,ACTUARIAL_ACTUAL_EXPENSE_NCLHANDL_CF_CY,0.0
NI01PPGOHLT2023,INVESTMENT_INCOME_OCI,0.0
NI01PPGOHLT2023,INVESTMENT_INCOME_PNL,0.0
NI01PPGOHLT2023,NON_ATTRIBUTABLE_EXPENSE,0.0
NI01PPGOHLT2024,ACTUARIAL_ACTUAL_CLAIMS_CF_CY,0.0
NI01PPGOHLT2024,ACTUARIAL_ACTUAL_CLAIMS_CF_PY,-15907.377239999998
NI01PPGOHLT2024,ACTUARIAL_ACTUAL_EXPENSE_CF_PY,0.0
NI01PPGOHLT2024,ACTUARIAL_ACTUAL_EXPENSE_CLHANDL_CF_CY,0.0
NI01PPGOHLT2024,ACTUARIAL_ACTUAL_EXPENSE_NCLHANDL_CF_CY,0.0
NI01PPGOHLT2024,INVESTMENT_INCOME_OCI,0.0
NI01PPGOHLT2024,INVESTMENT_INCOME_PNL,0.0
NI01PPGOHLT2024,NON_ATTRIBUTABLE_EXPENSE,0.0
NI01PPGOHLT2025,ACTUARIAL_ACTUAL_CLAIMS_CF_CY,-32184.05031
NI01PPGOHLT2025,ACTUARIAL_ACTUAL_CLAIMS_CF_PY,0.0
NI01PPGOHLT2025,ACTUARIAL_ACTUAL_EXPENSE_CF_PY,0.0
NI01PPGOHLT2025,ACTUARIAL_ACTUAL_EXPENSE_CLHANDL_CF_CY,0.0
NI01PPGOHLT2025,ACTUARIAL_ACTUAL_EXPENSE_NCLHANDL_CF_CY,0.0
NI01PPGOHLT2025,INVESTMENT_INCOME_OCI,0.0
NI01PPGOHLT2025,INVESTMENT_INCOME_PNL,0.0
NI01PPGOHLT2025,NON_ATTRIBUTABLE_EXPENSE,0.0
NI01PPPLHLT2023,ACTUARIAL_ACTUAL_CLAIMS_CF_CY,0.0
NI01PPPLHLT2023,ACTUARIAL_ACTUAL_CLAIMS_CF_PY,0.0
NI01PPPLHLT2023,ACTUARIAL_ACTUAL_EXPENSE_CF_PY,0.0
NI01PPPLHLT2023,ACTUARIAL_ACTUAL_EXPENSE_CLHANDL_CF_CY,0.0
NI01PPPLHLT2023,ACTUARIAL_ACTUAL_EXPENSE_NCLHANDL_CF_CY,0.0
NI01PPPLHLT2023,INVESTMENT_INCOME_OCI,0.0
NI01PPPLHLT2023,INVESTMENT_INCOME_PNL,0.0
NI01PPPLHLT2023,NON_ATTRIBUTABLE_EXPENSE,0.0
NI01PPPLHLT2024,ACTUARIAL_ACTUAL_CLAIMS_CF_CY,0.0
NI01PPPLHLT2024,ACTUARIAL_ACTUAL_CLAIMS_CF_PY,-58858.302460000006
NI01PPPLHLT2024,ACTUARIAL_ACTUAL_EXPENSE_CF_PY,0.0
NI01PPPLHLT2024,ACTUARIAL_ACTUAL_EXPENSE_CLHANDL_CF_CY,0.0
NI01PPPLHLT2024,ACTUARIAL_ACTUAL_EXPENSE_NCLHANDL_CF_CY,0.0
NI01PPPLHLT2024,INVESTMENT_INCOME_OCI,0.0
NI01PPPLHLT2024,INVESTMENT_INCOME_PNL,0.0
NI01PPPLHLT2024,NON_ATTRIBUTABLE_EXPENSE,0.0
NI01PPPLHLT2025,ACTUARIAL_ACTUAL_CLAIMS_CF_CY,-266883.15086
NI01PPPLHLT2025,ACTUARIAL_ACTUAL_CLAIMS_CF_PY,0.0
NI01PPPLHLT2025,ACTUARIAL_ACTUAL_EXPENSE_CF_PY,0.0
NI01PPPLHLT2025,ACTUARIAL_ACTUAL_EXPENSE_CLHANDL_CF_CY,0.0
NI01PPPLHLT2025,ACTUARIAL_ACTUAL_EXPENSE_NCLHANDL_CF_CY,0.0
NI01PPPLHLT2025,INVESTMENT_INCOME_OCI,0.0
NI01PPPLHLT2025,INVESTMENT_INCOME_PNL,0.0
NI01PPPLHLT2025,NON_ATTRIBUTABLE_EXPENSE,0.0
NI01PPSIHLT2023,ACTUARIAL_ACTUAL_CLAIMS_CF_CY,0.0
NI01PPSIHLT2023,ACTUARIAL_ACTUAL_CLAIMS_CF_PY,0.0
NI01PPSIHLT2023,ACTUARIAL_ACTUAL_EXPENSE_CF_PY,0.0
NI01PPSIHLT2023,ACTUARIAL_ACTUAL_EXPENSE_CLHANDL_CF_CY,0.0
NI01PPSIHLT2023,ACTUARIAL_ACTUAL_EXPENSE_NCLHANDL_CF_CY,0.0
NI01PPSIHLT2023,INVESTMENT_INCOME_OCI,0.0
NI01PPSIHLT2023,INVESTMENT_INCOME_PNL,0.0
NI01PPSIHLT2023,NON_ATTRIBUTABLE_EXPENSE,0.0
NI01PPSIHLT2024,ACTUARIAL_ACTUAL_CLAIMS_CF_CY,0.0
NI01PPSIHLT2024,ACTUARIAL_ACTUAL_CLAIMS_CF_PY,-6856.656300000001
NI01PPSIHLT2024,ACTUARIAL_ACTUAL_EXPENSE_CF_PY,0.0
NI01PPSIHLT2024,ACTUARIAL_ACTUAL_EXPENSE_CLHANDL_CF_CY,0.0
NI01PPSIHLT2024,ACTUARIAL_ACTUAL_EXPENSE_NCLHANDL_CF_CY,0.0
NI01PPSIHLT2024,INVESTMENT_INCOME_OCI,0.0
NI01PPSIHLT2024,INVESTMENT_INCOME_PNL,0.0
NI01PPSIHLT2024,NON_ATTRIBUTABLE_EXPENSE,0.0
NI01PPSIHLT2025,ACTUARIAL_ACTUAL_CLAIMS_CF_CY,-11644.74516
NI01PPSIHLT2025,ACTUARIAL_ACTUAL_CLAIMS_CF_PY,0.0
NI01PPSIHLT2025,ACTUARIAL_ACTUAL_EXPENSE_CF_PY,0.0
NI01PPSIHLT2025,ACTUARIAL_ACTUAL_EXPENSE_CLHANDL_CF_CY,0.0
NI01PPSIHLT2025,ACTUARIAL_ACTUAL_EXPENSE_NCLHANDL_CF_CY,0.0
NI01PPSIHLT2025,INVESTMENT_INCOME_OCI,0.0
NI01PPSIHLT2025,INVESTMENT_INCOME_PNL,0.0
NI01PPSIHLT2025,NON_ATTRIBUTABLE_EXPENSE,0.0
NI01PCPLHLT2023,ACTUARIAL_ACTUAL_CLAIMS_CF_CY,0.0
NI01PCPLHLT2023,ACTUARIAL_ACTUAL_CLAIMS_CF_PY,0.0
NI01PCPLHLT2023,ACTUARIAL_ACTUAL_EXPENSE_CF_PY,0.0
NI01PCPLHLT2023,ACTUARIAL_ACTUAL_EXPENSE_CLHANDL_CF_CY,0.0
NI01PCPLHLT2023,ACTUARIAL_ACTUAL_EXPENSE_NCLHANDL_CF_CY,0.0
NI01PCPLHLT2023,INVESTMENT_INCOME_OCI,0.0
NI01PCPLHLT2023,INVESTMENT_INCOME_PNL,0.0
NI01PCPLHLT2023,NON_ATTRIBUTABLE_EXPENSE,0.0
NI01PCPLHLT2024,ACTUARIAL_ACTUAL_CLAIMS_CF_CY,0.0
NI01PCPLHLT2024,ACTUARIAL_ACTUAL_CLAIMS_CF_PY,-1659315.8326260005
NI01PCPLHLT2024,ACTUARIAL_ACTUAL_EXPENSE_CF_PY,0.0
NI01PCPLHLT2024,ACTUARIAL_ACTUAL_EXPENSE_CLHANDL_CF_CY,0.0
NI01PCPLHLT2024,ACTUARIAL_ACTUAL_EXPENSE_NCLHANDL_CF_CY,0.0
NI01PCPLHLT2024,INVESTMENT_INCOME_OCI,0.0
NI01PCPLHLT2024,INVESTMENT_INCOME_PNL,0.0
NI01PCPLHLT2024,NON_ATTRIBUTABLE_EXPENSE,0.0
NI01PCPLHLT2025,ACTUARIAL_ACTUAL_CLAIMS_CF_CY,-6544038.99172
NI01PCPLHLT2025,ACTUARIAL_ACTUAL_CLAIMS_CF_PY,0.0
NI01PCPLHLT2025,ACTUARIAL_ACTUAL_EXPENSE_CF_PY,0.0
NI01PCPLHLT2025,ACTUARIAL_ACTUAL_EXPENSE_CLHANDL_CF_CY,0.0
NI01PCPLHLT2025,ACTUARIAL_ACTUAL_EXPENSE_NCLHANDL_CF_CY,0.0
NI01PCPLHLT2025,INVESTMENT_INCOME_OCI,0.0
NI01PCPLHLT2025,INVESTMENT_INCOME_PNL,0.0
NI01PCPLHLT2025,NON_ATTRIBUTABLE_EXPENSE,0.0
NI01PCSIHLT2023,ACTUARIAL_ACTUAL_CLAIMS_CF_CY,0.0
NI01PCSIHLT2023,ACTUARIAL_ACTUAL_CLAIMS_CF_PY,0.0
NI01PCSIHLT2023,ACTUARIAL_ACTUAL_EXPENSE_CF_PY,0.0
NI01PCSIHLT2023,ACTUARIAL_ACTUAL_EXPENSE_CLHANDL_CF_CY,0.0
NI01PCSIHLT2023,ACTUARIAL_ACTUAL_EXPENSE_NCLHANDL_CF_CY,0.0
NI01PCSIHLT2023,INVESTMENT_INCOME_OCI,0.0
NI01PCSIHLT2023,INVESTMENT_INCOME_PNL,0.0
NI01PCSIHLT2023,NON_ATTRIBUTABLE_EXPENSE,0.0
NI01PCSIHLT2024,ACTUARIAL_ACTUAL_CLAIMS_CF_CY,0.0
NI01PCSIHLT2024,ACTUARIAL_ACTUAL_CLAIMS_CF_PY,-602086.3961299997
NI01PCSIHLT2024,ACTUARIAL_ACTUAL_EXPENSE_CF_PY,0.0
NI01PCSIHLT2024,ACTUARIAL_ACTUAL_EXPENSE_CLHANDL_CF_CY,0.0
NI01PCSIHLT2024,ACTUARIAL_ACTUAL_EXPENSE_NCLHANDL_CF_CY,0.0
NI01PCSIHLT2024,INVESTMENT_INCOME_OCI,0.0
NI01PCSIHLT2024,INVESTMENT_INCOME_PNL,0.0
NI01PCSIHLT2024,NON_ATTRIBUTABLE_EXPENSE,0.0
NI01PCSIHLT2025,ACTUARIAL_ACTUAL_CLAIMS_CF_CY,-2708567.68982
NI01PCSIHLT2025,ACTUARIAL_ACTUAL_CLAIMS_CF_PY,0.0
NI01PCSIHLT2025,ACTUARIAL_ACTUAL_EXPENSE_CF_PY,0.0
NI01PCSIHLT2025,ACTUARIAL_ACTUAL_EXPENSE_CLHANDL_CF_CY,0.0
NI01PCSIHLT2025,ACTUARIAL_ACTUAL_EXPENSE_NCLHANDL_CF_CY,0.0
NI01PCSIHLT2025,INVESTMENT_INCOME_OCI,0.0
NI01PCSIHLT2025,INVESTMENT_INCOME_PNL,0.0
NI01PCSIHLT2025,NON_ATTRIBUTABLE_EXPENSE,0.0
NI01PIMEHLT2023,ACTUARIAL_ACTUAL_CLAIMS_CF_CY,0.0
NI01PIMEHLT2023,ACTUARIAL_ACTUAL_CLAIMS_CF_PY,0.0
NI01PIMEHLT2023,ACTUARIAL_ACTUAL_EXPENSE_CF_PY,0.0
NI01PIMEHLT2023,ACTUARIAL_ACTUAL_EXPENSE_CLHANDL_CF_CY,0.0
NI01PIMEHLT2023,ACTUARIAL_ACTUAL_EXPENSE_NCLHANDL_CF_CY,0.0
NI01PIMEHLT2023,INVESTMENT_INCOME_OCI,0.0
NI01PIMEHLT2023,INVESTMENT_INCOME_PNL,0.0
NI01PIMEHLT2023,NON_ATTRIBUTABLE_EXPENSE,0.0
NI01PIMEHLT2024,ACTUARIAL_ACTUAL_CLAIMS_CF_CY,0.0
NI01PIMEHLT2024,ACTUARIAL_ACTUAL_CLAIMS_CF_PY,-160958.01559000002
NI01PIMEHLT2024,ACTUARIAL_ACTUAL_EXPENSE_CF_PY,0.0
NI01PIMEHLT2024,ACTUARIAL_ACTUAL_EXPENSE_CLHANDL_CF_CY,0.0
NI01PIMEHLT2024,ACTUARIAL_ACTUAL_EXPENSE_NCLHANDL_CF_CY,0.0
NI01PIMEHLT2024,INVESTMENT_INCOME_OCI,0.0
NI01PIMEHLT2024,INVESTMENT_INCOME_PNL,0.0
NI01PIMEHLT2024,NON_ATTRIBUTABLE_EXPENSE,0.0
NI01PIMEHLT2025,ACTUARIAL_ACTUAL_CLAIMS_CF_CY,-454576.90551102324
NI01PIMEHLT2025,ACTUARIAL_ACTUAL_CLAIMS_CF_PY,0.0
NI01PIMEHLT2025,ACTUARIAL_ACTUAL_EXPENSE_CF_PY,0.0
NI01PIMEHLT2025,ACTUARIAL_ACTUAL_EXPENSE_CLHANDL_CF_CY,0.0
NI01PIMEHLT2025,ACTUARIAL_ACTUAL_EXPENSE_NCLHANDL_CF_CY,0.0
NI01PIMEHLT2025,INVESTMENT_INCOME_OCI,0.0
NI01PIMEHLT2025,INVESTMENT_INCOME_PNL,0.0
NI01PIMEHLT2025,NON_ATTRIBUTABLE_EXPENSE,0.0
NI01PPBRHLT2023,ACTUARIAL_ACTUAL_CLAIMS_CF_CY,0.0
NI01PPBRHLT2023,ACTUARIAL_ACTUAL_CLAIMS_CF_PY,0.0
NI01PPBRHLT2023,ACTUARIAL_ACTUAL_EXPENSE_CF_PY,0.0
NI01PPBRHLT2023,ACTUARIAL_ACTUAL_EXPENSE_CLHANDL_CF_CY,0.0
NI01PPBRHLT2023,ACTUARIAL_ACTUAL_EXPENSE_NCLHANDL_CF_CY,0.0
NI01PPBRHLT2023,INVESTMENT_INCOME_OCI,0.0
NI01PPBRHLT2023,INVESTMENT_INCOME_PNL,0.0
NI01PPBRHLT2023,NON_ATTRIBUTABLE_EXPENSE,0.0
NI01PPBRHLT2024,ACTUARIAL_ACTUAL_CLAIMS_CF_CY,0.0
NI01PPBRHLT2024,ACTUARIAL_ACTUAL_CLAIMS_CF_PY,-16509.551829999997
NI01PPBRHLT2024,ACTUARIAL_ACTUAL_EXPENSE_CF_PY,0.0
NI01PPBRHLT2024,ACTUARIAL_ACTUAL_EXPENSE_CLHANDL_CF_CY,0.0
NI01PPBRHLT2024,ACTUARIAL_ACTUAL_EXPENSE_NCLHANDL_CF_CY,0.0
NI01PPBRHLT2024,INVESTMENT_INCOME_OCI,0.0
NI01PPBRHLT2024,INVESTMENT_INCOME_PNL,0.0
NI01PPBRHLT2024,NON_ATTRIBUTABLE_EXPENSE,0.0
NI01PPBRHLT2025,ACTUARIAL_ACTUAL_CLAIMS_CF_CY,-72370.67251
NI01PPBRHLT2025,ACTUARIAL_ACTUAL_CLAIMS_CF_PY,0.0
NI01PPBRHLT2025,ACTUARIAL_ACTUAL_EXPENSE_CF_PY,0.0
NI01PPBRHLT2025,ACTUARIAL_ACTUAL_EXPENSE_CLHANDL_CF_CY,0.0
NI01PPBRHLT2025,ACTUARIAL_ACTUAL_EXPENSE_NCLHANDL_CF_CY,0.0
NI01PPBRHLT2025,INVESTMENT_INCOME_OCI,0.0
NI01PPBRHLT2025,INVESTMENT_INCOME_PNL,0.0
NI01PPBRHLT2025,NON_ATTRIBUTABLE_EXPENSE,0.0
NI01PCBCHLT2023,ACTUARIAL_ACTUAL_CLAIMS_CF_CY,0.0
NI01PCBCHLT2023,ACTUARIAL_ACTUAL_CLAIMS_CF_PY,0.0
NI01PCBCHLT2023,ACTUARIAL_ACTUAL_EXPENSE_CF_PY,0.0
NI01PCBCHLT2023,ACTUARIAL_ACTUAL_EXPENSE_CLHANDL_CF_CY,0.0
NI01PCBCHLT2023,ACTUARIAL_ACTUAL_EXPENSE_NCLHANDL_CF_CY,0.0
NI01PCBCHLT2023,INVESTMENT_INCOME_OCI,0.0
NI01PCBCHLT2023,INVESTMENT_INCOME_PNL,0.0
NI01PCBCHLT2023,NON_ATTRIBUTABLE_EXPENSE,0.0
NI01PCBCHLT2024,ACTUARIAL_ACTUAL_CLAIMS_CF_CY,0.0
NI01PCBCHLT2024,ACTUARIAL_ACTUAL_CLAIMS_CF_PY,-7047.23867999999
NI01PCBCHLT2024,ACTUARIAL_ACTUAL_EXPENSE_CF_PY,0.0
NI01PCBCHLT2024,ACTUARIAL_ACTUAL_EXPENSE_CLHANDL_CF_CY,0.0
NI01PCBCHLT2024,ACTUARIAL_ACTUAL_EXPENSE_NCLHANDL_CF_CY,0.0
NI01PCBCHLT2024,INVESTMENT_INCOME_OCI,0.0
NI01PCBCHLT2024,INVESTMENT_INCOME_PNL,0.0
NI01PCBCHLT2024,NON_ATTRIBUTABLE_EXPENSE,0.0
NI01PCBCHLT2025,ACTUARIAL_ACTUAL_CLAIMS_CF_CY,-101987.09587399999
NI01PCBCHLT2025,ACTUARIAL_ACTUAL_CLAIMS_CF_PY,0.0
NI01PCBCHLT2025,ACTUARIAL_ACTUAL_EXPENSE_CF_PY,0.0
NI01PCBCHLT2025,ACTUARIAL_ACTUAL_EXPENSE_CLHANDL_CF_CY,0.0
NI01PCBCHLT2025,ACTUARIAL_ACTUAL_EXPENSE_NCLHANDL_CF_CY,0.0
NI01PCBCHLT2025,INVESTMENT_INCOME_OCI,0.0
NI01PCBCHLT2025,INVESTMENT_INCOME_PNL,0.0
NI01PCBCHLT2025,NON_ATTRIBUTABLE_EXPENSE,0.0
NI01PCBRHLT2023,ACTUARIAL_ACTUAL_CLAIMS_CF_CY,0.0
NI01PCBRHLT2023,ACTUARIAL_ACTUAL_CLAIMS_CF_PY,0.0
NI01PCBRHLT2023,ACTUARIAL_ACTUAL_EXPENSE_CF_PY,0.0
NI01PCBRHLT2023,ACTUARIAL_ACTUAL_EXPENSE_CLHANDL_CF_CY,0.0
NI01PCBRHLT2023,ACTUARIAL_ACTUAL_EXPENSE_NCLHANDL_CF_CY,0.0
NI01PCBRHLT2023,INVESTMENT_INCOME_OCI,0.0
NI01PCBRHLT2023,INVESTMENT_INCOME_PNL,0.0
NI01PCBRHLT2023,NON_ATTRIBUTABLE_EXPENSE,0.0
NI01PCBRHLT2024,ACTUARIAL_ACTUAL_CLAIMS_CF_CY,0.0
NI01PCBRHLT2024,ACTUARIAL_ACTUAL_CLAIMS_CF_PY,-345036.2133900001
NI01PCBRHLT2024,ACTUARIAL_ACTUAL_EXPENSE_CF_PY,0.0
NI01PCBRHLT2024,ACTUARIAL_ACTUAL_EXPENSE_CLHANDL_CF_CY,0.0
NI01PCBRHLT2024,ACTUARIAL_ACTUAL_EXPENSE_NCLHANDL_CF_CY,0.0
NI01PCBRHLT2024,INVESTMENT_INCOME_OCI,0.0
NI01PCBRHLT2024,INVESTMENT_INCOME_PNL,0.0
NI01PCBRHLT2024,NON_ATTRIBUTABLE_EXPENSE,0.0
NI01PCBRHLT2025,ACTUARIAL_ACTUAL_CLAIMS_CF_CY,-1384371.74381
NI01PCBRHLT2025,ACTUARIAL_ACTUAL_CLAIMS_CF_PY,0.0
NI01PCBRHLT2025,ACTUARIAL_ACTUAL_EXPENSE_CF_PY,0.0
NI01PCBRHLT2025,ACTUARIAL_ACTUAL_EXPENSE_CLHANDL_CF_CY,0.0
NI01PCBRHLT2025,ACTUARIAL_ACTUAL_EXPENSE_NCLHANDL_CF_CY,0.0
NI01PCBRHLT2025,INVESTMENT_INCOME_OCI,0.0
NI01PCBRHLT2025,INVESTMENT_INCOME_PNL,0.0
NI01PCBRHLT2025,NON_ATTRIBUTABLE_EXPENSE,0.0
NI01PCECHLT2023,ACTUARIAL_ACTUAL_CLAIMS_CF_CY,0.0
NI01PCECHLT2023,ACTUARIAL_ACTUAL_CLAIMS_CF_PY,0.0
NI01PCECHLT2023,ACTUARIAL_ACTUAL_EXPENSE_CF_PY,0.0
NI01PCECHLT2023,ACTUARIAL_ACTUAL_EXPENSE_CLHANDL_CF_CY,0.0
NI01PCECHLT2023,ACTUARIAL_ACTUAL_EXPENSE_NCLHANDL_CF_CY,0.0
NI01PCECHLT2023,INVESTMENT_INCOME_OCI,0.0
NI01PCECHLT2023,INVESTMENT_INCOME_PNL,0.0
NI01PCECHLT2023,NON_ATTRIBUTABLE_EXPENSE,0.0
NI01PCECHLT2024,ACTUARIAL_ACTUAL_CLAIMS_CF_CY,0.0
NI01PCECHLT2024,ACTUARIAL_ACTUAL_CLAIMS_CF_PY,-29816.531410000003
NI01PCECHLT2024,ACTUARIAL_ACTUAL_EXPENSE_CF_PY,0.0
NI01PCECHLT2024,ACTUARIAL_ACTUAL_EXPENSE_CLHANDL_CF_CY,0.0
NI01PCECHLT2024,ACTUARIAL_ACTUAL_EXPENSE_NCLHANDL_CF_CY,0.0
NI01PCECHLT2024,INVESTMENT_INCOME_OCI,0.0
NI01PCECHLT2024,INVESTMENT_INCOME_PNL,0.0
NI01PCECHLT2024,NON_ATTRIBUTABLE_EXPENSE,0.0
NI01PCECHLT2025,ACTUARIAL_ACTUAL_CLAIMS_CF_CY,-23696.89761
NI01PCECHLT2025,ACTUARIAL_ACTUAL_CLAIMS_CF_PY,0.0
NI01PCECHLT2025,ACTUARIAL_ACTUAL_EXPENSE_CF_PY,0.0
NI01PCECHLT2025,ACTUARIAL_ACTUAL_EXPENSE_CLHANDL_CF_CY,0.0
NI01PCECHLT2025,ACTUARIAL_ACTUAL_EXPENSE_NCLHANDL_CF_CY,0.0
NI01PCECHLT2025,INVESTMENT_INCOME_OCI,0.0
NI01PCECHLT2025,INVESTMENT_INCOME_PNL,0.0
NI01PCECHLT2025,NON_ATTRIBUTABLE_EXPENSE,0.0
NI01PCGOHLT2023,ACTUARIAL_ACTUAL_CLAIMS_CF_CY,0.0
NI01PCGOHLT2023,ACTUARIAL_ACTUAL_CLAIMS_CF_PY,0.0
NI01PCGOHLT2023,ACTUARIAL_ACTUAL_EXPENSE_CF_PY,0.0
NI01PCGOHLT2023,ACTUARIAL_ACTUAL_EXPENSE_CLHANDL_CF_CY,0.0
NI01PCGOHLT2023,ACTUARIAL_ACTUAL_EXPENSE_NCLHANDL_CF_CY,0.0
NI01PCGOHLT2023,INVESTMENT_INCOME_OCI,0.0
NI01PCGOHLT2023,INVESTMENT_INCOME_PNL,0.0
NI01PCGOHLT2023,NON_ATTRIBUTABLE_EXPENSE,0.0
NI01PCGOHLT2024,ACTUARIAL_ACTUAL_CLAIMS_CF_CY,0.0
NI01PCGOHLT2024,ACTUARIAL_ACTUAL_CLAIMS_CF_PY,-2169066.344864
NI01PCGOHLT2024,ACTUARIAL_ACTUAL_EXPENSE_CF_PY,0.0
NI01PCGOHLT2024,ACTUARIAL_ACTUAL_EXPENSE_CLHANDL_CF_CY,0.0
NI01PCGOHLT2024,ACTUARIAL_ACTUAL_EXPENSE_NCLHANDL_CF_CY,0.0
NI01PCGOHLT2024,INVESTMENT_INCOME_OCI,0.0
NI01PCGOHLT2024,INVESTMENT_INCOME_PNL,0.0
NI01PCGOHLT2024,NON_ATTRIBUTABLE_EXPENSE,0.0
NI01PCGOHLT2025,ACTUARIAL_ACTUAL_CLAIMS_CF_CY,-8803010.70382
NI01PCGOHLT2025,ACTUARIAL_ACTUAL_CLAIMS_CF_PY,0.0
NI01PCGOHLT2025,ACTUARIAL_ACTUAL_EXPENSE_CF_PY,0.0
NI01PCGOHLT2025,ACTUARIAL_ACTUAL_EXPENSE_CLHANDL_CF_CY,0.0
NI01PCGOHLT2025,ACTUARIAL_ACTUAL_EXPENSE_NCLHANDL_CF_CY,0.0
NI01PCGOHLT2025,INVESTMENT_INCOME_OCI,0.0
NI01PCGOHLT2025,INVESTMENT_INCOME_PNL,0.0
NI01PCGOHLT2025,NON_ATTRIBUTABLE_EXPENSE,0.0
NI01PIMEDQS2023,ACTUARIAL_ACTUAL_CLAIMS_CF_CY,0.0
NI01PIMEDQS2023,ACTUARIAL_ACTUAL_CLAIMS_CF_PY,0.0
NI01PIMEDQS2023,ACTUARIAL_ACTUAL_EXPENSE_CF_PY,0.0
NI01PIMEDQS2023,ACTUARIAL_ACTUAL_EXPENSE_CLHANDL_CF_CY,0.0
NI01PIMEDQS2023,ACTUARIAL_ACTUAL_EXPENSE_NCLHANDL_CF_CY,0.0
NI01PIMEDQS2023,INVESTMENT_INCOME_OCI,0.0
NI01PIMEDQS2023,INVESTMENT_INCOME_PNL,0.0
NI01PIMEDQS2023,NON_ATTRIBUTABLE_EXPENSE,0.0
NI01PIMEDQS2024,ACTUARIAL_ACTUAL_CLAIMS_CF_CY,0.0
NI01PIMEDQS2024,ACTUARIAL_ACTUAL_CLAIMS_CF_PY,567032.76208
NI01PIMEDQS2024,ACTUARIAL_ACTUAL_EXPENSE_CF_PY,0.0
NI01PIMEDQS2024,ACTUARIAL_ACTUAL_EXPENSE_CLHANDL_CF_CY,0.0
NI01PIMEDQS2024,ACTUARIAL_ACTUAL_EXPENSE_NCLHANDL_CF_CY,0.0
NI01PIMEDQS2024,INVESTMENT_INCOME_OCI,0.0
NI01PIMEDQS2024,INVESTMENT_INCOME_PNL,0.0
NI01PIMEDQS2024,NON_ATTRIBUTABLE_EXPENSE,0.0
NI01PIMEDQS2025,ACTUARIAL_ACTUAL_CLAIMS_CF_CY,0.0
NI01PIMEDQS2025,ACTUARIAL_ACTUAL_CLAIMS_CF_PY,0.0
NI01PIMEDQS2025,ACTUARIAL_ACTUAL_EXPENSE_CF_PY,0.0
NI01PIMEDQS2025,ACTUARIAL_ACTUAL_EXPENSE_CLHANDL_CF_CY,0.0
NI01PIMEDQS2025,ACTUARIAL_ACTUAL_EXPENSE_NCLHANDL_CF_CY,0.0
NI01PIMEDQS2025,INVESTMENT_INCOME_OCI,0.0
NI01PIMEDQS2025,INVESTMENT_INCOME_PNL,0.0
NI01PIMEDQS2025,NON_ATTRIBUTABLE_EXPENSE,0.0
