GOC_ID,STEP_ID,1
NI01PCBCHLT2022,PVFC_LIC_UNWIND,0.0
NI01PCBCHLT2022,PVFC_LIC_EXP_CLAIM_CF_CY,0.0
NI01PCBCHLT2022,PVFC_LIC_EXP_ATTEXP_CY,0.0
NI01PCBCHLT2022,PVFC_LIC_EXP_CLAIM_CF_PY,-5148.962194199048
NI01PCBCHLT2022,PVFC_LIC_EXP_ATTEXP_PY,0.0
NI01PCBCHLT2022,RA_LIC_OP,147.46126450363624
NI01PCBCHLT2022,RA_LIC_UNWIND,1.507818130472257
NI01PCBCHLT2022,RA_LIC_INCLAIM,279.53019946390305
NI01PCBCHLT2022,RA_LIC_RELEASE_PY,-148.3584180615658
NI01PCBCHLT2022,RA_LIC_DEREC,0.0
NI01PCBCHLT2022,RA_LIC_TASSCHG_PY,50.93122192499214
NI01PCBCHLT2022,RA_LIC_FASSCHG_PY,0.0
NI01PCBCHLT2022,RA_LIC_CLO,331.072085961438
NI01PCBCHLT2023,PVFC_LIC_UNWIND,0.0
NI01PCBCHLT2023,PVFC_LIC_EXP_CLAIM_CF_CY,0.0
NI01PCBCHLT2023,PVFC_LIC_EXP_ATTEXP_CY,0.0
NI01PCBCHLT2023,PVFC_LIC_EXP_CLAIM_CF_PY,-78458.35466170512
NI01PCBCHLT2023,PVFC_LIC_EXP_ATTEXP_PY,0.0
NI01PCBCHLT2023,RA_LIC_OP,2236.812329402227
NI01PCBCHLT2023,RA_LIC_UNWIND,22.871811089436257
NI01PCBCHLT2023,RA_LIC_INCLAIM,4240.141292059135
NI01PCBCHLT2023,RA_LIC_RELEASE_PY,-2250.4210838537683
NI01PCBCHLT2023,RA_LIC_DEREC,0.0
NI01PCBCHLT2023,RA_LIC_TASSCHG_PY,772.5661755093263
NI01PCBCHLT2023,RA_LIC_FASSCHG_PY,0.0
NI01PCBCHLT2023,RA_LIC_CLO,5021.970524206357
NI01PCBCHLT2024,PVFC_LIC_UNWIND,0.0
NI01PCBCHLT2024,PVFC_LIC_EXP_CLAIM_CF_CY,0.0
NI01PCBCHLT2024,PVFC_LIC_EXP_ATTEXP_CY,0.0
NI01PCBCHLT2024,PVFC_LIC_EXP_CLAIM_CF_PY,0.0
NI01PCBCHLT2024,PVFC_LIC_EXP_ATTEXP_PY,0.0
NI01PCBCHLT2024,RA_LIC_OP,0.0
NI01PCBCHLT2024,RA_LIC_UNWIND,0.0
NI01PCBCHLT2024,RA_LIC_INCLAIM,0.0
NI01PCBCHLT2024,RA_LIC_RELEASE_PY,0.0
NI01PCBCHLT2024,RA_LIC_DEREC,0.0
NI01PCBCHLT2024,RA_LIC_TASSCHG_PY,0.0
NI01PCBCHLT2024,RA_LIC_FASSCHG_PY,0.0
NI01PCBCHLT2024,RA_LIC_CLO,0.0
NI01PCBCHLT2022,RA_LIC_RELEASE_CY,0.0
NI01PCBCHLT2023,RA_LIC_RELEASE_CY,0.0
NI01PCBCHLT2024,RA_LIC_RELEASE_CY,0.0
NI01PCBCHLT2022,RA_LIC_FEXPVAR_CY,0.0
NI01PCBCHLT2023,RA_LIC_FEXPVAR_CY,0.0
NI01PCBCHLT2024,RA_LIC_FEXPVAR_CY,0.0
NI01PCBCHLT2022,DA_LIC_OP,0.0
NI01PCBCHLT2023,DA_LIC_OP,0.0
NI01PCBCHLT2024,DA_LIC_OP,0.0
NI01PCBCHLT2022,DA_LIC_INCLAIM_INCEXP,0.0
NI01PCBCHLT2023,DA_LIC_INCLAIM_INCEXP,0.0
NI01PCBCHLT2024,DA_LIC_INCLAIM_INCEXP,0.0
NI01PCBCHLT2022,DA_LIC_CHG,0.0
NI01PCBCHLT2023,DA_LIC_CHG,0.0
NI01PCBCHLT2024,DA_LIC_CHG,0.0
NI01PCBCHLT2022,DA_LIC_CLO,0.0
NI01PCBCHLT2023,DA_LIC_CLO,0.0
NI01PCBCHLT2024,DA_LIC_CLO,0.0
NI01PCBRHLT2022,PVFC_LIC_UNWIND,0.0
NI01PCBRHLT2022,PVFC_LIC_EXP_CLAIM_CF_CY,0.0
NI01PCBRHLT2022,PVFC_LIC_EXP_ATTEXP_CY,0.0
NI01PCBRHLT2022,PVFC_LIC_EXP_CLAIM_CF_PY,-23431.701958083693
NI01PCBRHLT2022,PVFC_LIC_EXP_ATTEXP_PY,0.0
NI01PCBRHLT2022,RA_LIC_OP,670.0740982674748
NI01PCBRHLT2022,RA_LIC_UNWIND,6.851628985608052
NI01PCBRHLT2022,RA_LIC_INCLAIM,763.2703802714191
NI01PCBRHLT2022,RA_LIC_RELEASE_PY,-668.7773783239791
NI01PCBRHLT2022,RA_LIC_DEREC,0.0
NI01PCBRHLT2022,RA_LIC_TASSCHG_PY,47.33774556742175
NI01PCBRHLT2022,RA_LIC_FASSCHG_PY,0.0
NI01PCBRHLT2022,RA_LIC_CLO,818.7564747679444
NI01PCBRHLT2023,PVFC_LIC_UNWIND,0.0
NI01PCBRHLT2023,PVFC_LIC_EXP_CLAIM_CF_CY,0.0
NI01PCBRHLT2023,PVFC_LIC_EXP_ATTEXP_CY,0.0
NI01PCBRHLT2023,PVFC_LIC_EXP_CLAIM_CF_PY,-380292.7901180247
NI01PCBRHLT2023,PVFC_LIC_EXP_ATTEXP_PY,0.0
NI01PCBRHLT2023,RA_LIC_OP,10943.754521000352
NI01PCBRHLT2023,RA_LIC_UNWIND,111.90187157112624
NI01PCBRHLT2023,RA_LIC_INCLAIM,12465.850711792024
NI01PCBRHLT2023,RA_LIC_RELEASE_PY,-10922.576288949906
NI01PCBRHLT2023,RA_LIC_DEREC,0.0
NI01PCBRHLT2023,RA_LIC_TASSCHG_PY,773.1274323345715
NI01PCBRHLT2023,RA_LIC_FASSCHG_PY,0.0
NI01PCBRHLT2023,RA_LIC_CLO,13372.058247748166
NI01PCBRHLT2024,PVFC_LIC_UNWIND,0.0
NI01PCBRHLT2024,PVFC_LIC_EXP_CLAIM_CF_CY,0.0
NI01PCBRHLT2024,PVFC_LIC_EXP_ATTEXP_CY,0.0
NI01PCBRHLT2024,PVFC_LIC_EXP_CLAIM_CF_PY,0.0
NI01PCBRHLT2024,PVFC_LIC_EXP_ATTEXP_PY,0.0
NI01PCBRHLT2024,RA_LIC_OP,0.0
NI01PCBRHLT2024,RA_LIC_UNWIND,0.0
NI01PCBRHLT2024,RA_LIC_INCLAIM,0.0
NI01PCBRHLT2024,RA_LIC_RELEASE_PY,0.0
NI01PCBRHLT2024,RA_LIC_DEREC,0.0
NI01PCBRHLT2024,RA_LIC_TASSCHG_PY,0.0
NI01PCBRHLT2024,RA_LIC_FASSCHG_PY,0.0
NI01PCBRHLT2024,RA_LIC_CLO,0.0
NI01PCBRHLT2022,RA_LIC_RELEASE_CY,0.0
NI01PCBRHLT2023,RA_LIC_RELEASE_CY,0.0
NI01PCBRHLT2024,RA_LIC_RELEASE_CY,0.0
NI01PCBRHLT2022,RA_LIC_FEXPVAR_CY,0.0
NI01PCBRHLT2023,RA_LIC_FEXPVAR_CY,0.0
NI01PCBRHLT2024,RA_LIC_FEXPVAR_CY,0.0
NI01PCBRHLT2022,DA_LIC_OP,0.0
NI01PCBRHLT2023,DA_LIC_OP,0.0
NI01PCBRHLT2024,DA_LIC_OP,0.0
NI01PCBRHLT2022,DA_LIC_INCLAIM_INCEXP,0.0
NI01PCBRHLT2023,DA_LIC_INCLAIM_INCEXP,0.0
NI01PCBRHLT2024,DA_LIC_INCLAIM_INCEXP,0.0
NI01PCBRHLT2022,DA_LIC_CHG,0.0
NI01PCBRHLT2023,DA_LIC_CHG,0.0
NI01PCBRHLT2024,DA_LIC_CHG,0.0
NI01PCBRHLT2022,DA_LIC_CLO,0.0
NI01PCBRHLT2023,DA_LIC_CLO,0.0
NI01PCBRHLT2024,DA_LIC_CLO,0.0
NI01PCECHLT2022,PVFC_LIC_UNWIND,0.0
NI01PCECHLT2022,PVFC_LIC_EXP_CLAIM_CF_CY,0.0
NI01PCECHLT2022,PVFC_LIC_EXP_ATTEXP_CY,0.0
NI01PCECHLT2022,PVFC_LIC_EXP_CLAIM_CF_PY,-3350.297298924559
NI01PCECHLT2022,PVFC_LIC_EXP_ATTEXP_PY,0.0
NI01PCECHLT2022,RA_LIC_OP,95.9685934301488
NI01PCECHLT2022,RA_LIC_UNWIND,0.9812962449289849
NI01PCECHLT2022,RA_LIC_INCLAIM,82.41352617260841
NI01PCECHLT2022,RA_LIC_RELEASE_PY,-92.67482439154226
NI01PCECHLT2022,RA_LIC_DEREC,0.0
NI01PCECHLT2022,RA_LIC_TASSCHG_PY,25.427830291108823
NI01PCECHLT2022,RA_LIC_FASSCHG_PY,0.0
NI01PCECHLT2022,RA_LIC_CLO,112.11642174725276
NI01PCECHLT2023,PVFC_LIC_UNWIND,0.0
NI01PCECHLT2023,PVFC_LIC_EXP_CLAIM_CF_CY,0.0
NI01PCECHLT2023,PVFC_LIC_EXP_ATTEXP_CY,0.0
NI01PCECHLT2023,PVFC_LIC_EXP_CLAIM_CF_PY,-49013.89481258244
NI01PCECHLT2023,PVFC_LIC_EXP_ATTEXP_PY,0.0
NI01PCECHLT2023,RA_LIC_OP,1443.3375209427081
NI01PCECHLT2023,RA_LIC_UNWIND,14.7583874978545
NI01PCECHLT2023,RA_LIC_INCLAIM,1239.473564283281
NI01PCECHLT2023,RA_LIC_RELEASE_PY,-1393.8002685060508
NI01PCECHLT2023,RA_LIC_DEREC,0.0
NI01PCECHLT2023,RA_LIC_TASSCHG_PY,382.42658586044456
NI01PCECHLT2023,RA_LIC_FASSCHG_PY,0.0
NI01PCECHLT2023,RA_LIC_CLO,1686.1957900782372
NI01PCECHLT2024,PVFC_LIC_UNWIND,0.0
NI01PCECHLT2024,PVFC_LIC_EXP_CLAIM_CF_CY,0.0
NI01PCECHLT2024,PVFC_LIC_EXP_ATTEXP_CY,0.0
NI01PCECHLT2024,PVFC_LIC_EXP_CLAIM_CF_PY,0.0
NI01PCECHLT2024,PVFC_LIC_EXP_ATTEXP_PY,0.0
NI01PCECHLT2024,RA_LIC_OP,0.0
NI01PCECHLT2024,RA_LIC_UNWIND,0.0
NI01PCECHLT2024,RA_LIC_INCLAIM,0.0
NI01PCECHLT2024,RA_LIC_RELEASE_PY,0.0
NI01PCECHLT2024,RA_LIC_DEREC,0.0
NI01PCECHLT2024,RA_LIC_TASSCHG_PY,0.0
NI01PCECHLT2024,RA_LIC_FASSCHG_PY,0.0
NI01PCECHLT2024,RA_LIC_CLO,0.0
NI01PCECHLT2022,RA_LIC_RELEASE_CY,0.0
NI01PCECHLT2023,RA_LIC_RELEASE_CY,0.0
NI01PCECHLT2024,RA_LIC_RELEASE_CY,0.0
NI01PCECHLT2022,RA_LIC_FEXPVAR_CY,0.0
NI01PCECHLT2023,RA_LIC_FEXPVAR_CY,0.0
NI01PCECHLT2024,RA_LIC_FEXPVAR_CY,0.0
NI01PCECHLT2022,DA_LIC_OP,0.0
NI01PCECHLT2023,DA_LIC_OP,0.0
NI01PCECHLT2024,DA_LIC_OP,0.0
NI01PCECHLT2022,DA_LIC_INCLAIM_INCEXP,0.0
NI01PCECHLT2023,DA_LIC_INCLAIM_INCEXP,0.0
NI01PCECHLT2024,DA_LIC_INCLAIM_INCEXP,0.0
NI01PCECHLT2022,DA_LIC_CHG,0.0
NI01PCECHLT2023,DA_LIC_CHG,0.0
NI01PCECHLT2024,DA_LIC_CHG,0.0
NI01PCECHLT2022,DA_LIC_CLO,0.0
NI01PCECHLT2023,DA_LIC_CLO,0.0
NI01PCECHLT2024,DA_LIC_CLO,0.0
NI01PCGOHLT2022,PVFC_LIC_UNWIND,0.0
NI01PCGOHLT2022,PVFC_LIC_EXP_CLAIM_CF_CY,0.0
NI01PCGOHLT2022,PVFC_LIC_EXP_ATTEXP_CY,0.0
NI01PCGOHLT2022,PVFC_LIC_EXP_CLAIM_CF_PY,-108757.33983223536
NI01PCGOHLT2022,PVFC_LIC_EXP_ATTEXP_PY,0.0
NI01PCGOHLT2022,RA_LIC_OP,3206.3414123958673
NI01PCGOHLT2022,RA_LIC_UNWIND,32.7854215164093
NI01PCGOHLT2022,RA_LIC_INCLAIM,4444.614831462412
NI01PCGOHLT2022,RA_LIC_RELEASE_PY,-3183.1370189921327
NI01PCGOHLT2022,RA_LIC_DEREC,0.0
NI01PCGOHLT2022,RA_LIC_TASSCHG_PY,425.3840939311443
NI01PCGOHLT2022,RA_LIC_FASSCHG_PY,0.0
NI01PCGOHLT2022,RA_LIC_CLO,4925.9887403137
NI01PCGOHLT2023,PVFC_LIC_UNWIND,0.0
NI01PCGOHLT2023,PVFC_LIC_EXP_CLAIM_CF_CY,0.0
NI01PCGOHLT2023,PVFC_LIC_EXP_ATTEXP_CY,0.0
NI01PCGOHLT2023,PVFC_LIC_EXP_CLAIM_CF_PY,-1802138.236510254
NI01PCGOHLT2023,PVFC_LIC_EXP_ATTEXP_PY,0.0
NI01PCGOHLT2023,RA_LIC_OP,52003.33197942141
NI01PCGOHLT2023,RA_LIC_UNWIND,531.7434857721878
NI01PCGOHLT2023,RA_LIC_INCLAIM,72086.76521708573
NI01PCGOHLT2023,RA_LIC_RELEASE_PY,-51626.98223422886
NI01PCGOHLT2023,RA_LIC_DEREC,0.0
NI01PCGOHLT2023,RA_LIC_TASSCHG_PY,6899.262246354782
NI01PCGOHLT2023,RA_LIC_FASSCHG_PY,0.0
NI01PCGOHLT2023,RA_LIC_CLO,79894.12069440525
NI01PCGOHLT2024,PVFC_LIC_UNWIND,0.0
NI01PCGOHLT2024,PVFC_LIC_EXP_CLAIM_CF_CY,0.0
NI01PCGOHLT2024,PVFC_LIC_EXP_ATTEXP_CY,0.0
NI01PCGOHLT2024,PVFC_LIC_EXP_CLAIM_CF_PY,0.0
NI01PCGOHLT2024,PVFC_LIC_EXP_ATTEXP_PY,0.0
NI01PCGOHLT2024,RA_LIC_OP,0.0
NI01PCGOHLT2024,RA_LIC_UNWIND,0.0
NI01PCGOHLT2024,RA_LIC_INCLAIM,0.0
NI01PCGOHLT2024,RA_LIC_RELEASE_PY,0.0
NI01PCGOHLT2024,RA_LIC_DEREC,0.0
NI01PCGOHLT2024,RA_LIC_TASSCHG_PY,0.0
NI01PCGOHLT2024,RA_LIC_FASSCHG_PY,0.0
NI01PCGOHLT2024,RA_LIC_CLO,0.0
NI01PCGOHLT2022,RA_LIC_RELEASE_CY,0.0
NI01PCGOHLT2023,RA_LIC_RELEASE_CY,0.0
NI01PCGOHLT2024,RA_LIC_RELEASE_CY,0.0
NI01PCGOHLT2022,RA_LIC_FEXPVAR_CY,0.0
NI01PCGOHLT2023,RA_LIC_FEXPVAR_CY,0.0
NI01PCGOHLT2024,RA_LIC_FEXPVAR_CY,0.0
NI01PCGOHLT2022,DA_LIC_OP,0.0
NI01PCGOHLT2023,DA_LIC_OP,0.0
NI01PCGOHLT2024,DA_LIC_OP,0.0
NI01PCGOHLT2022,DA_LIC_INCLAIM_INCEXP,0.0
NI01PCGOHLT2023,DA_LIC_INCLAIM_INCEXP,0.0
NI01PCGOHLT2024,DA_LIC_INCLAIM_INCEXP,0.0
NI01PCGOHLT2022,DA_LIC_CHG,0.0
NI01PCGOHLT2023,DA_LIC_CHG,0.0
NI01PCGOHLT2024,DA_LIC_CHG,0.0
NI01PCGOHLT2022,DA_LIC_CLO,0.0
NI01PCGOHLT2023,DA_LIC_CLO,0.0
NI01PCGOHLT2024,DA_LIC_CLO,0.0
NI01PCPLHLT2022,PVFC_LIC_UNWIND,0.0
NI01PCPLHLT2022,PVFC_LIC_EXP_CLAIM_CF_CY,0.0
NI01PCPLHLT2022,PVFC_LIC_EXP_ATTEXP_CY,0.0
NI01PCPLHLT2022,PVFC_LIC_EXP_CLAIM_CF_PY,-89175.10079412913
NI01PCPLHLT2022,PVFC_LIC_EXP_ATTEXP_PY,0.0
NI01PCPLHLT2022,RA_LIC_OP,2627.243548878258
NI01PCPLHLT2022,RA_LIC_UNWIND,26.864041004252844
NI01PCPLHLT2022,RA_LIC_INCLAIM,3983.731756187608
NI01PCPLHLT2022,RA_LIC_RELEASE_PY,-2590.5781462123887
NI01PCPLHLT2022,RA_LIC_DEREC,0.0
NI01PCPLHLT2022,RA_LIC_TASSCHG_PY,207.54875758382454
NI01PCPLHLT2022,RA_LIC_FASSCHG_PY,0.0
NI01PCPLHLT2022,RA_LIC_CLO,4254.809957441555
NI01PCPLHLT2023,PVFC_LIC_UNWIND,0.0
NI01PCPLHLT2023,PVFC_LIC_EXP_CLAIM_CF_CY,0.0
NI01PCPLHLT2023,PVFC_LIC_EXP_ATTEXP_CY,0.0
NI01PCPLHLT2023,PVFC_LIC_EXP_CLAIM_CF_PY,-1438425.7308363596
NI01PCPLHLT2023,PVFC_LIC_EXP_ATTEXP_PY,0.0
NI01PCPLHLT2023,RA_LIC_OP,41811.084650676945
NI01PCPLHLT2023,RA_LIC_UNWIND,427.52591131783197
NI01PCPLHLT2023,RA_LIC_INCLAIM,63398.82183921135
NI01PCPLHLT2023,RA_LIC_RELEASE_PY,-41227.57565119026
NI01PCPLHLT2023,RA_LIC_DEREC,0.0
NI01PCPLHLT2023,RA_LIC_TASSCHG_PY,3303.0202609823727
NI01PCPLHLT2023,RA_LIC_FASSCHG_PY,0.0
NI01PCPLHLT2023,RA_LIC_CLO,67712.87701099823
NI01PCPLHLT2024,PVFC_LIC_UNWIND,0.0
NI01PCPLHLT2024,PVFC_LIC_EXP_CLAIM_CF_CY,0.0
NI01PCPLHLT2024,PVFC_LIC_EXP_ATTEXP_CY,0.0
NI01PCPLHLT2024,PVFC_LIC_EXP_CLAIM_CF_PY,0.0
NI01PCPLHLT2024,PVFC_LIC_EXP_ATTEXP_PY,0.0
NI01PCPLHLT2024,RA_LIC_OP,0.0
NI01PCPLHLT2024,RA_LIC_UNWIND,0.0
NI01PCPLHLT2024,RA_LIC_INCLAIM,0.0
NI01PCPLHLT2024,RA_LIC_RELEASE_PY,0.0
NI01PCPLHLT2024,RA_LIC_DEREC,0.0
NI01PCPLHLT2024,RA_LIC_TASSCHG_PY,0.0
NI01PCPLHLT2024,RA_LIC_FASSCHG_PY,0.0
NI01PCPLHLT2024,RA_LIC_CLO,0.0
NI01PCPLHLT2022,RA_LIC_RELEASE_CY,0.0
NI01PCPLHLT2023,RA_LIC_RELEASE_CY,0.0
NI01PCPLHLT2024,RA_LIC_RELEASE_CY,0.0
NI01PCPLHLT2022,RA_LIC_FEXPVAR_CY,0.0
NI01PCPLHLT2023,RA_LIC_FEXPVAR_CY,0.0
NI01PCPLHLT2024,RA_LIC_FEXPVAR_CY,0.0
NI01PCPLHLT2022,DA_LIC_OP,0.0
NI01PCPLHLT2023,DA_LIC_OP,0.0
NI01PCPLHLT2024,DA_LIC_OP,0.0
NI01PCPLHLT2022,DA_LIC_INCLAIM_INCEXP,0.0
NI01PCPLHLT2023,DA_LIC_INCLAIM_INCEXP,0.0
NI01PCPLHLT2024,DA_LIC_INCLAIM_INCEXP,0.0
NI01PCPLHLT2022,DA_LIC_CHG,0.0
NI01PCPLHLT2023,DA_LIC_CHG,0.0
NI01PCPLHLT2024,DA_LIC_CHG,0.0
NI01PCPLHLT2022,DA_LIC_CLO,0.0
NI01PCPLHLT2023,DA_LIC_CLO,0.0
NI01PCPLHLT2024,DA_LIC_CLO,0.0
NI01PCSIHLT2022,PVFC_LIC_UNWIND,0.0
NI01PCSIHLT2022,PVFC_LIC_EXP_CLAIM_CF_CY,0.0
NI01PCSIHLT2022,PVFC_LIC_EXP_ATTEXP_CY,0.0
NI01PCSIHLT2022,PVFC_LIC_EXP_CLAIM_CF_PY,-42812.01876374133
NI01PCSIHLT2022,PVFC_LIC_EXP_ATTEXP_PY,0.0
NI01PCSIHLT2022,RA_LIC_OP,1229.2274434306357
NI01PCSIHLT2022,RA_LIC_UNWIND,12.569073186220844
NI01PCSIHLT2022,RA_LIC_INCLAIM,1544.3125499624998
NI01PCSIHLT2022,RA_LIC_RELEASE_PY,-1219.6212084802255
NI01PCSIHLT2022,RA_LIC_DEREC,0.0
NI01PCSIHLT2022,RA_LIC_TASSCHG_PY,144.50086424242807
NI01PCSIHLT2022,RA_LIC_FASSCHG_PY,0.0
NI01PCSIHLT2022,RA_LIC_CLO,1710.9887223415592
NI01PCSIHLT2023,PVFC_LIC_UNWIND,0.0
NI01PCSIHLT2023,PVFC_LIC_EXP_CLAIM_CF_CY,0.0
NI01PCSIHLT2023,PVFC_LIC_EXP_ATTEXP_CY,0.0
NI01PCSIHLT2023,PVFC_LIC_EXP_CLAIM_CF_PY,-679459.2489087587
NI01PCSIHLT2023,PVFC_LIC_EXP_ATTEXP_PY,0.0
NI01PCSIHLT2023,RA_LIC_OP,19674.8560061223
NI01PCSIHLT2023,RA_LIC_UNWIND,201.17896520365358
NI01PCSIHLT2023,RA_LIC_INCLAIM,24718.0676052603
NI01PCSIHLT2023,RA_LIC_RELEASE_PY,-19521.099847796693
NI01PCSIHLT2023,RA_LIC_DEREC,0.0
NI01PCSIHLT2023,RA_LIC_TASSCHG_PY,2312.8622061962847
NI01PCSIHLT2023,RA_LIC_FASSCHG_PY,0.0
NI01PCSIHLT2023,RA_LIC_CLO,27385.864934985842
NI01PCSIHLT2024,PVFC_LIC_UNWIND,0.0
NI01PCSIHLT2024,PVFC_LIC_EXP_CLAIM_CF_CY,0.0
NI01PCSIHLT2024,PVFC_LIC_EXP_ATTEXP_CY,0.0
NI01PCSIHLT2024,PVFC_LIC_EXP_CLAIM_CF_PY,0.0
NI01PCSIHLT2024,PVFC_LIC_EXP_ATTEXP_PY,0.0
NI01PCSIHLT2024,RA_LIC_OP,0.0
NI01PCSIHLT2024,RA_LIC_UNWIND,0.0
NI01PCSIHLT2024,RA_LIC_INCLAIM,0.0
NI01PCSIHLT2024,RA_LIC_RELEASE_PY,0.0
NI01PCSIHLT2024,RA_LIC_DEREC,0.0
NI01PCSIHLT2024,RA_LIC_TASSCHG_PY,0.0
NI01PCSIHLT2024,RA_LIC_FASSCHG_PY,0.0
NI01PCSIHLT2024,RA_LIC_CLO,0.0
NI01PCSIHLT2022,RA_LIC_RELEASE_CY,0.0
NI01PCSIHLT2023,RA_LIC_RELEASE_CY,0.0
NI01PCSIHLT2024,RA_LIC_RELEASE_CY,0.0
NI01PCSIHLT2022,RA_LIC_FEXPVAR_CY,0.0
NI01PCSIHLT2023,RA_LIC_FEXPVAR_CY,0.0
NI01PCSIHLT2024,RA_LIC_FEXPVAR_CY,0.0
NI01PCSIHLT2022,DA_LIC_OP,0.0
NI01PCSIHLT2023,DA_LIC_OP,0.0
NI01PCSIHLT2024,DA_LIC_OP,0.0
NI01PCSIHLT2022,DA_LIC_INCLAIM_INCEXP,0.0
NI01PCSIHLT2023,DA_LIC_INCLAIM_INCEXP,0.0
NI01PCSIHLT2024,DA_LIC_INCLAIM_INCEXP,0.0
NI01PCSIHLT2022,DA_LIC_CHG,0.0
NI01PCSIHLT2023,DA_LIC_CHG,0.0
NI01PCSIHLT2024,DA_LIC_CHG,0.0
NI01PCSIHLT2022,DA_LIC_CLO,0.0
NI01PCSIHLT2023,DA_LIC_CLO,0.0
NI01PCSIHLT2024,DA_LIC_CLO,0.0
NI01PIMEHLT2022,PVFC_LIC_UNWIND,0.0
NI01PIMEHLT2022,PVFC_LIC_EXP_CLAIM_CF_CY,0.0
NI01PIMEHLT2022,PVFC_LIC_EXP_ATTEXP_CY,0.0
NI01PIMEHLT2022,PVFC_LIC_EXP_CLAIM_CF_PY,-15245.720051358152
NI01PIMEHLT2022,PVFC_LIC_EXP_ATTEXP_PY,0.0
NI01PIMEHLT2022,RA_LIC_OP,439.9990536136913
NI01PIMEHLT2022,RA_LIC_UNWIND,4.4990699941610455
NI01PIMEHLT2022,RA_LIC_INCLAIM,758.0996373272541
NI01PIMEHLT2022,RA_LIC_RELEASE_PY,-438.1829078980291
NI01PIMEHLT2022,RA_LIC_DEREC,0.0
NI01PIMEHLT2022,RA_LIC_TASSCHG_PY,44.91782045236137
NI01PIMEHLT2022,RA_LIC_FASSCHG_PY,0.0
NI01PIMEHLT2022,RA_LIC_CLO,809.3326734894383
NI01PIMEHLT2023,PVFC_LIC_UNWIND,0.0
NI01PIMEHLT2023,PVFC_LIC_EXP_CLAIM_CF_CY,0.0
NI01PIMEHLT2023,PVFC_LIC_EXP_ATTEXP_CY,0.0
NI01PIMEHLT2023,PVFC_LIC_EXP_CLAIM_CF_PY,-233861.41539279584
NI01PIMEHLT2023,PVFC_LIC_EXP_ATTEXP_PY,0.0
NI01PIMEHLT2023,RA_LIC_OP,6742.902576086934
NI01PIMEHLT2023,RA_LIC_UNWIND,68.94739978295252
NI01PIMEHLT2023,RA_LIC_INCLAIM,11617.734073474945
NI01PIMEHLT2023,RA_LIC_RELEASE_PY,-6715.070485258302
NI01PIMEHLT2023,RA_LIC_DEREC,0.0
NI01PIMEHLT2023,RA_LIC_TASSCHG_PY,688.3571333913735
NI01PIMEHLT2023,RA_LIC_FASSCHG_PY,0.0
NI01PIMEHLT2023,RA_LIC_CLO,12402.8706974779
NI01PIMEHLT2024,PVFC_LIC_UNWIND,0.0
NI01PIMEHLT2024,PVFC_LIC_EXP_CLAIM_CF_CY,0.0
NI01PIMEHLT2024,PVFC_LIC_EXP_ATTEXP_CY,0.0
NI01PIMEHLT2024,PVFC_LIC_EXP_CLAIM_CF_PY,0.0
NI01PIMEHLT2024,PVFC_LIC_EXP_ATTEXP_PY,0.0
NI01PIMEHLT2024,RA_LIC_OP,0.0
NI01PIMEHLT2024,RA_LIC_UNWIND,0.0
NI01PIMEHLT2024,RA_LIC_INCLAIM,0.0
NI01PIMEHLT2024,RA_LIC_RELEASE_PY,0.0
NI01PIMEHLT2024,RA_LIC_DEREC,0.0
NI01PIMEHLT2024,RA_LIC_TASSCHG_PY,0.0
NI01PIMEHLT2024,RA_LIC_FASSCHG_PY,0.0
NI01PIMEHLT2024,RA_LIC_CLO,0.0
NI01PIMEHLT2022,RA_LIC_RELEASE_CY,0.0
NI01PIMEHLT2023,RA_LIC_RELEASE_CY,0.0
NI01PIMEHLT2024,RA_LIC_RELEASE_CY,0.0
NI01PIMEHLT2022,RA_LIC_FEXPVAR_CY,0.0
NI01PIMEHLT2023,RA_LIC_FEXPVAR_CY,0.0
NI01PIMEHLT2024,RA_LIC_FEXPVAR_CY,0.0
NI01PIMEHLT2022,DA_LIC_OP,0.0
NI01PIMEHLT2023,DA_LIC_OP,0.0
NI01PIMEHLT2024,DA_LIC_OP,0.0
NI01PIMEHLT2022,DA_LIC_INCLAIM_INCEXP,0.0
NI01PIMEHLT2023,DA_LIC_INCLAIM_INCEXP,0.0
NI01PIMEHLT2024,DA_LIC_INCLAIM_INCEXP,0.0
NI01PIMEHLT2022,DA_LIC_CHG,0.0
NI01PIMEHLT2023,DA_LIC_CHG,0.0
NI01PIMEHLT2024,DA_LIC_CHG,0.0
NI01PIMEHLT2022,DA_LIC_CLO,0.0
NI01PIMEHLT2023,DA_LIC_CLO,0.0
NI01PIMEHLT2024,DA_LIC_CLO,0.0
NI01PPBRHLT2022,PVFC_LIC_UNWIND,0.0
NI01PPBRHLT2022,PVFC_LIC_EXP_CLAIM_CF_CY,0.0
NI01PPBRHLT2022,PVFC_LIC_EXP_ATTEXP_CY,0.0
NI01PPBRHLT2022,PVFC_LIC_EXP_CLAIM_CF_PY,-882.7031199718517
NI01PPBRHLT2022,PVFC_LIC_EXP_ATTEXP_PY,0.0
NI01PPBRHLT2022,RA_LIC_OP,25.23320722433311
NI01PPBRHLT2022,RA_LIC_UNWIND,0.25801411286469195
NI01PPBRHLT2022,RA_LIC_INCLAIM,19.824068998234914
NI01PPBRHLT2022,RA_LIC_RELEASE_PY,-24.99811307269401
NI01PPBRHLT2022,RA_LIC_DEREC,0.0
NI01PPBRHLT2022,RA_LIC_TASSCHG_PY,0.7457755717012584
NI01PPBRHLT2022,RA_LIC_FASSCHG_PY,0.0
NI01PPBRHLT2022,RA_LIC_CLO,21.062952834439958
NI01PPBRHLT2023,PVFC_LIC_UNWIND,0.0
NI01PPBRHLT2023,PVFC_LIC_EXP_CLAIM_CF_CY,0.0
NI01PPBRHLT2023,PVFC_LIC_EXP_ATTEXP_CY,0.0
NI01PPBRHLT2023,PVFC_LIC_EXP_CLAIM_CF_PY,-13569.903380563925
NI01PPBRHLT2023,PVFC_LIC_EXP_ATTEXP_PY,0.0
NI01PPBRHLT2023,RA_LIC_OP,392.5524578604565
NI01PPBRHLT2023,RA_LIC_UNWIND,4.013919961393133
NI01PPBRHLT2023,RA_LIC_INCLAIM,308.402611719845
NI01PPBRHLT2023,RA_LIC_RELEASE_PY,-388.8951032390609
NI01PPBRHLT2023,RA_LIC_DEREC,0.0
NI01PPBRHLT2023,RA_LIC_TASSCHG_PY,11.602014404308576
NI01PPBRHLT2023,RA_LIC_FASSCHG_PY,0.0
NI01PPBRHLT2023,RA_LIC_CLO,327.6759007069423
NI01PPBRHLT2024,PVFC_LIC_UNWIND,0.0
NI01PPBRHLT2024,PVFC_LIC_EXP_CLAIM_CF_CY,0.0
NI01PPBRHLT2024,PVFC_LIC_EXP_ATTEXP_CY,0.0
NI01PPBRHLT2024,PVFC_LIC_EXP_CLAIM_CF_PY,0.0
NI01PPBRHLT2024,PVFC_LIC_EXP_ATTEXP_PY,0.0
NI01PPBRHLT2024,RA_LIC_OP,0.0
NI01PPBRHLT2024,RA_LIC_UNWIND,0.0
NI01PPBRHLT2024,RA_LIC_INCLAIM,0.0
NI01PPBRHLT2024,RA_LIC_RELEASE_PY,0.0
NI01PPBRHLT2024,RA_LIC_DEREC,0.0
NI01PPBRHLT2024,RA_LIC_TASSCHG_PY,0.0
NI01PPBRHLT2024,RA_LIC_FASSCHG_PY,0.0
NI01PPBRHLT2024,RA_LIC_CLO,0.0
NI01PPBRHLT2022,RA_LIC_RELEASE_CY,0.0
NI01PPBRHLT2023,RA_LIC_RELEASE_CY,0.0
NI01PPBRHLT2024,RA_LIC_RELEASE_CY,0.0
NI01PPBRHLT2022,RA_LIC_FEXPVAR_CY,0.0
NI01PPBRHLT2023,RA_LIC_FEXPVAR_CY,0.0
NI01PPBRHLT2024,RA_LIC_FEXPVAR_CY,0.0
NI01PPBRHLT2022,DA_LIC_OP,0.0
NI01PPBRHLT2023,DA_LIC_OP,0.0
NI01PPBRHLT2024,DA_LIC_OP,0.0
NI01PPBRHLT2022,DA_LIC_INCLAIM_INCEXP,0.0
NI01PPBRHLT2023,DA_LIC_INCLAIM_INCEXP,0.0
NI01PPBRHLT2024,DA_LIC_INCLAIM_INCEXP,0.0
NI01PPBRHLT2022,DA_LIC_CHG,0.0
NI01PPBRHLT2023,DA_LIC_CHG,0.0
NI01PPBRHLT2024,DA_LIC_CHG,0.0
NI01PPBRHLT2022,DA_LIC_CLO,0.0
NI01PPBRHLT2023,DA_LIC_CLO,0.0
NI01PPBRHLT2024,DA_LIC_CLO,0.0
NI01PPGOHLT2022,PVFC_LIC_UNWIND,0.0
NI01PPGOHLT2022,PVFC_LIC_EXP_CLAIM_CF_CY,0.0
NI01PPGOHLT2022,PVFC_LIC_EXP_ATTEXP_CY,0.0
NI01PPGOHLT2022,PVFC_LIC_EXP_CLAIM_CF_PY,-3260.9560623430953
NI01PPGOHLT2022,PVFC_LIC_EXP_ATTEXP_PY,0.0
NI01PPGOHLT2022,RA_LIC_OP,93.38111817690796
NI01PPGOHLT2022,RA_LIC_UNWIND,0.9548388419485068
NI01PPGOHLT2022,RA_LIC_INCLAIM,102.83770300786905
NI01PPGOHLT2022,RA_LIC_RELEASE_PY,-93.84887335328266
NI01PPGOHLT2022,RA_LIC_DEREC,0.0
NI01PPGOHLT2022,RA_LIC_TASSCHG_PY,6.50075591919194
NI01PPGOHLT2022,RA_LIC_FASSCHG_PY,0.0
NI01PPGOHLT2022,RA_LIC_CLO,109.82554259263482
NI01PPGOHLT2023,PVFC_LIC_UNWIND,0.0
NI01PPGOHLT2023,PVFC_LIC_EXP_CLAIM_CF_CY,0.0
NI01PPGOHLT2023,PVFC_LIC_EXP_ATTEXP_CY,0.0
NI01PPGOHLT2023,PVFC_LIC_EXP_CLAIM_CF_PY,-51229.07945544623
NI01PPGOHLT2023,PVFC_LIC_EXP_ATTEXP_PY,0.0
NI01PPGOHLT2023,RA_LIC_OP,1464.271651087945
NI01PPGOHLT2023,RA_LIC_UNWIND,14.97244276914844
NI01PPGOHLT2023,RA_LIC_INCLAIM,1612.5565437345704
NI01PPGOHLT2023,RA_LIC_RELEASE_PY,-1471.606331350796
NI01PPGOHLT2023,RA_LIC_DEREC,0.0
NI01PPGOHLT2023,RA_LIC_TASSCHG_PY,101.93573164418177
NI01PPGOHLT2023,RA_LIC_FASSCHG_PY,0.0
NI01PPGOHLT2023,RA_LIC_CLO,1722.1300378850501
NI01PPGOHLT2024,PVFC_LIC_UNWIND,0.0
NI01PPGOHLT2024,PVFC_LIC_EXP_CLAIM_CF_CY,0.0
NI01PPGOHLT2024,PVFC_LIC_EXP_ATTEXP_CY,0.0
NI01PPGOHLT2024,PVFC_LIC_EXP_CLAIM_CF_PY,0.0
NI01PPGOHLT2024,PVFC_LIC_EXP_ATTEXP_PY,0.0
NI01PPGOHLT2024,RA_LIC_OP,0.0
NI01PPGOHLT2024,RA_LIC_UNWIND,0.0
NI01PPGOHLT2024,RA_LIC_INCLAIM,0.0
NI01PPGOHLT2024,RA_LIC_RELEASE_PY,0.0
NI01PPGOHLT2024,RA_LIC_DEREC,0.0
NI01PPGOHLT2024,RA_LIC_TASSCHG_PY,0.0
NI01PPGOHLT2024,RA_LIC_FASSCHG_PY,0.0
NI01PPGOHLT2024,RA_LIC_CLO,0.0
NI01PPGOHLT2022,RA_LIC_RELEASE_CY,0.0
NI01PPGOHLT2023,RA_LIC_RELEASE_CY,0.0
NI01PPGOHLT2024,RA_LIC_RELEASE_CY,0.0
NI01PPGOHLT2022,RA_LIC_FEXPVAR_CY,0.0
NI01PPGOHLT2023,RA_LIC_FEXPVAR_CY,0.0
NI01PPGOHLT2024,RA_LIC_FEXPVAR_CY,0.0
NI01PPGOHLT2022,DA_LIC_OP,0.0
NI01PPGOHLT2023,DA_LIC_OP,0.0
NI01PPGOHLT2024,DA_LIC_OP,0.0
NI01PPGOHLT2022,DA_LIC_INCLAIM_INCEXP,0.0
NI01PPGOHLT2023,DA_LIC_INCLAIM_INCEXP,0.0
NI01PPGOHLT2024,DA_LIC_INCLAIM_INCEXP,0.0
NI01PPGOHLT2022,DA_LIC_CHG,0.0
NI01PPGOHLT2023,DA_LIC_CHG,0.0
NI01PPGOHLT2024,DA_LIC_CHG,0.0
NI01PPGOHLT2022,DA_LIC_CLO,0.0
NI01PPGOHLT2023,DA_LIC_CLO,0.0
NI01PPGOHLT2024,DA_LIC_CLO,0.0
NI01PPPLHLT2022,PVFC_LIC_UNWIND,0.0
NI01PPPLHLT2022,PVFC_LIC_EXP_CLAIM_CF_CY,0.0
NI01PPPLHLT2022,PVFC_LIC_EXP_ATTEXP_CY,0.0
NI01PPPLHLT2022,PVFC_LIC_EXP_CLAIM_CF_PY,-3620.5463350623595
NI01PPPLHLT2022,PVFC_LIC_EXP_ATTEXP_PY,0.0
NI01PPPLHLT2022,RA_LIC_OP,103.68218165728709
NI01PPPLHLT2022,RA_LIC_UNWIND,1.0601690812567106
NI01PPPLHLT2022,RA_LIC_INCLAIM,63.60780373477077
NI01PPPLHLT2022,RA_LIC_RELEASE_PY,-104.50783963308845
NI01PPPLHLT2022,RA_LIC_DEREC,0.0
NI01PPPLHLT2022,RA_LIC_TASSCHG_PY,21.41782150360568
NI01PPPLHLT2022,RA_LIC_FASSCHG_PY,0.0
NI01PPPLHLT2022,RA_LIC_CLO,85.26013634383182
NI01PPPLHLT2023,PVFC_LIC_UNWIND,0.0
NI01PPPLHLT2023,PVFC_LIC_EXP_CLAIM_CF_CY,0.0
NI01PPPLHLT2023,PVFC_LIC_EXP_ATTEXP_CY,0.0
NI01PPPLHLT2023,PVFC_LIC_EXP_CLAIM_CF_PY,-55723.15280812799
NI01PPPLHLT2023,PVFC_LIC_EXP_ATTEXP_PY,0.0
NI01PPPLHLT2023,RA_LIC_OP,1588.7070193894417
NI01PPPLHLT2023,RA_LIC_UNWIND,16.24481694163709
NI01PPPLHLT2023,RA_LIC_INCLAIM,974.6531435401552
NI01PPPLHLT2023,RA_LIC_RELEASE_PY,-1601.3584567030036
NI01PPPLHLT2023,RA_LIC_DEREC,0.0
NI01PPPLHLT2023,RA_LIC_TASSCHG_PY,328.1821699632125
NI01PPPLHLT2023,RA_LIC_FASSCHG_PY,0.0
NI01PPPLHLT2023,RA_LIC_CLO,1306.428693131443
NI01PPPLHLT2024,PVFC_LIC_UNWIND,0.0
NI01PPPLHLT2024,PVFC_LIC_EXP_CLAIM_CF_CY,0.0
NI01PPPLHLT2024,PVFC_LIC_EXP_ATTEXP_CY,0.0
NI01PPPLHLT2024,PVFC_LIC_EXP_CLAIM_CF_PY,0.0
NI01PPPLHLT2024,PVFC_LIC_EXP_ATTEXP_PY,0.0
NI01PPPLHLT2024,RA_LIC_OP,0.0
NI01PPPLHLT2024,RA_LIC_UNWIND,0.0
NI01PPPLHLT2024,RA_LIC_INCLAIM,0.0
NI01PPPLHLT2024,RA_LIC_RELEASE_PY,0.0
NI01PPPLHLT2024,RA_LIC_DEREC,0.0
NI01PPPLHLT2024,RA_LIC_TASSCHG_PY,0.0
NI01PPPLHLT2024,RA_LIC_FASSCHG_PY,0.0
NI01PPPLHLT2024,RA_LIC_CLO,0.0
NI01PPPLHLT2022,RA_LIC_RELEASE_CY,0.0
NI01PPPLHLT2023,RA_LIC_RELEASE_CY,0.0
NI01PPPLHLT2024,RA_LIC_RELEASE_CY,0.0
NI01PPPLHLT2022,RA_LIC_FEXPVAR_CY,0.0
NI01PPPLHLT2023,RA_LIC_FEXPVAR_CY,0.0
NI01PPPLHLT2024,RA_LIC_FEXPVAR_CY,0.0
NI01PPPLHLT2022,DA_LIC_OP,0.0
NI01PPPLHLT2023,DA_LIC_OP,0.0
NI01PPPLHLT2024,DA_LIC_OP,0.0
NI01PPPLHLT2022,DA_LIC_INCLAIM_INCEXP,0.0
NI01PPPLHLT2023,DA_LIC_INCLAIM_INCEXP,0.0
NI01PPPLHLT2024,DA_LIC_INCLAIM_INCEXP,0.0
NI01PPPLHLT2022,DA_LIC_CHG,0.0
NI01PPPLHLT2023,DA_LIC_CHG,0.0
NI01PPPLHLT2024,DA_LIC_CHG,0.0
NI01PPPLHLT2022,DA_LIC_CLO,0.0
NI01PPPLHLT2023,DA_LIC_CLO,0.0
NI01PPPLHLT2024,DA_LIC_CLO,0.0
NI01PPSIHLT2022,PVFC_LIC_UNWIND,0.0
NI01PPSIHLT2022,PVFC_LIC_EXP_CLAIM_CF_CY,0.0
NI01PPSIHLT2022,PVFC_LIC_EXP_ATTEXP_CY,0.0
NI01PPSIHLT2022,PVFC_LIC_EXP_CLAIM_CF_PY,-1203.9991127277408
NI01PPSIHLT2022,PVFC_LIC_EXP_ATTEXP_PY,0.0
NI01PPSIHLT2022,RA_LIC_OP,34.46930220357514
NI01PPSIHLT2022,RA_LIC_UNWIND,0.35245485641416163
NI01PPSIHLT2022,RA_LIC_INCLAIM,38.09507831698482
NI01PPSIHLT2022,RA_LIC_RELEASE_PY,-34.01479267237517
NI01PPSIHLT2022,RA_LIC_DEREC,0.0
NI01PPSIHLT2022,RA_LIC_TASSCHG_PY,-0.4031089040152704
NI01PPSIHLT2022,RA_LIC_FASSCHG_PY,0.0
NI01PPSIHLT2022,RA_LIC_CLO,38.49893380058369
NI01PPSIHLT2023,PVFC_LIC_UNWIND,0.0
NI01PPSIHLT2023,PVFC_LIC_EXP_CLAIM_CF_CY,0.0
NI01PPSIHLT2023,PVFC_LIC_EXP_ATTEXP_CY,0.0
NI01PPSIHLT2023,PVFC_LIC_EXP_CLAIM_CF_PY,-18593.71564382189
NI01PPSIHLT2023,PVFC_LIC_EXP_ATTEXP_PY,0.0
NI01PPSIHLT2023,RA_LIC_OP,540.4510501746639
NI01PPSIHLT2023,RA_LIC_UNWIND,5.526209847916128
NI01PPSIHLT2023,RA_LIC_INCLAIM,597.3003155475853
NI01PPSIHLT2023,RA_LIC_RELEASE_PY,-533.32470476736
NI01PPSIHLT2023,RA_LIC_DEREC,0.0
NI01PPSIHLT2023,RA_LIC_TASSCHG_PY,-6.320424742663176
NI01PPSIHLT2023,RA_LIC_FASSCHG_PY,0.0
NI01PPSIHLT2023,RA_LIC_CLO,603.6324460601422
NI01PPSIHLT2024,PVFC_LIC_UNWIND,0.0
NI01PPSIHLT2024,PVFC_LIC_EXP_CLAIM_CF_CY,0.0
NI01PPSIHLT2024,PVFC_LIC_EXP_ATTEXP_CY,0.0
NI01PPSIHLT2024,PVFC_LIC_EXP_CLAIM_CF_PY,0.0
NI01PPSIHLT2024,PVFC_LIC_EXP_ATTEXP_PY,0.0
NI01PPSIHLT2024,RA_LIC_OP,0.0
NI01PPSIHLT2024,RA_LIC_UNWIND,0.0
NI01PPSIHLT2024,RA_LIC_INCLAIM,0.0
NI01PPSIHLT2024,RA_LIC_RELEASE_PY,0.0
NI01PPSIHLT2024,RA_LIC_DEREC,0.0
NI01PPSIHLT2024,RA_LIC_TASSCHG_PY,0.0
NI01PPSIHLT2024,RA_LIC_FASSCHG_PY,0.0
NI01PPSIHLT2024,RA_LIC_CLO,0.0
NI01PPSIHLT2022,RA_LIC_RELEASE_CY,0.0
NI01PPSIHLT2023,RA_LIC_RELEASE_CY,0.0
NI01PPSIHLT2024,RA_LIC_RELEASE_CY,0.0
NI01PPSIHLT2022,RA_LIC_FEXPVAR_CY,0.0
NI01PPSIHLT2023,RA_LIC_FEXPVAR_CY,0.0
NI01PPSIHLT2024,RA_LIC_FEXPVAR_CY,0.0
NI01PPSIHLT2022,DA_LIC_OP,0.0
NI01PPSIHLT2023,DA_LIC_OP,0.0
NI01PPSIHLT2024,DA_LIC_OP,0.0
NI01PPSIHLT2022,DA_LIC_INCLAIM_INCEXP,0.0
NI01PPSIHLT2023,DA_LIC_INCLAIM_INCEXP,0.0
NI01PPSIHLT2024,DA_LIC_INCLAIM_INCEXP,0.0
NI01PPSIHLT2022,DA_LIC_CHG,0.0
NI01PPSIHLT2023,DA_LIC_CHG,0.0
NI01PPSIHLT2024,DA_LIC_CHG,0.0
NI01PPSIHLT2022,DA_LIC_CLO,0.0
NI01PPSIHLT2023,DA_LIC_CLO,0.0
NI01PPSIHLT2024,DA_LIC_CLO,0.0
NI01PIMEDQS2022,PVFC_LIC_UNWIND,0.0
NI01PIMEDQS2022,PVFC_LIC_EXP_CLAIM_CF_CY,0.0
NI01PIMEDQS2022,PVFC_LIC_EXP_ATTEXP_CY,0.0
NI01PIMEDQS2022,PVFC_LIC_EXP_CLAIM_CF_PY,15704.192231010918
NI01PIMEDQS2022,PVFC_LIC_EXP_ATTEXP_PY,0.0
NI01PIMEDQS2022,RA_LIC_OP,-142.92164358276568
NI01PIMEDQS2022,RA_LIC_UNWIND,-1.461399684563739
NI01PIMEDQS2022,RA_LIC_INCLAIM,-217.73237623191028
NI01PIMEDQS2022,RA_LIC_RELEASE_PY,143.17311157458656
NI01PIMEDQS2022,RA_LIC_DEREC,0.0
NI01PIMEDQS2022,RA_LIC_TASSCHG_PY,-41.979427257371555
NI01PIMEDQS2022,RA_LIC_FASSCHG_PY,0.0
NI01PIMEDQS2022,RA_LIC_CLO,-260.92173518202475
NI01PIMEDQS2023,PVFC_LIC_UNWIND,0.0
NI01PIMEDQS2023,PVFC_LIC_EXP_CLAIM_CF_CY,0.0
NI01PIMEDQS2023,PVFC_LIC_EXP_ATTEXP_CY,0.0
NI01PIMEDQS2023,PVFC_LIC_EXP_CLAIM_CF_PY,300984.4225544917
NI01PIMEDQS2023,PVFC_LIC_EXP_ATTEXP_PY,0.0
NI01PIMEDQS2023,RA_LIC_OP,-2741.247962117386
NI01PIMEDQS2023,RA_LIC_UNWIND,-28.029756772489375
NI01PIMEDQS2023,RA_LIC_INCLAIM,-4176.123487462276
NI01PIMEDQS2023,RA_LIC_RELEASE_PY,2746.071137270122
NI01PIMEDQS2023,RA_LIC_DEREC,0.0
NI01PIMEDQS2023,RA_LIC_TASSCHG_PY,-805.1685982290323
NI01PIMEDQS2023,RA_LIC_FASSCHG_PY,0.0
NI01PIMEDQS2023,RA_LIC_CLO,-5004.4986673110625
NI01PIMEDQS2024,PVFC_LIC_UNWIND,0.0
NI01PIMEDQS2024,PVFC_LIC_EXP_CLAIM_CF_CY,0.0
NI01PIMEDQS2024,PVFC_LIC_EXP_ATTEXP_CY,0.0
NI01PIMEDQS2024,PVFC_LIC_EXP_CLAIM_CF_PY,0.0
NI01PIMEDQS2024,PVFC_LIC_EXP_ATTEXP_PY,0.0
NI01PIMEDQS2024,RA_LIC_OP,0.0
NI01PIMEDQS2024,RA_LIC_UNWIND,0.0
NI01PIMEDQS2024,RA_LIC_INCLAIM,0.0
NI01PIMEDQS2024,RA_LIC_RELEASE_PY,0.0
NI01PIMEDQS2024,RA_LIC_DEREC,0.0
NI01PIMEDQS2024,RA_LIC_TASSCHG_PY,0.0
NI01PIMEDQS2024,RA_LIC_FASSCHG_PY,0.0
NI01PIMEDQS2024,RA_LIC_CLO,0.0
NI01PIMEDQS2022,RA_LIC_RELEASE_CY,0.0
NI01PIMEDQS2023,RA_LIC_RELEASE_CY,0.0
NI01PIMEDQS2024,RA_LIC_RELEASE_CY,0.0
NI01PIMEDQS2022,RA_LIC_FEXPVAR_CY,0.0
NI01PIMEDQS2023,RA_LIC_FEXPVAR_CY,0.0
NI01PIMEDQS2024,RA_LIC_FEXPVAR_CY,0.0
NI01PIMEDQS2022,DA_LIC_OP,1.8943460301715471
NI01PIMEDQS2023,DA_LIC_OP,36.333700512936865
NI01PIMEDQS2024,DA_LIC_OP,0.0
NI01PIMEDQS2022,DA_LIC_INCLAIM_INCEXP,4.472739631445772
NI01PIMEDQS2023,DA_LIC_INCLAIM_INCEXP,85.78748531311234
NI01PIMEDQS2024,DA_LIC_INCLAIM_INCEXP,0.0
NI01PIMEDQS2022,DA_LIC_CHG,-0.8305600306251435
NI01PIMEDQS2023,DA_LIC_CHG,-15.930204371382379
NI01PIMEDQS2024,DA_LIC_CHG,0.0
NI01PIMEDQS2022,DA_LIC_CLO,5.536525630992176
NI01PIMEDQS2023,DA_LIC_CLO,106.19098145466683
NI01PIMEDQS2024,DA_LIC_CLO,0.0
