GOC_ID,STEP_ID,1
NI01PCBCHLT2022,PVFC_LIC_UNWIND,0.0
NI01PCBCHLT2022,PVFC_LIC_EXP_CLAIM_CF_CY,0.0
NI01PCBCHLT2022,PVFC_LIC_EXP_ATTEXP_CY,0.0
NI01PCBCHLT2022,PVFC_LIC_EXP_CLAIM_CF_PY,-5148.962194199048
NI01PCBCHLT2022,PVFC_LIC_EXP_ATTEXP_PY,0.0
NI01PCBCHLT2022,RA_LIC_OP,140.25482867768005
NI01PCBCHLT2022,RA_LIC_UNWIND,2.681873808556788
NI01PCBCHLT2022,RA_LIC_INCLAIM,719.2022515917189
NI01PCBCHLT2022,RA_LIC_RELEASE_PY,-142.92873145587265
NI01PCBCHLT2022,RA_LIC_DEREC,0.0
NI01PCBCHLT2022,RA_LIC_TASSCHG_PY,123.29298289923749
NI01PCBCHLT2022,RA_LIC_FASSCHG_PY,0.0
NI01PCBCHLT2022,RA_LIC_CLO,842.5032055213206
NI01PCBCHLT2023,PVFC_LIC_UNWIND,0.0
NI01PCBCHLT2023,PVFC_LIC_EXP_CLAIM_CF_CY,0.0
NI01PCBCHLT2023,PVFC_LIC_EXP_ATTEXP_CY,0.0
NI01PCBCHLT2023,PVFC_LIC_EXP_CLAIM_CF_PY,-78832.10049276067
NI01PCBCHLT2023,PVFC_LIC_EXP_ATTEXP_PY,0.0
NI01PCBCHLT2023,RA_LIC_OP,2127.499252772891
NI01PCBCHLT2023,RA_LIC_UNWIND,40.68084198974711
NI01PCBCHLT2023,RA_LIC_INCLAIM,10909.444382626529
NI01PCBCHLT2023,RA_LIC_RELEASE_PY,-2168.0591836945237
NI01PCBCHLT2023,RA_LIC_DEREC,0.0
NI01PCBCHLT2023,RA_LIC_TASSCHG_PY,1870.2081879339353
NI01PCBCHLT2023,RA_LIC_FASSCHG_PY,0.0
NI01PCBCHLT2023,RA_LIC_CLO,12779.77348162858
NI01PCBCHLT2024,PVFC_LIC_UNWIND,0.0
NI01PCBCHLT2024,PVFC_LIC_EXP_CLAIM_CF_CY,0.0
NI01PCBCHLT2024,PVFC_LIC_EXP_ATTEXP_CY,0.0
NI01PCBCHLT2024,PVFC_LIC_EXP_CLAIM_CF_PY,0.0
NI01PCBCHLT2024,PVFC_LIC_EXP_ATTEXP_PY,0.0
NI01PCBCHLT2024,RA_LIC_OP,0.0
NI01PCBCHLT2024,RA_LIC_UNWIND,0.0
NI01PCBCHLT2024,RA_LIC_INCLAIM,0.0
NI01PCBCHLT2024,RA_LIC_RELEASE_PY,0.0
NI01PCBCHLT2024,RA_LIC_DEREC,0.0
NI01PCBCHLT2024,RA_LIC_TASSCHG_PY,0.0
NI01PCBCHLT2024,RA_LIC_FASSCHG_PY,0.0
NI01PCBCHLT2024,RA_LIC_CLO,0.0
NI01PCBCHLT2022,RA_LIC_RELEASE_CY,0.0
NI01PCBCHLT2023,RA_LIC_RELEASE_CY,0.0
NI01PCBCHLT2024,RA_LIC_RELEASE_CY,0.0
NI01PCBCHLT2022,RA_LIC_FEXPVAR_CY,0.0
NI01PCBCHLT2023,RA_LIC_FEXPVAR_CY,0.0
NI01PCBCHLT2024,RA_LIC_FEXPVAR_CY,0.0
NI01PCBCHLT2022,DA_LIC_OP,0.0
NI01PCBCHLT2023,DA_LIC_OP,0.0
NI01PCBCHLT2024,DA_LIC_OP,0.0
NI01PCBCHLT2022,DA_LIC_INCLAIM_INCEXP,0.0
NI01PCBCHLT2023,DA_LIC_INCLAIM_INCEXP,0.0
NI01PCBCHLT2024,DA_LIC_INCLAIM_INCEXP,0.0
NI01PCBCHLT2022,DA_LIC_CHG,0.0
NI01PCBCHLT2023,DA_LIC_CHG,0.0
NI01PCBCHLT2024,DA_LIC_CHG,0.0
NI01PCBCHLT2022,DA_LIC_CLO,0.0
NI01PCBCHLT2023,DA_LIC_CLO,0.0
NI01PCBCHLT2024,DA_LIC_CLO,0.0
NI01PCBRHLT2022,PVFC_LIC_UNWIND,0.0
NI01PCBRHLT2022,PVFC_LIC_EXP_CLAIM_CF_CY,0.0
NI01PCBRHLT2022,PVFC_LIC_EXP_ATTEXP_CY,0.0
NI01PCBRHLT2022,PVFC_LIC_EXP_CLAIM_CF_PY,-23440.892418794014
NI01PCBRHLT2022,PVFC_LIC_EXP_ATTEXP_PY,0.0
NI01PCBRHLT2022,RA_LIC_OP,637.2592407210007
NI01PCBRHLT2022,RA_LIC_UNWIND,12.261174239013158
NI01PCBRHLT2022,RA_LIC_INCLAIM,682.7477193987856
NI01PCBRHLT2022,RA_LIC_RELEASE_PY,-646.340447523407
NI01PCBRHLT2022,RA_LIC_DEREC,0.0
NI01PCBRHLT2022,RA_LIC_TASSCHG_PY,83.06902362368504
NI01PCBRHLT2022,RA_LIC_FASSCHG_PY,0.0
NI01PCBRHLT2022,RA_LIC_CLO,768.9967104590778
NI01PCBRHLT2023,PVFC_LIC_UNWIND,0.0
NI01PCBRHLT2023,PVFC_LIC_EXP_CLAIM_CF_CY,0.0
NI01PCBRHLT2023,PVFC_LIC_EXP_ATTEXP_CY,0.0
NI01PCBRHLT2023,PVFC_LIC_EXP_CLAIM_CF_PY,-383699.4762805608
NI01PCBRHLT2023,PVFC_LIC_EXP_ATTEXP_PY,0.0
NI01PCBRHLT2023,RA_LIC_OP,10407.817157418127
NI01PCBRHLT2023,RA_LIC_UNWIND,200.251407057688
NI01PCBRHLT2023,RA_LIC_INCLAIM,11150.742074931837
NI01PCBRHLT2023,RA_LIC_RELEASE_PY,-10556.13284109689
NI01PCBRHLT2023,RA_LIC_DEREC,0.0
NI01PCBRHLT2023,RA_LIC_TASSCHG_PY,1356.696229845772
NI01PCBRHLT2023,RA_LIC_FASSCHG_PY,0.0
NI01PCBRHLT2023,RA_LIC_CLO,12559.374028156533
NI01PCBRHLT2024,PVFC_LIC_UNWIND,0.0
NI01PCBRHLT2024,PVFC_LIC_EXP_CLAIM_CF_CY,0.0
NI01PCBRHLT2024,PVFC_LIC_EXP_ATTEXP_CY,0.0
NI01PCBRHLT2024,PVFC_LIC_EXP_CLAIM_CF_PY,0.0
NI01PCBRHLT2024,PVFC_LIC_EXP_ATTEXP_PY,0.0
NI01PCBRHLT2024,RA_LIC_OP,0.0
NI01PCBRHLT2024,RA_LIC_UNWIND,0.0
NI01PCBRHLT2024,RA_LIC_INCLAIM,0.0
NI01PCBRHLT2024,RA_LIC_RELEASE_PY,0.0
NI01PCBRHLT2024,RA_LIC_DEREC,0.0
NI01PCBRHLT2024,RA_LIC_TASSCHG_PY,0.0
NI01PCBRHLT2024,RA_LIC_FASSCHG_PY,0.0
NI01PCBRHLT2024,RA_LIC_CLO,0.0
NI01PCBRHLT2022,RA_LIC_RELEASE_CY,0.0
NI01PCBRHLT2023,RA_LIC_RELEASE_CY,0.0
NI01PCBRHLT2024,RA_LIC_RELEASE_CY,0.0
NI01PCBRHLT2022,RA_LIC_FEXPVAR_CY,0.0
NI01PCBRHLT2023,RA_LIC_FEXPVAR_CY,0.0
NI01PCBRHLT2024,RA_LIC_FEXPVAR_CY,0.0
NI01PCBRHLT2022,DA_LIC_OP,0.0
NI01PCBRHLT2023,DA_LIC_OP,0.0
NI01PCBRHLT2024,DA_LIC_OP,0.0
NI01PCBRHLT2022,DA_LIC_INCLAIM_INCEXP,0.0
NI01PCBRHLT2023,DA_LIC_INCLAIM_INCEXP,0.0
NI01PCBRHLT2024,DA_LIC_INCLAIM_INCEXP,0.0
NI01PCBRHLT2022,DA_LIC_CHG,0.0
NI01PCBRHLT2023,DA_LIC_CHG,0.0
NI01PCBRHLT2024,DA_LIC_CHG,0.0
NI01PCBRHLT2022,DA_LIC_CLO,0.0
NI01PCBRHLT2023,DA_LIC_CLO,0.0
NI01PCBRHLT2024,DA_LIC_CLO,0.0
NI01PCECHLT2022,PVFC_LIC_UNWIND,0.0
NI01PCECHLT2022,PVFC_LIC_EXP_CLAIM_CF_CY,0.0
NI01PCECHLT2022,PVFC_LIC_EXP_ATTEXP_CY,0.0
NI01PCECHLT2022,PVFC_LIC_EXP_CLAIM_CF_PY,-3351.6192929214208
NI01PCECHLT2022,PVFC_LIC_EXP_ATTEXP_PY,0.0
NI01PCECHLT2022,RA_LIC_OP,91.27775886856114
NI01PCECHLT2022,RA_LIC_UNWIND,3.0438302070499788
NI01PCECHLT2022,RA_LIC_INCLAIM,14.322939701106385
NI01PCECHLT2022,RA_LIC_RELEASE_PY,-94.275340499018
NI01PCECHLT2022,RA_LIC_DEREC,0.0
NI01PCECHLT2022,RA_LIC_TASSCHG_PY,70.87794476587264
NI01PCECHLT2022,RA_LIC_FASSCHG_PY,0.0
NI01PCECHLT2022,RA_LIC_CLO,85.24713304357213
NI01PCECHLT2023,PVFC_LIC_UNWIND,0.0
NI01PCECHLT2023,PVFC_LIC_EXP_CLAIM_CF_CY,0.0
NI01PCECHLT2023,PVFC_LIC_EXP_ATTEXP_CY,0.0
NI01PCECHLT2023,PVFC_LIC_EXP_CLAIM_CF_PY,-51600.151951187465
NI01PCECHLT2023,PVFC_LIC_EXP_ATTEXP_PY,0.0
NI01PCECHLT2023,RA_LIC_OP,1372.7888415749912
NI01PCECHLT2023,RA_LIC_UNWIND,45.77825086507818
NI01PCECHLT2023,RA_LIC_INCLAIM,215.4125171778578
NI01PCECHLT2023,RA_LIC_RELEASE_PY,-1417.871528365395
NI01PCECHLT2023,RA_LIC_DEREC,0.0
NI01PCECHLT2023,RA_LIC_TASSCHG_PY,1065.9820409095491
NI01PCECHLT2023,RA_LIC_FASSCHG_PY,0.0
NI01PCECHLT2023,RA_LIC_CLO,1282.0901221620816
NI01PCECHLT2024,PVFC_LIC_UNWIND,0.0
NI01PCECHLT2024,PVFC_LIC_EXP_CLAIM_CF_CY,0.0
NI01PCECHLT2024,PVFC_LIC_EXP_ATTEXP_CY,0.0
NI01PCECHLT2024,PVFC_LIC_EXP_CLAIM_CF_PY,0.0
NI01PCECHLT2024,PVFC_LIC_EXP_ATTEXP_PY,0.0
NI01PCECHLT2024,RA_LIC_OP,0.0
NI01PCECHLT2024,RA_LIC_UNWIND,0.0
NI01PCECHLT2024,RA_LIC_INCLAIM,0.0
NI01PCECHLT2024,RA_LIC_RELEASE_PY,0.0
NI01PCECHLT2024,RA_LIC_DEREC,0.0
NI01PCECHLT2024,RA_LIC_TASSCHG_PY,0.0
NI01PCECHLT2024,RA_LIC_FASSCHG_PY,0.0
NI01PCECHLT2024,RA_LIC_CLO,0.0
NI01PCECHLT2022,RA_LIC_RELEASE_CY,0.0
NI01PCECHLT2023,RA_LIC_RELEASE_CY,0.0
NI01PCECHLT2024,RA_LIC_RELEASE_CY,0.0
NI01PCECHLT2022,RA_LIC_FEXPVAR_CY,0.0
NI01PCECHLT2023,RA_LIC_FEXPVAR_CY,0.0
NI01PCECHLT2024,RA_LIC_FEXPVAR_CY,0.0
NI01PCECHLT2022,DA_LIC_OP,0.0
NI01PCECHLT2023,DA_LIC_OP,0.0
NI01PCECHLT2024,DA_LIC_OP,0.0
NI01PCECHLT2022,DA_LIC_INCLAIM_INCEXP,0.0
NI01PCECHLT2023,DA_LIC_INCLAIM_INCEXP,0.0
NI01PCECHLT2024,DA_LIC_INCLAIM_INCEXP,0.0
NI01PCECHLT2022,DA_LIC_CHG,0.0
NI01PCECHLT2023,DA_LIC_CHG,0.0
NI01PCECHLT2024,DA_LIC_CHG,0.0
NI01PCECHLT2022,DA_LIC_CLO,0.0
NI01PCECHLT2023,DA_LIC_CLO,0.0
NI01PCECHLT2024,DA_LIC_CLO,0.0
NI01PCGOHLT2022,PVFC_LIC_UNWIND,0.0
NI01PCGOHLT2022,PVFC_LIC_EXP_CLAIM_CF_CY,0.0
NI01PCGOHLT2022,PVFC_LIC_EXP_ATTEXP_CY,0.0
NI01PCGOHLT2022,PVFC_LIC_EXP_CLAIM_CF_PY,-110678.09959659178
NI01PCGOHLT2022,PVFC_LIC_EXP_ATTEXP_PY,0.0
NI01PCGOHLT2022,RA_LIC_OP,3049.3664776832165
NI01PCGOHLT2022,RA_LIC_UNWIND,63.48302437447647
NI01PCGOHLT2022,RA_LIC_INCLAIM,3381.050397561903
NI01PCGOHLT2022,RA_LIC_RELEASE_PY,-3081.070166694774
NI01PCGOHLT2022,RA_LIC_DEREC,0.0
NI01PCGOHLT2022,RA_LIC_TASSCHG_PY,725.935171964529
NI01PCGOHLT2022,RA_LIC_FASSCHG_PY,0.0
NI01PCGOHLT2022,RA_LIC_CLO,4138.76490488935
NI01PCGOHLT2023,PVFC_LIC_UNWIND,0.0
NI01PCGOHLT2023,PVFC_LIC_EXP_CLAIM_CF_CY,0.0
NI01PCGOHLT2023,PVFC_LIC_EXP_ATTEXP_CY,0.0
NI01PCGOHLT2023,PVFC_LIC_EXP_CLAIM_CF_PY,-1817397.2612254766
NI01PCGOHLT2023,PVFC_LIC_EXP_ATTEXP_PY,0.0
NI01PCGOHLT2023,RA_LIC_OP,49457.37114981338
NI01PCGOHLT2023,RA_LIC_UNWIND,1029.62484869531
NI01PCGOHLT2023,RA_LIC_INCLAIM,54836.91960681892
NI01PCGOHLT2023,RA_LIC_RELEASE_PY,-49971.570123842284
NI01PCGOHLT2023,RA_LIC_DEREC,0.0
NI01PCGOHLT2023,RA_LIC_TASSCHG_PY,11773.870242658013
NI01PCGOHLT2023,RA_LIC_FASSCHG_PY,0.0
NI01PCGOHLT2023,RA_LIC_CLO,67126.21572414332
NI01PCGOHLT2024,PVFC_LIC_UNWIND,0.0
NI01PCGOHLT2024,PVFC_LIC_EXP_CLAIM_CF_CY,0.0
NI01PCGOHLT2024,PVFC_LIC_EXP_ATTEXP_CY,0.0
NI01PCGOHLT2024,PVFC_LIC_EXP_CLAIM_CF_PY,0.0
NI01PCGOHLT2024,PVFC_LIC_EXP_ATTEXP_PY,0.0
NI01PCGOHLT2024,RA_LIC_OP,0.0
NI01PCGOHLT2024,RA_LIC_UNWIND,0.0
NI01PCGOHLT2024,RA_LIC_INCLAIM,0.0
NI01PCGOHLT2024,RA_LIC_RELEASE_PY,0.0
NI01PCGOHLT2024,RA_LIC_DEREC,0.0
NI01PCGOHLT2024,RA_LIC_TASSCHG_PY,0.0
NI01PCGOHLT2024,RA_LIC_FASSCHG_PY,0.0
NI01PCGOHLT2024,RA_LIC_CLO,0.0
NI01PCGOHLT2022,RA_LIC_RELEASE_CY,0.0
NI01PCGOHLT2023,RA_LIC_RELEASE_CY,0.0
NI01PCGOHLT2024,RA_LIC_RELEASE_CY,0.0
NI01PCGOHLT2022,RA_LIC_FEXPVAR_CY,0.0
NI01PCGOHLT2023,RA_LIC_FEXPVAR_CY,0.0
NI01PCGOHLT2024,RA_LIC_FEXPVAR_CY,0.0
NI01PCGOHLT2022,DA_LIC_OP,0.0
NI01PCGOHLT2023,DA_LIC_OP,0.0
NI01PCGOHLT2024,DA_LIC_OP,0.0
NI01PCGOHLT2022,DA_LIC_INCLAIM_INCEXP,0.0
NI01PCGOHLT2023,DA_LIC_INCLAIM_INCEXP,0.0
NI01PCGOHLT2024,DA_LIC_INCLAIM_INCEXP,0.0
NI01PCGOHLT2022,DA_LIC_CHG,0.0
NI01PCGOHLT2023,DA_LIC_CHG,0.0
NI01PCGOHLT2024,DA_LIC_CHG,0.0
NI01PCGOHLT2022,DA_LIC_CLO,0.0
NI01PCGOHLT2023,DA_LIC_CLO,0.0
NI01PCGOHLT2024,DA_LIC_CLO,0.0
NI01PCPLHLT2022,PVFC_LIC_UNWIND,0.0
NI01PCPLHLT2022,PVFC_LIC_EXP_CLAIM_CF_CY,0.0
NI01PCPLHLT2022,PVFC_LIC_EXP_ATTEXP_CY,0.0
NI01PCPLHLT2022,PVFC_LIC_EXP_CLAIM_CF_PY,-91167.38202432706
NI01PCPLHLT2022,PVFC_LIC_EXP_ATTEXP_PY,0.0
NI01PCPLHLT2022,RA_LIC_OP,2498.6869974324986
NI01PCPLHLT2022,RA_LIC_UNWIND,53.591217987782066
NI01PCPLHLT2022,RA_LIC_INCLAIM,3820.020219590408
NI01PCPLHLT2022,RA_LIC_RELEASE_PY,-2521.498505206514
NI01PCPLHLT2022,RA_LIC_DEREC,0.0
NI01PCPLHLT2022,RA_LIC_TASSCHG_PY,431.9940410767067
NI01PCPLHLT2022,RA_LIC_FASSCHG_PY,0.0
NI01PCPLHLT2022,RA_LIC_CLO,4282.793970880882
NI01PCPLHLT2023,PVFC_LIC_UNWIND,0.0
NI01PCPLHLT2023,PVFC_LIC_EXP_CLAIM_CF_CY,0.0
NI01PCPLHLT2023,PVFC_LIC_EXP_ATTEXP_CY,0.0
NI01PCPLHLT2023,PVFC_LIC_EXP_CLAIM_CF_PY,-1458804.4073323382
NI01PCPLHLT2023,PVFC_LIC_EXP_ATTEXP_PY,0.0
NI01PCPLHLT2023,RA_LIC_OP,39765.18035787063
NI01PCPLHLT2023,RA_LIC_UNWIND,852.8737097010826
NI01PCPLHLT2023,RA_LIC_INCLAIM,60793.445981354365
NI01PCPLHLT2023,RA_LIC_RELEASE_PY,-40128.2125110778
NI01PCPLHLT2023,RA_LIC_DEREC,0.0
NI01PCPLHLT2023,RA_LIC_TASSCHG_PY,6874.939107856257
NI01PCPLHLT2023,RA_LIC_FASSCHG_PY,0.0
NI01PCPLHLT2023,RA_LIC_CLO,68158.22664570453
NI01PCPLHLT2024,PVFC_LIC_UNWIND,0.0
NI01PCPLHLT2024,PVFC_LIC_EXP_CLAIM_CF_CY,0.0
NI01PCPLHLT2024,PVFC_LIC_EXP_ATTEXP_CY,0.0
NI01PCPLHLT2024,PVFC_LIC_EXP_CLAIM_CF_PY,0.0
NI01PCPLHLT2024,PVFC_LIC_EXP_ATTEXP_PY,0.0
NI01PCPLHLT2024,RA_LIC_OP,0.0
NI01PCPLHLT2024,RA_LIC_UNWIND,0.0
NI01PCPLHLT2024,RA_LIC_INCLAIM,0.0
NI01PCPLHLT2024,RA_LIC_RELEASE_PY,0.0
NI01PCPLHLT2024,RA_LIC_DEREC,0.0
NI01PCPLHLT2024,RA_LIC_TASSCHG_PY,0.0
NI01PCPLHLT2024,RA_LIC_FASSCHG_PY,0.0
NI01PCPLHLT2024,RA_LIC_CLO,0.0
NI01PCPLHLT2022,RA_LIC_RELEASE_CY,0.0
NI01PCPLHLT2023,RA_LIC_RELEASE_CY,0.0
NI01PCPLHLT2024,RA_LIC_RELEASE_CY,0.0
NI01PCPLHLT2022,RA_LIC_FEXPVAR_CY,0.0
NI01PCPLHLT2023,RA_LIC_FEXPVAR_CY,0.0
NI01PCPLHLT2024,RA_LIC_FEXPVAR_CY,0.0
NI01PCPLHLT2022,DA_LIC_OP,0.0
NI01PCPLHLT2023,DA_LIC_OP,0.0
NI01PCPLHLT2024,DA_LIC_OP,0.0
NI01PCPLHLT2022,DA_LIC_INCLAIM_INCEXP,0.0
NI01PCPLHLT2023,DA_LIC_INCLAIM_INCEXP,0.0
NI01PCPLHLT2024,DA_LIC_INCLAIM_INCEXP,0.0
NI01PCPLHLT2022,DA_LIC_CHG,0.0
NI01PCPLHLT2023,DA_LIC_CHG,0.0
NI01PCPLHLT2024,DA_LIC_CHG,0.0
NI01PCPLHLT2022,DA_LIC_CLO,0.0
NI01PCPLHLT2023,DA_LIC_CLO,0.0
NI01PCPLHLT2024,DA_LIC_CLO,0.0
NI01PCSIHLT2022,PVFC_LIC_UNWIND,0.0
NI01PCSIHLT2022,PVFC_LIC_EXP_CLAIM_CF_CY,0.0
NI01PCSIHLT2022,PVFC_LIC_EXP_ATTEXP_CY,0.0
NI01PCSIHLT2022,PVFC_LIC_EXP_CLAIM_CF_PY,-42988.51406601499
NI01PCSIHLT2022,PVFC_LIC_EXP_ATTEXP_PY,0.0
NI01PCSIHLT2022,RA_LIC_OP,1169.0801102790488
NI01PCSIHLT2022,RA_LIC_UNWIND,23.015092357756256
NI01PCSIHLT2022,RA_LIC_INCLAIM,1168.136155309372
NI01PCSIHLT2022,RA_LIC_RELEASE_PY,-1181.163334599173
NI01PCSIHLT2022,RA_LIC_DEREC,0.0
NI01PCSIHLT2022,RA_LIC_TASSCHG_PY,323.3120106220509
NI01PCSIHLT2022,RA_LIC_FASSCHG_PY,0.0
NI01PCSIHLT2022,RA_LIC_CLO,1502.380033969055
NI01PCSIHLT2023,PVFC_LIC_UNWIND,0.0
NI01PCSIHLT2023,PVFC_LIC_EXP_CLAIM_CF_CY,0.0
NI01PCSIHLT2023,PVFC_LIC_EXP_ATTEXP_CY,0.0
NI01PCSIHLT2023,PVFC_LIC_EXP_CLAIM_CF_PY,-687015.5109386807
NI01PCSIHLT2023,PVFC_LIC_EXP_ATTEXP_PY,0.0
NI01PCSIHLT2023,RA_LIC_OP,18712.145544983367
NI01PCSIHLT2023,RA_LIC_UNWIND,368.3766015202965
NI01PCSIHLT2023,RA_LIC_INCLAIM,18697.036723419133
NI01PCSIHLT2023,RA_LIC_RELEASE_PY,-18905.54807586457
NI01PCSIHLT2023,RA_LIC_DEREC,0.0
NI01PCSIHLT2023,RA_LIC_TASSCHG_PY,5174.890365517362
NI01PCSIHLT2023,RA_LIC_FASSCHG_PY,0.0
NI01PCSIHLT2023,RA_LIC_CLO,24046.90115957558
NI01PCSIHLT2024,PVFC_LIC_UNWIND,0.0
NI01PCSIHLT2024,PVFC_LIC_EXP_CLAIM_CF_CY,0.0
NI01PCSIHLT2024,PVFC_LIC_EXP_ATTEXP_CY,0.0
NI01PCSIHLT2024,PVFC_LIC_EXP_CLAIM_CF_PY,0.0
NI01PCSIHLT2024,PVFC_LIC_EXP_ATTEXP_PY,0.0
NI01PCSIHLT2024,RA_LIC_OP,0.0
NI01PCSIHLT2024,RA_LIC_UNWIND,0.0
NI01PCSIHLT2024,RA_LIC_INCLAIM,0.0
NI01PCSIHLT2024,RA_LIC_RELEASE_PY,0.0
NI01PCSIHLT2024,RA_LIC_DEREC,0.0
NI01PCSIHLT2024,RA_LIC_TASSCHG_PY,0.0
NI01PCSIHLT2024,RA_LIC_FASSCHG_PY,0.0
NI01PCSIHLT2024,RA_LIC_CLO,0.0
NI01PCSIHLT2022,RA_LIC_RELEASE_CY,0.0
NI01PCSIHLT2023,RA_LIC_RELEASE_CY,0.0
NI01PCSIHLT2024,RA_LIC_RELEASE_CY,0.0
NI01PCSIHLT2022,RA_LIC_FEXPVAR_CY,0.0
NI01PCSIHLT2023,RA_LIC_FEXPVAR_CY,0.0
NI01PCSIHLT2024,RA_LIC_FEXPVAR_CY,0.0
NI01PCSIHLT2022,DA_LIC_OP,0.0
NI01PCSIHLT2023,DA_LIC_OP,0.0
NI01PCSIHLT2024,DA_LIC_OP,0.0
NI01PCSIHLT2022,DA_LIC_INCLAIM_INCEXP,0.0
NI01PCSIHLT2023,DA_LIC_INCLAIM_INCEXP,0.0
NI01PCSIHLT2024,DA_LIC_INCLAIM_INCEXP,0.0
NI01PCSIHLT2022,DA_LIC_CHG,0.0
NI01PCSIHLT2023,DA_LIC_CHG,0.0
NI01PCSIHLT2024,DA_LIC_CHG,0.0
NI01PCSIHLT2022,DA_LIC_CLO,0.0
NI01PCSIHLT2023,DA_LIC_CLO,0.0
NI01PCSIHLT2024,DA_LIC_CLO,0.0
NI01PIMEHLT2022,PVFC_LIC_UNWIND,0.0
NI01PIMEHLT2022,PVFC_LIC_EXP_CLAIM_CF_CY,0.0
NI01PIMEHLT2022,PVFC_LIC_EXP_ATTEXP_CY,0.0
NI01PIMEHLT2022,PVFC_LIC_EXP_CLAIM_CF_PY,-15353.595821432249
NI01PIMEHLT2022,PVFC_LIC_EXP_ATTEXP_PY,0.0
NI01PIMEHLT2022,RA_LIC_OP,418.4909815156035
NI01PIMEHLT2022,RA_LIC_UNWIND,8.106354117947712
NI01PIMEHLT2022,RA_LIC_INCLAIM,392.4257334721223
NI01PIMEHLT2022,RA_LIC_RELEASE_PY,-422.01512358182396
NI01PIMEHLT2022,RA_LIC_DEREC,0.0
NI01PIMEHLT2022,RA_LIC_TASSCHG_PY,143.65444406532
NI01PIMEHLT2022,RA_LIC_FASSCHG_PY,0.0
NI01PIMEHLT2022,RA_LIC_CLO,540.6623895891696
NI01PIMEHLT2023,PVFC_LIC_UNWIND,0.0
NI01PIMEHLT2023,PVFC_LIC_EXP_CLAIM_CF_CY,0.0
NI01PIMEHLT2023,PVFC_LIC_EXP_ATTEXP_CY,0.0
NI01PIMEHLT2023,PVFC_LIC_EXP_CLAIM_CF_PY,-235006.53140513328
NI01PIMEHLT2023,PVFC_LIC_EXP_ATTEXP_PY,0.0
NI01PIMEHLT2023,RA_LIC_OP,6413.295424512944
NI01PIMEHLT2023,RA_LIC_UNWIND,124.22834916498033
NI01PIMEHLT2023,RA_LIC_INCLAIM,6013.850410403791
NI01PIMEHLT2023,RA_LIC_RELEASE_PY,-6467.302237531404
NI01PIMEHLT2023,RA_LIC_DEREC,0.0
NI01PIMEHLT2023,RA_LIC_TASSCHG_PY,2201.4772827325955
NI01PIMEHLT2023,RA_LIC_FASSCHG_PY,0.0
NI01PIMEHLT2023,RA_LIC_CLO,8285.549229282908
NI01PIMEHLT2024,PVFC_LIC_UNWIND,0.0
NI01PIMEHLT2024,PVFC_LIC_EXP_CLAIM_CF_CY,0.0
NI01PIMEHLT2024,PVFC_LIC_EXP_ATTEXP_CY,0.0
NI01PIMEHLT2024,PVFC_LIC_EXP_CLAIM_CF_PY,0.0
NI01PIMEHLT2024,PVFC_LIC_EXP_ATTEXP_PY,0.0
NI01PIMEHLT2024,RA_LIC_OP,0.0
NI01PIMEHLT2024,RA_LIC_UNWIND,0.0
NI01PIMEHLT2024,RA_LIC_INCLAIM,0.0
NI01PIMEHLT2024,RA_LIC_RELEASE_PY,0.0
NI01PIMEHLT2024,RA_LIC_DEREC,0.0
NI01PIMEHLT2024,RA_LIC_TASSCHG_PY,0.0
NI01PIMEHLT2024,RA_LIC_FASSCHG_PY,0.0
NI01PIMEHLT2024,RA_LIC_CLO,0.0
NI01PIMEHLT2022,RA_LIC_RELEASE_CY,0.0
NI01PIMEHLT2023,RA_LIC_RELEASE_CY,0.0
NI01PIMEHLT2024,RA_LIC_RELEASE_CY,0.0
NI01PIMEHLT2022,RA_LIC_FEXPVAR_CY,0.0
NI01PIMEHLT2023,RA_LIC_FEXPVAR_CY,0.0
NI01PIMEHLT2024,RA_LIC_FEXPVAR_CY,0.0
NI01PIMEHLT2022,DA_LIC_OP,0.0
NI01PIMEHLT2023,DA_LIC_OP,0.0
NI01PIMEHLT2024,DA_LIC_OP,0.0
NI01PIMEHLT2022,DA_LIC_INCLAIM_INCEXP,0.0
NI01PIMEHLT2023,DA_LIC_INCLAIM_INCEXP,0.0
NI01PIMEHLT2024,DA_LIC_INCLAIM_INCEXP,0.0
NI01PIMEHLT2022,DA_LIC_CHG,0.0
NI01PIMEHLT2023,DA_LIC_CHG,0.0
NI01PIMEHLT2024,DA_LIC_CHG,0.0
NI01PIMEHLT2022,DA_LIC_CLO,0.0
NI01PIMEHLT2023,DA_LIC_CLO,0.0
NI01PIMEHLT2024,DA_LIC_CLO,0.0
NI01PPBRHLT2022,PVFC_LIC_UNWIND,0.0
NI01PPBRHLT2022,PVFC_LIC_EXP_CLAIM_CF_CY,0.0
NI01PPBRHLT2022,PVFC_LIC_EXP_ATTEXP_CY,0.0
NI01PPBRHLT2022,PVFC_LIC_EXP_CLAIM_CF_PY,-882.7031199718517
NI01PPBRHLT2022,PVFC_LIC_EXP_ATTEXP_PY,0.0
NI01PPBRHLT2022,RA_LIC_OP,23.99906718110386
NI01PPBRHLT2022,RA_LIC_UNWIND,0.5423417816147406
NI01PPBRHLT2022,RA_LIC_INCLAIM,18.764900058882127
NI01PPBRHLT2022,RA_LIC_RELEASE_PY,-24.251084524247386
NI01PPBRHLT2022,RA_LIC_DEREC,0.0
NI01PPBRHLT2022,RA_LIC_TASSCHG_PY,3.7269681564646424
NI01PPBRHLT2022,RA_LIC_FASSCHG_PY,0.0
NI01PPBRHLT2022,RA_LIC_CLO,22.782192653817987
NI01PPBRHLT2023,PVFC_LIC_UNWIND,0.0
NI01PPBRHLT2023,PVFC_LIC_EXP_CLAIM_CF_CY,0.0
NI01PPBRHLT2023,PVFC_LIC_EXP_ATTEXP_CY,0.0
NI01PPBRHLT2023,PVFC_LIC_EXP_CLAIM_CF_PY,-13709.265871895273
NI01PPBRHLT2023,PVFC_LIC_EXP_ATTEXP_PY,0.0
NI01PPBRHLT2023,RA_LIC_OP,373.3529679578623
NI01PPBRHLT2023,RA_LIC_UNWIND,8.43719934134976
NI01PPBRHLT2023,RA_LIC_INCLAIM,291.92514348776706
NI01PPBRHLT2023,RA_LIC_RELEASE_PY,-377.27359630268285
NI01PPBRHLT2023,RA_LIC_DEREC,0.0
NI01PPBRHLT2023,RA_LIC_TASSCHG_PY,57.980362828273655
NI01PPBRHLT2023,RA_LIC_FASSCHG_PY,0.0
NI01PPBRHLT2023,RA_LIC_CLO,354.42207731256985
NI01PPBRHLT2024,PVFC_LIC_UNWIND,0.0
NI01PPBRHLT2024,PVFC_LIC_EXP_CLAIM_CF_CY,0.0
NI01PPBRHLT2024,PVFC_LIC_EXP_ATTEXP_CY,0.0
NI01PPBRHLT2024,PVFC_LIC_EXP_CLAIM_CF_PY,0.0
NI01PPBRHLT2024,PVFC_LIC_EXP_ATTEXP_PY,0.0
NI01PPBRHLT2024,RA_LIC_OP,0.0
NI01PPBRHLT2024,RA_LIC_UNWIND,0.0
NI01PPBRHLT2024,RA_LIC_INCLAIM,0.0
NI01PPBRHLT2024,RA_LIC_RELEASE_PY,0.0
NI01PPBRHLT2024,RA_LIC_DEREC,0.0
NI01PPBRHLT2024,RA_LIC_TASSCHG_PY,0.0
NI01PPBRHLT2024,RA_LIC_FASSCHG_PY,0.0
NI01PPBRHLT2024,RA_LIC_CLO,0.0
NI01PPBRHLT2022,RA_LIC_RELEASE_CY,0.0
NI01PPBRHLT2023,RA_LIC_RELEASE_CY,0.0
NI01PPBRHLT2024,RA_LIC_RELEASE_CY,0.0
NI01PPBRHLT2022,RA_LIC_FEXPVAR_CY,0.0
NI01PPBRHLT2023,RA_LIC_FEXPVAR_CY,0.0
NI01PPBRHLT2024,RA_LIC_FEXPVAR_CY,0.0
NI01PPBRHLT2022,DA_LIC_OP,0.0
NI01PPBRHLT2023,DA_LIC_OP,0.0
NI01PPBRHLT2024,DA_LIC_OP,0.0
NI01PPBRHLT2022,DA_LIC_INCLAIM_INCEXP,0.0
NI01PPBRHLT2023,DA_LIC_INCLAIM_INCEXP,0.0
NI01PPBRHLT2024,DA_LIC_INCLAIM_INCEXP,0.0
NI01PPBRHLT2022,DA_LIC_CHG,0.0
NI01PPBRHLT2023,DA_LIC_CHG,0.0
NI01PPBRHLT2024,DA_LIC_CHG,0.0
NI01PPBRHLT2022,DA_LIC_CLO,0.0
NI01PPBRHLT2023,DA_LIC_CLO,0.0
NI01PPBRHLT2024,DA_LIC_CLO,0.0
NI01PPGOHLT2022,PVFC_LIC_UNWIND,0.0
NI01PPGOHLT2022,PVFC_LIC_EXP_CLAIM_CF_CY,0.0
NI01PPGOHLT2022,PVFC_LIC_EXP_ATTEXP_CY,0.0
NI01PPGOHLT2022,PVFC_LIC_EXP_CLAIM_CF_PY,-3260.9560623430953
NI01PPGOHLT2022,PVFC_LIC_EXP_ATTEXP_PY,0.0
NI01PPGOHLT2022,RA_LIC_OP,88.81330786107902
NI01PPGOHLT2022,RA_LIC_UNWIND,1.5882941697033273
NI01PPGOHLT2022,RA_LIC_INCLAIM,121.43538838449653
NI01PPGOHLT2022,RA_LIC_RELEASE_PY,-90.27580667307235
NI01PPGOHLT2022,RA_LIC_DEREC,0.0
NI01PPGOHLT2022,RA_LIC_TASSCHG_PY,7.391868939714323
NI01PPGOHLT2022,RA_LIC_FASSCHG_PY,0.0
NI01PPGOHLT2022,RA_LIC_CLO,128.95305268192087
NI01PPGOHLT2023,PVFC_LIC_UNWIND,0.0
NI01PPGOHLT2023,PVFC_LIC_EXP_CLAIM_CF_CY,0.0
NI01PPGOHLT2023,PVFC_LIC_EXP_ATTEXP_CY,0.0
NI01PPGOHLT2023,PVFC_LIC_EXP_CLAIM_CF_PY,-51464.267369144145
NI01PPGOHLT2023,PVFC_LIC_EXP_ATTEXP_PY,0.0
NI01PPGOHLT2023,RA_LIC_OP,1392.6456598426466
NI01PPGOHLT2023,RA_LIC_UNWIND,24.90540027459175
NI01PPGOHLT2023,RA_LIC_INCLAIM,1904.1793471931671
NI01PPGOHLT2023,RA_LIC_RELEASE_PY,-1415.5785138495417
NI01PPGOHLT2023,RA_LIC_DEREC,0.0
NI01PPGOHLT2023,RA_LIC_TASSCHG_PY,115.90891550983551
NI01PPGOHLT2023,RA_LIC_FASSCHG_PY,0.0
NI01PPGOHLT2023,RA_LIC_CLO,2022.0608089706998
NI01PPGOHLT2024,PVFC_LIC_UNWIND,0.0
NI01PPGOHLT2024,PVFC_LIC_EXP_CLAIM_CF_CY,0.0
NI01PPGOHLT2024,PVFC_LIC_EXP_ATTEXP_CY,0.0
NI01PPGOHLT2024,PVFC_LIC_EXP_CLAIM_CF_PY,0.0
NI01PPGOHLT2024,PVFC_LIC_EXP_ATTEXP_PY,0.0
NI01PPGOHLT2024,RA_LIC_OP,0.0
NI01PPGOHLT2024,RA_LIC_UNWIND,0.0
NI01PPGOHLT2024,RA_LIC_INCLAIM,0.0
NI01PPGOHLT2024,RA_LIC_RELEASE_PY,0.0
NI01PPGOHLT2024,RA_LIC_DEREC,0.0
NI01PPGOHLT2024,RA_LIC_TASSCHG_PY,0.0
NI01PPGOHLT2024,RA_LIC_FASSCHG_PY,0.0
NI01PPGOHLT2024,RA_LIC_CLO,0.0
NI01PPGOHLT2022,RA_LIC_RELEASE_CY,0.0
NI01PPGOHLT2023,RA_LIC_RELEASE_CY,0.0
NI01PPGOHLT2024,RA_LIC_RELEASE_CY,0.0
NI01PPGOHLT2022,RA_LIC_FEXPVAR_CY,0.0
NI01PPGOHLT2023,RA_LIC_FEXPVAR_CY,0.0
NI01PPGOHLT2024,RA_LIC_FEXPVAR_CY,0.0
NI01PPGOHLT2022,DA_LIC_OP,0.0
NI01PPGOHLT2023,DA_LIC_OP,0.0
NI01PPGOHLT2024,DA_LIC_OP,0.0
NI01PPGOHLT2022,DA_LIC_INCLAIM_INCEXP,0.0
NI01PPGOHLT2023,DA_LIC_INCLAIM_INCEXP,0.0
NI01PPGOHLT2024,DA_LIC_INCLAIM_INCEXP,0.0
NI01PPGOHLT2022,DA_LIC_CHG,0.0
NI01PPGOHLT2023,DA_LIC_CHG,0.0
NI01PPGOHLT2024,DA_LIC_CHG,0.0
NI01PPGOHLT2022,DA_LIC_CLO,0.0
NI01PPGOHLT2023,DA_LIC_CLO,0.0
NI01PPGOHLT2024,DA_LIC_CLO,0.0
NI01PPPLHLT2022,PVFC_LIC_UNWIND,0.0
NI01PPPLHLT2022,PVFC_LIC_EXP_CLAIM_CF_CY,0.0
NI01PPPLHLT2022,PVFC_LIC_EXP_ATTEXP_CY,0.0
NI01PPPLHLT2022,PVFC_LIC_EXP_CLAIM_CF_PY,-3620.5463350623595
NI01PPPLHLT2022,PVFC_LIC_EXP_ATTEXP_PY,0.0
NI01PPPLHLT2022,RA_LIC_OP,98.61404825645238
NI01PPPLHLT2022,RA_LIC_UNWIND,1.6772268644794872
NI01PPPLHLT2022,RA_LIC_INCLAIM,70.19830732982882
NI01PPPLHLT2022,RA_LIC_RELEASE_PY,-100.21098383389622
NI01PPPLHLT2022,RA_LIC_DEREC,0.0
NI01PPPLHLT2022,RA_LIC_TASSCHG_PY,33.88401444354216
NI01PPPLHLT2022,RA_LIC_FASSCHG_PY,0.0
NI01PPPLHLT2022,RA_LIC_CLO,104.16261306040661
NI01PPPLHLT2023,PVFC_LIC_UNWIND,0.0
NI01PPPLHLT2023,PVFC_LIC_EXP_CLAIM_CF_CY,0.0
NI01PPPLHLT2023,PVFC_LIC_EXP_ATTEXP_CY,0.0
NI01PPPLHLT2023,PVFC_LIC_EXP_CLAIM_CF_PY,-55822.40219787179
NI01PPPLHLT2023,PVFC_LIC_EXP_ATTEXP_PY,0.0
NI01PPPLHLT2023,RA_LIC_OP,1511.0487469610825
NI01PPPLHLT2023,RA_LIC_UNWIND,25.699903783996305
NI01PPPLHLT2023,RA_LIC_INCLAIM,1075.6384734726312
NI01PPPLHLT2023,RA_LIC_RELEASE_PY,-1535.518359008636
NI01PPPLHLT2023,RA_LIC_DEREC,0.0
NI01PPPLHLT2023,RA_LIC_TASSCHG_PY,519.1998348326151
NI01PPPLHLT2023,RA_LIC_FASSCHG_PY,0.0
NI01PPPLHLT2023,RA_LIC_CLO,1596.068600041689
NI01PPPLHLT2024,PVFC_LIC_UNWIND,0.0
NI01PPPLHLT2024,PVFC_LIC_EXP_CLAIM_CF_CY,0.0
NI01PPPLHLT2024,PVFC_LIC_EXP_ATTEXP_CY,0.0
NI01PPPLHLT2024,PVFC_LIC_EXP_CLAIM_CF_PY,0.0
NI01PPPLHLT2024,PVFC_LIC_EXP_ATTEXP_PY,0.0
NI01PPPLHLT2024,RA_LIC_OP,0.0
NI01PPPLHLT2024,RA_LIC_UNWIND,0.0
NI01PPPLHLT2024,RA_LIC_INCLAIM,0.0
NI01PPPLHLT2024,RA_LIC_RELEASE_PY,0.0
NI01PPPLHLT2024,RA_LIC_DEREC,0.0
NI01PPPLHLT2024,RA_LIC_TASSCHG_PY,0.0
NI01PPPLHLT2024,RA_LIC_FASSCHG_PY,0.0
NI01PPPLHLT2024,RA_LIC_CLO,0.0
NI01PPPLHLT2022,RA_LIC_RELEASE_CY,0.0
NI01PPPLHLT2023,RA_LIC_RELEASE_CY,0.0
NI01PPPLHLT2024,RA_LIC_RELEASE_CY,0.0
NI01PPPLHLT2022,RA_LIC_FEXPVAR_CY,0.0
NI01PPPLHLT2023,RA_LIC_FEXPVAR_CY,0.0
NI01PPPLHLT2024,RA_LIC_FEXPVAR_CY,0.0
NI01PPPLHLT2022,DA_LIC_OP,0.0
NI01PPPLHLT2023,DA_LIC_OP,0.0
NI01PPPLHLT2024,DA_LIC_OP,0.0
NI01PPPLHLT2022,DA_LIC_INCLAIM_INCEXP,0.0
NI01PPPLHLT2023,DA_LIC_INCLAIM_INCEXP,0.0
NI01PPPLHLT2024,DA_LIC_INCLAIM_INCEXP,0.0
NI01PPPLHLT2022,DA_LIC_CHG,0.0
NI01PPPLHLT2023,DA_LIC_CHG,0.0
NI01PPPLHLT2024,DA_LIC_CHG,0.0
NI01PPPLHLT2022,DA_LIC_CLO,0.0
NI01PPPLHLT2023,DA_LIC_CLO,0.0
NI01PPPLHLT2024,DA_LIC_CLO,0.0
NI01PPSIHLT2022,PVFC_LIC_UNWIND,0.0
NI01PPSIHLT2022,PVFC_LIC_EXP_CLAIM_CF_CY,0.0
NI01PPSIHLT2022,PVFC_LIC_EXP_ATTEXP_CY,0.0
NI01PPSIHLT2022,PVFC_LIC_EXP_CLAIM_CF_PY,-1203.9991127277408
NI01PPSIHLT2022,PVFC_LIC_EXP_ATTEXP_PY,0.0
NI01PPSIHLT2022,RA_LIC_OP,32.78300024676383
NI01PPSIHLT2022,RA_LIC_UNWIND,0.7289596989867564
NI01PPSIHLT2022,RA_LIC_INCLAIM,52.4780798555386
NI01PPSIHLT2022,RA_LIC_RELEASE_PY,-33.276639728486494
NI01PPSIHLT2022,RA_LIC_DEREC,0.0
NI01PPSIHLT2022,RA_LIC_TASSCHG_PY,-0.23532021726409003
NI01PPSIHLT2022,RA_LIC_FASSCHG_PY,0.0
NI01PPSIHLT2022,RA_LIC_CLO,52.4780798555386
NI01PPSIHLT2023,PVFC_LIC_UNWIND,0.0
NI01PPSIHLT2023,PVFC_LIC_EXP_CLAIM_CF_CY,0.0
NI01PPSIHLT2023,PVFC_LIC_EXP_ATTEXP_CY,0.0
NI01PPSIHLT2023,PVFC_LIC_EXP_CLAIM_CF_PY,-18966.749213847084
NI01PPSIHLT2023,PVFC_LIC_EXP_ATTEXP_PY,0.0
NI01PPSIHLT2023,RA_LIC_OP,514.0111861446999
NI01PPSIHLT2023,RA_LIC_UNWIND,11.429504215827649
NI01PPSIHLT2023,RA_LIC_INCLAIM,822.8142595278309
NI01PPSIHLT2023,RA_LIC_RELEASE_PY,-521.7510578348504
NI01PPSIHLT2023,RA_LIC_DEREC,0.0
NI01PPSIHLT2023,RA_LIC_TASSCHG_PY,-3.689632525677197
NI01PPSIHLT2023,RA_LIC_FASSCHG_PY,0.0
NI01PPSIHLT2023,RA_LIC_CLO,822.8142595278309
NI01PPSIHLT2024,PVFC_LIC_UNWIND,0.0
NI01PPSIHLT2024,PVFC_LIC_EXP_CLAIM_CF_CY,0.0
NI01PPSIHLT2024,PVFC_LIC_EXP_ATTEXP_CY,0.0
NI01PPSIHLT2024,PVFC_LIC_EXP_CLAIM_CF_PY,0.0
NI01PPSIHLT2024,PVFC_LIC_EXP_ATTEXP_PY,0.0
NI01PPSIHLT2024,RA_LIC_OP,0.0
NI01PPSIHLT2024,RA_LIC_UNWIND,0.0
NI01PPSIHLT2024,RA_LIC_INCLAIM,0.0
NI01PPSIHLT2024,RA_LIC_RELEASE_PY,0.0
NI01PPSIHLT2024,RA_LIC_DEREC,0.0
NI01PPSIHLT2024,RA_LIC_TASSCHG_PY,0.0
NI01PPSIHLT2024,RA_LIC_FASSCHG_PY,0.0
NI01PPSIHLT2024,RA_LIC_CLO,0.0
NI01PPSIHLT2022,RA_LIC_RELEASE_CY,0.0
NI01PPSIHLT2023,RA_LIC_RELEASE_CY,0.0
NI01PPSIHLT2024,RA_LIC_RELEASE_CY,0.0
NI01PPSIHLT2022,RA_LIC_FEXPVAR_CY,0.0
NI01PPSIHLT2023,RA_LIC_FEXPVAR_CY,0.0
NI01PPSIHLT2024,RA_LIC_FEXPVAR_CY,0.0
NI01PPSIHLT2022,DA_LIC_OP,0.0
NI01PPSIHLT2023,DA_LIC_OP,0.0
NI01PPSIHLT2024,DA_LIC_OP,0.0
NI01PPSIHLT2022,DA_LIC_INCLAIM_INCEXP,0.0
NI01PPSIHLT2023,DA_LIC_INCLAIM_INCEXP,0.0
NI01PPSIHLT2024,DA_LIC_INCLAIM_INCEXP,0.0
NI01PPSIHLT2022,DA_LIC_CHG,0.0
NI01PPSIHLT2023,DA_LIC_CHG,0.0
NI01PPSIHLT2024,DA_LIC_CHG,0.0
NI01PPSIHLT2022,DA_LIC_CLO,0.0
NI01PPSIHLT2023,DA_LIC_CLO,0.0
NI01PPSIHLT2024,DA_LIC_CLO,0.0
NI01PIMEDQS2022,PVFC_LIC_UNWIND,0.0
NI01PIMEDQS2022,PVFC_LIC_EXP_CLAIM_CF_CY,0.0
NI01PIMEDQS2022,PVFC_LIC_EXP_ATTEXP_CY,0.0
NI01PIMEDQS2022,PVFC_LIC_EXP_CLAIM_CF_PY,15748.862793476583
NI01PIMEDQS2022,PVFC_LIC_EXP_ATTEXP_PY,0.0
NI01PIMEDQS2022,RA_LIC_OP,-135.93533534117068
NI01PIMEDQS2022,RA_LIC_UNWIND,-2.135435870197411
NI01PIMEDQS2022,RA_LIC_INCLAIM,-164.88157260798056
NI01PIMEDQS2022,RA_LIC_RELEASE_PY,137.1370003355639
NI01PIMEDQS2022,RA_LIC_DEREC,0.0
NI01PIMEDQS2022,RA_LIC_TASSCHG_PY,-8.66884554227835
NI01PIMEDQS2022,RA_LIC_FASSCHG_PY,0.0
NI01PIMEDQS2022,RA_LIC_CLO,-174.48418902606312
NI01PIMEDQS2023,PVFC_LIC_UNWIND,0.0
NI01PIMEDQS2023,PVFC_LIC_EXP_CLAIM_CF_CY,0.0
NI01PIMEDQS2023,PVFC_LIC_EXP_ATTEXP_CY,0.0
NI01PIMEDQS2023,PVFC_LIC_EXP_CLAIM_CF_PY,301749.0962135269
NI01PIMEDQS2023,PVFC_LIC_EXP_ATTEXP_PY,0.0
NI01PIMEDQS2023,RA_LIC_OP,-2607.2500402497594
NI01PIMEDQS2023,RA_LIC_UNWIND,-40.95782192723748
NI01PIMEDQS2023,RA_LIC_INCLAIM,-3162.4410661118295
NI01PIMEDQS2023,RA_LIC_RELEASE_PY,2630.298065968276
NI01PIMEDQS2023,RA_LIC_DEREC,0.0
NI01PIMEDQS2023,RA_LIC_TASSCHG_PY,-166.26911488685428
NI01PIMEDQS2023,RA_LIC_FASSCHG_PY,0.0
NI01PIMEDQS2023,RA_LIC_CLO,-3346.6199772074056
NI01PIMEDQS2024,PVFC_LIC_UNWIND,0.0
NI01PIMEDQS2024,PVFC_LIC_EXP_CLAIM_CF_CY,0.0
NI01PIMEDQS2024,PVFC_LIC_EXP_ATTEXP_CY,0.0
NI01PIMEDQS2024,PVFC_LIC_EXP_CLAIM_CF_PY,0.0
NI01PIMEDQS2024,PVFC_LIC_EXP_ATTEXP_PY,0.0
NI01PIMEDQS2024,RA_LIC_OP,0.0
NI01PIMEDQS2024,RA_LIC_UNWIND,0.0
NI01PIMEDQS2024,RA_LIC_INCLAIM,0.0
NI01PIMEDQS2024,RA_LIC_RELEASE_PY,0.0
NI01PIMEDQS2024,RA_LIC_DEREC,0.0
NI01PIMEDQS2024,RA_LIC_TASSCHG_PY,0.0
NI01PIMEDQS2024,RA_LIC_FASSCHG_PY,0.0
NI01PIMEDQS2024,RA_LIC_CLO,0.0
NI01PIMEDQS2022,RA_LIC_RELEASE_CY,0.0
NI01PIMEDQS2023,RA_LIC_RELEASE_CY,0.0
NI01PIMEDQS2024,RA_LIC_RELEASE_CY,0.0
NI01PIMEDQS2022,RA_LIC_FEXPVAR_CY,0.0
NI01PIMEDQS2023,RA_LIC_FEXPVAR_CY,0.0
NI01PIMEDQS2024,RA_LIC_FEXPVAR_CY,0.0
NI01PIMEDQS2022,DA_LIC_OP,1.8943460301715471
NI01PIMEDQS2023,DA_LIC_OP,36.333700512936865
NI01PIMEDQS2024,DA_LIC_OP,0.0
NI01PIMEDQS2022,DA_LIC_INCLAIM_INCEXP,10.53491668538924
NI01PIMEDQS2023,DA_LIC_INCLAIM_INCEXP,202.06050092179373
NI01PIMEDQS2024,DA_LIC_INCLAIM_INCEXP,0.0
NI01PIMEDQS2022,DA_LIC_CHG,-0.9545031187674213
NI01PIMEDQS2023,DA_LIC_CHG,-18.307442200947364
NI01PIMEDQS2024,DA_LIC_CHG,0.0
NI01PIMEDQS2022,DA_LIC_CLO,11.474759596793366
NI01PIMEDQS2023,DA_LIC_CLO,220.0867592337832
NI01PIMEDQS2024,DA_LIC_CLO,0.0
