GOC_ID,STEP_ID,1,Unnamed: 4,Unnamed: 5,Unnamed: 6
NI02PPRIVSH2011,PVFC_LIC_UNWIND,0.0,,,
NI02PPRIVSH2011,PVFC_LIC_EXP_CLAIM_CF_CY,0.0,,,
NI02PPRIVSH2011,PVFC_LIC_EXP_ATTEXP_CY,0.0,,,
NI02PPRIVSH2011,PVFC_LIC_EXP_CLAIM_CF_PY,-776.734043999988,,,
NI02PPRIVSH2011,PVFC_LIC_EXP_ATTEXP_PY,0.0,,,
NI02PPRIVSH2011,RA_LIC_OP,30.44225387876798,,,
NI02PPRIVSH2011,RA_LIC_UNWIND,1.405443301606388,,,
NI02PPRIVSH2011,RA_LIC_INCLAIM,14.382597759791292,,,
NI02PPRIVSH2011,RA_LIC_RELEASE_PY,-25.819720145947368,,,
NI02PPRIVSH2011,RA_LIC_DEREC,0.0,,,
NI02PPRIVSH2011,RA_LIC_TASSCHG_PY,9.381955617128698,,,
NI02PPRIVSH2011,RA_LIC_FASSCHG_PY,0.0,,,
NI02PPRIVSH2011,RA_LIC_CLO,29.792530411347,,,
NI02PPRIVSH2012,PVFC_LIC_UNWIND,0.0,,,
NI02PPRIVSH2012,PVFC_LIC_EXP_CLAIM_CF_CY,0.0,,,
NI02PPRIVSH2012,PVFC_LIC_EXP_ATTEXP_CY,0.0,,,
NI02PPRIVSH2012,PVFC_LIC_EXP_CLAIM_CF_PY,-298.40571000000637,,,
NI02PPRIVSH2012,PVFC_LIC_EXP_ATTEXP_PY,0.0,,,
NI02PPRIVSH2012,RA_LIC_OP,11.695306074024167,,,
NI02PPRIVSH2012,RA_LIC_UNWIND,0.5399432528035597,,,
NI02PPRIVSH2012,RA_LIC_INCLAIM,5.525506869833021,,,
NI02PPRIVSH2012,RA_LIC_RELEASE_PY,-9.919420915910296,,,
NI02PPRIVSH2012,RA_LIC_DEREC,0.0,,,
NI02PPRIVSH2012,RA_LIC_TASSCHG_PY,3.604360010667879,,,
NI02PPRIVSH2012,RA_LIC_FASSCHG_PY,0.0,,,
NI02PPRIVSH2012,RA_LIC_CLO,11.445695291418334,,,
NI02PPRIVSH2013,PVFC_LIC_UNWIND,0.0,,,
NI02PPRIVSH2013,PVFC_LIC_EXP_CLAIM_CF_CY,0.0,,,
NI02PPRIVSH2013,PVFC_LIC_EXP_ATTEXP_CY,0.0,,,
NI02PPRIVSH2013,PVFC_LIC_EXP_CLAIM_CF_PY,-2166.6840000000084,,,
NI02PPRIVSH2013,PVFC_LIC_EXP_ATTEXP_PY,0.0,,,
NI02PPRIVSH2013,RA_LIC_OP,84.91805517290688,,,
NI02PPRIVSH2013,RA_LIC_UNWIND,3.920455834298223,,,
NI02PPRIVSH2013,RA_LIC_INCLAIM,40.11996729806893,,,
NI02PPRIVSH2013,RA_LIC_RELEASE_PY,-72.0235902582686,,,
NI02PPRIVSH2013,RA_LIC_DEREC,0.0,,,
NI02PPRIVSH2013,RA_LIC_TASSCHG_PY,26.170776575802652,,,
NI02PPRIVSH2013,RA_LIC_FASSCHG_PY,0.0,,,
NI02PPRIVSH2013,RA_LIC_CLO,83.10566462280805,,,
NI02PPRIVSH2014,PVFC_LIC_UNWIND,0.0,,,
NI02PPRIVSH2014,PVFC_LIC_EXP_CLAIM_CF_CY,0.0,,,
NI02PPRIVSH2014,PVFC_LIC_EXP_ATTEXP_CY,0.0,,,
NI02PPRIVSH2014,PVFC_LIC_EXP_CLAIM_CF_PY,-2403.7753399999892,,,
NI02PPRIVSH2014,PVFC_LIC_EXP_ATTEXP_PY,0.0,,,
NI02PPRIVSH2014,RA_LIC_OP,94.21028952324757,,,
NI02PPRIVSH2014,RA_LIC_UNWIND,4.349455230225066,,,
NI02PPRIVSH2014,RA_LIC_INCLAIM,44.510130703278485,,,
NI02PPRIVSH2014,RA_LIC_RELEASE_PY,-79.90483622027311,,,
NI02PPRIVSH2014,RA_LIC_DEREC,0.0,,,
NI02PPRIVSH2014,RA_LIC_TASSCHG_PY,29.034537275192207,,,
NI02PPRIVSH2014,RA_LIC_FASSCHG_PY,0.0,,,
NI02PPRIVSH2014,RA_LIC_CLO,92.19957651167023,,,
NI02PPRIVSH2015,PVFC_LIC_UNWIND,0.0,,,
NI02PPRIVSH2015,PVFC_LIC_EXP_CLAIM_CF_CY,0.0,,,
NI02PPRIVSH2015,PVFC_LIC_EXP_ATTEXP_CY,0.0,,,
NI02PPRIVSH2015,PVFC_LIC_EXP_CLAIM_CF_PY,-2393.7804830000096,,,
NI02PPRIVSH2015,PVFC_LIC_EXP_ATTEXP_PY,0.0,,,
NI02PPRIVSH2015,RA_LIC_OP,93.81856474096983,,,
NI02PPRIVSH2015,RA_LIC_UNWIND,4.331370269317838,,,
NI02PPRIVSH2015,RA_LIC_INCLAIM,44.325058336479394,,,
NI02PPRIVSH2015,RA_LIC_RELEASE_PY,-79.57259326963873,,,
NI02PPRIVSH2015,RA_LIC_DEREC,0.0,,,
NI02PPRIVSH2015,RA_LIC_TASSCHG_PY,28.91381216278447,,,
NI02PPRIVSH2015,RA_LIC_FASSCHG_PY,0.0,,,
NI02PPRIVSH2015,RA_LIC_CLO,91.81621223991283,,,
NI02PPRIVSH2016,PVFC_LIC_UNWIND,0.0,,,
NI02PPRIVSH2016,PVFC_LIC_EXP_CLAIM_CF_CY,0.0,,,
NI02PPRIVSH2016,PVFC_LIC_EXP_ATTEXP_CY,0.0,,,
NI02PPRIVSH2016,PVFC_LIC_EXP_CLAIM_CF_PY,-7254.005935999936,,,
NI02PPRIVSH2016,PVFC_LIC_EXP_ATTEXP_PY,0.0,,,
NI02PPRIVSH2016,RA_LIC_OP,284.3036069393751,,,
NI02PPRIVSH2016,RA_LIC_UNWIND,13.12559186933799,,,
NI02PPRIVSH2016,RA_LIC_INCLAIM,134.3206858648117,,,
NI02PPRIVSH2016,RA_LIC_RELEASE_PY,-241.13324844116846,,,
NI02PPRIVSH2016,RA_LIC_DEREC,0.0,,,
NI02PPRIVSH2016,RA_LIC_TASSCHG_PY,87.61913072261547,,,
NI02PPRIVSH2016,RA_LIC_FASSCHG_PY,0.0,,,
NI02PPRIVSH2016,RA_LIC_CLO,278.23576695497184,,,
NI02PPRIVSH2017,PVFC_LIC_UNWIND,0.0,,,
NI02PPRIVSH2017,PVFC_LIC_EXP_CLAIM_CF_CY,0.0,,,
NI02PPRIVSH2017,PVFC_LIC_EXP_ATTEXP_CY,0.0,,,
NI02PPRIVSH2017,PVFC_LIC_EXP_CLAIM_CF_PY,-46882.21737113117,,,
NI02PPRIVSH2017,PVFC_LIC_EXP_ATTEXP_PY,0.0,,,
NI02PPRIVSH2017,RA_LIC_OP,1837.1778241333557,,,
NI02PPRIVSH2017,RA_LIC_UNWIND,84.81794012594052,,,
NI02PPRIVSH2017,RA_LIC_INCLAIM,867.9840120559435,,,
NI02PPRIVSH2017,RA_LIC_RELEASE_PY,-1558.2097654913682,,,
NI02PPRIVSH2017,RA_LIC_DEREC,0.0,,,
NI02PPRIVSH2017,RA_LIC_TASSCHG_PY,566.1972623785826,,,
NI02PPRIVSH2017,RA_LIC_FASSCHG_PY,0.0,,,
NI02PPRIVSH2017,RA_LIC_CLO,1797.967273202454,,,
NI02PPRIVSH2018,PVFC_LIC_UNWIND,0.0,,,
NI02PPRIVSH2018,PVFC_LIC_EXP_CLAIM_CF_CY,0.0,,,
NI02PPRIVSH2018,PVFC_LIC_EXP_ATTEXP_CY,0.0,,,
NI02PPRIVSH2018,PVFC_LIC_EXP_CLAIM_CF_PY,-2673.3595919086583,,,
NI02PPRIVSH2018,PVFC_LIC_EXP_ATTEXP_PY,0.0,,,
NI02PPRIVSH2018,RA_LIC_OP,114.12588606030093,,,
NI02PPRIVSH2018,RA_LIC_UNWIND,5.268908890324093,,,
NI02PPRIVSH2018,RA_LIC_INCLAIM,53.919355633844724,,,
NI02PPRIVSH2018,RA_LIC_RELEASE_PY,-96.79632957599196,,,
NI02PPRIVSH2018,RA_LIC_DEREC,0.0,,,
NI02PPRIVSH2018,RA_LIC_TASSCHG_PY,35.17229709886919,,,
NI02PPRIVSH2018,RA_LIC_FASSCHG_PY,0.0,,,
NI02PPRIVSH2018,RA_LIC_CLO,111.69011810734696,,,
NI02PPRIVSH2019,PVFC_LIC_UNWIND,0.0,,,
NI02PPRIVSH2019,PVFC_LIC_EXP_CLAIM_CF_CY,0.0,,,
NI02PPRIVSH2019,PVFC_LIC_EXP_ATTEXP_CY,0.0,,,
NI02PPRIVSH2019,PVFC_LIC_EXP_CLAIM_CF_PY,-38826.01919440532,,,
NI02PPRIVSH2019,PVFC_LIC_EXP_ATTEXP_PY,0.0,,,
NI02PPRIVSH2019,RA_LIC_OP,1616.176778946282,,,
NI02PPRIVSH2019,RA_LIC_UNWIND,74.61487041096069,,,
NI02PPRIVSH2019,RA_LIC_INCLAIM,763.5709436255522,,,
NI02PPRIVSH2019,RA_LIC_RELEASE_PY,-1370.7668395695164,,,
NI02PPRIVSH2019,RA_LIC_DEREC,0.0,,,
NI02PPRIVSH2019,RA_LIC_TASSCHG_PY,498.0872595666589,,,
NI02PPRIVSH2019,RA_LIC_FASSCHG_PY,0.0,,,
NI02PPRIVSH2019,RA_LIC_CLO,1581.6830129799373,,,
NI02PPRIVSH2020,PVFC_LIC_UNWIND,0.0,,,
NI02PPRIVSH2020,PVFC_LIC_EXP_CLAIM_CF_CY,0.0,,,
NI02PPRIVSH2020,PVFC_LIC_EXP_ATTEXP_CY,0.0,,,
NI02PPRIVSH2020,PVFC_LIC_EXP_CLAIM_CF_PY,-105156.17587491826,,,
NI02PPRIVSH2020,PVFC_LIC_EXP_ATTEXP_PY,0.0,,,
NI02PPRIVSH2020,RA_LIC_OP,5249.011576687214,,,
NI02PPRIVSH2020,RA_LIC_UNWIND,242.33383605195755,,,
NI02PPRIVSH2020,RA_LIC_INCLAIM,2479.9222306149227,,,
NI02PPRIVSH2020,RA_LIC_RELEASE_PY,-4451.97029407294,,,
NI02PPRIVSH2020,RA_LIC_DEREC,0.0,,,
NI02PPRIVSH2020,RA_LIC_TASSCHG_PY,1617.6855315112166,,,
NI02PPRIVSH2020,RA_LIC_FASSCHG_PY,0.0,,,
NI02PPRIVSH2020,RA_LIC_CLO,5136.98288079237,,,
NI02PPRIVSH2021,PVFC_LIC_UNWIND,0.0,,,
NI02PPRIVSH2021,PVFC_LIC_EXP_CLAIM_CF_CY,0.0,,,
NI02PPRIVSH2021,PVFC_LIC_EXP_ATTEXP_CY,0.0,,,
NI02PPRIVSH2021,PVFC_LIC_EXP_CLAIM_CF_PY,-136821.96427760812,,,
NI02PPRIVSH2021,PVFC_LIC_EXP_ATTEXP_PY,0.0,,,
NI02PPRIVSH2021,RA_LIC_OP,7446.280913464745,,,
NI02PPRIVSH2021,RA_LIC_UNWIND,343.77630754231325,,,
NI02PPRIVSH2021,RA_LIC_INCLAIM,3518.033310255967,,,
NI02PPRIVSH2021,RA_LIC_RELEASE_PY,-6315.59312524694,,,
NI02PPRIVSH2021,RA_LIC_DEREC,0.0,,,
NI02PPRIVSH2021,RA_LIC_TASSCHG_PY,2294.858893201836,,,
NI02PPRIVSH2021,RA_LIC_FASSCHG_PY,0.0,,,
NI02PPRIVSH2021,RA_LIC_CLO,7287.356299217923,,,
NI02PPRIVSH2022,PVFC_LIC_UNWIND,0.0,,,
NI02PPRIVSH2022,PVFC_LIC_EXP_CLAIM_CF_CY,0.0,,,
NI02PPRIVSH2022,PVFC_LIC_EXP_ATTEXP_CY,0.0,,,
NI02PPRIVSH2022,PVFC_LIC_EXP_CLAIM_CF_PY,-745740.62426536,,,
NI02PPRIVSH2022,PVFC_LIC_EXP_ATTEXP_PY,0.0,,,
NI02PPRIVSH2022,RA_LIC_OP,34066.770489997005,,,
NI02PPRIVSH2022,RA_LIC_UNWIND,1572.7782372224979,,,
NI02PPRIVSH2022,RA_LIC_INCLAIM,16095.019077233463,,,
NI02PPRIVSH2022,RA_LIC_RELEASE_PY,-28893.868497083135,,,
NI02PPRIVSH2022,RA_LIC_DEREC,0.0,,,
NI02PPRIVSH2022,RA_LIC_TASSCHG_PY,10498.990318813958,,,
NI02PPRIVSH2022,RA_LIC_FASSCHG_PY,0.0,,,
NI02PPRIVSH2022,RA_LIC_CLO,33339.68962618379,,,
NI02PPRIVSH2023,PVFC_LIC_UNWIND,0.0,,,
NI02PPRIVSH2023,PVFC_LIC_EXP_CLAIM_CF_CY,0.0,,,
NI02PPRIVSH2023,PVFC_LIC_EXP_ATTEXP_CY,0.0,,,
NI02PPRIVSH2023,PVFC_LIC_EXP_CLAIM_CF_PY,0.0,,,
NI02PPRIVSH2023,PVFC_LIC_EXP_ATTEXP_PY,0.0,,,
NI02PPRIVSH2023,RA_LIC_OP,0.0,,,
NI02PPRIVSH2023,RA_LIC_UNWIND,0.0,,,
NI02PPRIVSH2023,RA_LIC_INCLAIM,0.0,,,
NI02PPRIVSH2023,RA_LIC_RELEASE_PY,0.0,,,
NI02PPRIVSH2023,RA_LIC_DEREC,0.0,,,
NI02PPRIVSH2023,RA_LIC_TASSCHG_PY,0.0,,,
NI02PPRIVSH2023,RA_LIC_FASSCHG_PY,0.0,,,
NI02PPRIVSH2023,RA_LIC_CLO,0.0,,,
NI02PPRIVSH2011,RA_LIC_RELEASE_CY,0.0,,,
NI02PPRIVSH2012,RA_LIC_RELEASE_CY,0.0,,,
NI02PPRIVSH2013,RA_LIC_RELEASE_CY,0.0,,,
NI02PPRIVSH2014,RA_LIC_RELEASE_CY,0.0,,,
NI02PPRIVSH2015,RA_LIC_RELEASE_CY,0.0,,,
NI02PPRIVSH2016,RA_LIC_RELEASE_CY,0.0,,,
NI02PPRIVSH2017,RA_LIC_RELEASE_CY,0.0,,,
NI02PPRIVSH2018,RA_LIC_RELEASE_CY,0.0,,,
NI02PPRIVSH2019,RA_LIC_RELEASE_CY,0.0,,,
NI02PPRIVSH2020,RA_LIC_RELEASE_CY,0.0,,,
NI02PPRIVSH2021,RA_LIC_RELEASE_CY,0.0,,,
NI02PPRIVSH2022,RA_LIC_RELEASE_CY,0.0,,,
NI02PPRIVSH2023,RA_LIC_RELEASE_CY,0.0,,,
NI02PPRIVSH2011,RA_LIC_FEXPVAR_CY,0.0,,,
NI02PPRIVSH2012,RA_LIC_FEXPVAR_CY,0.0,,,
NI02PPRIVSH2013,RA_LIC_FEXPVAR_CY,0.0,,,
NI02PPRIVSH2014,RA_LIC_FEXPVAR_CY,0.0,,,
NI02PPRIVSH2015,RA_LIC_FEXPVAR_CY,0.0,,,
NI02PPRIVSH2016,RA_LIC_FEXPVAR_CY,0.0,,,
NI02PPRIVSH2017,RA_LIC_FEXPVAR_CY,0.0,,,
NI02PPRIVSH2018,RA_LIC_FEXPVAR_CY,0.0,,,
NI02PPRIVSH2019,RA_LIC_FEXPVAR_CY,0.0,,,
NI02PPRIVSH2020,RA_LIC_FEXPVAR_CY,0.0,,,
NI02PPRIVSH2021,RA_LIC_FEXPVAR_CY,0.0,,,
NI02PPRIVSH2022,RA_LIC_FEXPVAR_CY,0.0,,,
NI02PPRIVSH2023,RA_LIC_FEXPVAR_CY,0.0,,,
NI02PPRIVSH2011,DA_LIC_OP,0.0,,,
NI02PPRIVSH2012,DA_LIC_OP,0.0,,,
NI02PPRIVSH2013,DA_LIC_OP,0.0,,,
NI02PPRIVSH2014,DA_LIC_OP,0.0,,,
NI02PPRIVSH2015,DA_LIC_OP,0.0,,,
NI02PPRIVSH2016,DA_LIC_OP,0.0,,,
NI02PPRIVSH2017,DA_LIC_OP,0.0,,,
NI02PPRIVSH2018,DA_LIC_OP,0.0,,,
NI02PPRIVSH2019,DA_LIC_OP,0.0,,,
NI02PPRIVSH2020,DA_LIC_OP,0.0,,,
NI02PPRIVSH2021,DA_LIC_OP,0.0,,,
NI02PPRIVSH2022,DA_LIC_OP,0.0,,,
NI02PPRIVSH2023,DA_LIC_OP,0.0,,,
NI02PPRIVSH2011,DA_LIC_INCLAIM_INCEXP,0.0,,,
NI02PPRIVSH2012,DA_LIC_INCLAIM_INCEXP,0.0,,,
NI02PPRIVSH2013,DA_LIC_INCLAIM_INCEXP,0.0,,,
NI02PPRIVSH2014,DA_LIC_INCLAIM_INCEXP,0.0,,,
NI02PPRIVSH2015,DA_LIC_INCLAIM_INCEXP,0.0,,,
NI02PPRIVSH2016,DA_LIC_INCLAIM_INCEXP,0.0,,,
NI02PPRIVSH2017,DA_LIC_INCLAIM_INCEXP,0.0,,,
NI02PPRIVSH2018,DA_LIC_INCLAIM_INCEXP,0.0,,,
NI02PPRIVSH2019,DA_LIC_INCLAIM_INCEXP,0.0,,,
NI02PPRIVSH2020,DA_LIC_INCLAIM_INCEXP,0.0,,,
NI02PPRIVSH2021,DA_LIC_INCLAIM_INCEXP,0.0,,,
NI02PPRIVSH2022,DA_LIC_INCLAIM_INCEXP,0.0,,,
NI02PPRIVSH2023,DA_LIC_INCLAIM_INCEXP,0.0,,,
NI02PPRIVSH2011,DA_LIC_CHG,0.0,,,
NI02PPRIVSH2012,DA_LIC_CHG,0.0,,,
NI02PPRIVSH2013,DA_LIC_CHG,0.0,,,
NI02PPRIVSH2014,DA_LIC_CHG,0.0,,,
NI02PPRIVSH2015,DA_LIC_CHG,0.0,,,
NI02PPRIVSH2016,DA_LIC_CHG,0.0,,,
NI02PPRIVSH2017,DA_LIC_CHG,0.0,,,
NI02PPRIVSH2018,DA_LIC_CHG,0.0,,,
NI02PPRIVSH2019,DA_LIC_CHG,0.0,,,
NI02PPRIVSH2020,DA_LIC_CHG,0.0,,,
NI02PPRIVSH2021,DA_LIC_CHG,0.0,,,
NI02PPRIVSH2022,DA_LIC_CHG,0.0,,,
NI02PPRIVSH2023,DA_LIC_CHG,0.0,,,
NI02PPRIVSH2011,DA_LIC_CLO,0.0,,,
NI02PPRIVSH2012,DA_LIC_CLO,0.0,,,
NI02PPRIVSH2013,DA_LIC_CLO,0.0,,,
NI02PPRIVSH2014,DA_LIC_CLO,0.0,,,
NI02PPRIVSH2015,DA_LIC_CLO,0.0,,,
NI02PPRIVSH2016,DA_LIC_CLO,0.0,,,
NI02PPRIVSH2017,DA_LIC_CLO,0.0,,,
NI02PPRIVSH2018,DA_LIC_CLO,0.0,,,
NI02PPRIVSH2019,DA_LIC_CLO,0.0,,,
NI02PPRIVSH2020,DA_LIC_CLO,0.0,,,
NI02PPRIVSH2021,DA_LIC_CLO,0.0,,,
NI02PPRIVSH2022,DA_LIC_CLO,0.0,,,
NI02PPRIVSH2023,DA_LIC_CLO,0.0,,,
NI02PPUBLSH2011,PVFC_LIC_UNWIND,0.0,,,
NI02PPUBLSH2011,PVFC_LIC_EXP_CLAIM_CF_CY,0.0,,,
NI02PPUBLSH2011,PVFC_LIC_EXP_ATTEXP_CY,0.0,,,
NI02PPUBLSH2011,PVFC_LIC_EXP_CLAIM_CF_PY,-18916.844759,,,
NI02PPUBLSH2011,PVFC_LIC_EXP_ATTEXP_PY,0.0,,,
NI02PPUBLSH2011,RA_LIC_OP,741.4009920078898,,,
NI02PPUBLSH2011,RA_LIC_UNWIND,40.60373579039321,,,
NI02PPUBLSH2011,RA_LIC_INCLAIM,22.597807985808377,,,
NI02PPUBLSH2011,RA_LIC_RELEASE_PY,-541.2269517990088,,,
NI02PPUBLSH2011,RA_LIC_DEREC,0.0,,,
NI02PPUBLSH2011,RA_LIC_TASSCHG_PY,-156.91438589990463,,,
NI02PPUBLSH2011,RA_LIC_FASSCHG_PY,0.0,,,
NI02PPUBLSH2011,RA_LIC_CLO,106.46119808517807,,,
NI02PPUBLSH2012,PVFC_LIC_UNWIND,0.0,,,
NI02PPUBLSH2012,PVFC_LIC_EXP_CLAIM_CF_CY,0.0,,,
NI02PPUBLSH2012,PVFC_LIC_EXP_ATTEXP_CY,0.0,,,
NI02PPUBLSH2012,PVFC_LIC_EXP_CLAIM_CF_PY,-605.3653839999906,,,
NI02PPUBLSH2012,PVFC_LIC_EXP_ATTEXP_PY,0.0,,,
NI02PPUBLSH2012,RA_LIC_OP,23.725864537282103,,,
NI02PPUBLSH2012,RA_LIC_UNWIND,1.2993761074711518,,,
NI02PPUBLSH2012,RA_LIC_INCLAIM,0.7231613349461172,,,
NI02PPUBLSH2012,RA_LIC_RELEASE_PY,-17.320016402369127,,,
NI02PPUBLSH2012,RA_LIC_DEREC,0.0,,,
NI02PPUBLSH2012,RA_LIC_TASSCHG_PY,-5.021478935075834,,,
NI02PPUBLSH2012,RA_LIC_FASSCHG_PY,0.0,,,
NI02PPUBLSH2012,RA_LIC_CLO,3.406906642254414,,,
NI02PPUBLSH2013,PVFC_LIC_UNWIND,0.0,,,
NI02PPUBLSH2013,PVFC_LIC_EXP_CLAIM_CF_CY,0.0,,,
NI02PPUBLSH2013,PVFC_LIC_EXP_ATTEXP_CY,0.0,,,
NI02PPUBLSH2013,PVFC_LIC_EXP_CLAIM_CF_PY,-2261.4290100000057,,,
NI02PPUBLSH2013,PVFC_LIC_EXP_ATTEXP_PY,0.0,,,
NI02PPUBLSH2013,RA_LIC_OP,88.63136176934266,,,
NI02PPUBLSH2013,RA_LIC_UNWIND,4.854005369319563,,,
NI02PPUBLSH2013,RA_LIC_INCLAIM,2.701472639468775,,,
NI02PPUBLSH2013,RA_LIC_RELEASE_PY,-64.70139948734523,,,
NI02PPUBLSH2013,RA_LIC_DEREC,0.0,,,
NI02PPUBLSH2013,RA_LIC_TASSCHG_PY,-18.758453054997645,,,
NI02PPUBLSH2013,RA_LIC_FASSCHG_PY,0.0,,,
NI02PPUBLSH2013,RA_LIC_CLO,12.726987235788124,,,
NI02PPUBLSH2014,PVFC_LIC_UNWIND,0.0,,,
NI02PPUBLSH2014,PVFC_LIC_EXP_CLAIM_CF_CY,0.0,,,
NI02PPUBLSH2014,PVFC_LIC_EXP_ATTEXP_CY,0.0,,,
NI02PPUBLSH2014,PVFC_LIC_EXP_CLAIM_CF_PY,-5005.643038000008,,,
NI02PPUBLSH2014,PVFC_LIC_EXP_ATTEXP_PY,0.0,,,
NI02PPUBLSH2014,RA_LIC_OP,196.18434053305484,,,
NI02PPUBLSH2014,RA_LIC_UNWIND,10.74427632965983,,,
NI02PPUBLSH2014,RA_LIC_INCLAIM,5.979673759515602,,,
NI02PPUBLSH2014,RA_LIC_RELEASE_PY,-143.21568727584608,,,
NI02PPUBLSH2014,RA_LIC_DEREC,0.0,,,
NI02PPUBLSH2014,RA_LIC_TASSCHG_PY,-41.52158636118263,,,
NI02PPUBLSH2014,RA_LIC_FASSCHG_PY,0.0,,,
NI02PPUBLSH2014,RA_LIC_CLO,28.17101698520159,,,
NI02PPUBLSH2015,PVFC_LIC_UNWIND,0.0,,,
NI02PPUBLSH2015,PVFC_LIC_EXP_CLAIM_CF_CY,0.0,,,
NI02PPUBLSH2015,PVFC_LIC_EXP_ATTEXP_CY,0.0,,,
NI02PPUBLSH2015,PVFC_LIC_EXP_CLAIM_CF_PY,0.0,,,
NI02PPUBLSH2015,PVFC_LIC_EXP_ATTEXP_PY,0.0,,,
NI02PPUBLSH2015,RA_LIC_OP,0.0,,,
NI02PPUBLSH2015,RA_LIC_UNWIND,0.0,,,
NI02PPUBLSH2015,RA_LIC_INCLAIM,0.0,,,
NI02PPUBLSH2015,RA_LIC_RELEASE_PY,0.0,,,
NI02PPUBLSH2015,RA_LIC_DEREC,0.0,,,
NI02PPUBLSH2015,RA_LIC_TASSCHG_PY,0.0,,,
NI02PPUBLSH2015,RA_LIC_FASSCHG_PY,0.0,,,
NI02PPUBLSH2015,RA_LIC_CLO,0.0,,,
NI02PPUBLSH2016,PVFC_LIC_UNWIND,0.0,,,
NI02PPUBLSH2016,PVFC_LIC_EXP_CLAIM_CF_CY,0.0,,,
NI02PPUBLSH2016,PVFC_LIC_EXP_ATTEXP_CY,0.0,,,
NI02PPUBLSH2016,PVFC_LIC_EXP_CLAIM_CF_PY,-1910.0439861083398,,,
NI02PPUBLSH2016,PVFC_LIC_EXP_ATTEXP_PY,0.0,,,
NI02PPUBLSH2016,RA_LIC_OP,75.03243594724789,,,
NI02PPUBLSH2016,RA_LIC_UNWIND,4.109243496775945,,,
NI02PPUBLSH2016,RA_LIC_INCLAIM,2.286979109174607,,,
NI02PPUBLSH2016,RA_LIC_RELEASE_PY,-54.77410609311835,,,
NI02PPUBLSH2016,RA_LIC_DEREC,0.0,,,
NI02PPUBLSH2016,RA_LIC_TASSCHG_PY,-15.880297890282618,,,
NI02PPUBLSH2016,RA_LIC_FASSCHG_PY,0.0,,,
NI02PPUBLSH2016,RA_LIC_CLO,10.77425456979748,,,
NI02PPUBLSH2017,PVFC_LIC_UNWIND,0.0,,,
NI02PPUBLSH2017,PVFC_LIC_EXP_CLAIM_CF_CY,0.0,,,
NI02PPUBLSH2017,PVFC_LIC_EXP_ATTEXP_CY,0.0,,,
NI02PPUBLSH2017,PVFC_LIC_EXP_CLAIM_CF_PY,-5042.953521865206,,,
NI02PPUBLSH2017,PVFC_LIC_EXP_ATTEXP_PY,0.0,,,
NI02PPUBLSH2017,RA_LIC_OP,203.7566007291193,,,
NI02PPUBLSH2017,RA_LIC_UNWIND,11.158980458264287,,,
NI02PPUBLSH2017,RA_LIC_INCLAIM,6.2104752876681575,,,
NI02PPUBLSH2017,RA_LIC_RELEASE_PY,-148.7434803976838,,,
NI02PPUBLSH2017,RA_LIC_DEREC,0.0,,,
NI02PPUBLSH2017,RA_LIC_TASSCHG_PY,-43.12422322213667,,,
NI02PPUBLSH2017,RA_LIC_FASSCHG_PY,0.0,,,
NI02PPUBLSH2017,RA_LIC_CLO,29.258352855231216,,,
NI02PPUBLSH2018,PVFC_LIC_UNWIND,0.0,,,
NI02PPUBLSH2018,PVFC_LIC_EXP_CLAIM_CF_CY,0.0,,,
NI02PPUBLSH2018,PVFC_LIC_EXP_ATTEXP_CY,0.0,,,
NI02PPUBLSH2018,PVFC_LIC_EXP_CLAIM_CF_PY,-30008.325542668357,,,
NI02PPUBLSH2018,PVFC_LIC_EXP_ATTEXP_PY,0.0,,,
NI02PPUBLSH2018,RA_LIC_OP,1176.1053499815316,,,
NI02PPUBLSH2018,RA_LIC_UNWIND,64.41085378505922,,,
NI02PPUBLSH2018,RA_LIC_INCLAIM,35.84754155505875,,,
NI02PPUBLSH2018,RA_LIC_RELEASE_PY,-858.563611900639,,,
NI02PPUBLSH2018,RA_LIC_DEREC,0.0,,,
NI02PPUBLSH2018,RA_LIC_TASSCHG_PY,-248.91772567790218,,,
NI02PPUBLSH2018,RA_LIC_FASSCHG_PY,0.0,,,
NI02PPUBLSH2018,RA_LIC_CLO,168.8824077431084,,,
NI02PPUBLSH2019,PVFC_LIC_UNWIND,0.0,,,
NI02PPUBLSH2019,PVFC_LIC_EXP_CLAIM_CF_CY,0.0,,,
NI02PPUBLSH2019,PVFC_LIC_EXP_ATTEXP_CY,0.0,,,
NI02PPUBLSH2019,PVFC_LIC_EXP_CLAIM_CF_PY,-24408.855550453794,,,
NI02PPUBLSH2019,PVFC_LIC_EXP_ATTEXP_PY,0.0,,,
NI02PPUBLSH2019,RA_LIC_OP,1035.9390589884265,,,
NI02PPUBLSH2019,RA_LIC_UNWIND,56.734474730331904,,,
NI02PPUBLSH2019,RA_LIC_INCLAIM,31.575290824226943,,,
NI02PPUBLSH2019,RA_LIC_RELEASE_PY,-756.2414202163261,,,
NI02PPUBLSH2019,RA_LIC_DEREC,0.0,,,
NI02PPUBLSH2019,RA_LIC_TASSCHG_PY,-219.25212270172432,,,
NI02PPUBLSH2019,RA_LIC_FASSCHG_PY,0.0,,,
NI02PPUBLSH2019,RA_LIC_CLO,148.755281624935,,,
NI02PPUBLSH2020,PVFC_LIC_UNWIND,0.0,,,
NI02PPUBLSH2020,PVFC_LIC_EXP_CLAIM_CF_CY,0.0,,,
NI02PPUBLSH2020,PVFC_LIC_EXP_ATTEXP_CY,0.0,,,
NI02PPUBLSH2020,PVFC_LIC_EXP_CLAIM_CF_PY,-76061.15461760985,,,
NI02PPUBLSH2020,PVFC_LIC_EXP_ATTEXP_PY,0.0,,,
NI02PPUBLSH2020,RA_LIC_OP,3308.5124096204095,,,
NI02PPUBLSH2020,RA_LIC_UNWIND,181.19474506723438,,,
NI02PPUBLSH2020,RA_LIC_INCLAIM,100.84303765063017,,,
NI02PPUBLSH2020,RA_LIC_RELEASE_PY,-2415.2329248960486,,,
NI02PPUBLSH2020,RA_LIC_DEREC,0.0,,,
NI02PPUBLSH2020,RA_LIC_TASSCHG_PY,-700.2326657154991,,,
NI02PPUBLSH2020,RA_LIC_FASSCHG_PY,0.0,,,
NI02PPUBLSH2020,RA_LIC_CLO,475.0846017267263,,,
NI02PPUBLSH2021,PVFC_LIC_UNWIND,0.0,,,
NI02PPUBLSH2021,PVFC_LIC_EXP_CLAIM_CF_CY,0.0,,,
NI02PPUBLSH2021,PVFC_LIC_EXP_ATTEXP_CY,0.0,,,
NI02PPUBLSH2021,PVFC_LIC_EXP_CLAIM_CF_PY,-641490.3292632921,,,
NI02PPUBLSH2021,PVFC_LIC_EXP_ATTEXP_PY,0.0,,,
NI02PPUBLSH2021,RA_LIC_OP,35389.05638988866,,,
NI02PPUBLSH2021,RA_LIC_UNWIND,1938.1251320352621,,,
NI02PPUBLSH2021,RA_LIC_INCLAIM,1078.6539399304422,,,
NI02PPUBLSH2021,RA_LIC_RELEASE_PY,-25834.212960884262,,,
NI02PPUBLSH2021,RA_LIC_DEREC,0.0,,,
NI02PPUBLSH2021,RA_LIC_TASSCHG_PY,-7489.944187904972,,,
NI02PPUBLSH2021,RA_LIC_FASSCHG_PY,0.0,,,
NI02PPUBLSH2021,RA_LIC_CLO,5081.6783130651365,,,
NI02PPUBLSH2022,PVFC_LIC_UNWIND,0.0,,,
NI02PPUBLSH2022,PVFC_LIC_EXP_CLAIM_CF_CY,0.0,,,
NI02PPUBLSH2022,PVFC_LIC_EXP_ATTEXP_CY,0.0,,,
NI02PPUBLSH2022,PVFC_LIC_EXP_CLAIM_CF_PY,-811024.4999862476,,,
NI02PPUBLSH2022,PVFC_LIC_EXP_ATTEXP_PY,0.0,,,
NI02PPUBLSH2022,RA_LIC_OP,45415.41283780957,,,
NI02PPUBLSH2022,RA_LIC_UNWIND,2487.230855577851,,,
NI02PPUBLSH2022,RA_LIC_INCLAIM,1384.2560098626298,,,
NI02PPUBLSH2022,RA_LIC_RELEASE_PY,-33153.510340379566,,,
NI02PPUBLSH2022,RA_LIC_DEREC,0.0,,,
NI02PPUBLSH2022,RA_LIC_TASSCHG_PY,-9611.980146581322,,,
NI02PPUBLSH2022,RA_LIC_FASSCHG_PY,0.0,,,
NI02PPUBLSH2022,RA_LIC_CLO,6521.409216289165,,,
NI02PPUBLSH2023,PVFC_LIC_UNWIND,0.0,,,
NI02PPUBLSH2023,PVFC_LIC_EXP_CLAIM_CF_CY,0.0,,,
NI02PPUBLSH2023,PVFC_LIC_EXP_ATTEXP_CY,0.0,,,
NI02PPUBLSH2023,PVFC_LIC_EXP_CLAIM_CF_PY,0.0,,,
NI02PPUBLSH2023,PVFC_LIC_EXP_ATTEXP_PY,0.0,,,
NI02PPUBLSH2023,RA_LIC_OP,0.0,,,
NI02PPUBLSH2023,RA_LIC_UNWIND,0.0,,,
NI02PPUBLSH2023,RA_LIC_INCLAIM,0.0,,,
NI02PPUBLSH2023,RA_LIC_RELEASE_PY,0.0,,,
NI02PPUBLSH2023,RA_LIC_DEREC,0.0,,,
NI02PPUBLSH2023,RA_LIC_TASSCHG_PY,0.0,,,
NI02PPUBLSH2023,RA_LIC_FASSCHG_PY,0.0,,,
NI02PPUBLSH2023,RA_LIC_CLO,0.0,,,
NI02PPUBLSH2011,RA_LIC_RELEASE_CY,0.0,,,
NI02PPUBLSH2012,RA_LIC_RELEASE_CY,0.0,,,
NI02PPUBLSH2013,RA_LIC_RELEASE_CY,0.0,,,
NI02PPUBLSH2014,RA_LIC_RELEASE_CY,0.0,,,
NI02PPUBLSH2015,RA_LIC_RELEASE_CY,0.0,,,
NI02PPUBLSH2016,RA_LIC_RELEASE_CY,0.0,,,
NI02PPUBLSH2017,RA_LIC_RELEASE_CY,0.0,,,
NI02PPUBLSH2018,RA_LIC_RELEASE_CY,0.0,,,
NI02PPUBLSH2019,RA_LIC_RELEASE_CY,0.0,,,
NI02PPUBLSH2020,RA_LIC_RELEASE_CY,0.0,,,
NI02PPUBLSH2021,RA_LIC_RELEASE_CY,0.0,,,
NI02PPUBLSH2022,RA_LIC_RELEASE_CY,0.0,,,
NI02PPUBLSH2023,RA_LIC_RELEASE_CY,0.0,,,
NI02PPUBLSH2011,RA_LIC_FEXPVAR_CY,0.0,,,
NI02PPUBLSH2012,RA_LIC_FEXPVAR_CY,0.0,,,
NI02PPUBLSH2013,RA_LIC_FEXPVAR_CY,0.0,,,
NI02PPUBLSH2014,RA_LIC_FEXPVAR_CY,0.0,,,
NI02PPUBLSH2015,RA_LIC_FEXPVAR_CY,0.0,,,
NI02PPUBLSH2016,RA_LIC_FEXPVAR_CY,0.0,,,
NI02PPUBLSH2017,RA_LIC_FEXPVAR_CY,0.0,,,
NI02PPUBLSH2018,RA_LIC_FEXPVAR_CY,0.0,,,
NI02PPUBLSH2019,RA_LIC_FEXPVAR_CY,0.0,,,
NI02PPUBLSH2020,RA_LIC_FEXPVAR_CY,0.0,,,
NI02PPUBLSH2021,RA_LIC_FEXPVAR_CY,0.0,,,
NI02PPUBLSH2022,RA_LIC_FEXPVAR_CY,0.0,,,
NI02PPUBLSH2023,RA_LIC_FEXPVAR_CY,0.0,,,
NI02PPUBLSH2011,DA_LIC_OP,0.0,,,
NI02PPUBLSH2012,DA_LIC_OP,0.0,,,
NI02PPUBLSH2013,DA_LIC_OP,0.0,,,
NI02PPUBLSH2014,DA_LIC_OP,0.0,,,
NI02PPUBLSH2015,DA_LIC_OP,0.0,,,
NI02PPUBLSH2016,DA_LIC_OP,0.0,,,
NI02PPUBLSH2017,DA_LIC_OP,0.0,,,
NI02PPUBLSH2018,DA_LIC_OP,0.0,,,
NI02PPUBLSH2019,DA_LIC_OP,0.0,,,
NI02PPUBLSH2020,DA_LIC_OP,0.0,,,
NI02PPUBLSH2021,DA_LIC_OP,0.0,,,
NI02PPUBLSH2022,DA_LIC_OP,0.0,,,
NI02PPUBLSH2023,DA_LIC_OP,0.0,,,
NI02PPUBLSH2011,DA_LIC_INCLAIM_INCEXP,0.0,,,
NI02PPUBLSH2012,DA_LIC_INCLAIM_INCEXP,0.0,,,
NI02PPUBLSH2013,DA_LIC_INCLAIM_INCEXP,0.0,,,
NI02PPUBLSH2014,DA_LIC_INCLAIM_INCEXP,0.0,,,
NI02PPUBLSH2015,DA_LIC_INCLAIM_INCEXP,0.0,,,
NI02PPUBLSH2016,DA_LIC_INCLAIM_INCEXP,0.0,,,
NI02PPUBLSH2017,DA_LIC_INCLAIM_INCEXP,0.0,,,
NI02PPUBLSH2018,DA_LIC_INCLAIM_INCEXP,0.0,,,
NI02PPUBLSH2019,DA_LIC_INCLAIM_INCEXP,0.0,,,
NI02PPUBLSH2020,DA_LIC_INCLAIM_INCEXP,0.0,,,
NI02PPUBLSH2021,DA_LIC_INCLAIM_INCEXP,0.0,,,
NI02PPUBLSH2022,DA_LIC_INCLAIM_INCEXP,0.0,,,
NI02PPUBLSH2023,DA_LIC_INCLAIM_INCEXP,0.0,,,
NI02PPUBLSH2011,DA_LIC_CHG,0.0,,,
NI02PPUBLSH2012,DA_LIC_CHG,0.0,,,
NI02PPUBLSH2013,DA_LIC_CHG,0.0,,,
NI02PPUBLSH2014,DA_LIC_CHG,0.0,,,
NI02PPUBLSH2015,DA_LIC_CHG,0.0,,,
NI02PPUBLSH2016,DA_LIC_CHG,0.0,,,
NI02PPUBLSH2017,DA_LIC_CHG,0.0,,,
NI02PPUBLSH2018,DA_LIC_CHG,0.0,,,
NI02PPUBLSH2019,DA_LIC_CHG,0.0,,,
NI02PPUBLSH2020,DA_LIC_CHG,0.0,,,
NI02PPUBLSH2021,DA_LIC_CHG,0.0,,,
NI02PPUBLSH2022,DA_LIC_CHG,0.0,,,
NI02PPUBLSH2023,DA_LIC_CHG,0.0,,,
NI02PPUBLSH2011,DA_LIC_CLO,0.0,,,
NI02PPUBLSH2012,DA_LIC_CLO,0.0,,,
NI02PPUBLSH2013,DA_LIC_CLO,0.0,,,
NI02PPUBLSH2014,DA_LIC_CLO,0.0,,,
NI02PPUBLSH2015,DA_LIC_CLO,0.0,,,
NI02PPUBLSH2016,DA_LIC_CLO,0.0,,,
NI02PPUBLSH2017,DA_LIC_CLO,0.0,,,
NI02PPUBLSH2018,DA_LIC_CLO,0.0,,,
NI02PPUBLSH2019,DA_LIC_CLO,0.0,,,
NI02PPUBLSH2020,DA_LIC_CLO,0.0,,,
NI02PPUBLSH2021,DA_LIC_CLO,0.0,,,
NI02PPUBLSH2022,DA_LIC_CLO,0.0,,,
NI02PPUBLSH2023,DA_LIC_CLO,0.0,,,
NI02PPRIVPF2011,PVFC_LIC_UNWIND,0.0,,,
NI02PPRIVPF2011,PVFC_LIC_EXP_CLAIM_CF_CY,0.0,,,-1.0
NI02PPRIVPF2011,PVFC_LIC_EXP_ATTEXP_CY,0.0,,,
NI02PPRIVPF2011,PVFC_LIC_EXP_CLAIM_CF_PY,0.0,,,
NI02PPRIVPF2011,PVFC_LIC_EXP_ATTEXP_PY,0.0,,,
NI02PPRIVPF2011,RA_LIC_OP,0.0,,,
NI02PPRIVPF2011,RA_LIC_UNWIND,0.0,,,
NI02PPRIVPF2011,RA_LIC_INCLAIM,0.0,,,
NI02PPRIVPF2011,RA_LIC_RELEASE_PY,0.0,,,
NI02PPRIVPF2011,RA_LIC_DEREC,0.0,,,
NI02PPRIVPF2011,RA_LIC_TASSCHG_PY,0.0,,,
NI02PPRIVPF2011,RA_LIC_FASSCHG_PY,0.0,,,
NI02PPRIVPF2011,RA_LIC_CLO,0.0,,,
NI02PPRIVPF2012,PVFC_LIC_UNWIND,0.0,,,
NI02PPRIVPF2012,PVFC_LIC_EXP_CLAIM_CF_CY,0.0,,,
NI02PPRIVPF2012,PVFC_LIC_EXP_ATTEXP_CY,0.0,,,
NI02PPRIVPF2012,PVFC_LIC_EXP_CLAIM_CF_PY,0.0,,,
NI02PPRIVPF2012,PVFC_LIC_EXP_ATTEXP_PY,0.0,,,
NI02PPRIVPF2012,RA_LIC_OP,0.0,,,
NI02PPRIVPF2012,RA_LIC_UNWIND,0.0,,,
NI02PPRIVPF2012,RA_LIC_INCLAIM,0.0,,,
NI02PPRIVPF2012,RA_LIC_RELEASE_PY,0.0,,,
NI02PPRIVPF2012,RA_LIC_DEREC,0.0,,,
NI02PPRIVPF2012,RA_LIC_TASSCHG_PY,0.0,,,
NI02PPRIVPF2012,RA_LIC_FASSCHG_PY,0.0,,,
NI02PPRIVPF2012,RA_LIC_CLO,0.0,,,
NI02PPRIVPF2013,PVFC_LIC_UNWIND,0.0,,,
NI02PPRIVPF2013,PVFC_LIC_EXP_CLAIM_CF_CY,0.0,,,
NI02PPRIVPF2013,PVFC_LIC_EXP_ATTEXP_CY,0.0,,,
NI02PPRIVPF2013,PVFC_LIC_EXP_CLAIM_CF_PY,0.0,,,
NI02PPRIVPF2013,PVFC_LIC_EXP_ATTEXP_PY,0.0,,,
NI02PPRIVPF2013,RA_LIC_OP,0.0,,,
NI02PPRIVPF2013,RA_LIC_UNWIND,0.0,,,
NI02PPRIVPF2013,RA_LIC_INCLAIM,0.0,,,
NI02PPRIVPF2013,RA_LIC_RELEASE_PY,0.0,,,
NI02PPRIVPF2013,RA_LIC_DEREC,0.0,,,
NI02PPRIVPF2013,RA_LIC_TASSCHG_PY,0.0,,,
NI02PPRIVPF2013,RA_LIC_FASSCHG_PY,0.0,,,
NI02PPRIVPF2013,RA_LIC_CLO,0.0,,,
NI02PPRIVPF2014,PVFC_LIC_UNWIND,0.0,,,
NI02PPRIVPF2014,PVFC_LIC_EXP_CLAIM_CF_CY,0.0,,,
NI02PPRIVPF2014,PVFC_LIC_EXP_ATTEXP_CY,0.0,,,
NI02PPRIVPF2014,PVFC_LIC_EXP_CLAIM_CF_PY,0.0,,,
NI02PPRIVPF2014,PVFC_LIC_EXP_ATTEXP_PY,0.0,,,
NI02PPRIVPF2014,RA_LIC_OP,0.0,,,
NI02PPRIVPF2014,RA_LIC_UNWIND,0.0,,,
NI02PPRIVPF2014,RA_LIC_INCLAIM,0.0,,,
NI02PPRIVPF2014,RA_LIC_RELEASE_PY,0.0,,,
NI02PPRIVPF2014,RA_LIC_DEREC,0.0,,,
NI02PPRIVPF2014,RA_LIC_TASSCHG_PY,0.0,,,
NI02PPRIVPF2014,RA_LIC_FASSCHG_PY,0.0,,,
NI02PPRIVPF2014,RA_LIC_CLO,0.0,,,
NI02PPRIVPF2015,PVFC_LIC_UNWIND,0.0,,,
NI02PPRIVPF2015,PVFC_LIC_EXP_CLAIM_CF_CY,0.0,,,
NI02PPRIVPF2015,PVFC_LIC_EXP_ATTEXP_CY,0.0,,,
NI02PPRIVPF2015,PVFC_LIC_EXP_CLAIM_CF_PY,0.0,,,
NI02PPRIVPF2015,PVFC_LIC_EXP_ATTEXP_PY,0.0,,,
NI02PPRIVPF2015,RA_LIC_OP,0.0,,,
NI02PPRIVPF2015,RA_LIC_UNWIND,0.0,,,
NI02PPRIVPF2015,RA_LIC_INCLAIM,0.0,,,
NI02PPRIVPF2015,RA_LIC_RELEASE_PY,0.0,,,
NI02PPRIVPF2015,RA_LIC_DEREC,0.0,,,
NI02PPRIVPF2015,RA_LIC_TASSCHG_PY,0.0,,,
NI02PPRIVPF2015,RA_LIC_FASSCHG_PY,0.0,,,
NI02PPRIVPF2015,RA_LIC_CLO,0.0,,,
NI02PPRIVPF2016,PVFC_LIC_UNWIND,0.0,,,
NI02PPRIVPF2016,PVFC_LIC_EXP_CLAIM_CF_CY,0.0,,,
NI02PPRIVPF2016,PVFC_LIC_EXP_ATTEXP_CY,0.0,,,
NI02PPRIVPF2016,PVFC_LIC_EXP_CLAIM_CF_PY,0.0,,,
NI02PPRIVPF2016,PVFC_LIC_EXP_ATTEXP_PY,0.0,,,
NI02PPRIVPF2016,RA_LIC_OP,0.0,,,
NI02PPRIVPF2016,RA_LIC_UNWIND,0.0,,,
NI02PPRIVPF2016,RA_LIC_INCLAIM,0.0,,,
NI02PPRIVPF2016,RA_LIC_RELEASE_PY,0.0,,,
NI02PPRIVPF2016,RA_LIC_DEREC,0.0,,,
NI02PPRIVPF2016,RA_LIC_TASSCHG_PY,0.0,,,
NI02PPRIVPF2016,RA_LIC_FASSCHG_PY,0.0,,,
NI02PPRIVPF2016,RA_LIC_CLO,0.0,,,
NI02PPRIVPF2017,PVFC_LIC_UNWIND,0.0,,,
NI02PPRIVPF2017,PVFC_LIC_EXP_CLAIM_CF_CY,0.0,,,
NI02PPRIVPF2017,PVFC_LIC_EXP_ATTEXP_CY,0.0,,,
NI02PPRIVPF2017,PVFC_LIC_EXP_CLAIM_CF_PY,0.7218107158530308,,,
NI02PPRIVPF2017,PVFC_LIC_EXP_ATTEXP_PY,0.0,,,
NI02PPRIVPF2017,RA_LIC_OP,-0.03293645728341116,,,
NI02PPRIVPF2017,RA_LIC_UNWIND,-0.0019505804150890865,,,
NI02PPRIVPF2017,RA_LIC_INCLAIM,-0.022120813800373344,,,
NI02PPRIVPF2017,RA_LIC_RELEASE_PY,0.02297141799016847,,,
NI02PPRIVPF2017,RA_LIC_DEREC,0.0,,,
NI02PPRIVPF2017,RA_LIC_TASSCHG_PY,-0.0039524337085815224,,,
NI02PPRIVPF2017,RA_LIC_FASSCHG_PY,0.0,,,
NI02PPRIVPF2017,RA_LIC_CLO,-0.03798886721728664,,,
NI02PPRIVPF2018,PVFC_LIC_UNWIND,0.0,,,
NI02PPRIVPF2018,PVFC_LIC_EXP_CLAIM_CF_CY,0.0,,,
NI02PPRIVPF2018,PVFC_LIC_EXP_ATTEXP_CY,0.0,,,
NI02PPRIVPF2018,PVFC_LIC_EXP_CLAIM_CF_PY,29.67701749680666,,,
NI02PPRIVPF2018,PVFC_LIC_EXP_ATTEXP_PY,0.0,,,
NI02PPRIVPF2018,RA_LIC_OP,-1.3919000787238822,,,
NI02PPRIVPF2018,RA_LIC_UNWIND,-0.08243184778367803,,,
NI02PPRIVPF2018,RA_LIC_INCLAIM,-0.9348292138779518,,,
NI02PPRIVPF2018,RA_LIC_RELEASE_PY,0.9707758862401614,,,
NI02PPRIVPF2018,RA_LIC_DEREC,0.0,,,
NI02PPRIVPF2018,RA_LIC_TASSCHG_PY,-0.16703049580552148,,,
NI02PPRIVPF2018,RA_LIC_FASSCHG_PY,0.0,,,
NI02PPRIVPF2018,RA_LIC_CLO,-1.6054157499508714,,,
NI02PPRIVPF2019,PVFC_LIC_UNWIND,0.0,,,
NI02PPRIVPF2019,PVFC_LIC_EXP_CLAIM_CF_CY,0.0,,,
NI02PPRIVPF2019,PVFC_LIC_EXP_ATTEXP_CY,0.0,,,
NI02PPRIVPF2019,PVFC_LIC_EXP_CLAIM_CF_PY,68.56950728897606,,,
NI02PPRIVPF2019,PVFC_LIC_EXP_ATTEXP_PY,0.0,,,
NI02PPRIVPF2019,RA_LIC_OP,-3.2888750788959427,,,
NI02PPRIVPF2019,RA_LIC_UNWIND,-0.1947755115666341,,,
NI02PPRIVPF2019,RA_LIC_INCLAIM,-2.2088773120595473,,,
NI02PPRIVPF2019,RA_LIC_RELEASE_PY,2.2938145260941196,,,
NI02PPRIVPF2019,RA_LIC_DEREC,0.0,,,
NI02PPRIVPF2019,RA_LIC_TASSCHG_PY,-0.3946708844028945,,,
NI02PPRIVPF2019,RA_LIC_FASSCHG_PY,0.0,,,
NI02PPRIVPF2019,RA_LIC_CLO,-3.793384260830898,,,
NI02PPRIVPF2020,PVFC_LIC_UNWIND,0.0,,,
NI02PPRIVPF2020,PVFC_LIC_EXP_CLAIM_CF_CY,0.0,,,
NI02PPRIVPF2020,PVFC_LIC_EXP_ATTEXP_CY,0.0,,,
NI02PPRIVPF2020,PVFC_LIC_EXP_CLAIM_CF_PY,10237.908198158637,,,
NI02PPRIVPF2020,PVFC_LIC_EXP_ATTEXP_PY,0.0,,,
NI02PPRIVPF2020,RA_LIC_OP,-507.37719957213994,,,
NI02PPRIVPF2020,RA_LIC_UNWIND,-30.048162740521185,,,
NI02PPRIVPF2020,RA_LIC_INCLAIM,-340.765142459419,,,
NI02PPRIVPF2020,RA_LIC_RELEASE_PY,353.86846951274924,,,
NI02PPRIVPF2020,RA_LIC_DEREC,0.0,,,
NI02PPRIVPF2020,RA_LIC_TASSCHG_PY,-60.8861702792987,,,
NI02PPRIVPF2020,RA_LIC_FASSCHG_PY,0.0,,,
NI02PPRIVPF2020,RA_LIC_CLO,-585.2082055386295,,,
NI02PPRIVPF2021,PVFC_LIC_UNWIND,0.0,,,
NI02PPRIVPF2021,PVFC_LIC_EXP_CLAIM_CF_CY,0.0,,,
NI02PPRIVPF2021,PVFC_LIC_EXP_ATTEXP_CY,0.0,,,
NI02PPRIVPF2021,PVFC_LIC_EXP_CLAIM_CF_PY,18021.785284433226,,,
NI02PPRIVPF2021,PVFC_LIC_EXP_ATTEXP_PY,0.0,,,
NI02PPRIVPF2021,RA_LIC_OP,-962.3977513260637,,,
NI02PPRIVPF2021,RA_LIC_UNWIND,-56.995632198970235,,,
NI02PPRIVPF2021,RA_LIC_INCLAIM,-646.3664648506181,,,
NI02PPRIVPF2021,RA_LIC_RELEASE_PY,671.2209764480042,,,
NI02PPRIVPF2021,RA_LIC_DEREC,0.0,,,
NI02PPRIVPF2021,RA_LIC_TASSCHG_PY,-115.48944929544766,,,
NI02PPRIVPF2021,RA_LIC_FASSCHG_PY,0.0,,,
NI02PPRIVPF2021,RA_LIC_CLO,-1110.0283212230952,,,
NI02PPRIVPF2022,PVFC_LIC_UNWIND,0.0,,,
NI02PPRIVPF2022,PVFC_LIC_EXP_CLAIM_CF_CY,0.0,,,
NI02PPRIVPF2022,PVFC_LIC_EXP_ATTEXP_CY,0.0,,,
NI02PPRIVPF2022,PVFC_LIC_EXP_CLAIM_CF_PY,64393.965628866405,,,
NI02PPRIVPF2022,PVFC_LIC_EXP_ATTEXP_PY,0.0,,,
NI02PPRIVPF2022,RA_LIC_OP,-3726.784795390287,,,
NI02PPRIVPF2022,RA_LIC_UNWIND,-220.70963402616465,,,
NI02PPRIVPF2022,RA_LIC_INCLAIM,-2502.9866395015306,,,
NI02PPRIVPF2022,RA_LIC_RELEASE_PY,2599.233140275624,,,
NI02PPRIVPF2022,RA_LIC_DEREC,0.0,,,
NI02PPRIVPF2022,RA_LIC_TASSCHG_PY,-447.220832622716,,,
NI02PPRIVPF2022,RA_LIC_FASSCHG_PY,0.0,,,
NI02PPRIVPF2022,RA_LIC_CLO,-4298.468761265073,,,
NI02PPRIVPF2023,PVFC_LIC_UNWIND,0.0,,,
NI02PPRIVPF2023,PVFC_LIC_EXP_CLAIM_CF_CY,0.0,,,
NI02PPRIVPF2023,PVFC_LIC_EXP_ATTEXP_CY,0.0,,,
NI02PPRIVPF2023,PVFC_LIC_EXP_CLAIM_CF_PY,0.0,,,
NI02PPRIVPF2023,PVFC_LIC_EXP_ATTEXP_PY,0.0,,,
NI02PPRIVPF2023,RA_LIC_OP,0.0,,,
NI02PPRIVPF2023,RA_LIC_UNWIND,0.0,,,
NI02PPRIVPF2023,RA_LIC_INCLAIM,0.0,,,
NI02PPRIVPF2023,RA_LIC_RELEASE_PY,0.0,,,
NI02PPRIVPF2023,RA_LIC_DEREC,0.0,,,
NI02PPRIVPF2023,RA_LIC_TASSCHG_PY,0.0,,,
NI02PPRIVPF2023,RA_LIC_FASSCHG_PY,0.0,,,
NI02PPRIVPF2023,RA_LIC_CLO,0.0,,,
NI02PPRIVPF2011,RA_LIC_RELEASE_CY,0.0,,,
NI02PPRIVPF2012,RA_LIC_RELEASE_CY,0.0,,,
NI02PPRIVPF2013,RA_LIC_RELEASE_CY,0.0,,,
NI02PPRIVPF2014,RA_LIC_RELEASE_CY,0.0,,,
NI02PPRIVPF2015,RA_LIC_RELEASE_CY,0.0,,,
NI02PPRIVPF2016,RA_LIC_RELEASE_CY,0.0,,,
NI02PPRIVPF2017,RA_LIC_RELEASE_CY,0.0,,,
NI02PPRIVPF2018,RA_LIC_RELEASE_CY,0.0,,,
NI02PPRIVPF2019,RA_LIC_RELEASE_CY,0.0,,,
NI02PPRIVPF2020,RA_LIC_RELEASE_CY,0.0,,,
NI02PPRIVPF2021,RA_LIC_RELEASE_CY,0.0,,,
NI02PPRIVPF2022,RA_LIC_RELEASE_CY,0.0,,,
NI02PPRIVPF2023,RA_LIC_RELEASE_CY,0.0,,,
NI02PPRIVPF2011,RA_LIC_FEXPVAR_CY,0.0,,,
NI02PPRIVPF2012,RA_LIC_FEXPVAR_CY,0.0,,,
NI02PPRIVPF2013,RA_LIC_FEXPVAR_CY,0.0,,,
NI02PPRIVPF2014,RA_LIC_FEXPVAR_CY,0.0,,,
NI02PPRIVPF2015,RA_LIC_FEXPVAR_CY,0.0,,,
NI02PPRIVPF2016,RA_LIC_FEXPVAR_CY,0.0,,,
NI02PPRIVPF2017,RA_LIC_FEXPVAR_CY,0.0,,,
NI02PPRIVPF2018,RA_LIC_FEXPVAR_CY,0.0,,,
NI02PPRIVPF2019,RA_LIC_FEXPVAR_CY,0.0,,,
NI02PPRIVPF2020,RA_LIC_FEXPVAR_CY,0.0,,,
NI02PPRIVPF2021,RA_LIC_FEXPVAR_CY,0.0,,,
NI02PPRIVPF2022,RA_LIC_FEXPVAR_CY,0.0,,,
NI02PPRIVPF2023,RA_LIC_FEXPVAR_CY,0.0,,,
NI02PPRIVPF2011,DA_LIC_OP,0.0,,,
NI02PPRIVPF2012,DA_LIC_OP,0.0,,,
NI02PPRIVPF2013,DA_LIC_OP,0.0,,,
NI02PPRIVPF2014,DA_LIC_OP,0.0,,,
NI02PPRIVPF2015,DA_LIC_OP,0.0,,,
NI02PPRIVPF2016,DA_LIC_OP,0.0,,,
NI02PPRIVPF2017,DA_LIC_OP,0.004808105361030682,,,
NI02PPRIVPF2018,DA_LIC_OP,0.2031913199693773,,,
NI02PPRIVPF2019,DA_LIC_OP,0.4801141107111214,,,
NI02PPRIVPF2020,DA_LIC_OP,74.06756022167069,,,
NI02PPRIVPF2021,DA_LIC_OP,140.49203130068634,,,
NI02PPRIVPF2022,DA_LIC_OP,544.0407205892382,,,
NI02PPRIVPF2023,DA_LIC_OP,0.0,,,
NI02PPRIVPF2011,DA_LIC_INCLAIM_INCEXP,0.0,,,
NI02PPRIVPF2012,DA_LIC_INCLAIM_INCEXP,0.0,,,
NI02PPRIVPF2013,DA_LIC_INCLAIM_INCEXP,0.0,,,
NI02PPRIVPF2014,DA_LIC_INCLAIM_INCEXP,0.0,,,
NI02PPRIVPF2015,DA_LIC_INCLAIM_INCEXP,0.0,,,
NI02PPRIVPF2016,DA_LIC_INCLAIM_INCEXP,0.0,,,
NI02PPRIVPF2017,DA_LIC_INCLAIM_INCEXP,0.0041431222248127265,,,
NI02PPRIVPF2018,DA_LIC_INCLAIM_INCEXP,0.1750890237300665,,,
NI02PPRIVPF2019,DA_LIC_INCLAIM_INCEXP,0.4137121159314694,,,
NI02PPRIVPF2020,DA_LIC_INCLAIM_INCEXP,63.823675200469594,,,
NI02PPRIVPF2021,DA_LIC_INCLAIM_INCEXP,121.06133572043501,,,
NI02PPRIVPF2022,DA_LIC_INCLAIM_INCEXP,468.7973809694599,,,
NI02PPRIVPF2023,DA_LIC_INCLAIM_INCEXP,0.0,,,
NI02PPRIVPF2011,DA_LIC_CHG,0.0,,,
NI02PPRIVPF2012,DA_LIC_CHG,0.0,,,
NI02PPRIVPF2013,DA_LIC_CHG,0.0,,,
NI02PPRIVPF2014,DA_LIC_CHG,0.0,,,
NI02PPRIVPF2015,DA_LIC_CHG,0.0,,,
NI02PPRIVPF2016,DA_LIC_CHG,0.0,,,
NI02PPRIVPF2017,DA_LIC_CHG,-0.0018360951371111888,,,
NI02PPRIVPF2018,DA_LIC_CHG,-0.07759368118734465,,,
NI02PPRIVPF2019,DA_LIC_CHG,-0.18334356627871076,,,
NI02PPRIVPF2020,DA_LIC_CHG,-28.284548055649786,,,
NI02PPRIVPF2021,DA_LIC_CHG,-53.650391600147195,,,
NI02PPRIVPF2022,DA_LIC_CHG,-207.7555391278359,,,
NI02PPRIVPF2023,DA_LIC_CHG,0.0,,,
NI02PPRIVPF2011,DA_LIC_CLO,0.0,,,
NI02PPRIVPF2012,DA_LIC_CLO,0.0,,,
NI02PPRIVPF2013,DA_LIC_CLO,0.0,,,
NI02PPRIVPF2014,DA_LIC_CLO,0.0,,,
NI02PPRIVPF2015,DA_LIC_CLO,0.0,,,
NI02PPRIVPF2016,DA_LIC_CLO,0.0,,,
NI02PPRIVPF2017,DA_LIC_CLO,0.007115132448732218,,,
NI02PPRIVPF2018,DA_LIC_CLO,0.3006866625120992,,,
NI02PPRIVPF2019,DA_LIC_CLO,0.7104826603638801,,,
NI02PPRIVPF2020,DA_LIC_CLO,109.60668736649049,,,
NI02PPRIVPF2021,DA_LIC_CLO,207.90297542097414,,,
NI02PPRIVPF2022,DA_LIC_CLO,805.082562430862,,,
NI02PPRIVPF2023,DA_LIC_CLO,0.0,,,
NI02PPRIVQS2011,PVFC_LIC_UNWIND,0.0,,,
NI02PPRIVQS2011,PVFC_LIC_EXP_CLAIM_CF_CY,0.0,,,-1.0
NI02PPRIVQS2011,PVFC_LIC_EXP_ATTEXP_CY,0.0,,,
NI02PPRIVQS2011,PVFC_LIC_EXP_CLAIM_CF_PY,0.0,,,
NI02PPRIVQS2011,PVFC_LIC_EXP_ATTEXP_PY,0.0,,,
NI02PPRIVQS2011,RA_LIC_OP,0.0,,,
NI02PPRIVQS2011,RA_LIC_UNWIND,0.0,,,
NI02PPRIVQS2011,RA_LIC_INCLAIM,0.0,,,
NI02PPRIVQS2011,RA_LIC_RELEASE_PY,0.0,,,
NI02PPRIVQS2011,RA_LIC_DEREC,0.0,,,
NI02PPRIVQS2011,RA_LIC_TASSCHG_PY,0.0,,,
NI02PPRIVQS2011,RA_LIC_FASSCHG_PY,0.0,,,
NI02PPRIVQS2011,RA_LIC_CLO,0.0,,,
NI02PPRIVQS2012,PVFC_LIC_UNWIND,0.0,,,
NI02PPRIVQS2012,PVFC_LIC_EXP_CLAIM_CF_CY,0.0,,,
NI02PPRIVQS2012,PVFC_LIC_EXP_ATTEXP_CY,0.0,,,
NI02PPRIVQS2012,PVFC_LIC_EXP_CLAIM_CF_PY,0.0,,,
NI02PPRIVQS2012,PVFC_LIC_EXP_ATTEXP_PY,0.0,,,
NI02PPRIVQS2012,RA_LIC_OP,0.0,,,
NI02PPRIVQS2012,RA_LIC_UNWIND,0.0,,,
NI02PPRIVQS2012,RA_LIC_INCLAIM,0.0,,,
NI02PPRIVQS2012,RA_LIC_RELEASE_PY,0.0,,,
NI02PPRIVQS2012,RA_LIC_DEREC,0.0,,,
NI02PPRIVQS2012,RA_LIC_TASSCHG_PY,0.0,,,
NI02PPRIVQS2012,RA_LIC_FASSCHG_PY,0.0,,,
NI02PPRIVQS2012,RA_LIC_CLO,0.0,,,
NI02PPRIVQS2013,PVFC_LIC_UNWIND,0.0,,,
NI02PPRIVQS2013,PVFC_LIC_EXP_CLAIM_CF_CY,0.0,,,
NI02PPRIVQS2013,PVFC_LIC_EXP_ATTEXP_CY,0.0,,,
NI02PPRIVQS2013,PVFC_LIC_EXP_CLAIM_CF_PY,0.0,,,
NI02PPRIVQS2013,PVFC_LIC_EXP_ATTEXP_PY,0.0,,,
NI02PPRIVQS2013,RA_LIC_OP,0.0,,,
NI02PPRIVQS2013,RA_LIC_UNWIND,0.0,,,
NI02PPRIVQS2013,RA_LIC_INCLAIM,0.0,,,
NI02PPRIVQS2013,RA_LIC_RELEASE_PY,0.0,,,
NI02PPRIVQS2013,RA_LIC_DEREC,0.0,,,
NI02PPRIVQS2013,RA_LIC_TASSCHG_PY,0.0,,,
NI02PPRIVQS2013,RA_LIC_FASSCHG_PY,0.0,,,
NI02PPRIVQS2013,RA_LIC_CLO,0.0,,,
NI02PPRIVQS2014,PVFC_LIC_UNWIND,0.0,,,
NI02PPRIVQS2014,PVFC_LIC_EXP_CLAIM_CF_CY,0.0,,,
NI02PPRIVQS2014,PVFC_LIC_EXP_ATTEXP_CY,0.0,,,
NI02PPRIVQS2014,PVFC_LIC_EXP_CLAIM_CF_PY,0.0,,,
NI02PPRIVQS2014,PVFC_LIC_EXP_ATTEXP_PY,0.0,,,
NI02PPRIVQS2014,RA_LIC_OP,0.0,,,
NI02PPRIVQS2014,RA_LIC_UNWIND,0.0,,,
NI02PPRIVQS2014,RA_LIC_INCLAIM,0.0,,,
NI02PPRIVQS2014,RA_LIC_RELEASE_PY,0.0,,,
NI02PPRIVQS2014,RA_LIC_DEREC,0.0,,,
NI02PPRIVQS2014,RA_LIC_TASSCHG_PY,0.0,,,
NI02PPRIVQS2014,RA_LIC_FASSCHG_PY,0.0,,,
NI02PPRIVQS2014,RA_LIC_CLO,0.0,,,
NI02PPRIVQS2015,PVFC_LIC_UNWIND,0.0,,,
NI02PPRIVQS2015,PVFC_LIC_EXP_CLAIM_CF_CY,0.0,,,
NI02PPRIVQS2015,PVFC_LIC_EXP_ATTEXP_CY,0.0,,,
NI02PPRIVQS2015,PVFC_LIC_EXP_CLAIM_CF_PY,0.0,,,
NI02PPRIVQS2015,PVFC_LIC_EXP_ATTEXP_PY,0.0,,,
NI02PPRIVQS2015,RA_LIC_OP,0.0,,,
NI02PPRIVQS2015,RA_LIC_UNWIND,0.0,,,
NI02PPRIVQS2015,RA_LIC_INCLAIM,0.0,,,
NI02PPRIVQS2015,RA_LIC_RELEASE_PY,0.0,,,
NI02PPRIVQS2015,RA_LIC_DEREC,0.0,,,
NI02PPRIVQS2015,RA_LIC_TASSCHG_PY,0.0,,,
NI02PPRIVQS2015,RA_LIC_FASSCHG_PY,0.0,,,
NI02PPRIVQS2015,RA_LIC_CLO,0.0,,,
NI02PPRIVQS2016,PVFC_LIC_UNWIND,0.0,,,
NI02PPRIVQS2016,PVFC_LIC_EXP_CLAIM_CF_CY,0.0,,,
NI02PPRIVQS2016,PVFC_LIC_EXP_ATTEXP_CY,0.0,,,
NI02PPRIVQS2016,PVFC_LIC_EXP_CLAIM_CF_PY,0.0,,,
NI02PPRIVQS2016,PVFC_LIC_EXP_ATTEXP_PY,0.0,,,
NI02PPRIVQS2016,RA_LIC_OP,0.0,,,
NI02PPRIVQS2016,RA_LIC_UNWIND,0.0,,,
NI02PPRIVQS2016,RA_LIC_INCLAIM,0.0,,,
NI02PPRIVQS2016,RA_LIC_RELEASE_PY,0.0,,,
NI02PPRIVQS2016,RA_LIC_DEREC,0.0,,,
NI02PPRIVQS2016,RA_LIC_TASSCHG_PY,0.0,,,
NI02PPRIVQS2016,RA_LIC_FASSCHG_PY,0.0,,,
NI02PPRIVQS2016,RA_LIC_CLO,0.0,,,
NI02PPRIVQS2017,PVFC_LIC_UNWIND,0.0,,,
NI02PPRIVQS2017,PVFC_LIC_EXP_CLAIM_CF_CY,0.0,,,
NI02PPRIVQS2017,PVFC_LIC_EXP_ATTEXP_CY,0.0,,,
NI02PPRIVQS2017,PVFC_LIC_EXP_CLAIM_CF_PY,0.10662430807102805,,,
NI02PPRIVQS2017,PVFC_LIC_EXP_ATTEXP_PY,0.0,,,
NI02PPRIVQS2017,RA_LIC_OP,-0.00687477755887835,,,
NI02PPRIVQS2017,RA_LIC_UNWIND,-0.0004026013764158279,,,
NI02PPRIVQS2017,RA_LIC_INCLAIM,-0.004021238193642712,,,
NI02PPRIVQS2017,RA_LIC_RELEASE_PY,0.004822739416755397,,,
NI02PPRIVQS2017,RA_LIC_DEREC,0.0,,,
NI02PPRIVQS2017,RA_LIC_TASSCHG_PY,-0.0014367834066087524,,,
NI02PPRIVQS2017,RA_LIC_FASSCHG_PY,0.0,,,
NI02PPRIVQS2017,RA_LIC_CLO,-0.007912661118790245,,,
NI02PPRIVQS2018,PVFC_LIC_UNWIND,0.0,,,
NI02PPRIVQS2018,PVFC_LIC_EXP_CLAIM_CF_CY,0.0,,,
NI02PPRIVQS2018,PVFC_LIC_EXP_ATTEXP_CY,0.0,,,
NI02PPRIVQS2018,PVFC_LIC_EXP_CLAIM_CF_PY,4.38382443861236,,,
NI02PPRIVQS2018,PVFC_LIC_EXP_ATTEXP_PY,0.0,,,
NI02PPRIVQS2018,RA_LIC_OP,-0.29052922550451404,,,
NI02PPRIVQS2018,RA_LIC_UNWIND,-0.017014000100422963,,,
NI02PPRIVQS2018,RA_LIC_INCLAIM,-0.1699381846121577,,,
NI02PPRIVQS2018,RA_LIC_RELEASE_PY,0.2038097575608891,,,
NI02PPRIVQS2018,RA_LIC_DEREC,0.0,,,
NI02PPRIVQS2018,RA_LIC_TASSCHG_PY,-0.06071870206195924,,,
NI02PPRIVQS2018,RA_LIC_FASSCHG_PY,0.0,,,
NI02PPRIVQS2018,RA_LIC_CLO,-0.33439035471816486,,,
NI02PPRIVQS2019,PVFC_LIC_UNWIND,0.0,,,
NI02PPRIVQS2019,PVFC_LIC_EXP_CLAIM_CF_CY,0.0,,,
NI02PPRIVQS2019,PVFC_LIC_EXP_ATTEXP_CY,0.0,,,
NI02PPRIVQS2019,PVFC_LIC_EXP_CLAIM_CF_PY,10.12893838908734,,,
NI02PPRIVQS2019,PVFC_LIC_EXP_ATTEXP_PY,0.0,,,
NI02PPRIVQS2019,RA_LIC_OP,-0.686481985351109,,,
NI02PPRIVQS2019,RA_LIC_UNWIND,-0.04020182323282604,,,
NI02PPRIVQS2019,RA_LIC_INCLAIM,-0.4015413669896172,,,
NI02PPRIVQS2019,RA_LIC_RELEASE_PY,0.48157539662788085,,,
NI02PPRIVQS2019,RA_LIC_DEREC,0.0,,,
NI02PPRIVQS2019,RA_LIC_TASSCHG_PY,-0.14347023115162863,,,
NI02PPRIVQS2019,RA_LIC_FASSCHG_PY,0.0,,,
NI02PPRIVQS2019,RA_LIC_CLO,-0.7901200100973003,,,
NI02PPRIVQS2020,PVFC_LIC_UNWIND,0.0,,,
NI02PPRIVQS2020,PVFC_LIC_EXP_CLAIM_CF_CY,0.0,,,
NI02PPRIVQS2020,PVFC_LIC_EXP_ATTEXP_CY,0.0,,,
NI02PPRIVQS2020,PVFC_LIC_EXP_CLAIM_CF_PY,1512.321518299037,,,
NI02PPRIVQS2020,PVFC_LIC_EXP_ATTEXP_PY,0.0,,,
NI02PPRIVQS2020,RA_LIC_OP,-105.90408541789093,,,
NI02PPRIVQS2020,RA_LIC_UNWIND,-6.20196510972767,,,
NI02PPRIVQS2020,RA_LIC_INCLAIM,-61.94608472753334,,,
NI02PPRIVQS2020,RA_LIC_RELEASE_PY,74.29299388468124,,,
NI02PPRIVQS2020,RA_LIC_DEREC,0.0,,,
NI02PPRIVQS2020,RA_LIC_TASSCHG_PY,-22.133259049813876,,,
NI02PPRIVQS2020,RA_LIC_FASSCHG_PY,0.0,,,
NI02PPRIVQS2020,RA_LIC_CLO,-121.89240042028457,,,
NI02PPRIVQS2021,PVFC_LIC_UNWIND,0.0,,,
NI02PPRIVQS2021,PVFC_LIC_EXP_CLAIM_CF_CY,0.0,,,
NI02PPRIVQS2021,PVFC_LIC_EXP_ATTEXP_CY,0.0,,,
NI02PPRIVQS2021,PVFC_LIC_EXP_CLAIM_CF_PY,1769.2461156394274,,,
NI02PPRIVQS2021,PVFC_LIC_EXP_ATTEXP_PY,0.0,,,
NI02PPRIVQS2021,RA_LIC_OP,-132.9808515329817,,,
NI02PPRIVQS2021,RA_LIC_UNWIND,-7.787637258893693,,,
NI02PPRIVQS2021,RA_LIC_INCLAIM,-77.78399731886063,,,
NI02PPRIVQS2021,RA_LIC_RELEASE_PY,93.28767205472235,,,
NI02PPRIVQS2021,RA_LIC_DEREC,0.0,,,
NI02PPRIVQS2021,RA_LIC_TASSCHG_PY,-27.792125525944016,,,
NI02PPRIVQS2021,RA_LIC_FASSCHG_PY,0.0,,,
NI02PPRIVQS2021,RA_LIC_CLO,-153.05693958195764,,,
NI02PPRIVQS2022,PVFC_LIC_UNWIND,0.0,,,
NI02PPRIVQS2022,PVFC_LIC_EXP_CLAIM_CF_CY,0.0,,,
NI02PPRIVQS2022,PVFC_LIC_EXP_ATTEXP_CY,0.0,,,
NI02PPRIVQS2022,PVFC_LIC_EXP_CLAIM_CF_PY,6484.153556692892,,,
NI02PPRIVQS2022,PVFC_LIC_EXP_ATTEXP_PY,0.0,,,
NI02PPRIVQS2022,RA_LIC_OP,-530.6124473190574,,,
NI02PPRIVQS2022,RA_LIC_UNWIND,-31.0737765410518,,,
NI02PPRIVQS2022,RA_LIC_INCLAIM,-310.3691749889505,,,
NI02PPRIVQS2022,RA_LIC_RELEASE_PY,372.231034792081,,,
NI02PPRIVQS2022,RA_LIC_DEREC,0.0,,,
NI02PPRIVQS2022,RA_LIC_TASSCHG_PY,-110.89452031266407,,,
NI02PPRIVQS2022,RA_LIC_FASSCHG_PY,0.0,,,
NI02PPRIVQS2022,RA_LIC_CLO,-610.7188843696428,,,
NI02PPRIVQS2023,PVFC_LIC_UNWIND,0.0,,,
NI02PPRIVQS2023,PVFC_LIC_EXP_CLAIM_CF_CY,0.0,,,
NI02PPRIVQS2023,PVFC_LIC_EXP_ATTEXP_CY,0.0,,,
NI02PPRIVQS2023,PVFC_LIC_EXP_CLAIM_CF_PY,0.0,,,
NI02PPRIVQS2023,PVFC_LIC_EXP_ATTEXP_PY,0.0,,,
NI02PPRIVQS2023,RA_LIC_OP,0.0,,,
NI02PPRIVQS2023,RA_LIC_UNWIND,0.0,,,
NI02PPRIVQS2023,RA_LIC_INCLAIM,0.0,,,
NI02PPRIVQS2023,RA_LIC_RELEASE_PY,0.0,,,
NI02PPRIVQS2023,RA_LIC_DEREC,0.0,,,
NI02PPRIVQS2023,RA_LIC_TASSCHG_PY,0.0,,,
NI02PPRIVQS2023,RA_LIC_FASSCHG_PY,0.0,,,
NI02PPRIVQS2023,RA_LIC_CLO,0.0,,,
NI02PPRIVQS2011,RA_LIC_RELEASE_CY,0.0,,,
NI02PPRIVQS2012,RA_LIC_RELEASE_CY,0.0,,,
NI02PPRIVQS2013,RA_LIC_RELEASE_CY,0.0,,,
NI02PPRIVQS2014,RA_LIC_RELEASE_CY,0.0,,,
NI02PPRIVQS2015,RA_LIC_RELEASE_CY,0.0,,,
NI02PPRIVQS2016,RA_LIC_RELEASE_CY,0.0,,,
NI02PPRIVQS2017,RA_LIC_RELEASE_CY,0.0,,,
NI02PPRIVQS2018,RA_LIC_RELEASE_CY,0.0,,,
NI02PPRIVQS2019,RA_LIC_RELEASE_CY,0.0,,,
NI02PPRIVQS2020,RA_LIC_RELEASE_CY,0.0,,,
NI02PPRIVQS2021,RA_LIC_RELEASE_CY,0.0,,,
NI02PPRIVQS2022,RA_LIC_RELEASE_CY,0.0,,,
NI02PPRIVQS2023,RA_LIC_RELEASE_CY,0.0,,,
NI02PPRIVQS2011,RA_LIC_FEXPVAR_CY,0.0,,,
NI02PPRIVQS2012,RA_LIC_FEXPVAR_CY,0.0,,,
NI02PPRIVQS2013,RA_LIC_FEXPVAR_CY,0.0,,,
NI02PPRIVQS2014,RA_LIC_FEXPVAR_CY,0.0,,,
NI02PPRIVQS2015,RA_LIC_FEXPVAR_CY,0.0,,,
NI02PPRIVQS2016,RA_LIC_FEXPVAR_CY,0.0,,,
NI02PPRIVQS2017,RA_LIC_FEXPVAR_CY,0.0,,,
NI02PPRIVQS2018,RA_LIC_FEXPVAR_CY,0.0,,,
NI02PPRIVQS2019,RA_LIC_FEXPVAR_CY,0.0,,,
NI02PPRIVQS2020,RA_LIC_FEXPVAR_CY,0.0,,,
NI02PPRIVQS2021,RA_LIC_FEXPVAR_CY,0.0,,,
NI02PPRIVQS2022,RA_LIC_FEXPVAR_CY,0.0,,,
NI02PPRIVQS2023,RA_LIC_FEXPVAR_CY,0.0,,,
NI02PPRIVQS2011,DA_LIC_OP,0.0,,,
NI02PPRIVQS2012,DA_LIC_OP,0.0,,,
NI02PPRIVQS2013,DA_LIC_OP,0.0,,,
NI02PPRIVQS2014,DA_LIC_OP,0.0,,,
NI02PPRIVQS2015,DA_LIC_OP,0.0,,,
NI02PPRIVQS2016,DA_LIC_OP,0.0,,,
NI02PPRIVQS2017,DA_LIC_OP,0.0007094365178796708,,,
NI02PPRIVQS2018,DA_LIC_OP,0.0299809034283617,,,
NI02PPRIVQS2019,DA_LIC_OP,0.07084089413855486,,,
NI02PPRIVQS2020,DA_LIC_OP,10.92867732004959,,,
NI02PPRIVQS2021,DA_LIC_OP,13.722839968021335,,,
NI02PPRIVQS2022,DA_LIC_OP,54.75607665058175,,,
NI02PPRIVQS2023,DA_LIC_OP,0.0,,,
NI02PPRIVQS2011,DA_LIC_INCLAIM_INCEXP,0.0,,,
NI02PPRIVQS2012,DA_LIC_INCLAIM_INCEXP,0.0,,,
NI02PPRIVQS2013,DA_LIC_INCLAIM_INCEXP,0.0,,,
NI02PPRIVQS2014,DA_LIC_INCLAIM_INCEXP,0.0,,,
NI02PPRIVQS2015,DA_LIC_INCLAIM_INCEXP,0.0,,,
NI02PPRIVQS2016,DA_LIC_INCLAIM_INCEXP,0.0,,,
NI02PPRIVQS2017,DA_LIC_INCLAIM_INCEXP,0.00044904785883773227,,,
NI02PPRIVQS2018,DA_LIC_INCLAIM_INCEXP,0.018976836054004933,,,
NI02PPRIVQS2019,DA_LIC_INCLAIM_INCEXP,0.04483974397898708,,,
NI02PPRIVQS2020,DA_LIC_INCLAIM_INCEXP,6.917460585711109,,,
NI02PPRIVQS2021,DA_LIC_INCLAIM_INCEXP,8.686065277877368,,,
NI02PPRIVQS2022,DA_LIC_INCLAIM_INCEXP,34.658631686716944,,,
NI02PPRIVQS2023,DA_LIC_INCLAIM_INCEXP,0.0,,,
NI02PPRIVQS2011,DA_LIC_CHG,0.0,,,
NI02PPRIVQS2012,DA_LIC_CHG,0.0,,,
NI02PPRIVQS2013,DA_LIC_CHG,0.0,,,
NI02PPRIVQS2014,DA_LIC_CHG,0.0,,,
NI02PPRIVQS2015,DA_LIC_CHG,0.0,,,
NI02PPRIVQS2016,DA_LIC_CHG,0.0,,,
NI02PPRIVQS2017,DA_LIC_CHG,-0.00027488500707085215,,,
NI02PPRIVQS2018,DA_LIC_CHG,-0.011616685416091831,,,
NI02PPRIVQS2019,DA_LIC_CHG,-0.027448685252885484,,,
NI02PPRIVQS2020,DA_LIC_CHG,-4.234529047610194,,,
NI02PPRIVQS2021,DA_LIC_CHG,-5.317181828919511,,,
NI02PPRIVQS2022,DA_LIC_CHG,-21.216309194588476,,,
NI02PPRIVQS2023,DA_LIC_CHG,0.0,,,
NI02PPRIVQS2011,DA_LIC_CLO,0.0,,,
NI02PPRIVQS2012,DA_LIC_CLO,0.0,,,
NI02PPRIVQS2013,DA_LIC_CLO,0.0,,,
NI02PPRIVQS2014,DA_LIC_CLO,0.0,,,
NI02PPRIVQS2015,DA_LIC_CLO,0.0,,,
NI02PPRIVQS2016,DA_LIC_CLO,0.0,,,
NI02PPRIVQS2017,DA_LIC_CLO,0.0008835993696465508,,,
NI02PPRIVQS2018,DA_LIC_CLO,0.037341054066274804,,,
NI02PPRIVQS2019,DA_LIC_CLO,0.08823195286465646,,,
NI02PPRIVQS2020,DA_LIC_CLO,13.611608858150507,,,
NI02PPRIVQS2021,DA_LIC_CLO,17.091723416979193,,,
NI02PPRIVQS2022,DA_LIC_CLO,68.19839914271022,,,
NI02PPRIVQS2023,DA_LIC_CLO,0.0,,,
NI02PPRIVST2011,PVFC_LIC_UNWIND,0.0,,,
NI02PPRIVST2011,PVFC_LIC_EXP_CLAIM_CF_CY,0.0,,,-1.0
NI02PPRIVST2011,PVFC_LIC_EXP_ATTEXP_CY,0.0,,,
NI02PPRIVST2011,PVFC_LIC_EXP_CLAIM_CF_PY,0.0,,,
NI02PPRIVST2011,PVFC_LIC_EXP_ATTEXP_PY,0.0,,,
NI02PPRIVST2011,RA_LIC_OP,0.0,,,
NI02PPRIVST2011,RA_LIC_UNWIND,0.0,,,
NI02PPRIVST2011,RA_LIC_INCLAIM,0.0,,,
NI02PPRIVST2011,RA_LIC_RELEASE_PY,0.0,,,
NI02PPRIVST2011,RA_LIC_DEREC,0.0,,,
NI02PPRIVST2011,RA_LIC_TASSCHG_PY,0.0,,,
NI02PPRIVST2011,RA_LIC_FASSCHG_PY,0.0,,,
NI02PPRIVST2011,RA_LIC_CLO,0.0,,,
NI02PPRIVST2012,PVFC_LIC_UNWIND,0.0,,,
NI02PPRIVST2012,PVFC_LIC_EXP_CLAIM_CF_CY,0.0,,,
NI02PPRIVST2012,PVFC_LIC_EXP_ATTEXP_CY,0.0,,,
NI02PPRIVST2012,PVFC_LIC_EXP_CLAIM_CF_PY,0.0,,,
NI02PPRIVST2012,PVFC_LIC_EXP_ATTEXP_PY,0.0,,,
NI02PPRIVST2012,RA_LIC_OP,0.0,,,
NI02PPRIVST2012,RA_LIC_UNWIND,0.0,,,
NI02PPRIVST2012,RA_LIC_INCLAIM,0.0,,,
NI02PPRIVST2012,RA_LIC_RELEASE_PY,0.0,,,
NI02PPRIVST2012,RA_LIC_DEREC,0.0,,,
NI02PPRIVST2012,RA_LIC_TASSCHG_PY,0.0,,,
NI02PPRIVST2012,RA_LIC_FASSCHG_PY,0.0,,,
NI02PPRIVST2012,RA_LIC_CLO,0.0,,,
NI02PPRIVST2013,PVFC_LIC_UNWIND,0.0,,,
NI02PPRIVST2013,PVFC_LIC_EXP_CLAIM_CF_CY,0.0,,,
NI02PPRIVST2013,PVFC_LIC_EXP_ATTEXP_CY,0.0,,,
NI02PPRIVST2013,PVFC_LIC_EXP_CLAIM_CF_PY,0.0,,,
NI02PPRIVST2013,PVFC_LIC_EXP_ATTEXP_PY,0.0,,,
NI02PPRIVST2013,RA_LIC_OP,0.0,,,
NI02PPRIVST2013,RA_LIC_UNWIND,0.0,,,
NI02PPRIVST2013,RA_LIC_INCLAIM,0.0,,,
NI02PPRIVST2013,RA_LIC_RELEASE_PY,0.0,,,
NI02PPRIVST2013,RA_LIC_DEREC,0.0,,,
NI02PPRIVST2013,RA_LIC_TASSCHG_PY,0.0,,,
NI02PPRIVST2013,RA_LIC_FASSCHG_PY,0.0,,,
NI02PPRIVST2013,RA_LIC_CLO,0.0,,,
NI02PPRIVST2014,PVFC_LIC_UNWIND,0.0,,,
NI02PPRIVST2014,PVFC_LIC_EXP_CLAIM_CF_CY,0.0,,,
NI02PPRIVST2014,PVFC_LIC_EXP_ATTEXP_CY,0.0,,,
NI02PPRIVST2014,PVFC_LIC_EXP_CLAIM_CF_PY,0.0,,,
NI02PPRIVST2014,PVFC_LIC_EXP_ATTEXP_PY,0.0,,,
NI02PPRIVST2014,RA_LIC_OP,0.0,,,
NI02PPRIVST2014,RA_LIC_UNWIND,0.0,,,
NI02PPRIVST2014,RA_LIC_INCLAIM,0.0,,,
NI02PPRIVST2014,RA_LIC_RELEASE_PY,0.0,,,
NI02PPRIVST2014,RA_LIC_DEREC,0.0,,,
NI02PPRIVST2014,RA_LIC_TASSCHG_PY,0.0,,,
NI02PPRIVST2014,RA_LIC_FASSCHG_PY,0.0,,,
NI02PPRIVST2014,RA_LIC_CLO,0.0,,,
NI02PPRIVST2015,PVFC_LIC_UNWIND,0.0,,,
NI02PPRIVST2015,PVFC_LIC_EXP_CLAIM_CF_CY,0.0,,,
NI02PPRIVST2015,PVFC_LIC_EXP_ATTEXP_CY,0.0,,,
NI02PPRIVST2015,PVFC_LIC_EXP_CLAIM_CF_PY,0.0,,,
NI02PPRIVST2015,PVFC_LIC_EXP_ATTEXP_PY,0.0,,,
NI02PPRIVST2015,RA_LIC_OP,0.0,,,
NI02PPRIVST2015,RA_LIC_UNWIND,0.0,,,
NI02PPRIVST2015,RA_LIC_INCLAIM,0.0,,,
NI02PPRIVST2015,RA_LIC_RELEASE_PY,0.0,,,
NI02PPRIVST2015,RA_LIC_DEREC,0.0,,,
NI02PPRIVST2015,RA_LIC_TASSCHG_PY,0.0,,,
NI02PPRIVST2015,RA_LIC_FASSCHG_PY,0.0,,,
NI02PPRIVST2015,RA_LIC_CLO,0.0,,,
NI02PPRIVST2016,PVFC_LIC_UNWIND,0.0,,,
NI02PPRIVST2016,PVFC_LIC_EXP_CLAIM_CF_CY,0.0,,,
NI02PPRIVST2016,PVFC_LIC_EXP_ATTEXP_CY,0.0,,,
NI02PPRIVST2016,PVFC_LIC_EXP_CLAIM_CF_PY,0.0,,,
NI02PPRIVST2016,PVFC_LIC_EXP_ATTEXP_PY,0.0,,,
NI02PPRIVST2016,RA_LIC_OP,0.0,,,
NI02PPRIVST2016,RA_LIC_UNWIND,0.0,,,
NI02PPRIVST2016,RA_LIC_INCLAIM,0.0,,,
NI02PPRIVST2016,RA_LIC_RELEASE_PY,0.0,,,
NI02PPRIVST2016,RA_LIC_DEREC,0.0,,,
NI02PPRIVST2016,RA_LIC_TASSCHG_PY,0.0,,,
NI02PPRIVST2016,RA_LIC_FASSCHG_PY,0.0,,,
NI02PPRIVST2016,RA_LIC_CLO,0.0,,,
NI02PPRIVST2017,PVFC_LIC_UNWIND,0.0,,,
NI02PPRIVST2017,PVFC_LIC_EXP_CLAIM_CF_CY,0.0,,,
NI02PPRIVST2017,PVFC_LIC_EXP_ATTEXP_CY,0.0,,,
NI02PPRIVST2017,PVFC_LIC_EXP_CLAIM_CF_PY,0.10662430807102805,,,
NI02PPRIVST2017,PVFC_LIC_EXP_ATTEXP_PY,0.0,,,
NI02PPRIVST2017,RA_LIC_OP,-0.009570100243605557,,,
NI02PPRIVST2017,RA_LIC_UNWIND,-0.0005604451194987711,,,
NI02PPRIVST2017,RA_LIC_INCLAIM,-0.00208896728477935,,,
NI02PPRIVST2017,RA_LIC_RELEASE_PY,0.006713540805044925,,,
NI02PPRIVST2017,RA_LIC_DEREC,0.0,,,
NI02PPRIVST2017,RA_LIC_TASSCHG_PY,-0.005643738043129781,,,
NI02PPRIVST2017,RA_LIC_FASSCHG_PY,0.0,,,
NI02PPRIVST2017,RA_LIC_CLO,-0.011149709885968532,,,
NI02PPRIVST2018,PVFC_LIC_UNWIND,0.0,,,
NI02PPRIVST2018,PVFC_LIC_EXP_CLAIM_CF_CY,0.0,,,
NI02PPRIVST2018,PVFC_LIC_EXP_ATTEXP_CY,0.0,,,
NI02PPRIVST2018,PVFC_LIC_EXP_CLAIM_CF_PY,4.38382443861236,,,
NI02PPRIVST2018,PVFC_LIC_EXP_ATTEXP_PY,0.0,,,
NI02PPRIVST2018,RA_LIC_OP,-0.40443400356780657,,,
NI02PPRIVST2018,RA_LIC_UNWIND,-0.023684502532810455,,,
NI02PPRIVST2018,RA_LIC_INCLAIM,-0.08828009956008404,,,
NI02PPRIVST2018,RA_LIC_RELEASE_PY,0.28371533388214576,,,
NI02PPRIVST2018,RA_LIC_DEREC,0.0,,,
NI02PPRIVST2018,RA_LIC_TASSCHG_PY,-0.23850529396450407,,,
NI02PPRIVST2018,RA_LIC_FASSCHG_PY,0.0,,,
NI02PPRIVST2018,RA_LIC_CLO,-0.47118856574305934,,,
NI02PPRIVST2019,PVFC_LIC_UNWIND,0.0,,,
NI02PPRIVST2019,PVFC_LIC_EXP_CLAIM_CF_CY,0.0,,,
NI02PPRIVST2019,PVFC_LIC_EXP_ATTEXP_CY,0.0,,,
NI02PPRIVST2019,PVFC_LIC_EXP_CLAIM_CF_PY,10.12893838908734,,,
NI02PPRIVST2019,PVFC_LIC_EXP_ATTEXP_PY,0.0,,,
NI02PPRIVST2019,RA_LIC_OP,-0.9556238524045206,,,
NI02PPRIVST2019,RA_LIC_UNWIND,-0.05596333481611979,,,
NI02PPRIVST2019,RA_LIC_INCLAIM,-0.20859415402275408,,,
NI02PPRIVST2019,RA_LIC_RELEASE_PY,0.6703816641501424,,,
NI02PPRIVST2019,RA_LIC_DEREC,0.0,,,
NI02PPRIVST2019,RA_LIC_TASSCHG_PY,-0.5635563425097099,,,
NI02PPRIVST2019,RA_LIC_FASSCHG_PY,0.0,,,
NI02PPRIVST2019,RA_LIC_CLO,-1.1133560196029615,,,
NI02PPRIVST2020,PVFC_LIC_UNWIND,0.0,,,
NI02PPRIVST2020,PVFC_LIC_EXP_CLAIM_CF_CY,0.0,,,
NI02PPRIVST2020,PVFC_LIC_EXP_ATTEXP_CY,0.0,,,
NI02PPRIVST2020,PVFC_LIC_EXP_CLAIM_CF_PY,1512.321518299037,,,
NI02PPRIVST2020,PVFC_LIC_EXP_ATTEXP_PY,0.0,,,
NI02PPRIVST2020,RA_LIC_OP,-147.42480101740782,,,
NI02PPRIVST2020,RA_LIC_UNWIND,-8.633505200584512,,,
NI02PPRIVST2020,RA_LIC_INCLAIM,-32.179974969044174,,,
NI02PPRIVST2020,RA_LIC_RELEASE_PY,103.420276915836,,,
NI02PPRIVST2020,RA_LIC_DEREC,0.0,,,
NI02PPRIVST2020,RA_LIC_TASSCHG_PY,-86.9402552558127,,,
NI02PPRIVST2020,RA_LIC_FASSCHG_PY,0.0,,,
NI02PPRIVST2020,RA_LIC_CLO,-171.75825952701322,,,
NI02PPRIVST2021,PVFC_LIC_UNWIND,0.0,,,
NI02PPRIVST2021,PVFC_LIC_EXP_CLAIM_CF_CY,0.0,,,
NI02PPRIVST2021,PVFC_LIC_EXP_ATTEXP_CY,0.0,,,
NI02PPRIVST2021,PVFC_LIC_EXP_CLAIM_CF_PY,1769.2461156394274,,,
NI02PPRIVST2021,PVFC_LIC_EXP_ATTEXP_PY,0.0,,,
NI02PPRIVST2021,RA_LIC_OP,-185.11727379559008,,,
NI02PPRIVST2021,RA_LIC_UNWIND,-10.840855371706002,,,
NI02PPRIVST2021,RA_LIC_INCLAIM,-40.40751078494846,,,
NI02PPRIVST2021,RA_LIC_RELEASE_PY,129.86200141171594,,,
NI02PPRIVST2021,RA_LIC_DEREC,0.0,,,
NI02PPRIVST2021,RA_LIC_TASSCHG_PY,-109.16849081687675,,,
NI02PPRIVST2021,RA_LIC_FASSCHG_PY,0.0,,,
NI02PPRIVST2021,RA_LIC_CLO,-215.67212935740537,,,
NI02PPRIVST2022,PVFC_LIC_UNWIND,0.0,,,
NI02PPRIVST2022,PVFC_LIC_EXP_CLAIM_CF_CY,0.0,,,
NI02PPRIVST2022,PVFC_LIC_EXP_ATTEXP_CY,0.0,,,
NI02PPRIVST2022,PVFC_LIC_EXP_CLAIM_CF_PY,6484.153556692892,,,
NI02PPRIVST2022,PVFC_LIC_EXP_ATTEXP_PY,0.0,,,
NI02PPRIVST2022,RA_LIC_OP,-738.644162354069,,,
NI02PPRIVST2022,RA_LIC_UNWIND,-43.25654959718917,,,
NI02PPRIVST2022,RA_LIC_INCLAIM,-161.23169569533863,,,
NI02PPRIVST2022,RA_LIC_RELEASE_PY,518.1677932460182,,,
NI02PPRIVST2022,RA_LIC_DEREC,0.0,,,
NI02PPRIVST2022,RA_LIC_TASSCHG_PY,-435.59775271934,,,
NI02PPRIVST2022,RA_LIC_FASSCHG_PY,0.0,,,
NI02PPRIVST2022,RA_LIC_CLO,-860.5623671199189,,,
NI02PPRIVST2023,PVFC_LIC_UNWIND,0.0,,,
NI02PPRIVST2023,PVFC_LIC_EXP_CLAIM_CF_CY,0.0,,,
NI02PPRIVST2023,PVFC_LIC_EXP_ATTEXP_CY,0.0,,,
NI02PPRIVST2023,PVFC_LIC_EXP_CLAIM_CF_PY,0.0,,,
NI02PPRIVST2023,PVFC_LIC_EXP_ATTEXP_PY,0.0,,,
NI02PPRIVST2023,RA_LIC_OP,0.0,,,
NI02PPRIVST2023,RA_LIC_UNWIND,0.0,,,
NI02PPRIVST2023,RA_LIC_INCLAIM,0.0,,,
NI02PPRIVST2023,RA_LIC_RELEASE_PY,0.0,,,
NI02PPRIVST2023,RA_LIC_DEREC,0.0,,,
NI02PPRIVST2023,RA_LIC_TASSCHG_PY,0.0,,,
NI02PPRIVST2023,RA_LIC_FASSCHG_PY,0.0,,,
NI02PPRIVST2023,RA_LIC_CLO,0.0,,,
NI02PPRIVST2011,RA_LIC_RELEASE_CY,0.0,,,
NI02PPRIVST2012,RA_LIC_RELEASE_CY,0.0,,,
NI02PPRIVST2013,RA_LIC_RELEASE_CY,0.0,,,
NI02PPRIVST2014,RA_LIC_RELEASE_CY,0.0,,,
NI02PPRIVST2015,RA_LIC_RELEASE_CY,0.0,,,
NI02PPRIVST2016,RA_LIC_RELEASE_CY,0.0,,,
NI02PPRIVST2017,RA_LIC_RELEASE_CY,0.0,,,
NI02PPRIVST2018,RA_LIC_RELEASE_CY,0.0,,,
NI02PPRIVST2019,RA_LIC_RELEASE_CY,0.0,,,
NI02PPRIVST2020,RA_LIC_RELEASE_CY,0.0,,,
NI02PPRIVST2021,RA_LIC_RELEASE_CY,0.0,,,
NI02PPRIVST2022,RA_LIC_RELEASE_CY,0.0,,,
NI02PPRIVST2023,RA_LIC_RELEASE_CY,0.0,,,
NI02PPRIVST2011,RA_LIC_FEXPVAR_CY,0.0,,,
NI02PPRIVST2012,RA_LIC_FEXPVAR_CY,0.0,,,
NI02PPRIVST2013,RA_LIC_FEXPVAR_CY,0.0,,,
NI02PPRIVST2014,RA_LIC_FEXPVAR_CY,0.0,,,
NI02PPRIVST2015,RA_LIC_FEXPVAR_CY,0.0,,,
NI02PPRIVST2016,RA_LIC_FEXPVAR_CY,0.0,,,
NI02PPRIVST2017,RA_LIC_FEXPVAR_CY,0.0,,,
NI02PPRIVST2018,RA_LIC_FEXPVAR_CY,0.0,,,
NI02PPRIVST2019,RA_LIC_FEXPVAR_CY,0.0,,,
NI02PPRIVST2020,RA_LIC_FEXPVAR_CY,0.0,,,
NI02PPRIVST2021,RA_LIC_FEXPVAR_CY,0.0,,,
NI02PPRIVST2022,RA_LIC_FEXPVAR_CY,0.0,,,
NI02PPRIVST2023,RA_LIC_FEXPVAR_CY,0.0,,,
NI02PPRIVST2011,DA_LIC_OP,0.0,,,
NI02PPRIVST2012,DA_LIC_OP,0.0,,,
NI02PPRIVST2013,DA_LIC_OP,0.0,,,
NI02PPRIVST2014,DA_LIC_OP,0.0,,,
NI02PPRIVST2015,DA_LIC_OP,0.0,,,
NI02PPRIVST2016,DA_LIC_OP,0.0,,,
NI02PPRIVST2017,DA_LIC_OP,0.000990247729929732,,,
NI02PPRIVST2018,DA_LIC_OP,0.04184803123739571,,,
NI02PPRIVST2019,DA_LIC_OP,0.0988813415139066,,,
NI02PPRIVST2020,DA_LIC_OP,15.254497949525089,,,
NI02PPRIVST2021,DA_LIC_OP,19.154654129077393,,,
NI02PPRIVST2022,DA_LIC_OP,76.42978509924087,,,
NI02PPRIVST2023,DA_LIC_OP,0.0,,,
NI02PPRIVST2011,DA_LIC_INCLAIM_INCEXP,0.0,,,
NI02PPRIVST2012,DA_LIC_INCLAIM_INCEXP,0.0,,,
NI02PPRIVST2013,DA_LIC_INCLAIM_INCEXP,0.0,,,
NI02PPRIVST2014,DA_LIC_INCLAIM_INCEXP,0.0,,,
NI02PPRIVST2015,DA_LIC_INCLAIM_INCEXP,0.0,,,
NI02PPRIVST2016,DA_LIC_INCLAIM_INCEXP,0.0,,,
NI02PPRIVST2017,DA_LIC_INCLAIM_INCEXP,0.0005985677461350834,,,
NI02PPRIVST2018,DA_LIC_INCLAIM_INCEXP,0.025295570977714826,,,
NI02PPRIVST2019,DA_LIC_INCLAIM_INCEXP,0.05977007564459901,,,
NI02PPRIVST2020,DA_LIC_INCLAIM_INCEXP,9.22077393372809,,,
NI02PPRIVST2021,DA_LIC_INCLAIM_INCEXP,11.578272591296432,,,
NI02PPRIVST2022,DA_LIC_INCLAIM_INCEXP,46.19894883039792,,,
NI02PPRIVST2023,DA_LIC_INCLAIM_INCEXP,0.0,,,
NI02PPRIVST2011,DA_LIC_CHG,0.0,,,
NI02PPRIVST2012,DA_LIC_CHG,0.0,,,
NI02PPRIVST2013,DA_LIC_CHG,0.0,,,
NI02PPRIVST2014,DA_LIC_CHG,0.0,,,
NI02PPRIVST2015,DA_LIC_CHG,0.0,,,
NI02PPRIVST2016,DA_LIC_CHG,0.0,,,
NI02PPRIVST2017,DA_LIC_CHG,0.001605996029664043,,,
NI02PPRIVST2018,DA_LIC_CHG,0.06786965522383316,,,
NI02PPRIVST2019,DA_LIC_CHG,0.16036698401768315,,,
NI02PPRIVST2020,DA_LIC_CHG,24.73993365598931,,,
NI02PPRIVST2021,DA_LIC_CHG,31.065255239786474,,,
NI02PPRIVST2022,DA_LIC_CHG,123.95477182883008,,,
NI02PPRIVST2023,DA_LIC_CHG,0.0,,,
NI02PPRIVST2011,DA_LIC_CLO,0.0,,,
NI02PPRIVST2012,DA_LIC_CLO,0.0,,,
NI02PPRIVST2013,DA_LIC_CLO,0.0,,,
NI02PPRIVST2014,DA_LIC_CLO,0.0,,,
NI02PPRIVST2015,DA_LIC_CLO,0.0,,,
NI02PPRIVST2016,DA_LIC_CLO,0.0,,,
NI02PPRIVST2017,DA_LIC_CLO,0.003194811505728859,,,
NI02PPRIVST2018,DA_LIC_CLO,0.1350132574389437,,,
NI02PPRIVST2019,DA_LIC_CLO,0.31901840117618874,,,
NI02PPRIVST2020,DA_LIC_CLO,49.21520553924248,,,
NI02PPRIVST2021,DA_LIC_CLO,61.798181960160306,,,
NI02PPRIVST2022,DA_LIC_CLO,246.58350575846893,,,
NI02PPRIVST2023,DA_LIC_CLO,0.0,,,
NI02PPUBLPF2011,PVFC_LIC_UNWIND,0.0,,,
NI02PPUBLPF2011,PVFC_LIC_EXP_CLAIM_CF_CY,0.0,,,-1.0
NI02PPUBLPF2011,PVFC_LIC_EXP_ATTEXP_CY,0.0,,,
NI02PPUBLPF2011,PVFC_LIC_EXP_CLAIM_CF_PY,0.0,,,
NI02PPUBLPF2011,PVFC_LIC_EXP_ATTEXP_PY,0.0,,,
NI02PPUBLPF2011,RA_LIC_OP,0.0,,,
NI02PPUBLPF2011,RA_LIC_UNWIND,0.0,,,
NI02PPUBLPF2011,RA_LIC_INCLAIM,0.0,,,
NI02PPUBLPF2011,RA_LIC_RELEASE_PY,0.0,,,
NI02PPUBLPF2011,RA_LIC_DEREC,0.0,,,
NI02PPUBLPF2011,RA_LIC_TASSCHG_PY,0.0,,,
NI02PPUBLPF2011,RA_LIC_FASSCHG_PY,0.0,,,
NI02PPUBLPF2011,RA_LIC_CLO,0.0,,,
NI02PPUBLPF2012,PVFC_LIC_UNWIND,0.0,,,
NI02PPUBLPF2012,PVFC_LIC_EXP_CLAIM_CF_CY,0.0,,,
NI02PPUBLPF2012,PVFC_LIC_EXP_ATTEXP_CY,0.0,,,
NI02PPUBLPF2012,PVFC_LIC_EXP_CLAIM_CF_PY,0.0,,,
NI02PPUBLPF2012,PVFC_LIC_EXP_ATTEXP_PY,0.0,,,
NI02PPUBLPF2012,RA_LIC_OP,0.0,,,
NI02PPUBLPF2012,RA_LIC_UNWIND,0.0,,,
NI02PPUBLPF2012,RA_LIC_INCLAIM,0.0,,,
NI02PPUBLPF2012,RA_LIC_RELEASE_PY,0.0,,,
NI02PPUBLPF2012,RA_LIC_DEREC,0.0,,,
NI02PPUBLPF2012,RA_LIC_TASSCHG_PY,0.0,,,
NI02PPUBLPF2012,RA_LIC_FASSCHG_PY,0.0,,,
NI02PPUBLPF2012,RA_LIC_CLO,0.0,,,
NI02PPUBLPF2013,PVFC_LIC_UNWIND,0.0,,,
NI02PPUBLPF2013,PVFC_LIC_EXP_CLAIM_CF_CY,0.0,,,
NI02PPUBLPF2013,PVFC_LIC_EXP_ATTEXP_CY,0.0,,,
NI02PPUBLPF2013,PVFC_LIC_EXP_CLAIM_CF_PY,0.0,,,
NI02PPUBLPF2013,PVFC_LIC_EXP_ATTEXP_PY,0.0,,,
NI02PPUBLPF2013,RA_LIC_OP,0.0,,,
NI02PPUBLPF2013,RA_LIC_UNWIND,0.0,,,
NI02PPUBLPF2013,RA_LIC_INCLAIM,0.0,,,
NI02PPUBLPF2013,RA_LIC_RELEASE_PY,0.0,,,
NI02PPUBLPF2013,RA_LIC_DEREC,0.0,,,
NI02PPUBLPF2013,RA_LIC_TASSCHG_PY,0.0,,,
NI02PPUBLPF2013,RA_LIC_FASSCHG_PY,0.0,,,
NI02PPUBLPF2013,RA_LIC_CLO,0.0,,,
NI02PPUBLPF2014,PVFC_LIC_UNWIND,0.0,,,
NI02PPUBLPF2014,PVFC_LIC_EXP_CLAIM_CF_CY,0.0,,,
NI02PPUBLPF2014,PVFC_LIC_EXP_ATTEXP_CY,0.0,,,
NI02PPUBLPF2014,PVFC_LIC_EXP_CLAIM_CF_PY,0.0,,,
NI02PPUBLPF2014,PVFC_LIC_EXP_ATTEXP_PY,0.0,,,
NI02PPUBLPF2014,RA_LIC_OP,0.0,,,
NI02PPUBLPF2014,RA_LIC_UNWIND,0.0,,,
NI02PPUBLPF2014,RA_LIC_INCLAIM,0.0,,,
NI02PPUBLPF2014,RA_LIC_RELEASE_PY,0.0,,,
NI02PPUBLPF2014,RA_LIC_DEREC,0.0,,,
NI02PPUBLPF2014,RA_LIC_TASSCHG_PY,0.0,,,
NI02PPUBLPF2014,RA_LIC_FASSCHG_PY,0.0,,,
NI02PPUBLPF2014,RA_LIC_CLO,0.0,,,
NI02PPUBLPF2015,PVFC_LIC_UNWIND,0.0,,,
NI02PPUBLPF2015,PVFC_LIC_EXP_CLAIM_CF_CY,0.0,,,
NI02PPUBLPF2015,PVFC_LIC_EXP_ATTEXP_CY,0.0,,,
NI02PPUBLPF2015,PVFC_LIC_EXP_CLAIM_CF_PY,0.0,,,
NI02PPUBLPF2015,PVFC_LIC_EXP_ATTEXP_PY,0.0,,,
NI02PPUBLPF2015,RA_LIC_OP,0.0,,,
NI02PPUBLPF2015,RA_LIC_UNWIND,0.0,,,
NI02PPUBLPF2015,RA_LIC_INCLAIM,0.0,,,
NI02PPUBLPF2015,RA_LIC_RELEASE_PY,0.0,,,
NI02PPUBLPF2015,RA_LIC_DEREC,0.0,,,
NI02PPUBLPF2015,RA_LIC_TASSCHG_PY,0.0,,,
NI02PPUBLPF2015,RA_LIC_FASSCHG_PY,0.0,,,
NI02PPUBLPF2015,RA_LIC_CLO,0.0,,,
NI02PPUBLPF2016,PVFC_LIC_UNWIND,0.0,,,
NI02PPUBLPF2016,PVFC_LIC_EXP_CLAIM_CF_CY,0.0,,,
NI02PPUBLPF2016,PVFC_LIC_EXP_ATTEXP_CY,0.0,,,
NI02PPUBLPF2016,PVFC_LIC_EXP_CLAIM_CF_PY,0.0,,,
NI02PPUBLPF2016,PVFC_LIC_EXP_ATTEXP_PY,0.0,,,
NI02PPUBLPF2016,RA_LIC_OP,0.0,,,
NI02PPUBLPF2016,RA_LIC_UNWIND,0.0,,,
NI02PPUBLPF2016,RA_LIC_INCLAIM,0.0,,,
NI02PPUBLPF2016,RA_LIC_RELEASE_PY,0.0,,,
NI02PPUBLPF2016,RA_LIC_DEREC,0.0,,,
NI02PPUBLPF2016,RA_LIC_TASSCHG_PY,0.0,,,
NI02PPUBLPF2016,RA_LIC_FASSCHG_PY,0.0,,,
NI02PPUBLPF2016,RA_LIC_CLO,0.0,,,
NI02PPUBLPF2017,PVFC_LIC_UNWIND,0.0,,,
NI02PPUBLPF2017,PVFC_LIC_EXP_CLAIM_CF_CY,0.0,,,
NI02PPUBLPF2017,PVFC_LIC_EXP_ATTEXP_CY,0.0,,,
NI02PPUBLPF2017,PVFC_LIC_EXP_CLAIM_CF_PY,47.85141988051907,,,
NI02PPUBLPF2017,PVFC_LIC_EXP_ATTEXP_PY,0.0,,,
NI02PPUBLPF2017,RA_LIC_OP,-2.574838301998174,,,
NI02PPUBLPF2017,RA_LIC_UNWIND,-0.13964796261261342,,,
NI02PPUBLPF2017,RA_LIC_INCLAIM,-0.09180497024088588,,,
NI02PPUBLPF2017,RA_LIC_RELEASE_PY,1.8118761899527338,,,
NI02PPUBLPF2017,RA_LIC_DEREC,0.0,,,
NI02PPUBLPF2017,RA_LIC_TASSCHG_PY,0.5595555460390047,,,
NI02PPUBLPF2017,RA_LIC_FASSCHG_PY,0.0,,,
NI02PPUBLPF2017,RA_LIC_CLO,-0.4348594988599341,,,
NI02PPUBLPF2018,PVFC_LIC_UNWIND,0.0,,,
NI02PPUBLPF2018,PVFC_LIC_EXP_CLAIM_CF_CY,0.0,,,
NI02PPUBLPF2018,PVFC_LIC_EXP_ATTEXP_CY,0.0,,,
NI02PPUBLPF2018,PVFC_LIC_EXP_CLAIM_CF_PY,135.0752357430497,,,
NI02PPUBLPF2018,PVFC_LIC_EXP_ATTEXP_PY,0.0,,,
NI02PPUBLPF2018,RA_LIC_OP,-7.470765666306948,,,
NI02PPUBLPF2018,RA_LIC_UNWIND,-0.4051816394242719,,,
NI02PPUBLPF2018,RA_LIC_INCLAIM,-0.26636756923325733,,,
NI02PPUBLPF2018,RA_LIC_RELEASE_PY,5.257068927782142,,,
NI02PPUBLPF2018,RA_LIC_DEREC,0.0,,,
NI02PPUBLPF2018,RA_LIC_TASSCHG_PY,1.6235226726648242,,,
NI02PPUBLPF2018,RA_LIC_FASSCHG_PY,0.0,,,
NI02PPUBLPF2018,RA_LIC_CLO,-1.2617232745175098,,,
NI02PPUBLPF2019,PVFC_LIC_UNWIND,0.0,,,
NI02PPUBLPF2019,PVFC_LIC_EXP_CLAIM_CF_CY,0.0,,,
NI02PPUBLPF2019,PVFC_LIC_EXP_ATTEXP_CY,0.0,,,
NI02PPUBLPF2019,PVFC_LIC_EXP_CLAIM_CF_PY,1161.5226837303976,,,
NI02PPUBLPF2019,PVFC_LIC_EXP_ATTEXP_PY,0.0,,,
NI02PPUBLPF2019,RA_LIC_OP,-65.69701209611944,,,
NI02PPUBLPF2019,RA_LIC_UNWIND,-3.5631184613960283,,,
NI02PPUBLPF2019,RA_LIC_INCLAIM,-2.342404272811552,,,
NI02PPUBLPF2019,RA_LIC_RELEASE_PY,46.230030008338744,,,
NI02PPUBLPF2019,RA_LIC_DEREC,0.0,,,
NI02PPUBLPF2019,RA_LIC_TASSCHG_PY,14.277062543324428,,,
NI02PPUBLPF2019,RA_LIC_FASSCHG_PY,0.0,,,
NI02PPUBLPF2019,RA_LIC_CLO,-11.095442278663828,,,
NI02PPUBLPF2020,PVFC_LIC_UNWIND,0.0,,,
NI02PPUBLPF2020,PVFC_LIC_EXP_CLAIM_CF_CY,0.0,,,
NI02PPUBLPF2020,PVFC_LIC_EXP_ATTEXP_CY,0.0,,,
NI02PPUBLPF2020,PVFC_LIC_EXP_CLAIM_CF_PY,7357.201743804553,,,
NI02PPUBLPF2020,PVFC_LIC_EXP_ATTEXP_PY,0.0,,,
NI02PPUBLPF2020,RA_LIC_OP,-429.96584153287836,,,
NI02PPUBLPF2020,RA_LIC_UNWIND,-23.319465815188437,,,
NI02PPUBLPF2020,RA_LIC_INCLAIM,-15.33028355834647,,,
NI02PPUBLPF2020,RA_LIC_RELEASE_PY,302.5606967869957,,,
NI02PPUBLPF2020,RA_LIC_DEREC,0.0,,,
NI02PPUBLPF2020,RA_LIC_TASSCHG_PY,93.43878838929145,,,
NI02PPUBLPF2020,RA_LIC_FASSCHG_PY,0.0,,,
NI02PPUBLPF2020,RA_LIC_CLO,-72.61610573012591,,,
NI02PPUBLPF2021,PVFC_LIC_UNWIND,0.0,,,
NI02PPUBLPF2021,PVFC_LIC_EXP_CLAIM_CF_CY,0.0,,,
NI02PPUBLPF2021,PVFC_LIC_EXP_ATTEXP_CY,0.0,,,
NI02PPUBLPF2021,PVFC_LIC_EXP_CLAIM_CF_PY,63291.41455998098,,,
NI02PPUBLPF2021,PVFC_LIC_EXP_ATTEXP_PY,0.0,,,
NI02PPUBLPF2021,RA_LIC_OP,-4059.9157766701574,,,
NI02PPUBLPF2021,RA_LIC_UNWIND,-220.19206648852918,,,
NI02PPUBLPF2021,RA_LIC_INCLAIM,-144.7548946155032,,,
NI02PPUBLPF2021,RA_LIC_RELEASE_PY,2856.9035668195274,,,
NI02PPUBLPF2021,RA_LIC_DEREC,0.0,,,
NI02PPUBLPF2021,RA_LIC_TASSCHG_PY,882.2877877512055,,,
NI02PPUBLPF2021,RA_LIC_FASSCHG_PY,0.0,,,
NI02PPUBLPF2021,RA_LIC_CLO,-685.6713832034554,,,
NI02PPUBLPF2022,PVFC_LIC_UNWIND,0.0,,,
NI02PPUBLPF2022,PVFC_LIC_EXP_CLAIM_CF_CY,0.0,,,
NI02PPUBLPF2022,PVFC_LIC_EXP_ATTEXP_CY,0.0,,,
NI02PPUBLPF2022,PVFC_LIC_EXP_CLAIM_CF_PY,79280.68424510762,,,
NI02PPUBLPF2022,PVFC_LIC_EXP_ATTEXP_PY,0.0,,,
NI02PPUBLPF2022,RA_LIC_OP,-5349.107689859374,,,
NI02PPUBLPF2022,RA_LIC_UNWIND,-290.11219465883744,,,
NI02PPUBLPF2022,RA_LIC_INCLAIM,-190.72058695947652,,,
NI02PPUBLPF2022,RA_LIC_RELEASE_PY,3764.089128714594,,,
NI02PPUBLPF2022,RA_LIC_DEREC,0.0,,,
NI02PPUBLPF2022,RA_LIC_TASSCHG_PY,1162.4508117258945,,,
NI02PPUBLPF2022,RA_LIC_FASSCHG_PY,0.0,,,
NI02PPUBLPF2022,RA_LIC_CLO,-903.4005310371978,,,
NI02PPUBLPF2023,PVFC_LIC_UNWIND,0.0,,,
NI02PPUBLPF2023,PVFC_LIC_EXP_CLAIM_CF_CY,0.0,,,
NI02PPUBLPF2023,PVFC_LIC_EXP_ATTEXP_CY,0.0,,,
NI02PPUBLPF2023,PVFC_LIC_EXP_CLAIM_CF_PY,0.0,,,
NI02PPUBLPF2023,PVFC_LIC_EXP_ATTEXP_PY,0.0,,,
NI02PPUBLPF2023,RA_LIC_OP,0.0,,,
NI02PPUBLPF2023,RA_LIC_UNWIND,0.0,,,
NI02PPUBLPF2023,RA_LIC_INCLAIM,0.0,,,
NI02PPUBLPF2023,RA_LIC_RELEASE_PY,0.0,,,
NI02PPUBLPF2023,RA_LIC_DEREC,0.0,,,
NI02PPUBLPF2023,RA_LIC_TASSCHG_PY,0.0,,,
NI02PPUBLPF2023,RA_LIC_FASSCHG_PY,0.0,,,
NI02PPUBLPF2023,RA_LIC_CLO,0.0,,,
NI02PPUBLPF2011,RA_LIC_RELEASE_CY,0.0,,,
NI02PPUBLPF2012,RA_LIC_RELEASE_CY,0.0,,,
NI02PPUBLPF2013,RA_LIC_RELEASE_CY,0.0,,,
NI02PPUBLPF2014,RA_LIC_RELEASE_CY,0.0,,,
NI02PPUBLPF2015,RA_LIC_RELEASE_CY,0.0,,,
NI02PPUBLPF2016,RA_LIC_RELEASE_CY,0.0,,,
NI02PPUBLPF2017,RA_LIC_RELEASE_CY,0.0,,,
NI02PPUBLPF2018,RA_LIC_RELEASE_CY,0.0,,,
NI02PPUBLPF2019,RA_LIC_RELEASE_CY,0.0,,,
NI02PPUBLPF2020,RA_LIC_RELEASE_CY,0.0,,,
NI02PPUBLPF2021,RA_LIC_RELEASE_CY,0.0,,,
NI02PPUBLPF2022,RA_LIC_RELEASE_CY,0.0,,,
NI02PPUBLPF2023,RA_LIC_RELEASE_CY,0.0,,,
NI02PPUBLPF2011,RA_LIC_FEXPVAR_CY,0.0,,,
NI02PPUBLPF2012,RA_LIC_FEXPVAR_CY,0.0,,,
NI02PPUBLPF2013,RA_LIC_FEXPVAR_CY,0.0,,,
NI02PPUBLPF2014,RA_LIC_FEXPVAR_CY,0.0,,,
NI02PPUBLPF2015,RA_LIC_FEXPVAR_CY,0.0,,,
NI02PPUBLPF2016,RA_LIC_FEXPVAR_CY,0.0,,,
NI02PPUBLPF2017,RA_LIC_FEXPVAR_CY,0.0,,,
NI02PPUBLPF2018,RA_LIC_FEXPVAR_CY,0.0,,,
NI02PPUBLPF2019,RA_LIC_FEXPVAR_CY,0.0,,,
NI02PPUBLPF2020,RA_LIC_FEXPVAR_CY,0.0,,,
NI02PPUBLPF2021,RA_LIC_FEXPVAR_CY,0.0,,,
NI02PPUBLPF2022,RA_LIC_FEXPVAR_CY,0.0,,,
NI02PPUBLPF2023,RA_LIC_FEXPVAR_CY,0.0,,,
NI02PPUBLPF2011,DA_LIC_OP,0.0,,,
NI02PPUBLPF2012,DA_LIC_OP,0.0,,,
NI02PPUBLPF2013,DA_LIC_OP,0.0,,,
NI02PPUBLPF2014,DA_LIC_OP,0.0,,,
NI02PPUBLPF2015,DA_LIC_OP,0.0,,,
NI02PPUBLPF2016,DA_LIC_OP,0.0,,,
NI02PPUBLPF2017,DA_LIC_OP,0.31994275444357617,,,
NI02PPUBLPF2018,DA_LIC_OP,0.9282980384538484,,,
NI02PPUBLPF2019,DA_LIC_OP,8.16334097268695,,,
NI02PPUBLPF2020,DA_LIC_OP,53.42644450718475,,,
NI02PPUBLPF2021,DA_LIC_OP,504.4746442480495,,,
NI02PPUBLPF2022,DA_LIC_OP,664.6663003190544,,,
NI02PPUBLPF2023,DA_LIC_OP,0.0,,,
NI02PPUBLPF2011,DA_LIC_INCLAIM_INCEXP,0.0,,,
NI02PPUBLPF2012,DA_LIC_INCLAIM_INCEXP,0.0,,,
NI02PPUBLPF2013,DA_LIC_INCLAIM_INCEXP,0.0,,,
NI02PPUBLPF2014,DA_LIC_INCLAIM_INCEXP,0.0,,,
NI02PPUBLPF2015,DA_LIC_INCLAIM_INCEXP,0.0,,,
NI02PPUBLPF2016,DA_LIC_INCLAIM_INCEXP,0.0,,,
NI02PPUBLPF2017,DA_LIC_INCLAIM_INCEXP,0.013482479817309908,,,
NI02PPUBLPF2018,DA_LIC_INCLAIM_INCEXP,0.03911874669476105,,,
NI02PPUBLPF2019,DA_LIC_INCLAIM_INCEXP,0.34400553967063185,,,
NI02PPUBLPF2020,DA_LIC_INCLAIM_INCEXP,2.2514057586066674,,,
NI02PPUBLPF2021,DA_LIC_INCLAIM_INCEXP,21.2587067997454,,,
NI02PPUBLPF2022,DA_LIC_INCLAIM_INCEXP,28.00922932254772,,,
NI02PPUBLPF2023,DA_LIC_INCLAIM_INCEXP,0.0,,,
NI02PPUBLPF2011,DA_LIC_CHG,0.0,,,
NI02PPUBLPF2012,DA_LIC_CHG,0.0,,,
NI02PPUBLPF2013,DA_LIC_CHG,0.0,,,
NI02PPUBLPF2014,DA_LIC_CHG,0.0,,,
NI02PPUBLPF2015,DA_LIC_CHG,0.0,,,
NI02PPUBLPF2016,DA_LIC_CHG,0.0,,,
NI02PPUBLPF2017,DA_LIC_CHG,-0.26956175931654747,,,
NI02PPUBLPF2018,DA_LIC_CHG,-0.7821200791088699,,,
NI02PPUBLPF2019,DA_LIC_CHG,-6.877869631163741,,,
NI02PPUBLPF2020,DA_LIC_CHG,-45.013447485101416,,,
NI02PPUBLPF2021,DA_LIC_CHG,-425.03563761146467,,,
NI02PPUBLPF2022,DA_LIC_CHG,-560.0021090773677,,,
NI02PPUBLPF2023,DA_LIC_CHG,0.0,,,
NI02PPUBLPF2011,DA_LIC_CLO,0.0,,,
NI02PPUBLPF2012,DA_LIC_CLO,0.0,,,
NI02PPUBLPF2013,DA_LIC_CLO,0.0,,,
NI02PPUBLPF2014,DA_LIC_CLO,0.0,,,
NI02PPUBLPF2015,DA_LIC_CLO,0.0,,,
NI02PPUBLPF2016,DA_LIC_CLO,0.0,,,
NI02PPUBLPF2017,DA_LIC_CLO,0.06386347494433856,,,
NI02PPUBLPF2018,DA_LIC_CLO,0.1852967060397398,,,
NI02PPUBLPF2019,DA_LIC_CLO,1.6294768811938412,,,
NI02PPUBLPF2020,DA_LIC_CLO,10.66440278068999,,,
NI02PPUBLPF2021,DA_LIC_CLO,100.69771343633029,,,
NI02PPUBLPF2022,DA_LIC_CLO,132.6734205642344,,,
NI02PPUBLPF2023,DA_LIC_CLO,0.0,,,
NI02PPUBLQS2011,PVFC_LIC_UNWIND,0.0,,,
NI02PPUBLQS2011,PVFC_LIC_EXP_CLAIM_CF_CY,0.0,,,-1.0
NI02PPUBLQS2011,PVFC_LIC_EXP_ATTEXP_CY,0.0,,,
NI02PPUBLQS2011,PVFC_LIC_EXP_CLAIM_CF_PY,0.0,,,
NI02PPUBLQS2011,PVFC_LIC_EXP_ATTEXP_PY,0.0,,,
NI02PPUBLQS2011,RA_LIC_OP,0.0,,,
NI02PPUBLQS2011,RA_LIC_UNWIND,0.0,,,
NI02PPUBLQS2011,RA_LIC_INCLAIM,0.0,,,
NI02PPUBLQS2011,RA_LIC_RELEASE_PY,0.0,,,
NI02PPUBLQS2011,RA_LIC_DEREC,0.0,,,
NI02PPUBLQS2011,RA_LIC_TASSCHG_PY,0.0,,,
NI02PPUBLQS2011,RA_LIC_FASSCHG_PY,0.0,,,
NI02PPUBLQS2011,RA_LIC_CLO,0.0,,,
NI02PPUBLQS2012,PVFC_LIC_UNWIND,0.0,,,
NI02PPUBLQS2012,PVFC_LIC_EXP_CLAIM_CF_CY,0.0,,,
NI02PPUBLQS2012,PVFC_LIC_EXP_ATTEXP_CY,0.0,,,
NI02PPUBLQS2012,PVFC_LIC_EXP_CLAIM_CF_PY,0.0,,,
NI02PPUBLQS2012,PVFC_LIC_EXP_ATTEXP_PY,0.0,,,
NI02PPUBLQS2012,RA_LIC_OP,0.0,,,
NI02PPUBLQS2012,RA_LIC_UNWIND,0.0,,,
NI02PPUBLQS2012,RA_LIC_INCLAIM,0.0,,,
NI02PPUBLQS2012,RA_LIC_RELEASE_PY,0.0,,,
NI02PPUBLQS2012,RA_LIC_DEREC,0.0,,,
NI02PPUBLQS2012,RA_LIC_TASSCHG_PY,0.0,,,
NI02PPUBLQS2012,RA_LIC_FASSCHG_PY,0.0,,,
NI02PPUBLQS2012,RA_LIC_CLO,0.0,,,
NI02PPUBLQS2013,PVFC_LIC_UNWIND,0.0,,,
NI02PPUBLQS2013,PVFC_LIC_EXP_CLAIM_CF_CY,0.0,,,
NI02PPUBLQS2013,PVFC_LIC_EXP_ATTEXP_CY,0.0,,,
NI02PPUBLQS2013,PVFC_LIC_EXP_CLAIM_CF_PY,0.0,,,
NI02PPUBLQS2013,PVFC_LIC_EXP_ATTEXP_PY,0.0,,,
NI02PPUBLQS2013,RA_LIC_OP,0.0,,,
NI02PPUBLQS2013,RA_LIC_UNWIND,0.0,,,
NI02PPUBLQS2013,RA_LIC_INCLAIM,0.0,,,
NI02PPUBLQS2013,RA_LIC_RELEASE_PY,0.0,,,
NI02PPUBLQS2013,RA_LIC_DEREC,0.0,,,
NI02PPUBLQS2013,RA_LIC_TASSCHG_PY,0.0,,,
NI02PPUBLQS2013,RA_LIC_FASSCHG_PY,0.0,,,
NI02PPUBLQS2013,RA_LIC_CLO,0.0,,,
NI02PPUBLQS2014,PVFC_LIC_UNWIND,0.0,,,
NI02PPUBLQS2014,PVFC_LIC_EXP_CLAIM_CF_CY,0.0,,,
NI02PPUBLQS2014,PVFC_LIC_EXP_ATTEXP_CY,0.0,,,
NI02PPUBLQS2014,PVFC_LIC_EXP_CLAIM_CF_PY,0.0,,,
NI02PPUBLQS2014,PVFC_LIC_EXP_ATTEXP_PY,0.0,,,
NI02PPUBLQS2014,RA_LIC_OP,0.0,,,
NI02PPUBLQS2014,RA_LIC_UNWIND,0.0,,,
NI02PPUBLQS2014,RA_LIC_INCLAIM,0.0,,,
NI02PPUBLQS2014,RA_LIC_RELEASE_PY,0.0,,,
NI02PPUBLQS2014,RA_LIC_DEREC,0.0,,,
NI02PPUBLQS2014,RA_LIC_TASSCHG_PY,0.0,,,
NI02PPUBLQS2014,RA_LIC_FASSCHG_PY,0.0,,,
NI02PPUBLQS2014,RA_LIC_CLO,0.0,,,
NI02PPUBLQS2015,PVFC_LIC_UNWIND,0.0,,,
NI02PPUBLQS2015,PVFC_LIC_EXP_CLAIM_CF_CY,0.0,,,
NI02PPUBLQS2015,PVFC_LIC_EXP_ATTEXP_CY,0.0,,,
NI02PPUBLQS2015,PVFC_LIC_EXP_CLAIM_CF_PY,0.0,,,
NI02PPUBLQS2015,PVFC_LIC_EXP_ATTEXP_PY,0.0,,,
NI02PPUBLQS2015,RA_LIC_OP,0.0,,,
NI02PPUBLQS2015,RA_LIC_UNWIND,0.0,,,
NI02PPUBLQS2015,RA_LIC_INCLAIM,0.0,,,
NI02PPUBLQS2015,RA_LIC_RELEASE_PY,0.0,,,
NI02PPUBLQS2015,RA_LIC_DEREC,0.0,,,
NI02PPUBLQS2015,RA_LIC_TASSCHG_PY,0.0,,,
NI02PPUBLQS2015,RA_LIC_FASSCHG_PY,0.0,,,
NI02PPUBLQS2015,RA_LIC_CLO,0.0,,,
NI02PPUBLQS2016,PVFC_LIC_UNWIND,0.0,,,
NI02PPUBLQS2016,PVFC_LIC_EXP_CLAIM_CF_CY,0.0,,,
NI02PPUBLQS2016,PVFC_LIC_EXP_ATTEXP_CY,0.0,,,
NI02PPUBLQS2016,PVFC_LIC_EXP_CLAIM_CF_PY,0.0,,,
NI02PPUBLQS2016,PVFC_LIC_EXP_ATTEXP_PY,0.0,,,
NI02PPUBLQS2016,RA_LIC_OP,0.0,,,
NI02PPUBLQS2016,RA_LIC_UNWIND,0.0,,,
NI02PPUBLQS2016,RA_LIC_INCLAIM,0.0,,,
NI02PPUBLQS2016,RA_LIC_RELEASE_PY,0.0,,,
NI02PPUBLQS2016,RA_LIC_DEREC,0.0,,,
NI02PPUBLQS2016,RA_LIC_TASSCHG_PY,0.0,,,
NI02PPUBLQS2016,RA_LIC_FASSCHG_PY,0.0,,,
NI02PPUBLQS2016,RA_LIC_CLO,0.0,,,
NI02PPUBLQS2017,PVFC_LIC_UNWIND,0.0,,,
NI02PPUBLQS2017,PVFC_LIC_EXP_CLAIM_CF_CY,0.0,,,
NI02PPUBLQS2017,PVFC_LIC_EXP_ATTEXP_CY,0.0,,,
NI02PPUBLQS2017,PVFC_LIC_EXP_CLAIM_CF_PY,7.068507605829777,,,
NI02PPUBLQS2017,PVFC_LIC_EXP_ATTEXP_PY,0.0,,,
NI02PPUBLQS2017,RA_LIC_OP,-0.709743458840369,,,
NI02PPUBLQS2017,RA_LIC_UNWIND,-0.04021965580655913,,,
NI02PPUBLQS2017,RA_LIC_INCLAIM,-0.03124439802546486,,,
NI02PPUBLQS2017,RA_LIC_RELEASE_PY,0.5016445620297956,,,
NI02PPUBLQS2017,RA_LIC_DEREC,0.0,,,
NI02PPUBLQS2017,RA_LIC_TASSCHG_PY,0.13156526345982986,,,
NI02PPUBLQS2017,RA_LIC_FASSCHG_PY,0.0,,,
NI02PPUBLQS2017,RA_LIC_CLO,-0.14799768718276776,,,
NI02PPUBLQS2018,PVFC_LIC_UNWIND,0.0,,,
NI02PPUBLQS2018,PVFC_LIC_EXP_CLAIM_CF_CY,0.0,,,
NI02PPUBLQS2018,PVFC_LIC_EXP_ATTEXP_CY,0.0,,,
NI02PPUBLQS2018,PVFC_LIC_EXP_CLAIM_CF_PY,19.95301986007942,,,
NI02PPUBLQS2018,PVFC_LIC_EXP_ATTEXP_PY,0.0,,,
NI02PPUBLQS2018,RA_LIC_OP,-2.05928545496459,,,
NI02PPUBLQS2018,RA_LIC_UNWIND,-0.1166953371313247,,,
NI02PPUBLQS2018,RA_LIC_INCLAIM,-0.09065407169527058,,,
NI02PPUBLQS2018,RA_LIC_RELEASE_PY,1.455496823933931,,,
NI02PPUBLQS2018,RA_LIC_DEREC,0.0,,,
NI02PPUBLQS2018,RA_LIC_TASSCHG_PY,0.3817300885929654,,,
NI02PPUBLQS2018,RA_LIC_FASSCHG_PY,0.0,,,
NI02PPUBLQS2018,RA_LIC_CLO,-0.42940795126428877,,,
NI02PPUBLQS2019,PVFC_LIC_UNWIND,0.0,,,
NI02PPUBLQS2019,PVFC_LIC_EXP_CLAIM_CF_CY,0.0,,,
NI02PPUBLQS2019,PVFC_LIC_EXP_ATTEXP_CY,0.0,,,
NI02PPUBLQS2019,PVFC_LIC_EXP_CLAIM_CF_PY,171.57760302186168,,,
NI02PPUBLQS2019,PVFC_LIC_EXP_ATTEXP_PY,0.0,,,
NI02PPUBLQS2019,RA_LIC_OP,-18.109107886266962,,,
NI02PPUBLQS2019,RA_LIC_UNWIND,-1.0262047181660843,,,
NI02PPUBLQS2019,RA_LIC_INCLAIM,-0.7972009711918561,,,
NI02PPUBLQS2019,RA_LIC_RELEASE_PY,12.79946349797906,,,
NI02PPUBLQS2019,RA_LIC_DEREC,0.0,,,
NI02PPUBLQS2019,RA_LIC_TASSCHG_PY,3.3568883522673754,,,
NI02PPUBLQS2019,RA_LIC_FASSCHG_PY,0.0,,,
NI02PPUBLQS2019,RA_LIC_CLO,-3.776161725378468,,,
NI02PPUBLQS2020,PVFC_LIC_UNWIND,0.0,,,
NI02PPUBLQS2020,PVFC_LIC_EXP_CLAIM_CF_CY,0.0,,,
NI02PPUBLQS2020,PVFC_LIC_EXP_ATTEXP_CY,0.0,,,
NI02PPUBLQS2020,PVFC_LIC_EXP_CLAIM_CF_PY,1086.7898301358075,,,
NI02PPUBLQS2020,PVFC_LIC_EXP_ATTEXP_PY,0.0,,,
NI02PPUBLQS2020,RA_LIC_OP,-118.51829426179295,,,
NI02PPUBLQS2020,RA_LIC_UNWIND,-6.716180251633592,,,
NI02PPUBLQS2020,RA_LIC_INCLAIM,-5.217424286325812,,,
NI02PPUBLQS2020,RA_LIC_RELEASE_PY,83.7683772593212,,,
NI02PPUBLQS2020,RA_LIC_DEREC,0.0,,,
NI02PPUBLQS2020,RA_LIC_TASSCHG_PY,21.969755994425416,,,
NI02PPUBLQS2020,RA_LIC_FASSCHG_PY,0.0,,,
NI02PPUBLQS2020,RA_LIC_CLO,-24.71376554600573,,,
NI02PPUBLQS2021,PVFC_LIC_UNWIND,0.0,,,
NI02PPUBLQS2021,PVFC_LIC_EXP_CLAIM_CF_CY,0.0,,,
NI02PPUBLQS2021,PVFC_LIC_EXP_ATTEXP_CY,0.0,,,
NI02PPUBLQS2021,PVFC_LIC_EXP_CLAIM_CF_PY,2970.3947174026307,,,
NI02PPUBLQS2021,PVFC_LIC_EXP_ATTEXP_PY,0.0,,,
NI02PPUBLQS2021,RA_LIC_OP,-347.6852500761031,,,
NI02PPUBLQS2021,RA_LIC_UNWIND,-19.702585367853946,,,
NI02PPUBLQS2021,RA_LIC_INCLAIM,-15.30583509527537,,,
NI02PPUBLQS2021,RA_LIC_RELEASE_PY,245.74289882659534,,,
NI02PPUBLQS2021,RA_LIC_DEREC,0.0,,,
NI02PPUBLQS2021,RA_LIC_TASSCHG_PY,64.45047285409024,,,
NI02PPUBLQS2021,RA_LIC_FASSCHG_PY,0.0,,,
NI02PPUBLQS2021,RA_LIC_CLO,-72.50029885854683,,,
NI02PPUBLQS2022,PVFC_LIC_UNWIND,0.0,,,
NI02PPUBLQS2022,PVFC_LIC_EXP_CLAIM_CF_CY,0.0,,,
NI02PPUBLQS2022,PVFC_LIC_EXP_ATTEXP_CY,0.0,,,
NI02PPUBLQS2022,PVFC_LIC_EXP_CLAIM_CF_PY,5486.024177543689,,,
NI02PPUBLQS2022,PVFC_LIC_EXP_ATTEXP_PY,0.0,,,
NI02PPUBLQS2022,RA_LIC_OP,-699.1222176199062,,,
NI02PPUBLQS2022,RA_LIC_UNWIND,-39.617772603826396,,,
NI02PPUBLQS2022,RA_LIC_INCLAIM,-30.776828674760555,,,
NI02PPUBLQS2022,RA_LIC_RELEASE_PY,494.1375003811299,,,
NI02PPUBLQS2022,RA_LIC_DEREC,0.0,,,
NI02PPUBLQS2022,RA_LIC_TASSCHG_PY,129.5964022015327,,,
NI02PPUBLQS2022,RA_LIC_FASSCHG_PY,0.0,,,
NI02PPUBLQS2022,RA_LIC_CLO,-145.7829163158307,,,
NI02PPUBLQS2023,PVFC_LIC_UNWIND,0.0,,,
NI02PPUBLQS2023,PVFC_LIC_EXP_CLAIM_CF_CY,0.0,,,
NI02PPUBLQS2023,PVFC_LIC_EXP_ATTEXP_CY,0.0,,,
NI02PPUBLQS2023,PVFC_LIC_EXP_CLAIM_CF_PY,0.0,,,
NI02PPUBLQS2023,PVFC_LIC_EXP_ATTEXP_PY,0.0,,,
NI02PPUBLQS2023,RA_LIC_OP,0.0,,,
NI02PPUBLQS2023,RA_LIC_UNWIND,0.0,,,
NI02PPUBLQS2023,RA_LIC_INCLAIM,0.0,,,
NI02PPUBLQS2023,RA_LIC_RELEASE_PY,0.0,,,
NI02PPUBLQS2023,RA_LIC_DEREC,0.0,,,
NI02PPUBLQS2023,RA_LIC_TASSCHG_PY,0.0,,,
NI02PPUBLQS2023,RA_LIC_FASSCHG_PY,0.0,,,
NI02PPUBLQS2023,RA_LIC_CLO,0.0,,,
NI02PPUBLQS2011,RA_LIC_RELEASE_CY,0.0,,,
NI02PPUBLQS2012,RA_LIC_RELEASE_CY,0.0,,,
NI02PPUBLQS2013,RA_LIC_RELEASE_CY,0.0,,,
NI02PPUBLQS2014,RA_LIC_RELEASE_CY,0.0,,,
NI02PPUBLQS2015,RA_LIC_RELEASE_CY,0.0,,,
NI02PPUBLQS2016,RA_LIC_RELEASE_CY,0.0,,,
NI02PPUBLQS2017,RA_LIC_RELEASE_CY,0.0,,,
NI02PPUBLQS2018,RA_LIC_RELEASE_CY,0.0,,,
NI02PPUBLQS2019,RA_LIC_RELEASE_CY,0.0,,,
NI02PPUBLQS2020,RA_LIC_RELEASE_CY,0.0,,,
NI02PPUBLQS2021,RA_LIC_RELEASE_CY,0.0,,,
NI02PPUBLQS2022,RA_LIC_RELEASE_CY,0.0,,,
NI02PPUBLQS2023,RA_LIC_RELEASE_CY,0.0,,,
NI02PPUBLQS2011,RA_LIC_FEXPVAR_CY,0.0,,,
NI02PPUBLQS2012,RA_LIC_FEXPVAR_CY,0.0,,,
NI02PPUBLQS2013,RA_LIC_FEXPVAR_CY,0.0,,,
NI02PPUBLQS2014,RA_LIC_FEXPVAR_CY,0.0,,,
NI02PPUBLQS2015,RA_LIC_FEXPVAR_CY,0.0,,,
NI02PPUBLQS2016,RA_LIC_FEXPVAR_CY,0.0,,,
NI02PPUBLQS2017,RA_LIC_FEXPVAR_CY,0.0,,,
NI02PPUBLQS2018,RA_LIC_FEXPVAR_CY,0.0,,,
NI02PPUBLQS2019,RA_LIC_FEXPVAR_CY,0.0,,,
NI02PPUBLQS2020,RA_LIC_FEXPVAR_CY,0.0,,,
NI02PPUBLQS2021,RA_LIC_FEXPVAR_CY,0.0,,,
NI02PPUBLQS2022,RA_LIC_FEXPVAR_CY,0.0,,,
NI02PPUBLQS2023,RA_LIC_FEXPVAR_CY,0.0,,,
NI02PPUBLQS2011,DA_LIC_OP,0.0,,,
NI02PPUBLQS2012,DA_LIC_OP,0.0,,,
NI02PPUBLQS2013,DA_LIC_OP,0.0,,,
NI02PPUBLQS2014,DA_LIC_OP,0.0,,,
NI02PPUBLQS2015,DA_LIC_OP,0.0,,,
NI02PPUBLQS2016,DA_LIC_OP,0.0,,,
NI02PPUBLQS2017,DA_LIC_OP,0.04688175259371948,,,
NI02PPUBLQS2018,DA_LIC_OP,0.13602508063580304,,,
NI02PPUBLQS2019,DA_LIC_OP,1.1961881508623955,,,
NI02PPUBLQS2020,DA_LIC_OP,7.828667217996464,,,
NI02PPUBLQS2021,DA_LIC_OP,22.966176963695645,,,
NI02PPUBLQS2022,DA_LIC_OP,46.18017176626172,,,
NI02PPUBLQS2023,DA_LIC_OP,0.0,,,
NI02PPUBLQS2011,DA_LIC_INCLAIM_INCEXP,0.0,,,
NI02PPUBLQS2012,DA_LIC_INCLAIM_INCEXP,0.0,,,
NI02PPUBLQS2013,DA_LIC_INCLAIM_INCEXP,0.0,,,
NI02PPUBLQS2014,DA_LIC_INCLAIM_INCEXP,0.0,,,
NI02PPUBLQS2015,DA_LIC_INCLAIM_INCEXP,0.0,,,
NI02PPUBLQS2016,DA_LIC_INCLAIM_INCEXP,0.0,,,
NI02PPUBLQS2017,DA_LIC_INCLAIM_INCEXP,0.0045885529364805555,,,
NI02PPUBLQS2018,DA_LIC_INCLAIM_INCEXP,0.013313458833235552,,,
NI02PPUBLQS2019,DA_LIC_INCLAIM_INCEXP,0.11707695102162616,,,
NI02PPUBLQS2020,DA_LIC_INCLAIM_INCEXP,0.766231037972737,,,
NI02PPUBLQS2021,DA_LIC_INCLAIM_INCEXP,2.247815256817322,,,
NI02PPUBLQS2022,DA_LIC_INCLAIM_INCEXP,4.5198856920217585,,,
NI02PPUBLQS2023,DA_LIC_INCLAIM_INCEXP,0.0,,,
NI02PPUBLQS2011,DA_LIC_CHG,0.0,,,
NI02PPUBLQS2012,DA_LIC_CHG,0.0,,,
NI02PPUBLQS2013,DA_LIC_CHG,0.0,,,
NI02PPUBLQS2014,DA_LIC_CHG,0.0,,,
NI02PPUBLQS2015,DA_LIC_CHG,0.0,,,
NI02PPUBLQS2016,DA_LIC_CHG,0.0,,,
NI02PPUBLQS2017,DA_LIC_CHG,-0.029735362147346497,,,
NI02PPUBLQS2018,DA_LIC_CHG,-0.08627567891669367,,,
NI02PPUBLQS2019,DA_LIC_CHG,-0.758697913247874,,,
NI02PPUBLQS2020,DA_LIC_CHG,-4.965434139707694,,,
NI02PPUBLQS2021,DA_LIC_CHG,-14.566596839364369,,,
NI02PPUBLQS2022,DA_LIC_CHG,-29.29037537048939,,,
NI02PPUBLQS2023,DA_LIC_CHG,0.0,,,
NI02PPUBLQS2011,DA_LIC_CLO,0.0,,,
NI02PPUBLQS2012,DA_LIC_CLO,0.0,,,
NI02PPUBLQS2013,DA_LIC_CLO,0.0,,,
NI02PPUBLQS2014,DA_LIC_CLO,0.0,,,
NI02PPUBLQS2015,DA_LIC_CLO,0.0,,,
NI02PPUBLQS2016,DA_LIC_CLO,0.0,,,
NI02PPUBLQS2017,DA_LIC_CLO,0.02173494338285354,,,
NI02PPUBLQS2018,DA_LIC_CLO,0.06306286055234492,,,
NI02PPUBLQS2019,DA_LIC_CLO,0.5545671886361476,,,
NI02PPUBLQS2020,DA_LIC_CLO,3.6294641162615062,,,
NI02PPUBLQS2021,DA_LIC_CLO,10.647395381148598,,,
NI02PPUBLQS2022,DA_LIC_CLO,21.40968208779409,,,
NI02PPUBLQS2023,DA_LIC_CLO,0.0,,,
NI02PPUBLST2011,PVFC_LIC_UNWIND,0.0,,,
NI02PPUBLST2011,PVFC_LIC_EXP_CLAIM_CF_CY,0.0,,,-1.0
NI02PPUBLST2011,PVFC_LIC_EXP_ATTEXP_CY,0.0,,,
NI02PPUBLST2011,PVFC_LIC_EXP_CLAIM_CF_PY,0.0,,,
NI02PPUBLST2011,PVFC_LIC_EXP_ATTEXP_PY,0.0,,,
NI02PPUBLST2011,RA_LIC_OP,0.0,,,
NI02PPUBLST2011,RA_LIC_UNWIND,0.0,,,
NI02PPUBLST2011,RA_LIC_INCLAIM,0.0,,,
NI02PPUBLST2011,RA_LIC_RELEASE_PY,0.0,,,
NI02PPUBLST2011,RA_LIC_DEREC,0.0,,,
NI02PPUBLST2011,RA_LIC_TASSCHG_PY,0.0,,,
NI02PPUBLST2011,RA_LIC_FASSCHG_PY,0.0,,,
NI02PPUBLST2011,RA_LIC_CLO,0.0,,,
NI02PPUBLST2012,PVFC_LIC_UNWIND,0.0,,,
NI02PPUBLST2012,PVFC_LIC_EXP_CLAIM_CF_CY,0.0,,,
NI02PPUBLST2012,PVFC_LIC_EXP_ATTEXP_CY,0.0,,,
NI02PPUBLST2012,PVFC_LIC_EXP_CLAIM_CF_PY,0.0,,,
NI02PPUBLST2012,PVFC_LIC_EXP_ATTEXP_PY,0.0,,,
NI02PPUBLST2012,RA_LIC_OP,0.0,,,
NI02PPUBLST2012,RA_LIC_UNWIND,0.0,,,
NI02PPUBLST2012,RA_LIC_INCLAIM,0.0,,,
NI02PPUBLST2012,RA_LIC_RELEASE_PY,0.0,,,
NI02PPUBLST2012,RA_LIC_DEREC,0.0,,,
NI02PPUBLST2012,RA_LIC_TASSCHG_PY,0.0,,,
NI02PPUBLST2012,RA_LIC_FASSCHG_PY,0.0,,,
NI02PPUBLST2012,RA_LIC_CLO,0.0,,,
NI02PPUBLST2013,PVFC_LIC_UNWIND,0.0,,,
NI02PPUBLST2013,PVFC_LIC_EXP_CLAIM_CF_CY,0.0,,,
NI02PPUBLST2013,PVFC_LIC_EXP_ATTEXP_CY,0.0,,,
NI02PPUBLST2013,PVFC_LIC_EXP_CLAIM_CF_PY,0.0,,,
NI02PPUBLST2013,PVFC_LIC_EXP_ATTEXP_PY,0.0,,,
NI02PPUBLST2013,RA_LIC_OP,0.0,,,
NI02PPUBLST2013,RA_LIC_UNWIND,0.0,,,
NI02PPUBLST2013,RA_LIC_INCLAIM,0.0,,,
NI02PPUBLST2013,RA_LIC_RELEASE_PY,0.0,,,
NI02PPUBLST2013,RA_LIC_DEREC,0.0,,,
NI02PPUBLST2013,RA_LIC_TASSCHG_PY,0.0,,,
NI02PPUBLST2013,RA_LIC_FASSCHG_PY,0.0,,,
NI02PPUBLST2013,RA_LIC_CLO,0.0,,,
NI02PPUBLST2014,PVFC_LIC_UNWIND,0.0,,,
NI02PPUBLST2014,PVFC_LIC_EXP_CLAIM_CF_CY,0.0,,,
NI02PPUBLST2014,PVFC_LIC_EXP_ATTEXP_CY,0.0,,,
NI02PPUBLST2014,PVFC_LIC_EXP_CLAIM_CF_PY,0.0,,,
NI02PPUBLST2014,PVFC_LIC_EXP_ATTEXP_PY,0.0,,,
NI02PPUBLST2014,RA_LIC_OP,0.0,,,
NI02PPUBLST2014,RA_LIC_UNWIND,0.0,,,
NI02PPUBLST2014,RA_LIC_INCLAIM,0.0,,,
NI02PPUBLST2014,RA_LIC_RELEASE_PY,0.0,,,
NI02PPUBLST2014,RA_LIC_DEREC,0.0,,,
NI02PPUBLST2014,RA_LIC_TASSCHG_PY,0.0,,,
NI02PPUBLST2014,RA_LIC_FASSCHG_PY,0.0,,,
NI02PPUBLST2014,RA_LIC_CLO,0.0,,,
NI02PPUBLST2015,PVFC_LIC_UNWIND,0.0,,,
NI02PPUBLST2015,PVFC_LIC_EXP_CLAIM_CF_CY,0.0,,,
NI02PPUBLST2015,PVFC_LIC_EXP_ATTEXP_CY,0.0,,,
NI02PPUBLST2015,PVFC_LIC_EXP_CLAIM_CF_PY,0.0,,,
NI02PPUBLST2015,PVFC_LIC_EXP_ATTEXP_PY,0.0,,,
NI02PPUBLST2015,RA_LIC_OP,0.0,,,
NI02PPUBLST2015,RA_LIC_UNWIND,0.0,,,
NI02PPUBLST2015,RA_LIC_INCLAIM,0.0,,,
NI02PPUBLST2015,RA_LIC_RELEASE_PY,0.0,,,
NI02PPUBLST2015,RA_LIC_DEREC,0.0,,,
NI02PPUBLST2015,RA_LIC_TASSCHG_PY,0.0,,,
NI02PPUBLST2015,RA_LIC_FASSCHG_PY,0.0,,,
NI02PPUBLST2015,RA_LIC_CLO,0.0,,,
NI02PPUBLST2016,PVFC_LIC_UNWIND,0.0,,,
NI02PPUBLST2016,PVFC_LIC_EXP_CLAIM_CF_CY,0.0,,,
NI02PPUBLST2016,PVFC_LIC_EXP_ATTEXP_CY,0.0,,,
NI02PPUBLST2016,PVFC_LIC_EXP_CLAIM_CF_PY,0.0,,,
NI02PPUBLST2016,PVFC_LIC_EXP_ATTEXP_PY,0.0,,,
NI02PPUBLST2016,RA_LIC_OP,0.0,,,
NI02PPUBLST2016,RA_LIC_UNWIND,0.0,,,
NI02PPUBLST2016,RA_LIC_INCLAIM,0.0,,,
NI02PPUBLST2016,RA_LIC_RELEASE_PY,0.0,,,
NI02PPUBLST2016,RA_LIC_DEREC,0.0,,,
NI02PPUBLST2016,RA_LIC_TASSCHG_PY,0.0,,,
NI02PPUBLST2016,RA_LIC_FASSCHG_PY,0.0,,,
NI02PPUBLST2016,RA_LIC_CLO,0.0,,,
NI02PPUBLST2017,PVFC_LIC_UNWIND,0.0,,,
NI02PPUBLST2017,PVFC_LIC_EXP_CLAIM_CF_CY,0.0,,,
NI02PPUBLST2017,PVFC_LIC_EXP_ATTEXP_CY,0.0,,,
NI02PPUBLST2017,PVFC_LIC_EXP_CLAIM_CF_PY,9.839784019356118,,,
NI02PPUBLST2017,PVFC_LIC_EXP_ATTEXP_PY,0.0,,,
NI02PPUBLST2017,RA_LIC_OP,-0.9880052105005129,,,
NI02PPUBLST2017,RA_LIC_UNWIND,-0.05598815882902693,,,
NI02PPUBLST2017,RA_LIC_INCLAIM,-0.04349406487612884,,,
NI02PPUBLST2017,RA_LIC_RELEASE_PY,0.6983191390231034,,,
NI02PPUBLST2017,RA_LIC_DEREC,0.0,,,
NI02PPUBLST2017,RA_LIC_TASSCHG_PY,0.18314669084254834,,,
NI02PPUBLST2017,RA_LIC_FASSCHG_PY,0.0,,,
NI02PPUBLST2017,RA_LIC_CLO,-0.20602160434001715,,,
NI02PPUBLST2018,PVFC_LIC_UNWIND,0.0,,,
NI02PPUBLST2018,PVFC_LIC_EXP_CLAIM_CF_CY,0.0,,,
NI02PPUBLST2018,PVFC_LIC_EXP_ATTEXP_CY,0.0,,,
NI02PPUBLST2018,PVFC_LIC_EXP_CLAIM_CF_PY,27.775793265777626,,,
NI02PPUBLST2018,PVFC_LIC_EXP_ATTEXP_PY,0.0,,,
NI02PPUBLST2018,RA_LIC_OP,-2.8666481304909652,,,
NI02PPUBLST2018,RA_LIC_UNWIND,-0.16244686680908751,,,
NI02PPUBLST2018,RA_LIC_INCLAIM,-0.12619587269326732,,,
NI02PPUBLST2018,RA_LIC_RELEASE_PY,2.0261383574612233,,,
NI02PPUBLST2018,RA_LIC_DEREC,0.0,,,
NI02PPUBLST2018,RA_LIC_TASSCHG_PY,0.5313910426073866,,,
NI02PPUBLST2018,RA_LIC_FASSCHG_PY,0.0,,,
NI02PPUBLST2018,RA_LIC_CLO,-0.5977614699247104,,,
NI02PPUBLST2019,PVFC_LIC_UNWIND,0.0,,,
NI02PPUBLST2019,PVFC_LIC_EXP_CLAIM_CF_CY,0.0,,,
NI02PPUBLST2019,PVFC_LIC_EXP_ATTEXP_CY,0.0,,,
NI02PPUBLST2019,PVFC_LIC_EXP_CLAIM_CF_PY,238.84625304802984,,,
NI02PPUBLST2019,PVFC_LIC_EXP_ATTEXP_PY,0.0,,,
NI02PPUBLST2019,RA_LIC_OP,-25.208957865396577,,,
NI02PPUBLST2019,RA_LIC_UNWIND,-1.4285381512988877,,,
NI02PPUBLST2019,RA_LIC_INCLAIM,-1.1097512818800948,,,
NI02PPUBLST2019,RA_LIC_RELEASE_PY,17.81761630924545,,,
NI02PPUBLST2019,RA_LIC_DEREC,0.0,,,
NI02PPUBLST2019,RA_LIC_TASSCHG_PY,4.672988728771705,,,
NI02PPUBLST2019,RA_LIC_FASSCHG_PY,0.0,,,
NI02PPUBLST2019,RA_LIC_CLO,-5.256642260558402,,,
NI02PPUBLST2020,PVFC_LIC_UNWIND,0.0,,,
NI02PPUBLST2020,PVFC_LIC_EXP_CLAIM_CF_CY,0.0,,,
NI02PPUBLST2020,PVFC_LIC_EXP_ATTEXP_CY,0.0,,,
NI02PPUBLST2020,PVFC_LIC_EXP_CLAIM_CF_PY,1512.8762391299308,,,
NI02PPUBLST2020,PVFC_LIC_EXP_ATTEXP_PY,0.0,,,
NI02PPUBLST2020,RA_LIC_OP,-164.984531821689,,,
NI02PPUBLST2020,RA_LIC_UNWIND,-9.349323337359639,,,
NI02PPUBLST2020,RA_LIC_INCLAIM,-7.2629656750241995,,,
NI02PPUBLST2020,RA_LIC_RELEASE_PY,116.6105755206357,,,
NI02PPUBLST2020,RA_LIC_DEREC,0.0,,,
NI02PPUBLST2020,RA_LIC_TASSCHG_PY,30.583210212061694,,,
NI02PPUBLST2020,RA_LIC_FASSCHG_PY,0.0,,,
NI02PPUBLST2020,RA_LIC_CLO,-34.40303510137544,,,
NI02PPUBLST2021,PVFC_LIC_UNWIND,0.0,,,
NI02PPUBLST2021,PVFC_LIC_EXP_CLAIM_CF_CY,0.0,,,
NI02PPUBLST2021,PVFC_LIC_EXP_ATTEXP_CY,0.0,,,
NI02PPUBLST2021,PVFC_LIC_EXP_CLAIM_CF_PY,4134.966544758659,,,
NI02PPUBLST2021,PVFC_LIC_EXP_ATTEXP_PY,0.0,,,
NI02PPUBLST2021,RA_LIC_OP,-483.9985975363883,,,
NI02PPUBLST2021,RA_LIC_UNWIND,-27.427173524890552,,,
NI02PPUBLST2021,RA_LIC_INCLAIM,-21.306635003006505,,,
NI02PPUBLST2021,RA_LIC_RELEASE_PY,342.0887666663016,,,
NI02PPUBLST2021,RA_LIC_DEREC,0.0,,,
NI02PPUBLST2021,RA_LIC_TASSCHG_PY,89.71890084093624,,,
NI02PPUBLST2021,RA_LIC_FASSCHG_PY,0.0,,,
NI02PPUBLST2021,RA_LIC_CLO,-100.92473855704752,,,
NI02PPUBLST2022,PVFC_LIC_UNWIND,0.0,,,
NI02PPUBLST2022,PVFC_LIC_EXP_CLAIM_CF_CY,0.0,,,
NI02PPUBLST2022,PVFC_LIC_EXP_ATTEXP_CY,0.0,,,
NI02PPUBLST2022,PVFC_LIC_EXP_CLAIM_CF_PY,7636.872737814474,,,
NI02PPUBLST2022,PVFC_LIC_EXP_ATTEXP_PY,0.0,,,
NI02PPUBLST2022,RA_LIC_OP,-973.219809469913,,,
NI02PPUBLST2022,RA_LIC_UNWIND,-55.15030152579191,,,
NI02PPUBLST2022,RA_LIC_INCLAIM,-42.84318046295988,,,
NI02PPUBLST2022,RA_LIC_RELEASE_PY,687.8688616277348,,,
NI02PPUBLST2022,RA_LIC_DEREC,0.0,,,
NI02PPUBLST2022,RA_LIC_TASSCHG_PY,180.40591858471515,,,
NI02PPUBLST2022,RA_LIC_FASSCHG_PY,0.0,,,
NI02PPUBLST2022,RA_LIC_CLO,-202.9385112462149,,,
NI02PPUBLST2023,PVFC_LIC_UNWIND,0.0,,,
NI02PPUBLST2023,PVFC_LIC_EXP_CLAIM_CF_CY,0.0,,,
NI02PPUBLST2023,PVFC_LIC_EXP_ATTEXP_CY,0.0,,,
NI02PPUBLST2023,PVFC_LIC_EXP_CLAIM_CF_PY,0.0,,,
NI02PPUBLST2023,PVFC_LIC_EXP_ATTEXP_PY,0.0,,,
NI02PPUBLST2023,RA_LIC_OP,0.0,,,
NI02PPUBLST2023,RA_LIC_UNWIND,0.0,,,
NI02PPUBLST2023,RA_LIC_INCLAIM,0.0,,,
NI02PPUBLST2023,RA_LIC_RELEASE_PY,0.0,,,
NI02PPUBLST2023,RA_LIC_DEREC,0.0,,,
NI02PPUBLST2023,RA_LIC_TASSCHG_PY,0.0,,,
NI02PPUBLST2023,RA_LIC_FASSCHG_PY,0.0,,,
NI02PPUBLST2023,RA_LIC_CLO,0.0,,,
NI02PPUBLST2011,RA_LIC_RELEASE_CY,0.0,,,
NI02PPUBLST2012,RA_LIC_RELEASE_CY,0.0,,,
NI02PPUBLST2013,RA_LIC_RELEASE_CY,0.0,,,
NI02PPUBLST2014,RA_LIC_RELEASE_CY,0.0,,,
NI02PPUBLST2015,RA_LIC_RELEASE_CY,0.0,,,
NI02PPUBLST2016,RA_LIC_RELEASE_CY,0.0,,,
NI02PPUBLST2017,RA_LIC_RELEASE_CY,0.0,,,
NI02PPUBLST2018,RA_LIC_RELEASE_CY,0.0,,,
NI02PPUBLST2019,RA_LIC_RELEASE_CY,0.0,,,
NI02PPUBLST2020,RA_LIC_RELEASE_CY,0.0,,,
NI02PPUBLST2021,RA_LIC_RELEASE_CY,0.0,,,
NI02PPUBLST2022,RA_LIC_RELEASE_CY,0.0,,,
NI02PPUBLST2023,RA_LIC_RELEASE_CY,0.0,,,
NI02PPUBLST2011,RA_LIC_FEXPVAR_CY,0.0,,,
NI02PPUBLST2012,RA_LIC_FEXPVAR_CY,0.0,,,
NI02PPUBLST2013,RA_LIC_FEXPVAR_CY,0.0,,,
NI02PPUBLST2014,RA_LIC_FEXPVAR_CY,0.0,,,
NI02PPUBLST2015,RA_LIC_FEXPVAR_CY,0.0,,,
NI02PPUBLST2016,RA_LIC_FEXPVAR_CY,0.0,,,
NI02PPUBLST2017,RA_LIC_FEXPVAR_CY,0.0,,,
NI02PPUBLST2018,RA_LIC_FEXPVAR_CY,0.0,,,
NI02PPUBLST2019,RA_LIC_FEXPVAR_CY,0.0,,,
NI02PPUBLST2020,RA_LIC_FEXPVAR_CY,0.0,,,
NI02PPUBLST2021,RA_LIC_FEXPVAR_CY,0.0,,,
NI02PPUBLST2022,RA_LIC_FEXPVAR_CY,0.0,,,
NI02PPUBLST2023,RA_LIC_FEXPVAR_CY,0.0,,,
NI02PPUBLST2011,DA_LIC_OP,0.0,,,
NI02PPUBLST2012,DA_LIC_OP,0.0,,,
NI02PPUBLST2013,DA_LIC_OP,0.0,,,
NI02PPUBLST2014,DA_LIC_OP,0.0,,,
NI02PPUBLST2015,DA_LIC_OP,0.0,,,
NI02PPUBLST2016,DA_LIC_OP,0.0,,,
NI02PPUBLST2017,DA_LIC_OP,0.06526219475107083,,,
NI02PPUBLST2018,DA_LIC_OP,0.1893550222069374,,,
NI02PPUBLST2019,DA_LIC_OP,1.6651652240271217,,,
NI02PPUBLST2020,DA_LIC_OP,10.897971521027438,,,
NI02PPUBLST2021,DA_LIC_OP,31.97028760168519,,,
NI02PPUBLST2022,DA_LIC_OP,64.28555241024463,,,
NI02PPUBLST2023,DA_LIC_OP,0.0,,,
NI02PPUBLST2011,DA_LIC_INCLAIM_INCEXP,0.0,,,
NI02PPUBLST2012,DA_LIC_INCLAIM_INCEXP,0.0,,,
NI02PPUBLST2013,DA_LIC_INCLAIM_INCEXP,0.0,,,
NI02PPUBLST2014,DA_LIC_INCLAIM_INCEXP,0.0,,,
NI02PPUBLST2015,DA_LIC_INCLAIM_INCEXP,0.0,,,
NI02PPUBLST2016,DA_LIC_INCLAIM_INCEXP,0.0,,,
NI02PPUBLST2017,DA_LIC_INCLAIM_INCEXP,0.006387539262051999,,,
NI02PPUBLST2018,DA_LIC_INCLAIM_INCEXP,0.018533128458627188,,,
NI02PPUBLST2019,DA_LIC_INCLAIM_INCEXP,0.1629780960760951,,,
NI02PPUBLST2020,DA_LIC_INCLAIM_INCEXP,1.066639288378286,,,
NI02PPUBLST2021,DA_LIC_INCLAIM_INCEXP,3.129092854657752,,,
NI02PPUBLST2022,DA_LIC_INCLAIM_INCEXP,6.291950363750239,,,
NI02PPUBLST2023,DA_LIC_INCLAIM_INCEXP,0.0,,,
NI02PPUBLST2011,DA_LIC_CHG,0.0,,,
NI02PPUBLST2012,DA_LIC_CHG,0.0,,,
NI02PPUBLST2013,DA_LIC_CHG,0.0,,,
NI02PPUBLST2014,DA_LIC_CHG,0.0,,,
NI02PPUBLST2015,DA_LIC_CHG,0.0,,,
NI02PPUBLST2016,DA_LIC_CHG,0.0,,,
NI02PPUBLST2017,DA_LIC_CHG,-0.04139339696344284,,,
NI02PPUBLST2018,DA_LIC_CHG,-0.1201008889009925,,,
NI02PPUBLST2019,DA_LIC_CHG,-1.0561527296282647,,,
NI02PPUBLST2020,DA_LIC_CHG,-6.912180367007683,,,
NI02PPUBLST2021,DA_LIC_CHG,-20.27757127659695,,,
NI02PPUBLST2022,DA_LIC_CHG,-40.77394883946657,,,
NI02PPUBLST2023,DA_LIC_CHG,0.0,,,
NI02PPUBLST2011,DA_LIC_CLO,0.0,,,
NI02PPUBLST2012,DA_LIC_CLO,0.0,,,
NI02PPUBLST2013,DA_LIC_CLO,0.0,,,
NI02PPUBLST2014,DA_LIC_CLO,0.0,,,
NI02PPUBLST2015,DA_LIC_CLO,0.0,,,
NI02PPUBLST2016,DA_LIC_CLO,0.0,,,
NI02PPUBLST2017,DA_LIC_CLO,0.030256337049679994,,,
NI02PPUBLST2018,DA_LIC_CLO,0.08778726176457209,,,
NI02PPUBLST2019,DA_LIC_CLO,0.7719905904749519,,,
NI02PPUBLST2020,DA_LIC_CLO,5.05243044239804,,,
NI02PPUBLST2021,DA_LIC_CLO,14.821809179745996,,,
NI02PPUBLST2022,DA_LIC_CLO,29.803553934528303,,,
NI02PPUBLST2023,DA_LIC_CLO,0.0,,,
