GOC_ID,STEP_ID,1
NI02PPRIVSH2012,PVFC_LIC_UNWIND,0.0
NI02PPRIVSH2012,PVFC_LIC_EXP_CLAIM_CF_CY,0.0
NI02PPRIVSH2012,PVFC_LIC_EXP_ATTEXP_CY,0.0
NI02PPRIVSH2012,PVFC_LIC_EXP_CLAIM_CF_PY,-641.8437540000014
NI02PPRIVSH2012,PVFC_LIC_EXP_ATTEXP_PY,0.0
NI02PPRIVSH2012,RA_LIC_OP,15.77957782652503
NI02PPRIVSH2012,RA_LIC_UNWIND,0.23526706794921126
NI02PPRIVSH2012,RA_LIC_INCLAIM,1.8209147352897732
NI02PPRIVSH2012,RA_LIC_RELEASE_PY,-12.949532278362256
NI02PPRIVSH2012,RA_LIC_DEREC,0.0
NI02PPRIVSH2012,RA_LIC_TASSCHG_PY,-1.3343607414884344
NI02PPRIVSH2012,RA_LIC_FASSCHG_PY,0.0
NI02PPRIVSH2012,RA_LIC_CLO,3.551866609913322
NI02PPRIVSH2013,PVFC_LIC_UNWIND,0.0
NI02PPRIVSH2013,PVFC_LIC_EXP_CLAIM_CF_CY,0.0
NI02PPRIVSH2013,PVFC_LIC_EXP_ATTEXP_CY,0.0
NI02PPRIVSH2013,PVFC_LIC_EXP_CLAIM_CF_PY,-663.4800000000032
NI02PPRIVSH2013,PVFC_LIC_EXP_ATTEXP_PY,0.0
NI02PPRIVSH2013,RA_LIC_OP,16.311499848829072
NI02PPRIVSH2013,RA_LIC_UNWIND,0.24319780829859652
NI02PPRIVSH2013,RA_LIC_INCLAIM,1.8822969002048828
NI02PPRIVSH2013,RA_LIC_RELEASE_PY,-13.386054818643348
NI02PPRIVSH2013,RA_LIC_DEREC,0.0
NI02PPRIVSH2013,RA_LIC_TASSCHG_PY,-1.3793414039560028
NI02PPRIVSH2013,RA_LIC_FASSCHG_PY,0.0
NI02PPRIVSH2013,RA_LIC_CLO,3.6715983347331975
NI02PPRIVSH2014,PVFC_LIC_UNWIND,0.0
NI02PPRIVSH2014,PVFC_LIC_EXP_CLAIM_CF_CY,0.0
NI02PPRIVSH2014,PVFC_LIC_EXP_ATTEXP_CY,0.0
NI02PPRIVSH2014,PVFC_LIC_EXP_CLAIM_CF_PY,-2295.77534
NI02PPRIVSH2014,PVFC_LIC_EXP_ATTEXP_PY,0.0
NI02PPRIVSH2014,RA_LIC_OP,56.44109711122458
NI02PPRIVSH2014,RA_LIC_UNWIND,0.841513732190815
NI02PPRIVSH2014,RA_LIC_INCLAIM,6.513128965528404
NI02PPRIVSH2014,RA_LIC_RELEASE_PY,-46.31846408713058
NI02PPRIVSH2014,RA_LIC_DEREC,0.0
NI02PPRIVSH2014,RA_LIC_TASSCHG_PY,-4.772800959551382
NI02PPRIVSH2014,RA_LIC_FASSCHG_PY,0.0
NI02PPRIVSH2014,RA_LIC_CLO,12.704474762261846
NI02PPRIVSH2015,PVFC_LIC_UNWIND,0.0
NI02PPRIVSH2015,PVFC_LIC_EXP_CLAIM_CF_CY,0.0
NI02PPRIVSH2015,PVFC_LIC_EXP_ATTEXP_CY,0.0
NI02PPRIVSH2015,PVFC_LIC_EXP_CLAIM_CF_PY,-1022.7788880000007
NI02PPRIVSH2015,PVFC_LIC_EXP_ATTEXP_PY,0.0
NI02PPRIVSH2015,RA_LIC_OP,25.144778556998638
NI02PPRIVSH2015,RA_LIC_UNWIND,0.37489839020870874
NI02PPRIVSH2015,RA_LIC_INCLAIM,2.9016300875344916
NI02PPRIVSH2015,RA_LIC_RELEASE_PY,-20.635097157591783
NI02PPRIVSH2015,RA_LIC_DEREC,0.0
NI02PPRIVSH2015,RA_LIC_TASSCHG_PY,-2.12630564193415
NI02PPRIVSH2015,RA_LIC_FASSCHG_PY,0.0
NI02PPRIVSH2015,RA_LIC_CLO,5.659904235215903
NI02PPRIVSH2016,PVFC_LIC_UNWIND,0.0
NI02PPRIVSH2016,PVFC_LIC_EXP_CLAIM_CF_CY,0.0
NI02PPRIVSH2016,PVFC_LIC_EXP_ATTEXP_CY,0.0
NI02PPRIVSH2016,PVFC_LIC_EXP_CLAIM_CF_PY,-4736.910422999994
NI02PPRIVSH2016,PVFC_LIC_EXP_ATTEXP_PY,0.0
NI02PPRIVSH2016,RA_LIC_OP,116.45582933725298
NI02PPRIVSH2016,RA_LIC_UNWIND,1.736308906041428
NI02PPRIVSH2016,RA_LIC_INCLAIM,13.438644429012198
NI02PPRIVSH2016,RA_LIC_RELEASE_PY,-95.5696367536029
NI02PPRIVSH2016,RA_LIC_DEREC,0.0
NI02PPRIVSH2016,RA_LIC_TASSCHG_PY,-9.847797481875233
NI02PPRIVSH2016,RA_LIC_FASSCHG_PY,0.0
NI02PPRIVSH2016,RA_LIC_CLO,26.213348436828475
NI02PPRIVSH2017,PVFC_LIC_UNWIND,0.0
NI02PPRIVSH2017,PVFC_LIC_EXP_CLAIM_CF_CY,0.0
NI02PPRIVSH2017,PVFC_LIC_EXP_ATTEXP_CY,0.0
NI02PPRIVSH2017,PVFC_LIC_EXP_CLAIM_CF_PY,-42795.69188
NI02PPRIVSH2017,PVFC_LIC_EXP_ATTEXP_PY,0.0
NI02PPRIVSH2017,RA_LIC_OP,1052.1220257297155
NI02PPRIVSH2017,RA_LIC_UNWIND,15.686710179414582
NI02PPRIVSH2017,RA_LIC_INCLAIM,121.41164491446138
NI02PPRIVSH2017,RA_LIC_RELEASE_PY,-863.425389623571
NI02PPRIVSH2017,RA_LIC_DEREC,0.0
NI02PPRIVSH2017,RA_LIC_TASSCHG_PY,-88.97008157145262
NI02PPRIVSH2017,RA_LIC_FASSCHG_PY,0.0
NI02PPRIVSH2017,RA_LIC_CLO,236.82490962856778
NI02PPRIVSH2018,PVFC_LIC_UNWIND,0.0
NI02PPRIVSH2018,PVFC_LIC_EXP_CLAIM_CF_CY,0.0
NI02PPRIVSH2018,PVFC_LIC_EXP_ATTEXP_CY,0.0
NI02PPRIVSH2018,PVFC_LIC_EXP_CLAIM_CF_PY,-2771.1120171565854
NI02PPRIVSH2018,PVFC_LIC_EXP_ATTEXP_PY,0.0
NI02PPRIVSH2018,RA_LIC_OP,68.12231803247931
NI02PPRIVSH2018,RA_LIC_UNWIND,1.0156759706501308
NI02PPRIVSH2018,RA_LIC_INCLAIM,7.861105922550206
NI02PPRIVSH2018,RA_LIC_RELEASE_PY,-55.90467412604517
NI02PPRIVSH2018,RA_LIC_DEREC,0.0
NI02PPRIVSH2018,RA_LIC_TASSCHG_PY,-5.760594345491937
NI02PPRIVSH2018,RA_LIC_FASSCHG_PY,0.0
NI02PPRIVSH2018,RA_LIC_CLO,15.333831454142526
NI02PPRIVSH2019,PVFC_LIC_UNWIND,0.0
NI02PPRIVSH2019,PVFC_LIC_EXP_CLAIM_CF_CY,0.0
NI02PPRIVSH2019,PVFC_LIC_EXP_ATTEXP_CY,0.0
NI02PPRIVSH2019,PVFC_LIC_EXP_CLAIM_CF_PY,-41121.32575075443
NI02PPRIVSH2019,PVFC_LIC_EXP_ATTEXP_PY,0.0
NI02PPRIVSH2019,RA_LIC_OP,1020.7863253175926
NI02PPRIVSH2019,RA_LIC_UNWIND,15.219507669997471
NI02PPRIVSH2019,RA_LIC_INCLAIM,117.79560149122447
NI02PPRIVSH2019,RA_LIC_RELEASE_PY,-837.7097039181039
NI02PPRIVSH2019,RA_LIC_DEREC,0.0
NI02PPRIVSH2019,RA_LIC_TASSCHG_PY,-86.32025602499894
NI02PPRIVSH2019,RA_LIC_FASSCHG_PY,0.0
NI02PPRIVSH2019,RA_LIC_CLO,229.7714745357116
NI02PPRIVSH2020,PVFC_LIC_UNWIND,0.0
NI02PPRIVSH2020,PVFC_LIC_EXP_CLAIM_CF_CY,0.0
NI02PPRIVSH2020,PVFC_LIC_EXP_ATTEXP_CY,0.0
NI02PPRIVSH2020,PVFC_LIC_EXP_CLAIM_CF_PY,-24877.914733744503
NI02PPRIVSH2020,PVFC_LIC_EXP_ATTEXP_PY,0.0
NI02PPRIVSH2020,RA_LIC_OP,915.473907873271
NI02PPRIVSH2020,RA_LIC_UNWIND,13.649342489207893
NI02PPRIVSH2020,RA_LIC_INCLAIM,105.64287251193568
NI02PPRIVSH2020,RA_LIC_RELEASE_PY,-751.284923483536
NI02PPRIVSH2020,RA_LIC_DEREC,0.0
NI02PPRIVSH2020,RA_LIC_TASSCHG_PY,-77.41477344657874
NI02PPRIVSH2020,RA_LIC_FASSCHG_PY,0.0
NI02PPRIVSH2020,RA_LIC_CLO,206.06642594429982
NI02PPRIVSH2021,PVFC_LIC_UNWIND,0.0
NI02PPRIVSH2021,PVFC_LIC_EXP_CLAIM_CF_CY,0.0
NI02PPRIVSH2021,PVFC_LIC_EXP_ATTEXP_CY,0.0
NI02PPRIVSH2021,PVFC_LIC_EXP_CLAIM_CF_PY,-53028.74372427887
NI02PPRIVSH2021,PVFC_LIC_EXP_ATTEXP_PY,0.0
NI02PPRIVSH2021,RA_LIC_OP,1966.793667059258
NI02PPRIVSH2021,RA_LIC_UNWIND,29.32409120174853
NI02PPRIVSH2021,RA_LIC_INCLAIM,226.96193833542486
NI02PPRIVSH2021,RA_LIC_RELEASE_PY,-1614.0519319629423
NI02PPRIVSH2021,RA_LIC_DEREC,0.0
NI02PPRIVSH2021,RA_LIC_TASSCHG_PY,-166.31701334368938
NI02PPRIVSH2021,RA_LIC_FASSCHG_PY,0.0
NI02PPRIVSH2021,RA_LIC_CLO,442.7107512897995
NI02PPRIVSH2022,PVFC_LIC_UNWIND,0.0
NI02PPRIVSH2022,PVFC_LIC_EXP_CLAIM_CF_CY,0.0
NI02PPRIVSH2022,PVFC_LIC_EXP_ATTEXP_CY,0.0
NI02PPRIVSH2022,PVFC_LIC_EXP_CLAIM_CF_PY,-782486.439137236
NI02PPRIVSH2022,PVFC_LIC_EXP_ATTEXP_PY,0.0
NI02PPRIVSH2022,RA_LIC_OP,20499.259596006672
NI02PPRIVSH2022,RA_LIC_UNWIND,305.63559768850274
NI02PPRIVSH2022,RA_LIC_INCLAIM,2365.551491380999
NI02PPRIVSH2022,RA_LIC_RELEASE_PY,-16822.745623447023
NI02PPRIVSH2022,RA_LIC_DEREC,0.0
NI02PPRIVSH2022,RA_LIC_TASSCHG_PY,-1733.4688884078412
NI02PPRIVSH2022,RA_LIC_FASSCHG_PY,0.0
NI02PPRIVSH2022,RA_LIC_CLO,4614.232173221309
NI02PPRIVSH2023,PVFC_LIC_UNWIND,0.0
NI02PPRIVSH2023,PVFC_LIC_EXP_CLAIM_CF_CY,0.0
NI02PPRIVSH2023,PVFC_LIC_EXP_ATTEXP_CY,0.0
NI02PPRIVSH2023,PVFC_LIC_EXP_CLAIM_CF_PY,-690466.9946612573
NI02PPRIVSH2023,PVFC_LIC_EXP_ATTEXP_PY,0.0
NI02PPRIVSH2023,RA_LIC_OP,24089.27403381616
NI02PPRIVSH2023,RA_LIC_UNWIND,359.16124837219877
NI02PPRIVSH2023,RA_LIC_INCLAIM,2779.8281128202384
NI02PPRIVSH2023,RA_LIC_RELEASE_PY,-19768.895916774498
NI02PPRIVSH2023,RA_LIC_DEREC,0.0
NI02PPRIVSH2023,RA_LIC_TASSCHG_PY,-2037.0495278807916
NI02PPRIVSH2023,RA_LIC_FASSCHG_PY,0.0
NI02PPRIVSH2023,RA_LIC_CLO,5422.317950353304
NI02PPRIVSH2024,PVFC_LIC_UNWIND,0.0
NI02PPRIVSH2024,PVFC_LIC_EXP_CLAIM_CF_CY,-218525.38209000003
NI02PPRIVSH2024,PVFC_LIC_EXP_ATTEXP_CY,0.0
NI02PPRIVSH2024,PVFC_LIC_EXP_CLAIM_CF_PY,0.0
NI02PPRIVSH2024,PVFC_LIC_EXP_ATTEXP_PY,0.0
NI02PPRIVSH2024,RA_LIC_OP,0.0
NI02PPRIVSH2024,RA_LIC_UNWIND,0.0
NI02PPRIVSH2024,RA_LIC_INCLAIM,0.0
NI02PPRIVSH2024,RA_LIC_RELEASE_PY,0.0
NI02PPRIVSH2024,RA_LIC_DEREC,0.0
NI02PPRIVSH2024,RA_LIC_TASSCHG_PY,0.0
NI02PPRIVSH2024,RA_LIC_FASSCHG_PY,0.0
NI02PPRIVSH2024,RA_LIC_CLO,0.0
NI02PPRIVSH2012,RA_LIC_RELEASE_CY,0.0
NI02PPRIVSH2013,RA_LIC_RELEASE_CY,0.0
NI02PPRIVSH2014,RA_LIC_RELEASE_CY,0.0
NI02PPRIVSH2015,RA_LIC_RELEASE_CY,0.0
NI02PPRIVSH2016,RA_LIC_RELEASE_CY,0.0
NI02PPRIVSH2017,RA_LIC_RELEASE_CY,0.0
NI02PPRIVSH2018,RA_LIC_RELEASE_CY,0.0
NI02PPRIVSH2019,RA_LIC_RELEASE_CY,0.0
NI02PPRIVSH2020,RA_LIC_RELEASE_CY,0.0
NI02PPRIVSH2021,RA_LIC_RELEASE_CY,0.0
NI02PPRIVSH2022,RA_LIC_RELEASE_CY,0.0
NI02PPRIVSH2023,RA_LIC_RELEASE_CY,0.0
NI02PPRIVSH2024,RA_LIC_RELEASE_CY,0.0
NI02PPRIVSH2012,RA_LIC_FEXPVAR_CY,0.0
NI02PPRIVSH2013,RA_LIC_FEXPVAR_CY,0.0
NI02PPRIVSH2014,RA_LIC_FEXPVAR_CY,0.0
NI02PPRIVSH2015,RA_LIC_FEXPVAR_CY,0.0
NI02PPRIVSH2016,RA_LIC_FEXPVAR_CY,0.0
NI02PPRIVSH2017,RA_LIC_FEXPVAR_CY,0.0
NI02PPRIVSH2018,RA_LIC_FEXPVAR_CY,0.0
NI02PPRIVSH2019,RA_LIC_FEXPVAR_CY,0.0
NI02PPRIVSH2020,RA_LIC_FEXPVAR_CY,0.0
NI02PPRIVSH2021,RA_LIC_FEXPVAR_CY,0.0
NI02PPRIVSH2022,RA_LIC_FEXPVAR_CY,0.0
NI02PPRIVSH2023,RA_LIC_FEXPVAR_CY,0.0
NI02PPRIVSH2024,RA_LIC_FEXPVAR_CY,0.0
NI02PPRIVSH2012,DA_LIC_OP,0.0
NI02PPRIVSH2013,DA_LIC_OP,0.0
NI02PPRIVSH2014,DA_LIC_OP,0.0
NI02PPRIVSH2015,DA_LIC_OP,0.0
NI02PPRIVSH2016,DA_LIC_OP,0.0
NI02PPRIVSH2017,DA_LIC_OP,0.0
NI02PPRIVSH2018,DA_LIC_OP,0.0
NI02PPRIVSH2019,DA_LIC_OP,0.0
NI02PPRIVSH2020,DA_LIC_OP,0.0
NI02PPRIVSH2021,DA_LIC_OP,0.0
NI02PPRIVSH2022,DA_LIC_OP,0.0
NI02PPRIVSH2023,DA_LIC_OP,0.0
NI02PPRIVSH2024,DA_LIC_OP,0.0
NI02PPRIVSH2012,DA_LIC_INCLAIM_INCEXP,0.0
NI02PPRIVSH2013,DA_LIC_INCLAIM_INCEXP,0.0
NI02PPRIVSH2014,DA_LIC_INCLAIM_INCEXP,0.0
NI02PPRIVSH2015,DA_LIC_INCLAIM_INCEXP,0.0
NI02PPRIVSH2016,DA_LIC_INCLAIM_INCEXP,0.0
NI02PPRIVSH2017,DA_LIC_INCLAIM_INCEXP,0.0
NI02PPRIVSH2018,DA_LIC_INCLAIM_INCEXP,0.0
NI02PPRIVSH2019,DA_LIC_INCLAIM_INCEXP,0.0
NI02PPRIVSH2020,DA_LIC_INCLAIM_INCEXP,0.0
NI02PPRIVSH2021,DA_LIC_INCLAIM_INCEXP,0.0
NI02PPRIVSH2022,DA_LIC_INCLAIM_INCEXP,0.0
NI02PPRIVSH2023,DA_LIC_INCLAIM_INCEXP,0.0
NI02PPRIVSH2024,DA_LIC_INCLAIM_INCEXP,0.0
NI02PPRIVSH2012,DA_LIC_CHG,0.0
NI02PPRIVSH2013,DA_LIC_CHG,0.0
NI02PPRIVSH2014,DA_LIC_CHG,0.0
NI02PPRIVSH2015,DA_LIC_CHG,0.0
NI02PPRIVSH2016,DA_LIC_CHG,0.0
NI02PPRIVSH2017,DA_LIC_CHG,0.0
NI02PPRIVSH2018,DA_LIC_CHG,0.0
NI02PPRIVSH2019,DA_LIC_CHG,0.0
NI02PPRIVSH2020,DA_LIC_CHG,0.0
NI02PPRIVSH2021,DA_LIC_CHG,0.0
NI02PPRIVSH2022,DA_LIC_CHG,0.0
NI02PPRIVSH2023,DA_LIC_CHG,0.0
NI02PPRIVSH2024,DA_LIC_CHG,0.0
NI02PPRIVSH2012,DA_LIC_CLO,0.0
NI02PPRIVSH2013,DA_LIC_CLO,0.0
NI02PPRIVSH2014,DA_LIC_CLO,0.0
NI02PPRIVSH2015,DA_LIC_CLO,0.0
NI02PPRIVSH2016,DA_LIC_CLO,0.0
NI02PPRIVSH2017,DA_LIC_CLO,0.0
NI02PPRIVSH2018,DA_LIC_CLO,0.0
NI02PPRIVSH2019,DA_LIC_CLO,0.0
NI02PPRIVSH2020,DA_LIC_CLO,0.0
NI02PPRIVSH2021,DA_LIC_CLO,0.0
NI02PPRIVSH2022,DA_LIC_CLO,0.0
NI02PPRIVSH2023,DA_LIC_CLO,0.0
NI02PPRIVSH2024,DA_LIC_CLO,0.0
NI02PPUBLSH2012,PVFC_LIC_UNWIND,0.0
NI02PPUBLSH2012,PVFC_LIC_EXP_CLAIM_CF_CY,0.0
NI02PPUBLSH2012,PVFC_LIC_EXP_ATTEXP_CY,0.0
NI02PPUBLSH2012,PVFC_LIC_EXP_CLAIM_CF_PY,-123.99438999999984
NI02PPUBLSH2012,PVFC_LIC_EXP_ATTEXP_PY,0.0
NI02PPUBLSH2012,RA_LIC_OP,2.535168141296804
NI02PPUBLSH2012,RA_LIC_UNWIND,0.05381865134353978
NI02PPUBLSH2012,RA_LIC_INCLAIM,0.18896032426878986
NI02PPUBLSH2012,RA_LIC_RELEASE_PY,-1.2545586425551252
NI02PPUBLSH2012,RA_LIC_DEREC,0.0
NI02PPUBLSH2012,RA_LIC_TASSCHG_PY,0.07859620453045942
NI02PPUBLSH2012,RA_LIC_FASSCHG_PY,0.0
NI02PPUBLSH2012,RA_LIC_CLO,1.601984678884468
NI02PPUBLSH2013,PVFC_LIC_UNWIND,0.0
NI02PPUBLSH2013,PVFC_LIC_EXP_CLAIM_CF_CY,0.0
NI02PPUBLSH2013,PVFC_LIC_EXP_ATTEXP_CY,0.0
NI02PPUBLSH2013,PVFC_LIC_EXP_CLAIM_CF_PY,0.0
NI02PPUBLSH2013,PVFC_LIC_EXP_ATTEXP_PY,0.0
NI02PPUBLSH2013,RA_LIC_OP,0.0
NI02PPUBLSH2013,RA_LIC_UNWIND,0.0
NI02PPUBLSH2013,RA_LIC_INCLAIM,0.0
NI02PPUBLSH2013,RA_LIC_RELEASE_PY,0.0
NI02PPUBLSH2013,RA_LIC_DEREC,0.0
NI02PPUBLSH2013,RA_LIC_TASSCHG_PY,0.0
NI02PPUBLSH2013,RA_LIC_FASSCHG_PY,0.0
NI02PPUBLSH2013,RA_LIC_CLO,0.0
NI02PPUBLSH2014,PVFC_LIC_UNWIND,0.0
NI02PPUBLSH2014,PVFC_LIC_EXP_CLAIM_CF_CY,0.0
NI02PPUBLSH2014,PVFC_LIC_EXP_ATTEXP_CY,0.0
NI02PPUBLSH2014,PVFC_LIC_EXP_CLAIM_CF_PY,-4382.646347999998
NI02PPUBLSH2014,PVFC_LIC_EXP_ATTEXP_PY,0.0
NI02PPUBLSH2014,RA_LIC_OP,89.60683943862642
NI02PPUBLSH2014,RA_LIC_UNWIND,1.9022482853058977
NI02PPUBLSH2014,RA_LIC_INCLAIM,6.678901158943647
NI02PPUBLSH2014,RA_LIC_RELEASE_PY,-44.343029173707585
NI02PPUBLSH2014,RA_LIC_DEREC,0.0
NI02PPUBLSH2014,RA_LIC_TASSCHG_PY,2.7780238182717802
NI02PPUBLSH2014,RA_LIC_FASSCHG_PY,0.0
NI02PPUBLSH2014,RA_LIC_CLO,56.62298352744016
NI02PPUBLSH2015,PVFC_LIC_UNWIND,0.0
NI02PPUBLSH2015,PVFC_LIC_EXP_CLAIM_CF_CY,0.0
NI02PPUBLSH2015,PVFC_LIC_EXP_ATTEXP_CY,0.0
NI02PPUBLSH2015,PVFC_LIC_EXP_CLAIM_CF_PY,0.0
NI02PPUBLSH2015,PVFC_LIC_EXP_ATTEXP_PY,0.0
NI02PPUBLSH2015,RA_LIC_OP,0.0
NI02PPUBLSH2015,RA_LIC_UNWIND,0.0
NI02PPUBLSH2015,RA_LIC_INCLAIM,0.0
NI02PPUBLSH2015,RA_LIC_RELEASE_PY,0.0
NI02PPUBLSH2015,RA_LIC_DEREC,0.0
NI02PPUBLSH2015,RA_LIC_TASSCHG_PY,0.0
NI02PPUBLSH2015,RA_LIC_FASSCHG_PY,0.0
NI02PPUBLSH2015,RA_LIC_CLO,0.0
NI02PPUBLSH2016,PVFC_LIC_UNWIND,0.0
NI02PPUBLSH2016,PVFC_LIC_EXP_CLAIM_CF_CY,0.0
NI02PPUBLSH2016,PVFC_LIC_EXP_ATTEXP_CY,0.0
NI02PPUBLSH2016,PVFC_LIC_EXP_CLAIM_CF_PY,0.0
NI02PPUBLSH2016,PVFC_LIC_EXP_ATTEXP_PY,0.0
NI02PPUBLSH2016,RA_LIC_OP,0.0
NI02PPUBLSH2016,RA_LIC_UNWIND,0.0
NI02PPUBLSH2016,RA_LIC_INCLAIM,0.0
NI02PPUBLSH2016,RA_LIC_RELEASE_PY,0.0
NI02PPUBLSH2016,RA_LIC_DEREC,0.0
NI02PPUBLSH2016,RA_LIC_TASSCHG_PY,0.0
NI02PPUBLSH2016,RA_LIC_FASSCHG_PY,0.0
NI02PPUBLSH2016,RA_LIC_CLO,0.0
NI02PPUBLSH2017,PVFC_LIC_UNWIND,0.0
NI02PPUBLSH2017,PVFC_LIC_EXP_CLAIM_CF_CY,0.0
NI02PPUBLSH2017,PVFC_LIC_EXP_ATTEXP_CY,0.0
NI02PPUBLSH2017,PVFC_LIC_EXP_CLAIM_CF_PY,-5162.186877549593
NI02PPUBLSH2017,PVFC_LIC_EXP_ATTEXP_PY,0.0
NI02PPUBLSH2017,RA_LIC_OP,105.54519209606349
NI02PPUBLSH2017,RA_LIC_UNWIND,2.240600850837196
NI02PPUBLSH2017,RA_LIC_INCLAIM,7.86687612494297
NI02PPUBLSH2017,RA_LIC_RELEASE_PY,-52.2303159176357
NI02PPUBLSH2017,RA_LIC_DEREC,0.0
NI02PPUBLSH2017,RA_LIC_TASSCHG_PY,3.2721504227114098
NI02PPUBLSH2017,RA_LIC_FASSCHG_PY,0.0
NI02PPUBLSH2017,RA_LIC_CLO,66.6945035769194
NI02PPUBLSH2018,PVFC_LIC_UNWIND,0.0
NI02PPUBLSH2018,PVFC_LIC_EXP_CLAIM_CF_CY,0.0
NI02PPUBLSH2018,PVFC_LIC_EXP_ATTEXP_CY,0.0
NI02PPUBLSH2018,PVFC_LIC_EXP_CLAIM_CF_PY,-2238.095385243725
NI02PPUBLSH2018,PVFC_LIC_EXP_ATTEXP_PY,0.0
NI02PPUBLSH2018,RA_LIC_OP,45.61546903357465
NI02PPUBLSH2018,RA_LIC_UNWIND,0.9683629988085176
NI02PPUBLSH2018,RA_LIC_INCLAIM,3.399977176996277
NI02PPUBLSH2018,RA_LIC_RELEASE_PY,-22.57336701975258
NI02PPUBLSH2018,RA_LIC_DEREC,0.0
NI02PPUBLSH2018,RA_LIC_TASSCHG_PY,1.4141873572463506
NI02PPUBLSH2018,RA_LIC_FASSCHG_PY,0.0
NI02PPUBLSH2018,RA_LIC_CLO,28.824629546873204
NI02PPUBLSH2019,PVFC_LIC_UNWIND,0.0
NI02PPUBLSH2019,PVFC_LIC_EXP_CLAIM_CF_CY,0.0
NI02PPUBLSH2019,PVFC_LIC_EXP_ATTEXP_CY,0.0
NI02PPUBLSH2019,PVFC_LIC_EXP_CLAIM_CF_PY,-7115.077435165911
NI02PPUBLSH2019,PVFC_LIC_EXP_ATTEXP_PY,0.0
NI02PPUBLSH2019,RA_LIC_OP,472.91632239758906
NI02PPUBLSH2019,RA_LIC_UNWIND,10.039459811437078
NI02PPUBLSH2019,RA_LIC_INCLAIM,35.24911037519619
NI02PPUBLSH2019,RA_LIC_RELEASE_PY,-234.02836672039922
NI02PPUBLSH2019,RA_LIC_DEREC,0.0
NI02PPUBLSH2019,RA_LIC_TASSCHG_PY,14.661523784351626
NI02PPUBLSH2019,RA_LIC_FASSCHG_PY,0.0
NI02PPUBLSH2019,RA_LIC_CLO,298.8380496481748
NI02PPUBLSH2020,PVFC_LIC_UNWIND,0.0
NI02PPUBLSH2020,PVFC_LIC_EXP_CLAIM_CF_CY,0.0
NI02PPUBLSH2020,PVFC_LIC_EXP_ATTEXP_CY,0.0
NI02PPUBLSH2020,PVFC_LIC_EXP_CLAIM_CF_PY,-41193.23698212901
NI02PPUBLSH2020,PVFC_LIC_EXP_ATTEXP_PY,0.0
NI02PPUBLSH2020,RA_LIC_OP,1273.3897443991152
NI02PPUBLSH2020,RA_LIC_UNWIND,27.032573327936845
NI02PPUBLSH2020,RA_LIC_INCLAIM,94.91289161559313
NI02PPUBLSH2020,RA_LIC_RELEASE_PY,-630.1523292099226
NI02PPUBLSH2020,RA_LIC_DEREC,0.0
NI02PPUBLSH2020,RA_LIC_TASSCHG_PY,39.47809187385375
NI02PPUBLSH2020,RA_LIC_FASSCHG_PY,0.0
NI02PPUBLSH2020,RA_LIC_CLO,804.6609720065762
NI02PPUBLSH2021,PVFC_LIC_UNWIND,0.0
NI02PPUBLSH2021,PVFC_LIC_EXP_CLAIM_CF_CY,0.0
NI02PPUBLSH2021,PVFC_LIC_EXP_ATTEXP_CY,0.0
NI02PPUBLSH2021,PVFC_LIC_EXP_CLAIM_CF_PY,-189277.07040251943
NI02PPUBLSH2021,PVFC_LIC_EXP_ATTEXP_PY,0.0
NI02PPUBLSH2021,RA_LIC_OP,6488.501017608071
NI02PPUBLSH2021,RA_LIC_UNWIND,137.7432795562924
NI02PPUBLSH2021,RA_LIC_INCLAIM,483.6244335566745
NI02PPUBLSH2021,RA_LIC_RELEASE_PY,-3210.9132709059704
NI02PPUBLSH2021,RA_LIC_DEREC,0.0
NI02PPUBLSH2021,RA_LIC_TASSCHG_PY,201.1588678355489
NI02PPUBLSH2021,RA_LIC_FASSCHG_PY,0.0
NI02PPUBLSH2021,RA_LIC_CLO,4100.114327650616
NI02PPUBLSH2022,PVFC_LIC_UNWIND,0.0
NI02PPUBLSH2022,PVFC_LIC_EXP_CLAIM_CF_CY,0.0
NI02PPUBLSH2022,PVFC_LIC_EXP_ATTEXP_CY,0.0
NI02PPUBLSH2022,PVFC_LIC_EXP_CLAIM_CF_PY,-19593.419539831284
NI02PPUBLSH2022,PVFC_LIC_EXP_ATTEXP_PY,0.0
NI02PPUBLSH2022,RA_LIC_OP,1386.4687575380588
NI02PPUBLSH2022,RA_LIC_UNWIND,29.433108378556145
NI02PPUBLSH2022,RA_LIC_INCLAIM,103.34130574823503
NI02PPUBLSH2022,RA_LIC_RELEASE_PY,-686.1108476664142
NI02PPUBLSH2022,RA_LIC_DEREC,0.0
NI02PPUBLSH2022,RA_LIC_TASSCHG_PY,42.983808555913626
NI02PPUBLSH2022,RA_LIC_FASSCHG_PY,0.0
NI02PPUBLSH2022,RA_LIC_CLO,876.1161325543493
NI02PPUBLSH2023,PVFC_LIC_UNWIND,0.0
NI02PPUBLSH2023,PVFC_LIC_EXP_CLAIM_CF_CY,0.0
NI02PPUBLSH2023,PVFC_LIC_EXP_ATTEXP_CY,0.0
NI02PPUBLSH2023,PVFC_LIC_EXP_CLAIM_CF_PY,-32471.680418174943
NI02PPUBLSH2023,PVFC_LIC_EXP_ATTEXP_PY,0.0
NI02PPUBLSH2023,RA_LIC_OP,2722.030026170116
NI02PPUBLSH2023,RA_LIC_UNWIND,57.7855103725623
NI02PPUBLSH2023,RA_LIC_INCLAIM,202.8881903475567
NI02PPUBLSH2023,RA_LIC_RELEASE_PY,-1347.0295082200892
NI02PPUBLSH2023,RA_LIC_DEREC,0.0
NI02PPUBLSH2023,RA_LIC_TASSCHG_PY,84.38936463026147
NI02PPUBLSH2023,RA_LIC_FASSCHG_PY,0.0
NI02PPUBLSH2023,RA_LIC_CLO,1720.063583300407
NI02PPUBLSH2024,PVFC_LIC_UNWIND,0.0
NI02PPUBLSH2024,PVFC_LIC_EXP_CLAIM_CF_CY,-19087.584974999998
NI02PPUBLSH2024,PVFC_LIC_EXP_ATTEXP_CY,0.0
NI02PPUBLSH2024,PVFC_LIC_EXP_CLAIM_CF_PY,0.0
NI02PPUBLSH2024,PVFC_LIC_EXP_ATTEXP_PY,0.0
NI02PPUBLSH2024,RA_LIC_OP,0.0
NI02PPUBLSH2024,RA_LIC_UNWIND,0.0
NI02PPUBLSH2024,RA_LIC_INCLAIM,0.0
NI02PPUBLSH2024,RA_LIC_RELEASE_PY,0.0
NI02PPUBLSH2024,RA_LIC_DEREC,0.0
NI02PPUBLSH2024,RA_LIC_TASSCHG_PY,0.0
NI02PPUBLSH2024,RA_LIC_FASSCHG_PY,0.0
NI02PPUBLSH2024,RA_LIC_CLO,0.0
NI02PPUBLSH2012,RA_LIC_RELEASE_CY,0.0
NI02PPUBLSH2013,RA_LIC_RELEASE_CY,0.0
NI02PPUBLSH2014,RA_LIC_RELEASE_CY,0.0
NI02PPUBLSH2015,RA_LIC_RELEASE_CY,0.0
NI02PPUBLSH2016,RA_LIC_RELEASE_CY,0.0
NI02PPUBLSH2017,RA_LIC_RELEASE_CY,0.0
NI02PPUBLSH2018,RA_LIC_RELEASE_CY,0.0
NI02PPUBLSH2019,RA_LIC_RELEASE_CY,0.0
NI02PPUBLSH2020,RA_LIC_RELEASE_CY,0.0
NI02PPUBLSH2021,RA_LIC_RELEASE_CY,0.0
NI02PPUBLSH2022,RA_LIC_RELEASE_CY,0.0
NI02PPUBLSH2023,RA_LIC_RELEASE_CY,0.0
NI02PPUBLSH2024,RA_LIC_RELEASE_CY,0.0
NI02PPUBLSH2012,RA_LIC_FEXPVAR_CY,0.0
NI02PPUBLSH2013,RA_LIC_FEXPVAR_CY,0.0
NI02PPUBLSH2014,RA_LIC_FEXPVAR_CY,0.0
NI02PPUBLSH2015,RA_LIC_FEXPVAR_CY,0.0
NI02PPUBLSH2016,RA_LIC_FEXPVAR_CY,0.0
NI02PPUBLSH2017,RA_LIC_FEXPVAR_CY,0.0
NI02PPUBLSH2018,RA_LIC_FEXPVAR_CY,0.0
NI02PPUBLSH2019,RA_LIC_FEXPVAR_CY,0.0
NI02PPUBLSH2020,RA_LIC_FEXPVAR_CY,0.0
NI02PPUBLSH2021,RA_LIC_FEXPVAR_CY,0.0
NI02PPUBLSH2022,RA_LIC_FEXPVAR_CY,0.0
NI02PPUBLSH2023,RA_LIC_FEXPVAR_CY,0.0
NI02PPUBLSH2024,RA_LIC_FEXPVAR_CY,0.0
NI02PPUBLSH2012,DA_LIC_OP,0.0
NI02PPUBLSH2013,DA_LIC_OP,0.0
NI02PPUBLSH2014,DA_LIC_OP,0.0
NI02PPUBLSH2015,DA_LIC_OP,0.0
NI02PPUBLSH2016,DA_LIC_OP,0.0
NI02PPUBLSH2017,DA_LIC_OP,0.0
NI02PPUBLSH2018,DA_LIC_OP,0.0
NI02PPUBLSH2019,DA_LIC_OP,0.0
NI02PPUBLSH2020,DA_LIC_OP,0.0
NI02PPUBLSH2021,DA_LIC_OP,0.0
NI02PPUBLSH2022,DA_LIC_OP,0.0
NI02PPUBLSH2023,DA_LIC_OP,0.0
NI02PPUBLSH2024,DA_LIC_OP,0.0
NI02PPUBLSH2012,DA_LIC_INCLAIM_INCEXP,0.0
NI02PPUBLSH2013,DA_LIC_INCLAIM_INCEXP,0.0
NI02PPUBLSH2014,DA_LIC_INCLAIM_INCEXP,0.0
NI02PPUBLSH2015,DA_LIC_INCLAIM_INCEXP,0.0
NI02PPUBLSH2016,DA_LIC_INCLAIM_INCEXP,0.0
NI02PPUBLSH2017,DA_LIC_INCLAIM_INCEXP,0.0
NI02PPUBLSH2018,DA_LIC_INCLAIM_INCEXP,0.0
NI02PPUBLSH2019,DA_LIC_INCLAIM_INCEXP,0.0
NI02PPUBLSH2020,DA_LIC_INCLAIM_INCEXP,0.0
NI02PPUBLSH2021,DA_LIC_INCLAIM_INCEXP,0.0
NI02PPUBLSH2022,DA_LIC_INCLAIM_INCEXP,0.0
NI02PPUBLSH2023,DA_LIC_INCLAIM_INCEXP,0.0
NI02PPUBLSH2024,DA_LIC_INCLAIM_INCEXP,0.0
NI02PPUBLSH2012,DA_LIC_CHG,0.0
NI02PPUBLSH2013,DA_LIC_CHG,0.0
NI02PPUBLSH2014,DA_LIC_CHG,0.0
NI02PPUBLSH2015,DA_LIC_CHG,0.0
NI02PPUBLSH2016,DA_LIC_CHG,0.0
NI02PPUBLSH2017,DA_LIC_CHG,0.0
NI02PPUBLSH2018,DA_LIC_CHG,0.0
NI02PPUBLSH2019,DA_LIC_CHG,0.0
NI02PPUBLSH2020,DA_LIC_CHG,0.0
NI02PPUBLSH2021,DA_LIC_CHG,0.0
NI02PPUBLSH2022,DA_LIC_CHG,0.0
NI02PPUBLSH2023,DA_LIC_CHG,0.0
NI02PPUBLSH2024,DA_LIC_CHG,0.0
NI02PPUBLSH2012,DA_LIC_CLO,0.0
NI02PPUBLSH2013,DA_LIC_CLO,0.0
NI02PPUBLSH2014,DA_LIC_CLO,0.0
NI02PPUBLSH2015,DA_LIC_CLO,0.0
NI02PPUBLSH2016,DA_LIC_CLO,0.0
NI02PPUBLSH2017,DA_LIC_CLO,0.0
NI02PPUBLSH2018,DA_LIC_CLO,0.0
NI02PPUBLSH2019,DA_LIC_CLO,0.0
NI02PPUBLSH2020,DA_LIC_CLO,0.0
NI02PPUBLSH2021,DA_LIC_CLO,0.0
NI02PPUBLSH2022,DA_LIC_CLO,0.0
NI02PPUBLSH2023,DA_LIC_CLO,0.0
NI02PPUBLSH2024,DA_LIC_CLO,0.0
NI02PPRIVPF2012,PVFC_LIC_UNWIND,0.0
NI02PPRIVPF2012,PVFC_LIC_EXP_CLAIM_CF_CY,0.0
NI02PPRIVPF2012,PVFC_LIC_EXP_ATTEXP_CY,0.0
NI02PPRIVPF2012,PVFC_LIC_EXP_CLAIM_CF_PY,0.0
NI02PPRIVPF2012,PVFC_LIC_EXP_ATTEXP_PY,0.0
NI02PPRIVPF2012,RA_LIC_OP,0.0
NI02PPRIVPF2012,RA_LIC_UNWIND,0.0
NI02PPRIVPF2012,RA_LIC_INCLAIM,0.0
NI02PPRIVPF2012,RA_LIC_RELEASE_PY,0.0
NI02PPRIVPF2012,RA_LIC_DEREC,0.0
NI02PPRIVPF2012,RA_LIC_TASSCHG_PY,0.0
NI02PPRIVPF2012,RA_LIC_FASSCHG_PY,0.0
NI02PPRIVPF2012,RA_LIC_CLO,0.0
NI02PPRIVPF2013,PVFC_LIC_UNWIND,0.0
NI02PPRIVPF2013,PVFC_LIC_EXP_CLAIM_CF_CY,0.0
NI02PPRIVPF2013,PVFC_LIC_EXP_ATTEXP_CY,0.0
NI02PPRIVPF2013,PVFC_LIC_EXP_CLAIM_CF_PY,0.0
NI02PPRIVPF2013,PVFC_LIC_EXP_ATTEXP_PY,0.0
NI02PPRIVPF2013,RA_LIC_OP,0.0
NI02PPRIVPF2013,RA_LIC_UNWIND,0.0
NI02PPRIVPF2013,RA_LIC_INCLAIM,0.0
NI02PPRIVPF2013,RA_LIC_RELEASE_PY,0.0
NI02PPRIVPF2013,RA_LIC_DEREC,0.0
NI02PPRIVPF2013,RA_LIC_TASSCHG_PY,0.0
NI02PPRIVPF2013,RA_LIC_FASSCHG_PY,0.0
NI02PPRIVPF2013,RA_LIC_CLO,0.0
NI02PPRIVPF2014,PVFC_LIC_UNWIND,0.0
NI02PPRIVPF2014,PVFC_LIC_EXP_CLAIM_CF_CY,0.0
NI02PPRIVPF2014,PVFC_LIC_EXP_ATTEXP_CY,0.0
NI02PPRIVPF2014,PVFC_LIC_EXP_CLAIM_CF_PY,0.0
NI02PPRIVPF2014,PVFC_LIC_EXP_ATTEXP_PY,0.0
NI02PPRIVPF2014,RA_LIC_OP,0.0
NI02PPRIVPF2014,RA_LIC_UNWIND,0.0
NI02PPRIVPF2014,RA_LIC_INCLAIM,0.0
NI02PPRIVPF2014,RA_LIC_RELEASE_PY,0.0
NI02PPRIVPF2014,RA_LIC_DEREC,0.0
NI02PPRIVPF2014,RA_LIC_TASSCHG_PY,0.0
NI02PPRIVPF2014,RA_LIC_FASSCHG_PY,0.0
NI02PPRIVPF2014,RA_LIC_CLO,0.0
NI02PPRIVPF2015,PVFC_LIC_UNWIND,0.0
NI02PPRIVPF2015,PVFC_LIC_EXP_CLAIM_CF_CY,0.0
NI02PPRIVPF2015,PVFC_LIC_EXP_ATTEXP_CY,0.0
NI02PPRIVPF2015,PVFC_LIC_EXP_CLAIM_CF_PY,0.0
NI02PPRIVPF2015,PVFC_LIC_EXP_ATTEXP_PY,0.0
NI02PPRIVPF2015,RA_LIC_OP,0.0
NI02PPRIVPF2015,RA_LIC_UNWIND,0.0
NI02PPRIVPF2015,RA_LIC_INCLAIM,0.0
NI02PPRIVPF2015,RA_LIC_RELEASE_PY,0.0
NI02PPRIVPF2015,RA_LIC_DEREC,0.0
NI02PPRIVPF2015,RA_LIC_TASSCHG_PY,0.0
NI02PPRIVPF2015,RA_LIC_FASSCHG_PY,0.0
NI02PPRIVPF2015,RA_LIC_CLO,0.0
NI02PPRIVPF2016,PVFC_LIC_UNWIND,0.0
NI02PPRIVPF2016,PVFC_LIC_EXP_CLAIM_CF_CY,0.0
NI02PPRIVPF2016,PVFC_LIC_EXP_ATTEXP_CY,0.0
NI02PPRIVPF2016,PVFC_LIC_EXP_CLAIM_CF_PY,0.0
NI02PPRIVPF2016,PVFC_LIC_EXP_ATTEXP_PY,0.0
NI02PPRIVPF2016,RA_LIC_OP,0.0
NI02PPRIVPF2016,RA_LIC_UNWIND,0.0
NI02PPRIVPF2016,RA_LIC_INCLAIM,0.0
NI02PPRIVPF2016,RA_LIC_RELEASE_PY,0.0
NI02PPRIVPF2016,RA_LIC_DEREC,0.0
NI02PPRIVPF2016,RA_LIC_TASSCHG_PY,0.0
NI02PPRIVPF2016,RA_LIC_FASSCHG_PY,0.0
NI02PPRIVPF2016,RA_LIC_CLO,0.0
NI02PPRIVPF2017,PVFC_LIC_UNWIND,0.0
NI02PPRIVPF2017,PVFC_LIC_EXP_CLAIM_CF_CY,0.0
NI02PPRIVPF2017,PVFC_LIC_EXP_ATTEXP_CY,0.0
NI02PPRIVPF2017,PVFC_LIC_EXP_CLAIM_CF_PY,0.0
NI02PPRIVPF2017,PVFC_LIC_EXP_ATTEXP_PY,0.0
NI02PPRIVPF2017,RA_LIC_OP,0.0
NI02PPRIVPF2017,RA_LIC_UNWIND,0.0
NI02PPRIVPF2017,RA_LIC_INCLAIM,0.0
NI02PPRIVPF2017,RA_LIC_RELEASE_PY,0.0
NI02PPRIVPF2017,RA_LIC_DEREC,0.0
NI02PPRIVPF2017,RA_LIC_TASSCHG_PY,0.0
NI02PPRIVPF2017,RA_LIC_FASSCHG_PY,0.0
NI02PPRIVPF2017,RA_LIC_CLO,0.0
NI02PPRIVPF2018,PVFC_LIC_UNWIND,0.0
NI02PPRIVPF2018,PVFC_LIC_EXP_CLAIM_CF_CY,0.0
NI02PPRIVPF2018,PVFC_LIC_EXP_ATTEXP_CY,0.0
NI02PPRIVPF2018,PVFC_LIC_EXP_CLAIM_CF_PY,2.1241133253534654
NI02PPRIVPF2018,PVFC_LIC_EXP_ATTEXP_PY,0.0
NI02PPRIVPF2018,RA_LIC_OP,-0.03765700214441239
NI02PPRIVPF2018,RA_LIC_UNWIND,-0.0005230623680936641
NI02PPRIVPF2018,RA_LIC_INCLAIM,-0.027621446444275683
NI02PPRIVPF2018,RA_LIC_RELEASE_PY,0.032851748908517865
NI02PPRIVPF2018,RA_LIC_DEREC,0.0
NI02PPRIVPF2018,RA_LIC_TASSCHG_PY,-0.026283150849346106
NI02PPRIVPF2018,RA_LIC_FASSCHG_PY,0.0
NI02PPRIVPF2018,RA_LIC_CLO,-0.059232912897609985
NI02PPRIVPF2019,PVFC_LIC_UNWIND,0.0
NI02PPRIVPF2019,PVFC_LIC_EXP_CLAIM_CF_CY,0.0
NI02PPRIVPF2019,PVFC_LIC_EXP_ATTEXP_CY,0.0
NI02PPRIVPF2019,PVFC_LIC_EXP_CLAIM_CF_PY,25.073972882972917
NI02PPRIVPF2019,PVFC_LIC_EXP_ATTEXP_PY,0.0
NI02PPRIVPF2019,RA_LIC_OP,-0.4455331859698251
NI02PPRIVPF2019,RA_LIC_UNWIND,-0.006188534138325472
NI02PPRIVPF2019,RA_LIC_INCLAIM,-0.3267990103996919
NI02PPRIVPF2019,RA_LIC_RELEASE_PY,0.3886805513556922
NI02PPRIVPF2019,RA_LIC_DEREC,0.0
NI02PPRIVPF2019,RA_LIC_TASSCHG_PY,-0.31096516632756543
NI02PPRIVPF2019,RA_LIC_FASSCHG_PY,0.0
NI02PPRIVPF2019,RA_LIC_CLO,-0.7008053454797157
NI02PPRIVPF2020,PVFC_LIC_UNWIND,0.0
NI02PPRIVPF2020,PVFC_LIC_EXP_CLAIM_CF_CY,0.0
NI02PPRIVPF2020,PVFC_LIC_EXP_ATTEXP_CY,0.0
NI02PPRIVPF2020,PVFC_LIC_EXP_CLAIM_CF_PY,2525.1495055635023
NI02PPRIVPF2020,PVFC_LIC_EXP_ATTEXP_PY,0.0
NI02PPRIVPF2020,RA_LIC_OP,-45.13305481338485
NI02PPRIVPF2020,RA_LIC_UNWIND,-0.6269060516144443
NI02PPRIVPF2020,RA_LIC_INCLAIM,-33.10513809924849
NI02PPRIVPF2020,RA_LIC_RELEASE_PY,39.37381362747959
NI02PPRIVPF2020,RA_LIC_DEREC,0.0
NI02PPRIVPF2020,RA_LIC_TASSCHG_PY,-31.50115039436342
NI02PPRIVPF2020,RA_LIC_FASSCHG_PY,0.0
NI02PPRIVPF2020,RA_LIC_CLO,-70.99243573113162
NI02PPRIVPF2021,PVFC_LIC_UNWIND,0.0
NI02PPRIVPF2021,PVFC_LIC_EXP_CLAIM_CF_CY,0.0
NI02PPRIVPF2021,PVFC_LIC_EXP_ATTEXP_CY,0.0
NI02PPRIVPF2021,PVFC_LIC_EXP_CLAIM_CF_PY,15299.831282882787
NI02PPRIVPF2021,PVFC_LIC_EXP_ATTEXP_PY,0.0
NI02PPRIVPF2021,RA_LIC_OP,-278.4997542475957
NI02PPRIVPF2021,RA_LIC_UNWIND,-3.8684104595369684
NI02PPRIVPF2021,RA_LIC_INCLAIM,-204.2798313363705
NI02PPRIVPF2021,RA_LIC_RELEASE_PY,242.9615603105974
NI02PPRIVPF2021,RA_LIC_DEREC,0.0
NI02PPRIVPF2021,RA_LIC_TASSCHG_PY,-194.38220345645624
NI02PPRIVPF2021,RA_LIC_FASSCHG_PY,0.0
NI02PPRIVPF2021,RA_LIC_CLO,-438.068639189362
NI02PPRIVPF2022,PVFC_LIC_UNWIND,0.0
NI02PPRIVPF2022,PVFC_LIC_EXP_CLAIM_CF_CY,0.0
NI02PPRIVPF2022,PVFC_LIC_EXP_ATTEXP_CY,0.0
NI02PPRIVPF2022,PVFC_LIC_EXP_CLAIM_CF_PY,115535.55674138879
NI02PPRIVPF2022,PVFC_LIC_EXP_ATTEXP_PY,0.0
NI02PPRIVPF2022,RA_LIC_OP,-2180.0207719311984
NI02PPRIVPF2022,RA_LIC_UNWIND,-30.280871087049828
NI02PPRIVPF2022,RA_LIC_INCLAIM,-1599.0472839124027
NI02PPRIVPF2022,RA_LIC_RELEASE_PY,1901.837399062946
NI02PPRIVPF2022,RA_LIC_DEREC,0.0
NI02PPRIVPF2022,RA_LIC_TASSCHG_PY,-1521.5713291154166
NI02PPRIVPF2022,RA_LIC_FASSCHG_PY,0.0
NI02PPRIVPF2022,RA_LIC_CLO,-3429.0828569831215
NI02PPRIVPF2023,PVFC_LIC_UNWIND,0.0
NI02PPRIVPF2023,PVFC_LIC_EXP_CLAIM_CF_CY,0.0
NI02PPRIVPF2023,PVFC_LIC_EXP_ATTEXP_CY,0.0
NI02PPRIVPF2023,PVFC_LIC_EXP_CLAIM_CF_PY,158866.1106681669
NI02PPRIVPF2023,PVFC_LIC_EXP_ATTEXP_PY,0.0
NI02PPRIVPF2023,RA_LIC_OP,-3495.0053057245027
NI02PPRIVPF2023,RA_LIC_UNWIND,-48.54623702390066
NI02PPRIVPF2023,RA_LIC_INCLAIM,-2563.589674619202
NI02PPRIVPF2023,RA_LIC_RELEASE_PY,3049.0222322340614
NI02PPRIVPF2023,RA_LIC_DEREC,0.0
NI02PPRIVPF2023,RA_LIC_TASSCHG_PY,-2439.380365897035
NI02PPRIVPF2023,RA_LIC_FASSCHG_PY,0.0
NI02PPRIVPF2023,RA_LIC_CLO,-5497.4993510305785
NI02PPRIVPF2024,PVFC_LIC_UNWIND,0.0
NI02PPRIVPF2024,PVFC_LIC_EXP_CLAIM_CF_CY,0.0
NI02PPRIVPF2024,PVFC_LIC_EXP_ATTEXP_CY,0.0
NI02PPRIVPF2024,PVFC_LIC_EXP_CLAIM_CF_PY,0.0
NI02PPRIVPF2024,PVFC_LIC_EXP_ATTEXP_PY,0.0
NI02PPRIVPF2024,RA_LIC_OP,0.0
NI02PPRIVPF2024,RA_LIC_UNWIND,0.0
NI02PPRIVPF2024,RA_LIC_INCLAIM,0.0
NI02PPRIVPF2024,RA_LIC_RELEASE_PY,0.0
NI02PPRIVPF2024,RA_LIC_DEREC,0.0
NI02PPRIVPF2024,RA_LIC_TASSCHG_PY,0.0
NI02PPRIVPF2024,RA_LIC_FASSCHG_PY,0.0
NI02PPRIVPF2024,RA_LIC_CLO,0.0
NI02PPRIVPF2012,RA_LIC_RELEASE_CY,0.0
NI02PPRIVPF2013,RA_LIC_RELEASE_CY,0.0
NI02PPRIVPF2014,RA_LIC_RELEASE_CY,0.0
NI02PPRIVPF2015,RA_LIC_RELEASE_CY,0.0
NI02PPRIVPF2016,RA_LIC_RELEASE_CY,0.0
NI02PPRIVPF2017,RA_LIC_RELEASE_CY,0.0
NI02PPRIVPF2018,RA_LIC_RELEASE_CY,0.0
NI02PPRIVPF2019,RA_LIC_RELEASE_CY,0.0
NI02PPRIVPF2020,RA_LIC_RELEASE_CY,0.0
NI02PPRIVPF2021,RA_LIC_RELEASE_CY,0.0
NI02PPRIVPF2022,RA_LIC_RELEASE_CY,0.0
NI02PPRIVPF2023,RA_LIC_RELEASE_CY,0.0
NI02PPRIVPF2024,RA_LIC_RELEASE_CY,0.0
NI02PPRIVPF2012,RA_LIC_FEXPVAR_CY,0.0
NI02PPRIVPF2013,RA_LIC_FEXPVAR_CY,0.0
NI02PPRIVPF2014,RA_LIC_FEXPVAR_CY,0.0
NI02PPRIVPF2015,RA_LIC_FEXPVAR_CY,0.0
NI02PPRIVPF2016,RA_LIC_FEXPVAR_CY,0.0
NI02PPRIVPF2017,RA_LIC_FEXPVAR_CY,0.0
NI02PPRIVPF2018,RA_LIC_FEXPVAR_CY,0.0
NI02PPRIVPF2019,RA_LIC_FEXPVAR_CY,0.0
NI02PPRIVPF2020,RA_LIC_FEXPVAR_CY,0.0
NI02PPRIVPF2021,RA_LIC_FEXPVAR_CY,0.0
NI02PPRIVPF2022,RA_LIC_FEXPVAR_CY,0.0
NI02PPRIVPF2023,RA_LIC_FEXPVAR_CY,0.0
NI02PPRIVPF2024,RA_LIC_FEXPVAR_CY,0.0
NI02PPRIVPF2012,DA_LIC_OP,0.0
NI02PPRIVPF2013,DA_LIC_OP,0.0
NI02PPRIVPF2014,DA_LIC_OP,0.0
NI02PPRIVPF2015,DA_LIC_OP,0.0
NI02PPRIVPF2016,DA_LIC_OP,0.0
NI02PPRIVPF2017,DA_LIC_OP,0.0070529757138366326
NI02PPRIVPF2018,DA_LIC_OP,0.08344622676820548
NI02PPRIVPF2019,DA_LIC_OP,8.45320448689233
NI02PPRIVPF2020,DA_LIC_OP,52.161666918810276
NI02PPRIVPF2021,DA_LIC_OP,408.3074245030309
NI02PPRIVPF2022,DA_LIC_OP,654.5977145624361
NI02PPRIVPF2023,DA_LIC_OP,0.0
NI02PPRIVPF2024,DA_LIC_OP,0.0
NI02PPRIVPF2012,DA_LIC_INCLAIM_INCEXP,0.0
NI02PPRIVPF2013,DA_LIC_INCLAIM_INCEXP,0.0
NI02PPRIVPF2014,DA_LIC_INCLAIM_INCEXP,0.0
NI02PPRIVPF2015,DA_LIC_INCLAIM_INCEXP,0.0
NI02PPRIVPF2016,DA_LIC_INCLAIM_INCEXP,0.0
NI02PPRIVPF2017,DA_LIC_INCLAIM_INCEXP,0.003979656305213547
NI02PPRIVPF2018,DA_LIC_INCLAIM_INCEXP,0.047084708069088425
NI02PPRIVPF2019,DA_LIC_INCLAIM_INCEXP,4.769738320454356
NI02PPRIVPF2020,DA_LIC_INCLAIM_INCEXP,29.43232970966395
NI02PPRIVPF2021,DA_LIC_INCLAIM_INCEXP,230.38831867819886
NI02PPRIVPF2022,DA_LIC_INCLAIM_INCEXP,369.3581302181577
NI02PPRIVPF2023,DA_LIC_INCLAIM_INCEXP,0.0
NI02PPRIVPF2024,DA_LIC_INCLAIM_INCEXP,0.0
NI02PPRIVPF2012,DA_LIC_CHG,0.0
NI02PPRIVPF2013,DA_LIC_CHG,0.0
NI02PPRIVPF2014,DA_LIC_CHG,0.0
NI02PPRIVPF2015,DA_LIC_CHG,0.0
NI02PPRIVPF2016,DA_LIC_CHG,0.0
NI02PPRIVPF2017,DA_LIC_CHG,-0.002498443349217115
NI02PPRIVPF2018,DA_LIC_CHG,-0.029559958625304198
NI02PPRIVPF2019,DA_LIC_CHG,-2.994459840321749
NI02PPRIVPF2020,DA_LIC_CHG,-18.477728420602723
NI02PPRIVPF2021,DA_LIC_CHG,-144.6386618323745
NI02PPRIVPF2022,DA_LIC_CHG,-231.88443753644884
NI02PPRIVPF2023,DA_LIC_CHG,0.0
NI02PPRIVPF2024,DA_LIC_CHG,0.0
NI02PPRIVPF2012,DA_LIC_CLO,0.0
NI02PPRIVPF2013,DA_LIC_CLO,0.0
NI02PPRIVPF2014,DA_LIC_CLO,0.0
NI02PPRIVPF2015,DA_LIC_CLO,0.0
NI02PPRIVPF2016,DA_LIC_CLO,0.0
NI02PPRIVPF2017,DA_LIC_CLO,0.008534188669833064
NI02PPRIVPF2018,DA_LIC_CLO,0.10097097621198971
NI02PPRIVPF2019,DA_LIC_CLO,10.228482967024936
NI02PPRIVPF2020,DA_LIC_CLO,63.1162682078715
NI02PPRIVPF2021,DA_LIC_CLO,494.0570813488552
NI02PPRIVPF2022,DA_LIC_CLO,792.0714072441448
NI02PPRIVPF2023,DA_LIC_CLO,0.0
NI02PPRIVPF2024,DA_LIC_CLO,0.0
NI02PPRIVQS2012,PVFC_LIC_UNWIND,0.0
NI02PPRIVQS2012,PVFC_LIC_EXP_CLAIM_CF_CY,0.0
NI02PPRIVQS2012,PVFC_LIC_EXP_ATTEXP_CY,0.0
NI02PPRIVQS2012,PVFC_LIC_EXP_CLAIM_CF_PY,0.0
NI02PPRIVQS2012,PVFC_LIC_EXP_ATTEXP_PY,0.0
NI02PPRIVQS2012,RA_LIC_OP,0.0
NI02PPRIVQS2012,RA_LIC_UNWIND,0.0
NI02PPRIVQS2012,RA_LIC_INCLAIM,0.0
NI02PPRIVQS2012,RA_LIC_RELEASE_PY,0.0
NI02PPRIVQS2012,RA_LIC_DEREC,0.0
NI02PPRIVQS2012,RA_LIC_TASSCHG_PY,0.0
NI02PPRIVQS2012,RA_LIC_FASSCHG_PY,0.0
NI02PPRIVQS2012,RA_LIC_CLO,0.0
NI02PPRIVQS2013,PVFC_LIC_UNWIND,0.0
NI02PPRIVQS2013,PVFC_LIC_EXP_CLAIM_CF_CY,0.0
NI02PPRIVQS2013,PVFC_LIC_EXP_ATTEXP_CY,0.0
NI02PPRIVQS2013,PVFC_LIC_EXP_CLAIM_CF_PY,0.0
NI02PPRIVQS2013,PVFC_LIC_EXP_ATTEXP_PY,0.0
NI02PPRIVQS2013,RA_LIC_OP,0.0
NI02PPRIVQS2013,RA_LIC_UNWIND,0.0
NI02PPRIVQS2013,RA_LIC_INCLAIM,0.0
NI02PPRIVQS2013,RA_LIC_RELEASE_PY,0.0
NI02PPRIVQS2013,RA_LIC_DEREC,0.0
NI02PPRIVQS2013,RA_LIC_TASSCHG_PY,0.0
NI02PPRIVQS2013,RA_LIC_FASSCHG_PY,0.0
NI02PPRIVQS2013,RA_LIC_CLO,0.0
NI02PPRIVQS2014,PVFC_LIC_UNWIND,0.0
NI02PPRIVQS2014,PVFC_LIC_EXP_CLAIM_CF_CY,0.0
NI02PPRIVQS2014,PVFC_LIC_EXP_ATTEXP_CY,0.0
NI02PPRIVQS2014,PVFC_LIC_EXP_CLAIM_CF_PY,0.0
NI02PPRIVQS2014,PVFC_LIC_EXP_ATTEXP_PY,0.0
NI02PPRIVQS2014,RA_LIC_OP,0.0
NI02PPRIVQS2014,RA_LIC_UNWIND,0.0
NI02PPRIVQS2014,RA_LIC_INCLAIM,0.0
NI02PPRIVQS2014,RA_LIC_RELEASE_PY,0.0
NI02PPRIVQS2014,RA_LIC_DEREC,0.0
NI02PPRIVQS2014,RA_LIC_TASSCHG_PY,0.0
NI02PPRIVQS2014,RA_LIC_FASSCHG_PY,0.0
NI02PPRIVQS2014,RA_LIC_CLO,0.0
NI02PPRIVQS2015,PVFC_LIC_UNWIND,0.0
NI02PPRIVQS2015,PVFC_LIC_EXP_CLAIM_CF_CY,0.0
NI02PPRIVQS2015,PVFC_LIC_EXP_ATTEXP_CY,0.0
NI02PPRIVQS2015,PVFC_LIC_EXP_CLAIM_CF_PY,0.0
NI02PPRIVQS2015,PVFC_LIC_EXP_ATTEXP_PY,0.0
NI02PPRIVQS2015,RA_LIC_OP,0.0
NI02PPRIVQS2015,RA_LIC_UNWIND,0.0
NI02PPRIVQS2015,RA_LIC_INCLAIM,0.0
NI02PPRIVQS2015,RA_LIC_RELEASE_PY,0.0
NI02PPRIVQS2015,RA_LIC_DEREC,0.0
NI02PPRIVQS2015,RA_LIC_TASSCHG_PY,0.0
NI02PPRIVQS2015,RA_LIC_FASSCHG_PY,0.0
NI02PPRIVQS2015,RA_LIC_CLO,0.0
NI02PPRIVQS2016,PVFC_LIC_UNWIND,0.0
NI02PPRIVQS2016,PVFC_LIC_EXP_CLAIM_CF_CY,0.0
NI02PPRIVQS2016,PVFC_LIC_EXP_ATTEXP_CY,0.0
NI02PPRIVQS2016,PVFC_LIC_EXP_CLAIM_CF_PY,0.0
NI02PPRIVQS2016,PVFC_LIC_EXP_ATTEXP_PY,0.0
NI02PPRIVQS2016,RA_LIC_OP,0.0
NI02PPRIVQS2016,RA_LIC_UNWIND,0.0
NI02PPRIVQS2016,RA_LIC_INCLAIM,0.0
NI02PPRIVQS2016,RA_LIC_RELEASE_PY,0.0
NI02PPRIVQS2016,RA_LIC_DEREC,0.0
NI02PPRIVQS2016,RA_LIC_TASSCHG_PY,0.0
NI02PPRIVQS2016,RA_LIC_FASSCHG_PY,0.0
NI02PPRIVQS2016,RA_LIC_CLO,0.0
NI02PPRIVQS2017,PVFC_LIC_UNWIND,0.0
NI02PPRIVQS2017,PVFC_LIC_EXP_CLAIM_CF_CY,0.0
NI02PPRIVQS2017,PVFC_LIC_EXP_ATTEXP_CY,0.0
NI02PPRIVQS2017,PVFC_LIC_EXP_CLAIM_CF_PY,0.0
NI02PPRIVQS2017,PVFC_LIC_EXP_ATTEXP_PY,0.0
NI02PPRIVQS2017,RA_LIC_OP,0.0
NI02PPRIVQS2017,RA_LIC_UNWIND,0.0
NI02PPRIVQS2017,RA_LIC_INCLAIM,0.0
NI02PPRIVQS2017,RA_LIC_RELEASE_PY,0.0
NI02PPRIVQS2017,RA_LIC_DEREC,0.0
NI02PPRIVQS2017,RA_LIC_TASSCHG_PY,0.0
NI02PPRIVQS2017,RA_LIC_FASSCHG_PY,0.0
NI02PPRIVQS2017,RA_LIC_CLO,0.0
NI02PPRIVQS2018,PVFC_LIC_UNWIND,0.0
NI02PPRIVQS2018,PVFC_LIC_EXP_CLAIM_CF_CY,0.0
NI02PPRIVQS2018,PVFC_LIC_EXP_ATTEXP_CY,0.0
NI02PPRIVQS2018,PVFC_LIC_EXP_CLAIM_CF_PY,0.3137693977189139
NI02PPRIVQS2018,PVFC_LIC_EXP_ATTEXP_PY,0.0
NI02PPRIVQS2018,RA_LIC_OP,-0.009310441266510646
NI02PPRIVQS2018,RA_LIC_UNWIND,-0.00012811210566552968
NI02PPRIVQS2018,RA_LIC_INCLAIM,-0.0075183571853402196
NI02PPRIVQS2018,RA_LIC_RELEASE_PY,0.008176845461577811
NI02PPRIVQS2018,RA_LIC_DEREC,0.0
NI02PPRIVQS2018,RA_LIC_TASSCHG_PY,-0.0058637659592105035
NI02PPRIVQS2018,RA_LIC_FASSCHG_PY,0.0
NI02PPRIVQS2018,RA_LIC_CLO,-0.014643831055149088
NI02PPRIVQS2019,PVFC_LIC_UNWIND,0.0
NI02PPRIVQS2019,PVFC_LIC_EXP_CLAIM_CF_CY,0.0
NI02PPRIVQS2019,PVFC_LIC_EXP_ATTEXP_CY,0.0
NI02PPRIVQS2019,PVFC_LIC_EXP_CLAIM_CF_PY,3.703872705850854
NI02PPRIVQS2019,PVFC_LIC_EXP_ATTEXP_PY,0.0
NI02PPRIVQS2019,RA_LIC_OP,-0.11015509265303867
NI02PPRIVQS2019,RA_LIC_UNWIND,-0.0015157392077992514
NI02PPRIVQS2019,RA_LIC_INCLAIM,-0.0889523180097539
NI02PPRIVQS2019,RA_LIC_RELEASE_PY,0.09674312351548227
NI02PPRIVQS2019,RA_LIC_DEREC,0.0
NI02PPRIVQS2019,RA_LIC_TASSCHG_PY,-0.06937626950678842
NI02PPRIVQS2019,RA_LIC_FASSCHG_PY,0.0
NI02PPRIVQS2019,RA_LIC_CLO,-0.17325629586189797
NI02PPRIVQS2020,PVFC_LIC_UNWIND,0.0
NI02PPRIVQS2020,PVFC_LIC_EXP_CLAIM_CF_CY,0.0
NI02PPRIVQS2020,PVFC_LIC_EXP_ATTEXP_CY,0.0
NI02PPRIVQS2020,PVFC_LIC_EXP_CLAIM_CF_PY,373.00958948554563
NI02PPRIVQS2020,PVFC_LIC_EXP_ATTEXP_PY,0.0
NI02PPRIVQS2020,RA_LIC_OP,-11.158845157316291
NI02PPRIVQS2020,RA_LIC_UNWIND,-0.1535462293330342
NI02PPRIVQS2020,RA_LIC_INCLAIM,-9.010978241211797
NI02PPRIVQS2020,RA_LIC_RELEASE_PY,9.80019633540394
NI02PPRIVQS2020,RA_LIC_DEREC,0.0
NI02PPRIVQS2020,RA_LIC_TASSCHG_PY,-7.027900665990138
NI02PPRIVQS2020,RA_LIC_FASSCHG_PY,0.0
NI02PPRIVQS2020,RA_LIC_CLO,-17.551073958447322
NI02PPRIVQS2021,PVFC_LIC_UNWIND,0.0
NI02PPRIVQS2021,PVFC_LIC_EXP_CLAIM_CF_CY,0.0
NI02PPRIVQS2021,PVFC_LIC_EXP_ATTEXP_CY,0.0
NI02PPRIVQS2021,PVFC_LIC_EXP_CLAIM_CF_PY,780.6296475716603
NI02PPRIVQS2021,PVFC_LIC_EXP_ATTEXP_PY,0.0
NI02PPRIVQS2021,RA_LIC_OP,-23.763902347654348
NI02PPRIVQS2021,RA_LIC_UNWIND,-0.3269924036295451
NI02PPRIVQS2021,RA_LIC_INCLAIM,-19.189800016231708
NI02PPRIVQS2021,RA_LIC_RELEASE_PY,20.870520687320806
NI02PPRIVQS2021,RA_LIC_DEREC,0.0
NI02PPRIVQS2021,RA_LIC_TASSCHG_PY,-14.96663344468978
NI02PPRIVQS2021,RA_LIC_FASSCHG_PY,0.0
NI02PPRIVQS2021,RA_LIC_CLO,-37.376807524884576
NI02PPRIVQS2022,PVFC_LIC_UNWIND,0.0
NI02PPRIVQS2022,PVFC_LIC_EXP_CLAIM_CF_CY,0.0
NI02PPRIVQS2022,PVFC_LIC_EXP_ATTEXP_CY,0.0
NI02PPRIVQS2022,PVFC_LIC_EXP_CLAIM_CF_PY,12698.89391012272
NI02PPRIVQS2022,PVFC_LIC_EXP_ATTEXP_PY,0.0
NI02PPRIVQS2022,RA_LIC_OP,-400.7767820957143
NI02PPRIVQS2022,RA_LIC_UNWIND,-5.514707196620326
NI02PPRIVQS2022,RA_LIC_INCLAIM,-323.6348217162559
NI02PPRIVQS2022,RA_LIC_RELEASE_PY,351.9800746257522
NI02PPRIVQS2022,RA_LIC_DEREC,0.0
NI02PPRIVQS2022,RA_LIC_TASSCHG_PY,-252.41137179479006
NI02PPRIVQS2022,RA_LIC_FASSCHG_PY,0.0
NI02PPRIVQS2022,RA_LIC_CLO,-630.3576081776283
NI02PPRIVQS2023,PVFC_LIC_UNWIND,0.0
NI02PPRIVQS2023,PVFC_LIC_EXP_CLAIM_CF_CY,0.0
NI02PPRIVQS2023,PVFC_LIC_EXP_ATTEXP_CY,0.0
NI02PPRIVQS2023,PVFC_LIC_EXP_CLAIM_CF_PY,12127.582897654425
NI02PPRIVQS2023,PVFC_LIC_EXP_ATTEXP_PY,0.0
NI02PPRIVQS2023,RA_LIC_OP,-450.9816522632143
NI02PPRIVQS2023,RA_LIC_UNWIND,-6.205528549519904
NI02PPRIVQS2023,RA_LIC_INCLAIM,-364.17620268394444
NI02PPRIVQS2023,RA_LIC_RELEASE_PY,396.0722344952145
NI02PPRIVQS2023,RA_LIC_DEREC,0.0
NI02PPRIVQS2023,RA_LIC_TASSCHG_PY,-284.03066890949066
NI02PPRIVQS2023,RA_LIC_FASSCHG_PY,0.0
NI02PPRIVQS2023,RA_LIC_CLO,-709.3218179109547
NI02PPRIVQS2024,PVFC_LIC_UNWIND,0.0
NI02PPRIVQS2024,PVFC_LIC_EXP_CLAIM_CF_CY,0.0
NI02PPRIVQS2024,PVFC_LIC_EXP_ATTEXP_CY,0.0
NI02PPRIVQS2024,PVFC_LIC_EXP_CLAIM_CF_PY,0.0
NI02PPRIVQS2024,PVFC_LIC_EXP_ATTEXP_PY,0.0
NI02PPRIVQS2024,RA_LIC_OP,0.0
NI02PPRIVQS2024,RA_LIC_UNWIND,0.0
NI02PPRIVQS2024,RA_LIC_INCLAIM,0.0
NI02PPRIVQS2024,RA_LIC_RELEASE_PY,0.0
NI02PPRIVQS2024,RA_LIC_DEREC,0.0
NI02PPRIVQS2024,RA_LIC_TASSCHG_PY,0.0
NI02PPRIVQS2024,RA_LIC_FASSCHG_PY,0.0
NI02PPRIVQS2024,RA_LIC_CLO,0.0
NI02PPRIVQS2012,RA_LIC_RELEASE_CY,0.0
NI02PPRIVQS2013,RA_LIC_RELEASE_CY,0.0
NI02PPRIVQS2014,RA_LIC_RELEASE_CY,0.0
NI02PPRIVQS2015,RA_LIC_RELEASE_CY,0.0
NI02PPRIVQS2016,RA_LIC_RELEASE_CY,0.0
NI02PPRIVQS2017,RA_LIC_RELEASE_CY,0.0
NI02PPRIVQS2018,RA_LIC_RELEASE_CY,0.0
NI02PPRIVQS2019,RA_LIC_RELEASE_CY,0.0
NI02PPRIVQS2020,RA_LIC_RELEASE_CY,0.0
NI02PPRIVQS2021,RA_LIC_RELEASE_CY,0.0
NI02PPRIVQS2022,RA_LIC_RELEASE_CY,0.0
NI02PPRIVQS2023,RA_LIC_RELEASE_CY,0.0
NI02PPRIVQS2024,RA_LIC_RELEASE_CY,0.0
NI02PPRIVQS2012,RA_LIC_FEXPVAR_CY,0.0
NI02PPRIVQS2013,RA_LIC_FEXPVAR_CY,0.0
NI02PPRIVQS2014,RA_LIC_FEXPVAR_CY,0.0
NI02PPRIVQS2015,RA_LIC_FEXPVAR_CY,0.0
NI02PPRIVQS2016,RA_LIC_FEXPVAR_CY,0.0
NI02PPRIVQS2017,RA_LIC_FEXPVAR_CY,0.0
NI02PPRIVQS2018,RA_LIC_FEXPVAR_CY,0.0
NI02PPRIVQS2019,RA_LIC_FEXPVAR_CY,0.0
NI02PPRIVQS2020,RA_LIC_FEXPVAR_CY,0.0
NI02PPRIVQS2021,RA_LIC_FEXPVAR_CY,0.0
NI02PPRIVQS2022,RA_LIC_FEXPVAR_CY,0.0
NI02PPRIVQS2023,RA_LIC_FEXPVAR_CY,0.0
NI02PPRIVQS2024,RA_LIC_FEXPVAR_CY,0.0
NI02PPRIVQS2012,DA_LIC_OP,0.0
NI02PPRIVQS2013,DA_LIC_OP,0.0
NI02PPRIVQS2014,DA_LIC_OP,0.0
NI02PPRIVQS2015,DA_LIC_OP,0.0
NI02PPRIVQS2016,DA_LIC_OP,0.0
NI02PPRIVQS2017,DA_LIC_OP,0.0010396881543029881
NI02PPRIVQS2018,DA_LIC_OP,0.012300914821240759
NI02PPRIVQS2019,DA_LIC_OP,1.2460976653699556
NI02PPRIVQS2020,DA_LIC_OP,2.653692458137256
NI02PPRIVQS2021,DA_LIC_OP,44.75436350835256
NI02PPRIVQS2022,DA_LIC_OP,50.360693789305145
NI02PPRIVQS2023,DA_LIC_OP,0.0
NI02PPRIVQS2024,DA_LIC_OP,0.0
NI02PPRIVQS2012,DA_LIC_INCLAIM_INCEXP,0.0
NI02PPRIVQS2013,DA_LIC_INCLAIM_INCEXP,0.0
NI02PPRIVQS2014,DA_LIC_INCLAIM_INCEXP,0.0
NI02PPRIVQS2015,DA_LIC_INCLAIM_INCEXP,0.0
NI02PPRIVQS2016,DA_LIC_INCLAIM_INCEXP,0.0
NI02PPRIVQS2017,DA_LIC_INCLAIM_INCEXP,0.0006849883918394712
NI02PPRIVQS2018,DA_LIC_INCLAIM_INCEXP,0.008104337658059445
NI02PPRIVQS2019,DA_LIC_INCLAIM_INCEXP,0.8209792833976433
NI02PPRIVQS2020,DA_LIC_INCLAIM_INCEXP,1.7483593727723097
NI02PPRIVQS2021,DA_LIC_INCLAIM_INCEXP,29.485975540365388
NI02PPRIVQS2022,DA_LIC_INCLAIM_INCEXP,33.179651521357194
NI02PPRIVQS2023,DA_LIC_INCLAIM_INCEXP,0.0
NI02PPRIVQS2024,DA_LIC_INCLAIM_INCEXP,0.0
NI02PPRIVQS2012,DA_LIC_CHG,0.0
NI02PPRIVQS2013,DA_LIC_CHG,0.0
NI02PPRIVQS2014,DA_LIC_CHG,0.0
NI02PPRIVQS2015,DA_LIC_CHG,0.0
NI02PPRIVQS2016,DA_LIC_CHG,0.0
NI02PPRIVQS2017,DA_LIC_CHG,-0.00039049488417057396
NI02PPRIVQS2018,DA_LIC_CHG,-0.004620081789363812
NI02PPRIVQS2019,DA_LIC_CHG,-0.4680199168279252
NI02PPRIVQS2020,DA_LIC_CHG,-0.9966962928026655
NI02PPRIVQS2021,DA_LIC_CHG,-16.80922295978079
NI02PPRIVQS2022,DA_LIC_CHG,-18.91489597781209
NI02PPRIVQS2023,DA_LIC_CHG,0.0
NI02PPRIVQS2024,DA_LIC_CHG,0.0
NI02PPRIVQS2012,DA_LIC_CLO,0.0
NI02PPRIVQS2013,DA_LIC_CLO,0.0
NI02PPRIVQS2014,DA_LIC_CLO,0.0
NI02PPRIVQS2015,DA_LIC_CLO,0.0
NI02PPRIVQS2016,DA_LIC_CLO,0.0
NI02PPRIVQS2017,DA_LIC_CLO,0.0013341816619718851
NI02PPRIVQS2018,DA_LIC_CLO,0.01578517068993639
NI02PPRIVQS2019,DA_LIC_CLO,1.5990570319396733
NI02PPRIVQS2020,DA_LIC_CLO,3.4053555381068996
NI02PPRIVQS2021,DA_LIC_CLO,57.43111608893716
NI02PPRIVQS2022,DA_LIC_CLO,64.62544933285024
NI02PPRIVQS2023,DA_LIC_CLO,0.0
NI02PPRIVQS2024,DA_LIC_CLO,0.0
NI02PPRIVST2012,PVFC_LIC_UNWIND,0.0
NI02PPRIVST2012,PVFC_LIC_EXP_CLAIM_CF_CY,0.0
NI02PPRIVST2012,PVFC_LIC_EXP_ATTEXP_CY,0.0
NI02PPRIVST2012,PVFC_LIC_EXP_CLAIM_CF_PY,0.0
NI02PPRIVST2012,PVFC_LIC_EXP_ATTEXP_PY,0.0
NI02PPRIVST2012,RA_LIC_OP,0.0
NI02PPRIVST2012,RA_LIC_UNWIND,0.0
NI02PPRIVST2012,RA_LIC_INCLAIM,0.0
NI02PPRIVST2012,RA_LIC_RELEASE_PY,0.0
NI02PPRIVST2012,RA_LIC_DEREC,0.0
NI02PPRIVST2012,RA_LIC_TASSCHG_PY,0.0
NI02PPRIVST2012,RA_LIC_FASSCHG_PY,0.0
NI02PPRIVST2012,RA_LIC_CLO,0.0
NI02PPRIVST2013,PVFC_LIC_UNWIND,0.0
NI02PPRIVST2013,PVFC_LIC_EXP_CLAIM_CF_CY,0.0
NI02PPRIVST2013,PVFC_LIC_EXP_ATTEXP_CY,0.0
NI02PPRIVST2013,PVFC_LIC_EXP_CLAIM_CF_PY,0.0
NI02PPRIVST2013,PVFC_LIC_EXP_ATTEXP_PY,0.0
NI02PPRIVST2013,RA_LIC_OP,0.0
NI02PPRIVST2013,RA_LIC_UNWIND,0.0
NI02PPRIVST2013,RA_LIC_INCLAIM,0.0
NI02PPRIVST2013,RA_LIC_RELEASE_PY,0.0
NI02PPRIVST2013,RA_LIC_DEREC,0.0
NI02PPRIVST2013,RA_LIC_TASSCHG_PY,0.0
NI02PPRIVST2013,RA_LIC_FASSCHG_PY,0.0
NI02PPRIVST2013,RA_LIC_CLO,0.0
NI02PPRIVST2014,PVFC_LIC_UNWIND,0.0
NI02PPRIVST2014,PVFC_LIC_EXP_CLAIM_CF_CY,0.0
NI02PPRIVST2014,PVFC_LIC_EXP_ATTEXP_CY,0.0
NI02PPRIVST2014,PVFC_LIC_EXP_CLAIM_CF_PY,0.0
NI02PPRIVST2014,PVFC_LIC_EXP_ATTEXP_PY,0.0
NI02PPRIVST2014,RA_LIC_OP,0.0
NI02PPRIVST2014,RA_LIC_UNWIND,0.0
NI02PPRIVST2014,RA_LIC_INCLAIM,0.0
NI02PPRIVST2014,RA_LIC_RELEASE_PY,0.0
NI02PPRIVST2014,RA_LIC_DEREC,0.0
NI02PPRIVST2014,RA_LIC_TASSCHG_PY,0.0
NI02PPRIVST2014,RA_LIC_FASSCHG_PY,0.0
NI02PPRIVST2014,RA_LIC_CLO,0.0
NI02PPRIVST2015,PVFC_LIC_UNWIND,0.0
NI02PPRIVST2015,PVFC_LIC_EXP_CLAIM_CF_CY,0.0
NI02PPRIVST2015,PVFC_LIC_EXP_ATTEXP_CY,0.0
NI02PPRIVST2015,PVFC_LIC_EXP_CLAIM_CF_PY,0.0
NI02PPRIVST2015,PVFC_LIC_EXP_ATTEXP_PY,0.0
NI02PPRIVST2015,RA_LIC_OP,0.0
NI02PPRIVST2015,RA_LIC_UNWIND,0.0
NI02PPRIVST2015,RA_LIC_INCLAIM,0.0
NI02PPRIVST2015,RA_LIC_RELEASE_PY,0.0
NI02PPRIVST2015,RA_LIC_DEREC,0.0
NI02PPRIVST2015,RA_LIC_TASSCHG_PY,0.0
NI02PPRIVST2015,RA_LIC_FASSCHG_PY,0.0
NI02PPRIVST2015,RA_LIC_CLO,0.0
NI02PPRIVST2016,PVFC_LIC_UNWIND,0.0
NI02PPRIVST2016,PVFC_LIC_EXP_CLAIM_CF_CY,0.0
NI02PPRIVST2016,PVFC_LIC_EXP_ATTEXP_CY,0.0
NI02PPRIVST2016,PVFC_LIC_EXP_CLAIM_CF_PY,0.0
NI02PPRIVST2016,PVFC_LIC_EXP_ATTEXP_PY,0.0
NI02PPRIVST2016,RA_LIC_OP,0.0
NI02PPRIVST2016,RA_LIC_UNWIND,0.0
NI02PPRIVST2016,RA_LIC_INCLAIM,0.0
NI02PPRIVST2016,RA_LIC_RELEASE_PY,0.0
NI02PPRIVST2016,RA_LIC_DEREC,0.0
NI02PPRIVST2016,RA_LIC_TASSCHG_PY,0.0
NI02PPRIVST2016,RA_LIC_FASSCHG_PY,0.0
NI02PPRIVST2016,RA_LIC_CLO,0.0
NI02PPRIVST2017,PVFC_LIC_UNWIND,0.0
NI02PPRIVST2017,PVFC_LIC_EXP_CLAIM_CF_CY,0.0
NI02PPRIVST2017,PVFC_LIC_EXP_ATTEXP_CY,0.0
NI02PPRIVST2017,PVFC_LIC_EXP_CLAIM_CF_PY,0.0
NI02PPRIVST2017,PVFC_LIC_EXP_ATTEXP_PY,0.0
NI02PPRIVST2017,RA_LIC_OP,0.0
NI02PPRIVST2017,RA_LIC_UNWIND,0.0
NI02PPRIVST2017,RA_LIC_INCLAIM,0.0
NI02PPRIVST2017,RA_LIC_RELEASE_PY,0.0
NI02PPRIVST2017,RA_LIC_DEREC,0.0
NI02PPRIVST2017,RA_LIC_TASSCHG_PY,0.0
NI02PPRIVST2017,RA_LIC_FASSCHG_PY,0.0
NI02PPRIVST2017,RA_LIC_CLO,0.0
NI02PPRIVST2018,PVFC_LIC_UNWIND,0.0
NI02PPRIVST2018,PVFC_LIC_EXP_CLAIM_CF_CY,0.0
NI02PPRIVST2018,PVFC_LIC_EXP_ATTEXP_CY,0.0
NI02PPRIVST2018,PVFC_LIC_EXP_CLAIM_CF_PY,71145.43678570888
NI02PPRIVST2018,PVFC_LIC_EXP_ATTEXP_PY,0.0
NI02PPRIVST2018,RA_LIC_OP,-788.4768288192694
NI02PPRIVST2018,RA_LIC_UNWIND,-9.090821094755032
NI02PPRIVST2018,RA_LIC_INCLAIM,-247.6744524373022
NI02PPRIVST2018,RA_LIC_RELEASE_PY,758.138163386168
NI02PPRIVST2018,RA_LIC_DEREC,0.0
NI02PPRIVST2018,RA_LIC_TASSCHG_PY,-960.267600990826
NI02PPRIVST2018,RA_LIC_FASSCHG_PY,0.0
NI02PPRIVST2018,RA_LIC_CLO,-1247.3715399559849
NI02PPRIVST2019,PVFC_LIC_UNWIND,0.0
NI02PPRIVST2019,PVFC_LIC_EXP_CLAIM_CF_CY,0.0
NI02PPRIVST2019,PVFC_LIC_EXP_ATTEXP_CY,0.0
NI02PPRIVST2019,PVFC_LIC_EXP_CLAIM_CF_PY,5.156011635426713
NI02PPRIVST2019,PVFC_LIC_EXP_ATTEXP_PY,0.0
NI02PPRIVST2019,RA_LIC_OP,-0.05727817951162974
NI02PPRIVST2019,RA_LIC_UNWIND,-0.0006603944003696814
NI02PPRIVST2019,RA_LIC_INCLAIM,-0.017992084521230897
NI02PPRIVST2019,RA_LIC_RELEASE_PY,0.0550742548542334
NI02PPRIVST2019,RA_LIC_DEREC,0.0
NI02PPRIVST2019,RA_LIC_TASSCHG_PY,-0.06975776334622252
NI02PPRIVST2019,RA_LIC_FASSCHG_PY,0.0
NI02PPRIVST2019,RA_LIC_CLO,-0.09061416692521942
NI02PPRIVST2020,PVFC_LIC_UNWIND,0.0
NI02PPRIVST2020,PVFC_LIC_EXP_CLAIM_CF_CY,0.0
NI02PPRIVST2020,PVFC_LIC_EXP_ATTEXP_CY,0.0
NI02PPRIVST2020,PVFC_LIC_EXP_CLAIM_CF_PY,519.2515877975907
NI02PPRIVST2020,PVFC_LIC_EXP_ATTEXP_PY,0.0
NI02PPRIVST2020,RA_LIC_OP,-5.802349402731959
NI02PPRIVST2020,RA_LIC_UNWIND,-0.06689875773329243
NI02PPRIVST2020,RA_LIC_INCLAIM,-1.8226200931276186
NI02PPRIVST2020,RA_LIC_RELEASE_PY,5.579089148503501
NI02PPRIVST2020,RA_LIC_DEREC,0.0
NI02PPRIVST2020,RA_LIC_TASSCHG_PY,-7.066546456939845
NI02PPRIVST2020,RA_LIC_FASSCHG_PY,0.0
NI02PPRIVST2020,RA_LIC_CLO,-9.179325562029216
NI02PPRIVST2021,PVFC_LIC_UNWIND,0.0
NI02PPRIVST2021,PVFC_LIC_EXP_CLAIM_CF_CY,0.0
NI02PPRIVST2021,PVFC_LIC_EXP_ATTEXP_CY,0.0
NI02PPRIVST2021,PVFC_LIC_EXP_CLAIM_CF_PY,1086.6830114006102
NI02PPRIVST2021,PVFC_LIC_EXP_ATTEXP_PY,0.0
NI02PPRIVST2021,RA_LIC_OP,-12.356696651811463
NI02PPRIVST2021,RA_LIC_UNWIND,-0.14246774854752883
NI02PPRIVST2021,RA_LIC_INCLAIM,-3.881455948114804
NI02PPRIVST2021,RA_LIC_RELEASE_PY,11.881241100201894
NI02PPRIVST2021,RA_LIC_DEREC,0.0
NI02PPRIVST2021,RA_LIC_TASSCHG_PY,-15.048933610103811
NI02PPRIVST2021,RA_LIC_FASSCHG_PY,0.0
NI02PPRIVST2021,RA_LIC_CLO,-19.548312858375713
NI02PPRIVST2022,PVFC_LIC_UNWIND,0.0
NI02PPRIVST2022,PVFC_LIC_EXP_CLAIM_CF_CY,0.0
NI02PPRIVST2022,PVFC_LIC_EXP_ATTEXP_CY,0.0
NI02PPRIVST2022,PVFC_LIC_EXP_CLAIM_CF_PY,17677.617444631127
NI02PPRIVST2022,PVFC_LIC_EXP_ATTEXP_PY,0.0
NI02PPRIVST2022,RA_LIC_OP,-208.39494494618256
NI02PPRIVST2022,RA_LIC_UNWIND,-2.4027100002342796
NI02PPRIVST2022,RA_LIC_INCLAIM,-65.46052083425047
NI02PPRIVST2022,RA_LIC_RELEASE_PY,200.37641569892554
NI02PPRIVST2022,RA_LIC_DEREC,0.0
NI02PPRIVST2022,RA_LIC_TASSCHG_PY,-253.7993591286059
NI02PPRIVST2022,RA_LIC_FASSCHG_PY,0.0
NI02PPRIVST2022,RA_LIC_CLO,-329.6811192103477
NI02PPRIVST2023,PVFC_LIC_UNWIND,0.0
NI02PPRIVST2023,PVFC_LIC_EXP_CLAIM_CF_CY,0.0
NI02PPRIVST2023,PVFC_LIC_EXP_ATTEXP_CY,0.0
NI02PPRIVST2023,PVFC_LIC_EXP_CLAIM_CF_PY,16882.318453097025
NI02PPRIVST2023,PVFC_LIC_EXP_ATTEXP_PY,0.0
NI02PPRIVST2023,RA_LIC_OP,-234.500352300064
NI02PPRIVST2023,RA_LIC_UNWIND,-2.7036948601384334
NI02PPRIVST2023,RA_LIC_INCLAIM,-73.66068884896248
NI02PPRIVST2023,RA_LIC_RELEASE_PY,225.47735064378236
NI02PPRIVST2023,RA_LIC_DEREC,0.0
NI02PPRIVST2023,RA_LIC_TASSCHG_PY,-285.59252790204886
NI02PPRIVST2023,RA_LIC_FASSCHG_PY,0.0
NI02PPRIVST2023,RA_LIC_CLO,-370.9799132674314
NI02PPRIVST2024,PVFC_LIC_UNWIND,0.0
NI02PPRIVST2024,PVFC_LIC_EXP_CLAIM_CF_CY,0.0
NI02PPRIVST2024,PVFC_LIC_EXP_ATTEXP_CY,0.0
NI02PPRIVST2024,PVFC_LIC_EXP_CLAIM_CF_PY,0.0
NI02PPRIVST2024,PVFC_LIC_EXP_ATTEXP_PY,0.0
NI02PPRIVST2024,RA_LIC_OP,0.0
NI02PPRIVST2024,RA_LIC_UNWIND,0.0
NI02PPRIVST2024,RA_LIC_INCLAIM,0.0
NI02PPRIVST2024,RA_LIC_RELEASE_PY,0.0
NI02PPRIVST2024,RA_LIC_DEREC,0.0
NI02PPRIVST2024,RA_LIC_TASSCHG_PY,0.0
NI02PPRIVST2024,RA_LIC_FASSCHG_PY,0.0
NI02PPRIVST2024,RA_LIC_CLO,0.0
NI02PPRIVST2012,RA_LIC_RELEASE_CY,0.0
NI02PPRIVST2013,RA_LIC_RELEASE_CY,0.0
NI02PPRIVST2014,RA_LIC_RELEASE_CY,0.0
NI02PPRIVST2015,RA_LIC_RELEASE_CY,0.0
NI02PPRIVST2016,RA_LIC_RELEASE_CY,0.0
NI02PPRIVST2017,RA_LIC_RELEASE_CY,0.0
NI02PPRIVST2018,RA_LIC_RELEASE_CY,0.0
NI02PPRIVST2019,RA_LIC_RELEASE_CY,0.0
NI02PPRIVST2020,RA_LIC_RELEASE_CY,0.0
NI02PPRIVST2021,RA_LIC_RELEASE_CY,0.0
NI02PPRIVST2022,RA_LIC_RELEASE_CY,0.0
NI02PPRIVST2023,RA_LIC_RELEASE_CY,0.0
NI02PPRIVST2024,RA_LIC_RELEASE_CY,0.0
NI02PPRIVST2012,RA_LIC_FEXPVAR_CY,0.0
NI02PPRIVST2013,RA_LIC_FEXPVAR_CY,0.0
NI02PPRIVST2014,RA_LIC_FEXPVAR_CY,0.0
NI02PPRIVST2015,RA_LIC_FEXPVAR_CY,0.0
NI02PPRIVST2016,RA_LIC_FEXPVAR_CY,0.0
NI02PPRIVST2017,RA_LIC_FEXPVAR_CY,0.0
NI02PPRIVST2018,RA_LIC_FEXPVAR_CY,0.0
NI02PPRIVST2019,RA_LIC_FEXPVAR_CY,0.0
NI02PPRIVST2020,RA_LIC_FEXPVAR_CY,0.0
NI02PPRIVST2021,RA_LIC_FEXPVAR_CY,0.0
NI02PPRIVST2022,RA_LIC_FEXPVAR_CY,0.0
NI02PPRIVST2023,RA_LIC_FEXPVAR_CY,0.0
NI02PPRIVST2024,RA_LIC_FEXPVAR_CY,0.0
NI02PPRIVST2012,DA_LIC_OP,0.0
NI02PPRIVST2013,DA_LIC_OP,0.0
NI02PPRIVST2014,DA_LIC_OP,0.0
NI02PPRIVST2015,DA_LIC_OP,0.0
NI02PPRIVST2016,DA_LIC_OP,0.0
NI02PPRIVST2017,DA_LIC_OP,225.9282860698023
NI02PPRIVST2018,DA_LIC_OP,0.01641235411526239
NI02PPRIVST2019,DA_LIC_OP,1.662591477419122
NI02PPRIVST2020,DA_LIC_OP,3.540658639530085
NI02PPRIVST2021,DA_LIC_OP,59.71299474685491
NI02PPRIVST2022,DA_LIC_OP,67.19317644027073
NI02PPRIVST2023,DA_LIC_OP,0.0
NI02PPRIVST2024,DA_LIC_OP,0.0
NI02PPRIVST2012,DA_LIC_INCLAIM_INCEXP,0.0
NI02PPRIVST2013,DA_LIC_INCLAIM_INCEXP,0.0
NI02PPRIVST2014,DA_LIC_INCLAIM_INCEXP,0.0
NI02PPRIVST2015,DA_LIC_INCLAIM_INCEXP,0.0
NI02PPRIVST2016,DA_LIC_INCLAIM_INCEXP,0.0
NI02PPRIVST2017,DA_LIC_INCLAIM_INCEXP,53.24936082411992
NI02PPRIVST2018,DA_LIC_INCLAIM_INCEXP,0.00386825121130173
NI02PPRIVST2019,DA_LIC_INCLAIM_INCEXP,0.3918585628399129
NI02PPRIVST2020,DA_LIC_INCLAIM_INCEXP,0.8345028979378208
NI02PPRIVST2021,DA_LIC_INCLAIM_INCEXP,14.073841122229679
NI02PPRIVST2022,DA_LIC_INCLAIM_INCEXP,15.836855842306003
NI02PPRIVST2023,DA_LIC_INCLAIM_INCEXP,0.0
NI02PPRIVST2024,DA_LIC_INCLAIM_INCEXP,0.0
NI02PPRIVST2012,DA_LIC_CHG,0.0
NI02PPRIVST2013,DA_LIC_CHG,0.0
NI02PPRIVST2014,DA_LIC_CHG,0.0
NI02PPRIVST2015,DA_LIC_CHG,0.0
NI02PPRIVST2016,DA_LIC_CHG,0.0
NI02PPRIVST2017,DA_LIC_CHG,-10.99602154171217
NI02PPRIVST2018,DA_LIC_CHG,-0.0007987959477808624
NI02PPRIVST2019,DA_LIC_CHG,-0.08091900318811515
NI02PPRIVST2020,DA_LIC_CHG,-0.17232529555902268
NI02PPRIVST2021,DA_LIC_CHG,-2.9062557326429626
NI02PPRIVST2022,DA_LIC_CHG,-3.2703192169793547
NI02PPRIVST2023,DA_LIC_CHG,0.0
NI02PPRIVST2024,DA_LIC_CHG,0.0
NI02PPRIVST2012,DA_LIC_CLO,0.0
NI02PPRIVST2013,DA_LIC_CLO,0.0
NI02PPRIVST2014,DA_LIC_CLO,0.0
NI02PPRIVST2015,DA_LIC_CLO,0.0
NI02PPRIVST2016,DA_LIC_CLO,0.0
NI02PPRIVST2017,DA_LIC_CLO,268.18162535221
NI02PPRIVST2018,DA_LIC_CLO,0.019481809378783257
NI02PPRIVST2019,DA_LIC_CLO,1.9735310370709196
NI02PPRIVST2020,DA_LIC_CLO,4.202836241908882
NI02PPRIVST2021,DA_LIC_CLO,70.88058013644161
NI02PPRIVST2022,DA_LIC_CLO,79.75971306559738
NI02PPRIVST2023,DA_LIC_CLO,0.0
NI02PPRIVST2024,DA_LIC_CLO,0.0
NI02PPUBLPF2012,PVFC_LIC_UNWIND,0.0
NI02PPUBLPF2012,PVFC_LIC_EXP_CLAIM_CF_CY,0.0
NI02PPUBLPF2012,PVFC_LIC_EXP_ATTEXP_CY,0.0
NI02PPUBLPF2012,PVFC_LIC_EXP_CLAIM_CF_PY,0.0
NI02PPUBLPF2012,PVFC_LIC_EXP_ATTEXP_PY,0.0
NI02PPUBLPF2012,RA_LIC_OP,0.0
NI02PPUBLPF2012,RA_LIC_UNWIND,0.0
NI02PPUBLPF2012,RA_LIC_INCLAIM,0.0
NI02PPUBLPF2012,RA_LIC_RELEASE_PY,0.0
NI02PPUBLPF2012,RA_LIC_DEREC,0.0
NI02PPUBLPF2012,RA_LIC_TASSCHG_PY,0.0
NI02PPUBLPF2012,RA_LIC_FASSCHG_PY,0.0
NI02PPUBLPF2012,RA_LIC_CLO,0.0
NI02PPUBLPF2013,PVFC_LIC_UNWIND,0.0
NI02PPUBLPF2013,PVFC_LIC_EXP_CLAIM_CF_CY,0.0
NI02PPUBLPF2013,PVFC_LIC_EXP_ATTEXP_CY,0.0
NI02PPUBLPF2013,PVFC_LIC_EXP_CLAIM_CF_PY,0.0
NI02PPUBLPF2013,PVFC_LIC_EXP_ATTEXP_PY,0.0
NI02PPUBLPF2013,RA_LIC_OP,0.0
NI02PPUBLPF2013,RA_LIC_UNWIND,0.0
NI02PPUBLPF2013,RA_LIC_INCLAIM,0.0
NI02PPUBLPF2013,RA_LIC_RELEASE_PY,0.0
NI02PPUBLPF2013,RA_LIC_DEREC,0.0
NI02PPUBLPF2013,RA_LIC_TASSCHG_PY,0.0
NI02PPUBLPF2013,RA_LIC_FASSCHG_PY,0.0
NI02PPUBLPF2013,RA_LIC_CLO,0.0
NI02PPUBLPF2014,PVFC_LIC_UNWIND,0.0
NI02PPUBLPF2014,PVFC_LIC_EXP_CLAIM_CF_CY,0.0
NI02PPUBLPF2014,PVFC_LIC_EXP_ATTEXP_CY,0.0
NI02PPUBLPF2014,PVFC_LIC_EXP_CLAIM_CF_PY,0.0
NI02PPUBLPF2014,PVFC_LIC_EXP_ATTEXP_PY,0.0
NI02PPUBLPF2014,RA_LIC_OP,0.0
NI02PPUBLPF2014,RA_LIC_UNWIND,0.0
NI02PPUBLPF2014,RA_LIC_INCLAIM,0.0
NI02PPUBLPF2014,RA_LIC_RELEASE_PY,0.0
NI02PPUBLPF2014,RA_LIC_DEREC,0.0
NI02PPUBLPF2014,RA_LIC_TASSCHG_PY,0.0
NI02PPUBLPF2014,RA_LIC_FASSCHG_PY,0.0
NI02PPUBLPF2014,RA_LIC_CLO,0.0
NI02PPUBLPF2015,PVFC_LIC_UNWIND,0.0
NI02PPUBLPF2015,PVFC_LIC_EXP_CLAIM_CF_CY,0.0
NI02PPUBLPF2015,PVFC_LIC_EXP_ATTEXP_CY,0.0
NI02PPUBLPF2015,PVFC_LIC_EXP_CLAIM_CF_PY,0.0
NI02PPUBLPF2015,PVFC_LIC_EXP_ATTEXP_PY,0.0
NI02PPUBLPF2015,RA_LIC_OP,0.0
NI02PPUBLPF2015,RA_LIC_UNWIND,0.0
NI02PPUBLPF2015,RA_LIC_INCLAIM,0.0
NI02PPUBLPF2015,RA_LIC_RELEASE_PY,0.0
NI02PPUBLPF2015,RA_LIC_DEREC,0.0
NI02PPUBLPF2015,RA_LIC_TASSCHG_PY,0.0
NI02PPUBLPF2015,RA_LIC_FASSCHG_PY,0.0
NI02PPUBLPF2015,RA_LIC_CLO,0.0
NI02PPUBLPF2016,PVFC_LIC_UNWIND,0.0
NI02PPUBLPF2016,PVFC_LIC_EXP_CLAIM_CF_CY,0.0
NI02PPUBLPF2016,PVFC_LIC_EXP_ATTEXP_CY,0.0
NI02PPUBLPF2016,PVFC_LIC_EXP_CLAIM_CF_PY,0.0
NI02PPUBLPF2016,PVFC_LIC_EXP_ATTEXP_PY,0.0
NI02PPUBLPF2016,RA_LIC_OP,0.0
NI02PPUBLPF2016,RA_LIC_UNWIND,0.0
NI02PPUBLPF2016,RA_LIC_INCLAIM,0.0
NI02PPUBLPF2016,RA_LIC_RELEASE_PY,0.0
NI02PPUBLPF2016,RA_LIC_DEREC,0.0
NI02PPUBLPF2016,RA_LIC_TASSCHG_PY,0.0
NI02PPUBLPF2016,RA_LIC_FASSCHG_PY,0.0
NI02PPUBLPF2016,RA_LIC_CLO,0.0
NI02PPUBLPF2017,PVFC_LIC_UNWIND,0.0
NI02PPUBLPF2017,PVFC_LIC_EXP_CLAIM_CF_CY,0.0
NI02PPUBLPF2017,PVFC_LIC_EXP_ATTEXP_CY,0.0
NI02PPUBLPF2017,PVFC_LIC_EXP_CLAIM_CF_PY,48.718050331794565
NI02PPUBLPF2017,PVFC_LIC_EXP_ATTEXP_PY,0.0
NI02PPUBLPF2017,RA_LIC_OP,-1.0617571295893105
NI02PPUBLPF2017,RA_LIC_UNWIND,-0.012688635297969276
NI02PPUBLPF2017,RA_LIC_INCLAIM,-0.23947577707279225
NI02PPUBLPF2017,RA_LIC_RELEASE_PY,1.0027086666870966
NI02PPUBLPF2017,RA_LIC_DEREC,0.0
NI02PPUBLPF2017,RA_LIC_TASSCHG_PY,-0.9727129812994874
NI02PPUBLPF2017,RA_LIC_FASSCHG_PY,0.0
NI02PPUBLPF2017,RA_LIC_CLO,-1.2839258565724634
NI02PPUBLPF2018,PVFC_LIC_UNWIND,0.0
NI02PPUBLPF2018,PVFC_LIC_EXP_CLAIM_CF_CY,0.0
NI02PPUBLPF2018,PVFC_LIC_EXP_ATTEXP_CY,0.0
NI02PPUBLPF2018,PVFC_LIC_EXP_CLAIM_CF_PY,95.06069453708822
NI02PPUBLPF2018,PVFC_LIC_EXP_ATTEXP_PY,0.0
NI02PPUBLPF2018,RA_LIC_OP,-2.071957557093338
NI02PPUBLPF2018,RA_LIC_UNWIND,-0.02476113704552929
NI02PPUBLPF2018,RA_LIC_INCLAIM,-0.4673231120554815
NI02PPUBLPF2018,RA_LIC_RELEASE_PY,1.9567279009550163
NI02PPUBLPF2018,RA_LIC_DEREC,0.0
NI02PPUBLPF2018,RA_LIC_TASSCHG_PY,-1.8981930578284245
NI02PPUBLPF2018,RA_LIC_FASSCHG_PY,0.0
NI02PPUBLPF2018,RA_LIC_CLO,-2.505506963067757
NI02PPUBLPF2019,PVFC_LIC_UNWIND,0.0
NI02PPUBLPF2019,PVFC_LIC_EXP_CLAIM_CF_CY,0.0
NI02PPUBLPF2019,PVFC_LIC_EXP_ATTEXP_CY,0.0
NI02PPUBLPF2019,PVFC_LIC_EXP_CLAIM_CF_PY,1312.0067622655074
NI02PPUBLPF2019,PVFC_LIC_EXP_ATTEXP_PY,0.0
NI02PPUBLPF2019,RA_LIC_OP,-28.661887843343827
NI02PPUBLPF2019,RA_LIC_UNWIND,-0.34252677157549316
NI02PPUBLPF2019,RA_LIC_INCLAIM,-6.464593146940227
NI02PPUBLPF2019,RA_LIC_RELEASE_PY,27.06788826108555
NI02PPUBLPF2019,RA_LIC_DEREC,0.0
NI02PPUBLPF2019,RA_LIC_TASSCHG_PY,-26.258161680114608
NI02PPUBLPF2019,RA_LIC_FASSCHG_PY,0.0
NI02PPUBLPF2019,RA_LIC_CLO,-34.6592811808886
NI02PPUBLPF2020,PVFC_LIC_UNWIND,0.0
NI02PPUBLPF2020,PVFC_LIC_EXP_CLAIM_CF_CY,0.0
NI02PPUBLPF2020,PVFC_LIC_EXP_ATTEXP_CY,0.0
NI02PPUBLPF2020,PVFC_LIC_EXP_CLAIM_CF_PY,7656.414920209547
NI02PPUBLPF2020,PVFC_LIC_EXP_ATTEXP_PY,0.0
NI02PPUBLPF2020,RA_LIC_OP,-168.2460614261847
NI02PPUBLPF2020,RA_LIC_UNWIND,-2.0106414680562055
NI02PPUBLPF2020,RA_LIC_INCLAIM,-37.947337650614024
NI02PPUBLPF2020,RA_LIC_RELEASE_PY,158.8892405113956
NI02PPUBLPF2020,RA_LIC_DEREC,0.0
NI02PPUBLPF2020,RA_LIC_TASSCHG_PY,-154.13612345138
NI02PPUBLPF2020,RA_LIC_FASSCHG_PY,0.0
NI02PPUBLPF2020,RA_LIC_CLO,-203.4509234848393
NI02PPUBLPF2021,PVFC_LIC_UNWIND,0.0
NI02PPUBLPF2021,PVFC_LIC_EXP_CLAIM_CF_CY,0.0
NI02PPUBLPF2021,PVFC_LIC_EXP_ATTEXP_CY,0.0
NI02PPUBLPF2021,PVFC_LIC_EXP_CLAIM_CF_PY,40150.332062997775
NI02PPUBLPF2021,PVFC_LIC_EXP_ATTEXP_PY,0.0
NI02PPUBLPF2021,RA_LIC_OP,-897.8050633230565
NI02PPUBLPF2021,RA_LIC_UNWIND,-10.729309650675848
NI02PPUBLPF2021,RA_LIC_INCLAIM,-202.49693569972993
NI02PPUBLPF2021,RA_LIC_RELEASE_PY,847.8746154855579
NI02PPUBLPF2021,RA_LIC_DEREC,0.0
NI02PPUBLPF2021,RA_LIC_TASSCHG_PY,-822.510737562499
NI02PPUBLPF2021,RA_LIC_FASSCHG_PY,0.0
NI02PPUBLPF2021,RA_LIC_CLO,-1085.6674307504036
NI02PPUBLPF2022,PVFC_LIC_UNWIND,0.0
NI02PPUBLPF2022,PVFC_LIC_EXP_CLAIM_CF_CY,0.0
NI02PPUBLPF2022,PVFC_LIC_EXP_ATTEXP_CY,0.0
NI02PPUBLPF2022,PVFC_LIC_EXP_CLAIM_CF_PY,9597.991466674639
NI02PPUBLPF2022,PVFC_LIC_EXP_ATTEXP_PY,0.0
NI02PPUBLPF2022,RA_LIC_OP,-222.50368582842154
NI02PPUBLPF2022,RA_LIC_UNWIND,-2.659052662093092
NI02PPUBLPF2022,RA_LIC_INCLAIM,-50.18496375525365
NI02PPUBLPF2022,RA_LIC_RELEASE_PY,210.12938640334735
NI02PPUBLPF2022,RA_LIC_DEREC,0.0
NI02PPUBLPF2022,RA_LIC_TASSCHG_PY,-203.84343797719995
NI02PPUBLPF2022,RA_LIC_FASSCHG_PY,0.0
NI02PPUBLPF2022,RA_LIC_CLO,-269.0617538196209
NI02PPUBLPF2023,PVFC_LIC_UNWIND,0.0
NI02PPUBLPF2023,PVFC_LIC_EXP_CLAIM_CF_CY,0.0
NI02PPUBLPF2023,PVFC_LIC_EXP_ATTEXP_CY,0.0
NI02PPUBLPF2023,PVFC_LIC_EXP_CLAIM_CF_PY,12964.550249824762
NI02PPUBLPF2023,PVFC_LIC_EXP_ATTEXP_PY,0.0
NI02PPUBLPF2023,RA_LIC_OP,-354.12963191513325
NI02PPUBLPF2023,RA_LIC_UNWIND,-4.2320617609728615
NI02PPUBLPF2023,RA_LIC_INCLAIM,-79.87275660694773
NI02PPUBLPF2023,RA_LIC_RELEASE_PY,334.4350992861847
NI02PPUBLPF2023,RA_LIC_DEREC,0.0
NI02PPUBLPF2023,RA_LIC_TASSCHG_PY,-324.4305881514539
NI02PPUBLPF2023,RA_LIC_FASSCHG_PY,0.0
NI02PPUBLPF2023,RA_LIC_CLO,-428.22993914832296
NI02PPUBLPF2024,PVFC_LIC_UNWIND,0.0
NI02PPUBLPF2024,PVFC_LIC_EXP_CLAIM_CF_CY,11262.07294
NI02PPUBLPF2024,PVFC_LIC_EXP_ATTEXP_CY,0.0
NI02PPUBLPF2024,PVFC_LIC_EXP_CLAIM_CF_PY,0.0
NI02PPUBLPF2024,PVFC_LIC_EXP_ATTEXP_PY,0.0
NI02PPUBLPF2024,RA_LIC_OP,0.0
NI02PPUBLPF2024,RA_LIC_UNWIND,0.0
NI02PPUBLPF2024,RA_LIC_INCLAIM,0.0
NI02PPUBLPF2024,RA_LIC_RELEASE_PY,0.0
NI02PPUBLPF2024,RA_LIC_DEREC,0.0
NI02PPUBLPF2024,RA_LIC_TASSCHG_PY,0.0
NI02PPUBLPF2024,RA_LIC_FASSCHG_PY,0.0
NI02PPUBLPF2024,RA_LIC_CLO,0.0
NI02PPUBLPF2012,RA_LIC_RELEASE_CY,0.0
NI02PPUBLPF2013,RA_LIC_RELEASE_CY,0.0
NI02PPUBLPF2014,RA_LIC_RELEASE_CY,0.0
NI02PPUBLPF2015,RA_LIC_RELEASE_CY,0.0
NI02PPUBLPF2016,RA_LIC_RELEASE_CY,0.0
NI02PPUBLPF2017,RA_LIC_RELEASE_CY,0.0
NI02PPUBLPF2018,RA_LIC_RELEASE_CY,0.0
NI02PPUBLPF2019,RA_LIC_RELEASE_CY,0.0
NI02PPUBLPF2020,RA_LIC_RELEASE_CY,0.0
NI02PPUBLPF2021,RA_LIC_RELEASE_CY,0.0
NI02PPUBLPF2022,RA_LIC_RELEASE_CY,0.0
NI02PPUBLPF2023,RA_LIC_RELEASE_CY,0.0
NI02PPUBLPF2024,RA_LIC_RELEASE_CY,0.0
NI02PPUBLPF2012,RA_LIC_FEXPVAR_CY,0.0
NI02PPUBLPF2013,RA_LIC_FEXPVAR_CY,0.0
NI02PPUBLPF2014,RA_LIC_FEXPVAR_CY,0.0
NI02PPUBLPF2015,RA_LIC_FEXPVAR_CY,0.0
NI02PPUBLPF2016,RA_LIC_FEXPVAR_CY,0.0
NI02PPUBLPF2017,RA_LIC_FEXPVAR_CY,0.0
NI02PPUBLPF2018,RA_LIC_FEXPVAR_CY,0.0
NI02PPUBLPF2019,RA_LIC_FEXPVAR_CY,0.0
NI02PPUBLPF2020,RA_LIC_FEXPVAR_CY,0.0
NI02PPUBLPF2021,RA_LIC_FEXPVAR_CY,0.0
NI02PPUBLPF2022,RA_LIC_FEXPVAR_CY,0.0
NI02PPUBLPF2023,RA_LIC_FEXPVAR_CY,0.0
NI02PPUBLPF2024,RA_LIC_FEXPVAR_CY,0.0
NI02PPUBLPF2012,DA_LIC_OP,0.0
NI02PPUBLPF2013,DA_LIC_OP,0.0
NI02PPUBLPF2014,DA_LIC_OP,0.0
NI02PPUBLPF2015,DA_LIC_OP,0.0
NI02PPUBLPF2016,DA_LIC_OP,0.15592967388379408
NI02PPUBLPF2017,DA_LIC_OP,0.30428772943921245
NI02PPUBLPF2018,DA_LIC_OP,4.209285438031573
NI02PPUBLPF2019,DA_LIC_OP,24.708620040597552
NI02PPUBLPF2020,DA_LIC_OP,131.85167006067897
NI02PPUBLPF2021,DA_LIC_OP,32.67689587597873
NI02PPUBLPF2022,DA_LIC_OP,52.007485024822685
NI02PPUBLPF2023,DA_LIC_OP,0.0
NI02PPUBLPF2024,DA_LIC_OP,0.0
NI02PPUBLPF2012,DA_LIC_INCLAIM_INCEXP,0.0
NI02PPUBLPF2013,DA_LIC_INCLAIM_INCEXP,0.0
NI02PPUBLPF2014,DA_LIC_INCLAIM_INCEXP,0.0
NI02PPUBLPF2015,DA_LIC_INCLAIM_INCEXP,0.0
NI02PPUBLPF2016,DA_LIC_INCLAIM_INCEXP,0.037452060102246235
NI02PPUBLPF2017,DA_LIC_INCLAIM_INCEXP,0.07308552661904746
NI02PPUBLPF2018,DA_LIC_INCLAIM_INCEXP,1.011009689728163
NI02PPUBLPF2019,DA_LIC_INCLAIM_INCEXP,5.934654384602043
NI02PPUBLPF2020,DA_LIC_INCLAIM_INCEXP,31.66887064340427
NI02PPUBLPF2021,DA_LIC_INCLAIM_INCEXP,7.848519385822879
NI02PPUBLPF2022,DA_LIC_INCLAIM_INCEXP,12.491448268967133
NI02PPUBLPF2023,DA_LIC_INCLAIM_INCEXP,0.0
NI02PPUBLPF2024,DA_LIC_INCLAIM_INCEXP,0.0
NI02PPUBLPF2012,DA_LIC_CHG,0.0
NI02PPUBLPF2013,DA_LIC_CHG,0.0
NI02PPUBLPF2014,DA_LIC_CHG,0.0
NI02PPUBLPF2015,DA_LIC_CHG,0.0
NI02PPUBLPF2016,DA_LIC_CHG,0.00741380757123164
NI02PPUBLPF2017,DA_LIC_CHG,0.014467616176960265
NI02PPUBLPF2018,DA_LIC_CHG,0.20013401857821056
NI02PPUBLPF2019,DA_LIC_CHG,1.1747921339730738
NI02PPUBLPF2020,DA_LIC_CHG,6.268998616029253
NI02PPUBLPF2021,DA_LIC_CHG,1.5536505144634778
NI02PPUBLPF2022,DA_LIC_CHG,2.4727396436748363
NI02PPUBLPF2023,DA_LIC_CHG,0.0
NI02PPUBLPF2024,DA_LIC_CHG,0.0
NI02PPUBLPF2012,DA_LIC_CLO,0.0
NI02PPUBLPF2013,DA_LIC_CLO,0.0
NI02PPUBLPF2014,DA_LIC_CLO,0.0
NI02PPUBLPF2015,DA_LIC_CLO,0.0
NI02PPUBLPF2016,DA_LIC_CLO,0.2007955415572719
NI02PPUBLPF2017,DA_LIC_CLO,0.39184087223522013
NI02PPUBLPF2018,DA_LIC_CLO,5.420429146337947
NI02PPUBLPF2019,DA_LIC_CLO,31.81806655917267
NI02PPUBLPF2020,DA_LIC_CLO,169.78953932011248
NI02PPUBLPF2021,DA_LIC_CLO,42.07906577626509
NI02PPUBLPF2022,DA_LIC_CLO,66.97167293746465
NI02PPUBLPF2023,DA_LIC_CLO,0.0
NI02PPUBLPF2024,DA_LIC_CLO,0.0
NI02PPUBLQS2012,PVFC_LIC_UNWIND,0.0
NI02PPUBLQS2012,PVFC_LIC_EXP_CLAIM_CF_CY,0.0
NI02PPUBLQS2012,PVFC_LIC_EXP_ATTEXP_CY,0.0
NI02PPUBLQS2012,PVFC_LIC_EXP_CLAIM_CF_PY,0.0
NI02PPUBLQS2012,PVFC_LIC_EXP_ATTEXP_PY,0.0
NI02PPUBLQS2012,RA_LIC_OP,0.0
NI02PPUBLQS2012,RA_LIC_UNWIND,0.0
NI02PPUBLQS2012,RA_LIC_INCLAIM,0.0
NI02PPUBLQS2012,RA_LIC_RELEASE_PY,0.0
NI02PPUBLQS2012,RA_LIC_DEREC,0.0
NI02PPUBLQS2012,RA_LIC_TASSCHG_PY,0.0
NI02PPUBLQS2012,RA_LIC_FASSCHG_PY,0.0
NI02PPUBLQS2012,RA_LIC_CLO,0.0
NI02PPUBLQS2013,PVFC_LIC_UNWIND,0.0
NI02PPUBLQS2013,PVFC_LIC_EXP_CLAIM_CF_CY,0.0
NI02PPUBLQS2013,PVFC_LIC_EXP_ATTEXP_CY,0.0
NI02PPUBLQS2013,PVFC_LIC_EXP_CLAIM_CF_PY,0.0
NI02PPUBLQS2013,PVFC_LIC_EXP_ATTEXP_PY,0.0
NI02PPUBLQS2013,RA_LIC_OP,0.0
NI02PPUBLQS2013,RA_LIC_UNWIND,0.0
NI02PPUBLQS2013,RA_LIC_INCLAIM,0.0
NI02PPUBLQS2013,RA_LIC_RELEASE_PY,0.0
NI02PPUBLQS2013,RA_LIC_DEREC,0.0
NI02PPUBLQS2013,RA_LIC_TASSCHG_PY,0.0
NI02PPUBLQS2013,RA_LIC_FASSCHG_PY,0.0
NI02PPUBLQS2013,RA_LIC_CLO,0.0
NI02PPUBLQS2014,PVFC_LIC_UNWIND,0.0
NI02PPUBLQS2014,PVFC_LIC_EXP_CLAIM_CF_CY,0.0
NI02PPUBLQS2014,PVFC_LIC_EXP_ATTEXP_CY,0.0
NI02PPUBLQS2014,PVFC_LIC_EXP_CLAIM_CF_PY,0.0
NI02PPUBLQS2014,PVFC_LIC_EXP_ATTEXP_PY,0.0
NI02PPUBLQS2014,RA_LIC_OP,0.0
NI02PPUBLQS2014,RA_LIC_UNWIND,0.0
NI02PPUBLQS2014,RA_LIC_INCLAIM,0.0
NI02PPUBLQS2014,RA_LIC_RELEASE_PY,0.0
NI02PPUBLQS2014,RA_LIC_DEREC,0.0
NI02PPUBLQS2014,RA_LIC_TASSCHG_PY,0.0
NI02PPUBLQS2014,RA_LIC_FASSCHG_PY,0.0
NI02PPUBLQS2014,RA_LIC_CLO,0.0
NI02PPUBLQS2015,PVFC_LIC_UNWIND,0.0
NI02PPUBLQS2015,PVFC_LIC_EXP_CLAIM_CF_CY,0.0
NI02PPUBLQS2015,PVFC_LIC_EXP_ATTEXP_CY,0.0
NI02PPUBLQS2015,PVFC_LIC_EXP_CLAIM_CF_PY,0.0
NI02PPUBLQS2015,PVFC_LIC_EXP_ATTEXP_PY,0.0
NI02PPUBLQS2015,RA_LIC_OP,0.0
NI02PPUBLQS2015,RA_LIC_UNWIND,0.0
NI02PPUBLQS2015,RA_LIC_INCLAIM,0.0
NI02PPUBLQS2015,RA_LIC_RELEASE_PY,0.0
NI02PPUBLQS2015,RA_LIC_DEREC,0.0
NI02PPUBLQS2015,RA_LIC_TASSCHG_PY,0.0
NI02PPUBLQS2015,RA_LIC_FASSCHG_PY,0.0
NI02PPUBLQS2015,RA_LIC_CLO,0.0
NI02PPUBLQS2016,PVFC_LIC_UNWIND,0.0
NI02PPUBLQS2016,PVFC_LIC_EXP_CLAIM_CF_CY,0.0
NI02PPUBLQS2016,PVFC_LIC_EXP_ATTEXP_CY,0.0
NI02PPUBLQS2016,PVFC_LIC_EXP_CLAIM_CF_PY,0.0
NI02PPUBLQS2016,PVFC_LIC_EXP_ATTEXP_PY,0.0
NI02PPUBLQS2016,RA_LIC_OP,0.0
NI02PPUBLQS2016,RA_LIC_UNWIND,0.0
NI02PPUBLQS2016,RA_LIC_INCLAIM,0.0
NI02PPUBLQS2016,RA_LIC_RELEASE_PY,0.0
NI02PPUBLQS2016,RA_LIC_DEREC,0.0
NI02PPUBLQS2016,RA_LIC_TASSCHG_PY,0.0
NI02PPUBLQS2016,RA_LIC_FASSCHG_PY,0.0
NI02PPUBLQS2016,RA_LIC_CLO,0.0
NI02PPUBLQS2017,PVFC_LIC_UNWIND,0.0
NI02PPUBLQS2017,PVFC_LIC_EXP_CLAIM_CF_CY,0.0
NI02PPUBLQS2017,PVFC_LIC_EXP_ATTEXP_CY,0.0
NI02PPUBLQS2017,PVFC_LIC_EXP_CLAIM_CF_PY,7.196524370046588
NI02PPUBLQS2017,PVFC_LIC_EXP_ATTEXP_PY,0.0
NI02PPUBLQS2017,RA_LIC_OP,-0.15684045248365597
NI02PPUBLQS2017,RA_LIC_UNWIND,-0.0018743375919719975
NI02PPUBLQS2017,RA_LIC_INCLAIM,-0.035374840618682714
NI02PPUBLQS2017,RA_LIC_RELEASE_PY,0.14811794205075698
NI02PPUBLQS2017,RA_LIC_DEREC,0.0
NI02PPUBLQS2017,RA_LIC_TASSCHG_PY,-0.14368704468483146
NI02PPUBLQS2017,RA_LIC_FASSCHG_PY,0.0
NI02PPUBLQS2017,RA_LIC_CLO,-0.1896587333283852
NI02PPUBLQS2018,PVFC_LIC_UNWIND,0.0
NI02PPUBLQS2018,PVFC_LIC_EXP_CLAIM_CF_CY,0.0
NI02PPUBLQS2018,PVFC_LIC_EXP_ATTEXP_CY,0.0
NI02PPUBLQS2018,PVFC_LIC_EXP_CLAIM_CF_PY,14.042158916676636
NI02PPUBLQS2018,PVFC_LIC_EXP_ATTEXP_PY,0.0
NI02PPUBLQS2018,RA_LIC_OP,-0.3060650611379906
NI02PPUBLQS2018,RA_LIC_UNWIND,-0.0036576612767673846
NI02PPUBLQS2018,RA_LIC_INCLAIM,-0.06903195307876364
NI02PPUBLQS2018,RA_LIC_RELEASE_PY,0.28904358710723826
NI02PPUBLQS2018,RA_LIC_DEREC,0.0
NI02PPUBLQS2018,RA_LIC_TASSCHG_PY,-0.28039694746980487
NI02PPUBLQS2018,RA_LIC_FASSCHG_PY,0.0
NI02PPUBLQS2018,RA_LIC_CLO,-0.3701080358560882
NI02PPUBLQS2019,PVFC_LIC_UNWIND,0.0
NI02PPUBLQS2019,PVFC_LIC_EXP_CLAIM_CF_CY,0.0
NI02PPUBLQS2019,PVFC_LIC_EXP_ATTEXP_CY,0.0
NI02PPUBLQS2019,PVFC_LIC_EXP_CLAIM_CF_PY,193.8067836049597
NI02PPUBLQS2019,PVFC_LIC_EXP_ATTEXP_PY,0.0
NI02PPUBLQS2019,RA_LIC_OP,-4.233871695426856
NI02PPUBLQS2019,RA_LIC_UNWIND,-0.05059730925700904
NI02PPUBLQS2019,RA_LIC_INCLAIM,-0.9549356307887755
NI02PPUBLQS2019,RA_LIC_RELEASE_PY,3.9984095461528035
NI02PPUBLQS2019,RA_LIC_DEREC,0.0
NI02PPUBLQS2019,RA_LIC_TASSCHG_PY,-3.8787984978176255
NI02PPUBLQS2019,RA_LIC_FASSCHG_PY,0.0
NI02PPUBLQS2019,RA_LIC_CLO,-5.119793587137463
NI02PPUBLQS2020,PVFC_LIC_UNWIND,0.0
NI02PPUBLQS2020,PVFC_LIC_EXP_CLAIM_CF_CY,0.0
NI02PPUBLQS2020,PVFC_LIC_EXP_ATTEXP_CY,0.0
NI02PPUBLQS2020,PVFC_LIC_EXP_CLAIM_CF_PY,1130.9889493774963
NI02PPUBLQS2020,PVFC_LIC_EXP_ATTEXP_PY,0.0
NI02PPUBLQS2020,RA_LIC_OP,-24.852942040410543
NI02PPUBLQS2020,RA_LIC_UNWIND,-0.2970075819074611
NI02PPUBLQS2020,RA_LIC_INCLAIM,-5.6054981330565745
NI02PPUBLQS2020,RA_LIC_RELEASE_PY,23.470772818102883
NI02PPUBLQS2020,RA_LIC_DEREC,0.0
NI02PPUBLQS2020,RA_LIC_TASSCHG_PY,-22.768652710193663
NI02PPUBLQS2020,RA_LIC_FASSCHG_PY,0.0
NI02PPUBLQS2020,RA_LIC_CLO,-30.053327647465355
NI02PPUBLQS2021,PVFC_LIC_UNWIND,0.0
NI02PPUBLQS2021,PVFC_LIC_EXP_CLAIM_CF_CY,0.0
NI02PPUBLQS2021,PVFC_LIC_EXP_ATTEXP_CY,0.0
NI02PPUBLQS2021,PVFC_LIC_EXP_CLAIM_CF_PY,5930.919673282891
NI02PPUBLQS2021,PVFC_LIC_EXP_ATTEXP_PY,0.0
NI02PPUBLQS2021,RA_LIC_OP,-132.62181006325997
NI02PPUBLQS2021,RA_LIC_UNWIND,-1.5849102714291274
NI02PPUBLQS2021,RA_LIC_INCLAIM,-29.91240664801016
NI02PPUBLQS2021,RA_LIC_RELEASE_PY,125.24619297220826
NI02PPUBLQS2021,RA_LIC_DEREC,0.0
NI02PPUBLQS2021,RA_LIC_TASSCHG_PY,-121.49949612475551
NI02PPUBLQS2021,RA_LIC_FASSCHG_PY,0.0
NI02PPUBLQS2021,RA_LIC_CLO,-160.37243013524647
NI02PPUBLQS2022,PVFC_LIC_UNWIND,0.0
NI02PPUBLQS2022,PVFC_LIC_EXP_CLAIM_CF_CY,0.0
NI02PPUBLQS2022,PVFC_LIC_EXP_ATTEXP_CY,0.0
NI02PPUBLQS2022,PVFC_LIC_EXP_CLAIM_CF_PY,1417.7944113733363
NI02PPUBLQS2022,PVFC_LIC_EXP_ATTEXP_PY,0.0
NI02PPUBLQS2022,RA_LIC_OP,-32.86776023638224
NI02PPUBLQS2022,RA_LIC_UNWIND,-0.3927894723549934
NI02PPUBLQS2022,RA_LIC_INCLAIM,-7.413213628520108
NI02PPUBLQS2022,RA_LIC_RELEASE_PY,31.039855655465885
NI02PPUBLQS2022,RA_LIC_DEREC,0.0
NI02PPUBLQS2022,RA_LIC_TASSCHG_PY,-30.111309034048595
NI02PPUBLQS2022,RA_LIC_FASSCHG_PY,0.0
NI02PPUBLQS2022,RA_LIC_CLO,-39.74521671584003
NI02PPUBLQS2023,PVFC_LIC_UNWIND,0.0
NI02PPUBLQS2023,PVFC_LIC_EXP_CLAIM_CF_CY,0.0
NI02PPUBLQS2023,PVFC_LIC_EXP_ATTEXP_CY,0.0
NI02PPUBLQS2023,PVFC_LIC_EXP_CLAIM_CF_PY,1915.0951481871596
NI02PPUBLQS2023,PVFC_LIC_EXP_ATTEXP_PY,0.0
NI02PPUBLQS2023,RA_LIC_OP,-52.31125853510751
NI02PPUBLQS2023,RA_LIC_UNWIND,-0.6251509531058991
NI02PPUBLQS2023,RA_LIC_INCLAIM,-11.79862977910607
NI02PPUBLQS2023,RA_LIC_RELEASE_PY,49.402025036319316
NI02PPUBLQS2023,RA_LIC_DEREC,0.0
NI02PPUBLQS2023,RA_LIC_TASSCHG_PY,-47.9241804242884
NI02PPUBLQS2023,RA_LIC_FASSCHG_PY,0.0
NI02PPUBLQS2023,RA_LIC_CLO,-63.257194655288586
NI02PPUBLQS2024,PVFC_LIC_UNWIND,0.0
NI02PPUBLQS2024,PVFC_LIC_EXP_CLAIM_CF_CY,0.0
NI02PPUBLQS2024,PVFC_LIC_EXP_ATTEXP_CY,0.0
NI02PPUBLQS2024,PVFC_LIC_EXP_CLAIM_CF_PY,0.0
NI02PPUBLQS2024,PVFC_LIC_EXP_ATTEXP_PY,0.0
NI02PPUBLQS2024,RA_LIC_OP,0.0
NI02PPUBLQS2024,RA_LIC_UNWIND,0.0
NI02PPUBLQS2024,RA_LIC_INCLAIM,0.0
NI02PPUBLQS2024,RA_LIC_RELEASE_PY,0.0
NI02PPUBLQS2024,RA_LIC_DEREC,0.0
NI02PPUBLQS2024,RA_LIC_TASSCHG_PY,0.0
NI02PPUBLQS2024,RA_LIC_FASSCHG_PY,0.0
NI02PPUBLQS2024,RA_LIC_CLO,0.0
NI02PPUBLQS2012,RA_LIC_RELEASE_CY,0.0
NI02PPUBLQS2013,RA_LIC_RELEASE_CY,0.0
NI02PPUBLQS2014,RA_LIC_RELEASE_CY,0.0
NI02PPUBLQS2015,RA_LIC_RELEASE_CY,0.0
NI02PPUBLQS2016,RA_LIC_RELEASE_CY,0.0
NI02PPUBLQS2017,RA_LIC_RELEASE_CY,0.0
NI02PPUBLQS2018,RA_LIC_RELEASE_CY,0.0
NI02PPUBLQS2019,RA_LIC_RELEASE_CY,0.0
NI02PPUBLQS2020,RA_LIC_RELEASE_CY,0.0
NI02PPUBLQS2021,RA_LIC_RELEASE_CY,0.0
NI02PPUBLQS2022,RA_LIC_RELEASE_CY,0.0
NI02PPUBLQS2023,RA_LIC_RELEASE_CY,0.0
NI02PPUBLQS2024,RA_LIC_RELEASE_CY,0.0
NI02PPUBLQS2012,RA_LIC_FEXPVAR_CY,0.0
NI02PPUBLQS2013,RA_LIC_FEXPVAR_CY,0.0
NI02PPUBLQS2014,RA_LIC_FEXPVAR_CY,0.0
NI02PPUBLQS2015,RA_LIC_FEXPVAR_CY,0.0
NI02PPUBLQS2016,RA_LIC_FEXPVAR_CY,0.0
NI02PPUBLQS2017,RA_LIC_FEXPVAR_CY,0.0
NI02PPUBLQS2018,RA_LIC_FEXPVAR_CY,0.0
NI02PPUBLQS2019,RA_LIC_FEXPVAR_CY,0.0
NI02PPUBLQS2020,RA_LIC_FEXPVAR_CY,0.0
NI02PPUBLQS2021,RA_LIC_FEXPVAR_CY,0.0
NI02PPUBLQS2022,RA_LIC_FEXPVAR_CY,0.0
NI02PPUBLQS2023,RA_LIC_FEXPVAR_CY,0.0
NI02PPUBLQS2024,RA_LIC_FEXPVAR_CY,0.0
NI02PPUBLQS2012,DA_LIC_OP,0.0
NI02PPUBLQS2013,DA_LIC_OP,0.0
NI02PPUBLQS2014,DA_LIC_OP,0.0
NI02PPUBLQS2015,DA_LIC_OP,0.0
NI02PPUBLQS2016,DA_LIC_OP,0.023033592076770738
NI02PPUBLQS2017,DA_LIC_OP,0.04494872117216707
NI02PPUBLQS2018,DA_LIC_OP,0.6217864842490834
NI02PPUBLQS2019,DA_LIC_OP,3.6499035790916032
NI02PPUBLQS2020,DA_LIC_OP,19.476841752917203
NI02PPUBLQS2021,DA_LIC_OP,4.826959944156155
NI02PPUBLQS2022,DA_LIC_OP,7.682432504112544
NI02PPUBLQS2023,DA_LIC_OP,0.0
NI02PPUBLQS2024,DA_LIC_OP,0.0
NI02PPUBLQS2012,DA_LIC_INCLAIM_INCEXP,0.0
NI02PPUBLQS2013,DA_LIC_INCLAIM_INCEXP,0.0
NI02PPUBLQS2014,DA_LIC_INCLAIM_INCEXP,0.0
NI02PPUBLQS2015,DA_LIC_INCLAIM_INCEXP,0.0
NI02PPUBLQS2016,DA_LIC_INCLAIM_INCEXP,0.005532336811482921
NI02PPUBLQS2017,DA_LIC_INCLAIM_INCEXP,0.010796034936324396
NI02PPUBLQS2018,DA_LIC_INCLAIM_INCEXP,0.1493441511088887
NI02PPUBLQS2019,DA_LIC_INCLAIM_INCEXP,0.8766542301205281
NI02PPUBLQS2020,DA_LIC_INCLAIM_INCEXP,4.67805665056295
NI02PPUBLQS2021,DA_LIC_INCLAIM_INCEXP,1.1593662029614507
NI02PPUBLQS2022,DA_LIC_INCLAIM_INCEXP,1.8452095531854809
NI02PPUBLQS2023,DA_LIC_INCLAIM_INCEXP,0.0
NI02PPUBLQS2024,DA_LIC_INCLAIM_INCEXP,0.0
NI02PPUBLQS2012,DA_LIC_CHG,0.0
NI02PPUBLQS2013,DA_LIC_CHG,0.0
NI02PPUBLQS2014,DA_LIC_CHG,0.0
NI02PPUBLQS2015,DA_LIC_CHG,0.0
NI02PPUBLQS2016,DA_LIC_CHG,0.0010951515197722185
NI02PPUBLQS2017,DA_LIC_CHG,0.0021371247758251444
NI02PPUBLQS2018,DA_LIC_CHG,0.029563361673229586
NI02PPUBLQS2019,DA_LIC_CHG,0.17353773733343938
NI02PPUBLQS2020,DA_LIC_CHG,0.9260428323544715
NI02PPUBLQS2021,DA_LIC_CHG,0.2295018727909746
NI02PPUBLQS2022,DA_LIC_CHG,0.36526771874679703
NI02PPUBLQS2023,DA_LIC_CHG,0.0
NI02PPUBLQS2024,DA_LIC_CHG,0.0
NI02PPUBLQS2012,DA_LIC_CLO,0.0
NI02PPUBLQS2013,DA_LIC_CLO,0.0
NI02PPUBLQS2014,DA_LIC_CLO,0.0
NI02PPUBLQS2015,DA_LIC_CLO,0.0
NI02PPUBLQS2016,DA_LIC_CLO,0.02966108040802588
NI02PPUBLQS2017,DA_LIC_CLO,0.05788188088431661
NI02PPUBLQS2018,DA_LIC_CLO,0.8006939970312019
NI02PPUBLQS2019,DA_LIC_CLO,4.700095546545572
NI02PPUBLQS2020,DA_LIC_CLO,25.08094123583463
NI02PPUBLQS2021,DA_LIC_CLO,6.21582801990858
NI02PPUBLQS2022,DA_LIC_CLO,9.892909776044824
NI02PPUBLQS2023,DA_LIC_CLO,0.0
NI02PPUBLQS2024,DA_LIC_CLO,0.0
NI02PPUBLST2012,PVFC_LIC_UNWIND,0.0
NI02PPUBLST2012,PVFC_LIC_EXP_CLAIM_CF_CY,0.0
NI02PPUBLST2012,PVFC_LIC_EXP_ATTEXP_CY,0.0
NI02PPUBLST2012,PVFC_LIC_EXP_CLAIM_CF_PY,0.0
NI02PPUBLST2012,PVFC_LIC_EXP_ATTEXP_PY,0.0
NI02PPUBLST2012,RA_LIC_OP,0.0
NI02PPUBLST2012,RA_LIC_UNWIND,0.0
NI02PPUBLST2012,RA_LIC_INCLAIM,0.0
NI02PPUBLST2012,RA_LIC_RELEASE_PY,0.0
NI02PPUBLST2012,RA_LIC_DEREC,0.0
NI02PPUBLST2012,RA_LIC_TASSCHG_PY,0.0
NI02PPUBLST2012,RA_LIC_FASSCHG_PY,0.0
NI02PPUBLST2012,RA_LIC_CLO,0.0
NI02PPUBLST2013,PVFC_LIC_UNWIND,0.0
NI02PPUBLST2013,PVFC_LIC_EXP_CLAIM_CF_CY,0.0
NI02PPUBLST2013,PVFC_LIC_EXP_ATTEXP_CY,0.0
NI02PPUBLST2013,PVFC_LIC_EXP_CLAIM_CF_PY,0.0
NI02PPUBLST2013,PVFC_LIC_EXP_ATTEXP_PY,0.0
NI02PPUBLST2013,RA_LIC_OP,0.0
NI02PPUBLST2013,RA_LIC_UNWIND,0.0
NI02PPUBLST2013,RA_LIC_INCLAIM,0.0
NI02PPUBLST2013,RA_LIC_RELEASE_PY,0.0
NI02PPUBLST2013,RA_LIC_DEREC,0.0
NI02PPUBLST2013,RA_LIC_TASSCHG_PY,0.0
NI02PPUBLST2013,RA_LIC_FASSCHG_PY,0.0
NI02PPUBLST2013,RA_LIC_CLO,0.0
NI02PPUBLST2014,PVFC_LIC_UNWIND,0.0
NI02PPUBLST2014,PVFC_LIC_EXP_CLAIM_CF_CY,0.0
NI02PPUBLST2014,PVFC_LIC_EXP_ATTEXP_CY,0.0
NI02PPUBLST2014,PVFC_LIC_EXP_CLAIM_CF_PY,0.0
NI02PPUBLST2014,PVFC_LIC_EXP_ATTEXP_PY,0.0
NI02PPUBLST2014,RA_LIC_OP,0.0
NI02PPUBLST2014,RA_LIC_UNWIND,0.0
NI02PPUBLST2014,RA_LIC_INCLAIM,0.0
NI02PPUBLST2014,RA_LIC_RELEASE_PY,0.0
NI02PPUBLST2014,RA_LIC_DEREC,0.0
NI02PPUBLST2014,RA_LIC_TASSCHG_PY,0.0
NI02PPUBLST2014,RA_LIC_FASSCHG_PY,0.0
NI02PPUBLST2014,RA_LIC_CLO,0.0
NI02PPUBLST2015,PVFC_LIC_UNWIND,0.0
NI02PPUBLST2015,PVFC_LIC_EXP_CLAIM_CF_CY,0.0
NI02PPUBLST2015,PVFC_LIC_EXP_ATTEXP_CY,0.0
NI02PPUBLST2015,PVFC_LIC_EXP_CLAIM_CF_PY,0.0
NI02PPUBLST2015,PVFC_LIC_EXP_ATTEXP_PY,0.0
NI02PPUBLST2015,RA_LIC_OP,0.0
NI02PPUBLST2015,RA_LIC_UNWIND,0.0
NI02PPUBLST2015,RA_LIC_INCLAIM,0.0
NI02PPUBLST2015,RA_LIC_RELEASE_PY,0.0
NI02PPUBLST2015,RA_LIC_DEREC,0.0
NI02PPUBLST2015,RA_LIC_TASSCHG_PY,0.0
NI02PPUBLST2015,RA_LIC_FASSCHG_PY,0.0
NI02PPUBLST2015,RA_LIC_CLO,0.0
NI02PPUBLST2016,PVFC_LIC_UNWIND,0.0
NI02PPUBLST2016,PVFC_LIC_EXP_CLAIM_CF_CY,0.0
NI02PPUBLST2016,PVFC_LIC_EXP_ATTEXP_CY,0.0
NI02PPUBLST2016,PVFC_LIC_EXP_CLAIM_CF_PY,0.0
NI02PPUBLST2016,PVFC_LIC_EXP_ATTEXP_PY,0.0
NI02PPUBLST2016,RA_LIC_OP,0.0
NI02PPUBLST2016,RA_LIC_UNWIND,0.0
NI02PPUBLST2016,RA_LIC_INCLAIM,0.0
NI02PPUBLST2016,RA_LIC_RELEASE_PY,0.0
NI02PPUBLST2016,RA_LIC_DEREC,0.0
NI02PPUBLST2016,RA_LIC_TASSCHG_PY,0.0
NI02PPUBLST2016,RA_LIC_FASSCHG_PY,0.0
NI02PPUBLST2016,RA_LIC_CLO,0.0
NI02PPUBLST2017,PVFC_LIC_UNWIND,0.0
NI02PPUBLST2017,PVFC_LIC_EXP_CLAIM_CF_CY,0.0
NI02PPUBLST2017,PVFC_LIC_EXP_ATTEXP_CY,0.0
NI02PPUBLST2017,PVFC_LIC_EXP_CLAIM_CF_PY,10.017990987643367
NI02PPUBLST2017,PVFC_LIC_EXP_ATTEXP_PY,0.0
NI02PPUBLST2017,RA_LIC_OP,-0.21833126085405055
NI02PPUBLST2017,RA_LIC_UNWIND,-0.002609189678052289
NI02PPUBLST2017,RA_LIC_INCLAIM,-0.04924388722732695
NI02PPUBLST2017,RA_LIC_RELEASE_PY,0.2061890062859831
NI02PPUBLST2017,RA_LIC_DEREC,0.0
NI02PPUBLST2017,RA_LIC_TASSCHG_PY,-0.2000209329777388
NI02PPUBLST2017,RA_LIC_FASSCHG_PY,0.0
NI02PPUBLST2017,RA_LIC_CLO,-0.2640162644511855
NI02PPUBLST2018,PVFC_LIC_UNWIND,0.0
NI02PPUBLST2018,PVFC_LIC_EXP_CLAIM_CF_CY,0.0
NI02PPUBLST2018,PVFC_LIC_EXP_ATTEXP_CY,0.0
NI02PPUBLST2018,PVFC_LIC_EXP_CLAIM_CF_PY,19.547522420661487
NI02PPUBLST2018,PVFC_LIC_EXP_ATTEXP_PY,0.0
NI02PPUBLST2018,RA_LIC_OP,-0.4260608130328691
NI02PPUBLST2018,RA_LIC_UNWIND,-0.005091682570967503
NI02PPUBLST2018,RA_LIC_INCLAIM,-0.09609659444507622
NI02PPUBLST2018,RA_LIC_RELEASE_PY,0.40236590634343644
NI02PPUBLST2018,RA_LIC_DEREC,0.0
NI02PPUBLST2018,RA_LIC_TASSCHG_PY,-0.3903292684461561
NI02PPUBLST2018,RA_LIC_FASSCHG_PY,0.0
NI02PPUBLST2018,RA_LIC_CLO,-0.5152124521516324
NI02PPUBLST2019,PVFC_LIC_UNWIND,0.0
NI02PPUBLST2019,PVFC_LIC_EXP_CLAIM_CF_CY,0.0
NI02PPUBLST2019,PVFC_LIC_EXP_ATTEXP_CY,0.0
NI02PPUBLST2019,PVFC_LIC_EXP_CLAIM_CF_PY,269.79059774740495
NI02PPUBLST2019,PVFC_LIC_EXP_ATTEXP_PY,0.0
NI02PPUBLST2019,RA_LIC_OP,-5.8938018280274385
NI02PPUBLST2019,RA_LIC_UNWIND,-0.07043447115186487
NI02PPUBLST2019,RA_LIC_INCLAIM,-1.3293273323494028
NI02PPUBLST2019,RA_LIC_RELEASE_PY,5.566024477730866
NI02PPUBLST2019,RA_LIC_DEREC,0.0
NI02PPUBLST2019,RA_LIC_TASSCHG_PY,-5.3995187671087
NI02PPUBLST2019,RA_LIC_FASSCHG_PY,0.0
NI02PPUBLST2019,RA_LIC_CLO,-7.127057920906539
NI02PPUBLST2020,PVFC_LIC_UNWIND,0.0
NI02PPUBLST2020,PVFC_LIC_EXP_CLAIM_CF_CY,0.0
NI02PPUBLST2020,PVFC_LIC_EXP_ATTEXP_CY,0.0
NI02PPUBLST2020,PVFC_LIC_EXP_CLAIM_CF_PY,1574.4040483134852
NI02PPUBLST2020,PVFC_LIC_EXP_ATTEXP_PY,0.0
NI02PPUBLST2020,RA_LIC_OP,-34.59677707943952
NI02PPUBLST2020,RA_LIC_UNWIND,-0.413452261927314
NI02PPUBLST2020,RA_LIC_INCLAIM,-7.803187607054404
NI02PPUBLST2020,RA_LIC_RELEASE_PY,32.67271511556869
NI02PPUBLST2020,RA_LIC_DEREC,0.0
NI02PPUBLST2020,RA_LIC_TASSCHG_PY,-31.695322064201594
NI02PPUBLST2020,RA_LIC_FASSCHG_PY,0.0
NI02PPUBLST2020,RA_LIC_CLO,-41.836023897054126
NI02PPUBLST2021,PVFC_LIC_UNWIND,0.0
NI02PPUBLST2021,PVFC_LIC_EXP_CLAIM_CF_CY,0.0
NI02PPUBLST2021,PVFC_LIC_EXP_ATTEXP_CY,0.0
NI02PPUBLST2021,PVFC_LIC_EXP_CLAIM_CF_PY,8256.193793032362
NI02PPUBLST2021,PVFC_LIC_EXP_ATTEXP_PY,0.0
NI02PPUBLST2021,RA_LIC_OP,-184.61746666329816
NI02PPUBLST2021,RA_LIC_UNWIND,-2.206289591887838
NI02PPUBLST2021,RA_LIC_INCLAIM,-41.639853463950644
NI02PPUBLST2021,RA_LIC_RELEASE_PY,174.35016793031474
NI02PPUBLST2021,RA_LIC_DEREC,0.0
NI02PPUBLST2021,RA_LIC_TASSCHG_PY,-169.13454253655684
NI02PPUBLST2021,RA_LIC_FASSCHG_PY,0.0
NI02PPUBLST2021,RA_LIC_CLO,-223.24798432537875
NI02PPUBLST2022,PVFC_LIC_UNWIND,0.0
NI02PPUBLST2022,PVFC_LIC_EXP_CLAIM_CF_CY,0.0
NI02PPUBLST2022,PVFC_LIC_EXP_ATTEXP_CY,0.0
NI02PPUBLST2022,PVFC_LIC_EXP_CLAIM_CF_PY,1973.6543510624242
NI02PPUBLST2022,PVFC_LIC_EXP_ATTEXP_PY,0.0
NI02PPUBLST2022,RA_LIC_OP,-45.753881860330395
NI02PPUBLST2022,RA_LIC_UNWIND,-0.5467863640498147
NI02PPUBLST2022,RA_LIC_INCLAIM,-10.319635354685628
NI02PPUBLST2022,RA_LIC_RELEASE_PY,43.20932970205384
NI02PPUBLST2022,RA_LIC_DEREC,0.0
NI02PPUBLST2022,RA_LIC_TASSCHG_PY,-41.91673744409075
NI02PPUBLST2022,RA_LIC_FASSCHG_PY,0.0
NI02PPUBLST2022,RA_LIC_CLO,-55.32771132110275
NI02PPUBLST2023,PVFC_LIC_UNWIND,0.0
NI02PPUBLST2023,PVFC_LIC_EXP_CLAIM_CF_CY,0.0
NI02PPUBLST2023,PVFC_LIC_EXP_ATTEXP_CY,0.0
NI02PPUBLST2023,PVFC_LIC_EXP_CLAIM_CF_PY,2665.926626313123
NI02PPUBLST2023,PVFC_LIC_EXP_ATTEXP_PY,0.0
NI02PPUBLST2023,RA_LIC_OP,-72.82039073447847
NI02PPUBLST2023,RA_LIC_UNWIND,-0.8702473988969812
NI02PPUBLST2023,RA_LIC_INCLAIM,-16.42439609953828
NI02PPUBLST2023,RA_LIC_RELEASE_PY,68.77056425252887
NI02PPUBLST2023,RA_LIC_DEREC,0.0
NI02PPUBLST2023,RA_LIC_TASSCHG_PY,-66.71331644189351
NI02PPUBLST2023,RA_LIC_FASSCHG_PY,0.0
NI02PPUBLST2023,RA_LIC_CLO,-88.05778642227837
NI02PPUBLST2024,PVFC_LIC_UNWIND,0.0
NI02PPUBLST2024,PVFC_LIC_EXP_CLAIM_CF_CY,0.0
NI02PPUBLST2024,PVFC_LIC_EXP_ATTEXP_CY,0.0
NI02PPUBLST2024,PVFC_LIC_EXP_CLAIM_CF_PY,0.0
NI02PPUBLST2024,PVFC_LIC_EXP_ATTEXP_PY,0.0
NI02PPUBLST2024,RA_LIC_OP,0.0
NI02PPUBLST2024,RA_LIC_UNWIND,0.0
NI02PPUBLST2024,RA_LIC_INCLAIM,0.0
NI02PPUBLST2024,RA_LIC_RELEASE_PY,0.0
NI02PPUBLST2024,RA_LIC_DEREC,0.0
NI02PPUBLST2024,RA_LIC_TASSCHG_PY,0.0
NI02PPUBLST2024,RA_LIC_FASSCHG_PY,0.0
NI02PPUBLST2024,RA_LIC_CLO,0.0
NI02PPUBLST2012,RA_LIC_RELEASE_CY,0.0
NI02PPUBLST2013,RA_LIC_RELEASE_CY,0.0
NI02PPUBLST2014,RA_LIC_RELEASE_CY,0.0
NI02PPUBLST2015,RA_LIC_RELEASE_CY,0.0
NI02PPUBLST2016,RA_LIC_RELEASE_CY,0.0
NI02PPUBLST2017,RA_LIC_RELEASE_CY,0.0
NI02PPUBLST2018,RA_LIC_RELEASE_CY,0.0
NI02PPUBLST2019,RA_LIC_RELEASE_CY,0.0
NI02PPUBLST2020,RA_LIC_RELEASE_CY,0.0
NI02PPUBLST2021,RA_LIC_RELEASE_CY,0.0
NI02PPUBLST2022,RA_LIC_RELEASE_CY,0.0
NI02PPUBLST2023,RA_LIC_RELEASE_CY,0.0
NI02PPUBLST2024,RA_LIC_RELEASE_CY,0.0
NI02PPUBLST2012,RA_LIC_FEXPVAR_CY,0.0
NI02PPUBLST2013,RA_LIC_FEXPVAR_CY,0.0
NI02PPUBLST2014,RA_LIC_FEXPVAR_CY,0.0
NI02PPUBLST2015,RA_LIC_FEXPVAR_CY,0.0
NI02PPUBLST2016,RA_LIC_FEXPVAR_CY,0.0
NI02PPUBLST2017,RA_LIC_FEXPVAR_CY,0.0
NI02PPUBLST2018,RA_LIC_FEXPVAR_CY,0.0
NI02PPUBLST2019,RA_LIC_FEXPVAR_CY,0.0
NI02PPUBLST2020,RA_LIC_FEXPVAR_CY,0.0
NI02PPUBLST2021,RA_LIC_FEXPVAR_CY,0.0
NI02PPUBLST2022,RA_LIC_FEXPVAR_CY,0.0
NI02PPUBLST2023,RA_LIC_FEXPVAR_CY,0.0
NI02PPUBLST2024,RA_LIC_FEXPVAR_CY,0.0
NI02PPUBLST2012,DA_LIC_OP,0.0
NI02PPUBLST2013,DA_LIC_OP,0.0
NI02PPUBLST2014,DA_LIC_OP,0.0
NI02PPUBLST2015,DA_LIC_OP,0.0
NI02PPUBLST2016,DA_LIC_OP,0.03206413345844739
NI02PPUBLST2017,DA_LIC_OP,0.06257129976285333
NI02PPUBLST2018,DA_LIC_OP,0.8655638576550045
NI02PPUBLST2019,DA_LIC_OP,5.080883393280338
NI02PPUBLST2020,DA_LIC_OP,27.11292495035594
NI02PPUBLST2021,DA_LIC_OP,6.719416030819172
NI02PPUBLST2022,DA_LIC_OP,10.694404080629786
NI02PPUBLST2023,DA_LIC_OP,0.0
NI02PPUBLST2024,DA_LIC_OP,0.0
NI02PPUBLST2012,DA_LIC_INCLAIM_INCEXP,0.0
NI02PPUBLST2013,DA_LIC_INCLAIM_INCEXP,0.0
NI02PPUBLST2014,DA_LIC_INCLAIM_INCEXP,0.0
NI02PPUBLST2015,DA_LIC_INCLAIM_INCEXP,0.0
NI02PPUBLST2016,DA_LIC_INCLAIM_INCEXP,0.007701342685467034
NI02PPUBLST2017,DA_LIC_INCLAIM_INCEXP,0.015028724302601165
NI02PPUBLST2018,DA_LIC_INCLAIM_INCEXP,0.20789596240280794
NI02PPUBLST2019,DA_LIC_INCLAIM_INCEXP,1.2203549553977304
NI02PPUBLST2020,DA_LIC_INCLAIM_INCEXP,6.512133768362598
NI02PPUBLST2021,DA_LIC_INCLAIM_INCEXP,1.613906877184789
NI02PPUBLST2022,DA_LIC_INCLAIM_INCEXP,2.568641711416301
NI02PPUBLST2023,DA_LIC_INCLAIM_INCEXP,0.0
NI02PPUBLST2024,DA_LIC_INCLAIM_INCEXP,0.0
NI02PPUBLST2012,DA_LIC_CHG,0.0
NI02PPUBLST2013,DA_LIC_CHG,0.0
NI02PPUBLST2014,DA_LIC_CHG,0.0
NI02PPUBLST2015,DA_LIC_CHG,0.0
NI02PPUBLST2016,DA_LIC_CHG,0.0015245162096367585
NI02PPUBLST2017,DA_LIC_CHG,0.0029750051056308675
NI02PPUBLST2018,DA_LIC_CHG,0.04115396204861835
NI02PPUBLST2019,DA_LIC_CHG,0.24157487687506524
NI02PPUBLST2020,DA_LIC_CHG,1.289106834309066
NI02PPUBLST2021,DA_LIC_CHG,0.31948029007402146
NI02PPUBLST2022,DA_LIC_CHG,0.508474442150574
NI02PPUBLST2023,DA_LIC_CHG,0.0
NI02PPUBLST2024,DA_LIC_CHG,0.0
NI02PPUBLST2012,DA_LIC_CLO,0.0
NI02PPUBLST2013,DA_LIC_CLO,0.0
NI02PPUBLST2014,DA_LIC_CLO,0.0
NI02PPUBLST2015,DA_LIC_CLO,0.0
NI02PPUBLST2016,DA_LIC_CLO,0.041289992353551186
NI02PPUBLST2017,DA_LIC_CLO,0.08057502917108539
NI02PPUBLST2018,DA_LIC_CLO,1.114613782106431
NI02PPUBLST2019,DA_LIC_CLO,6.542813225553133
NI02PPUBLST2020,DA_LIC_CLO,34.91416555302761
NI02PPUBLST2021,DA_LIC_CLO,8.652803198077983
NI02PPUBLST2022,DA_LIC_CLO,13.771520234196661
NI02PPUBLST2023,DA_LIC_CLO,0.0
NI02PPUBLST2024,DA_LIC_CLO,0.0
