GOC_ID,STEP_ID,1,Unnamed: 4,Unnamed: 5,Unnamed: 6
NI02PPRIVSH2012,PVFC_LIC_UNWIND,0.0,0.0,0.0,0.0
NI02PPRIVSH2012,PVFC_LIC_EXP_CLAIM_CF_CY,0.0,0.0,0.0,0.0
NI02PPRIVSH2012,PVFC_LIC_EXP_ATTEXP_CY,0.0,0.0,0.0,0.0
NI02PPRIVSH2012,PVFC_LIC_EXP_CLAIM_CF_PY,-641.8437540000014,0.0,0.0,0.0
NI02PPRIVSH2012,PVFC_LIC_EXP_ATTEXP_PY,0.0,0.0,0.0,0.0
NI02PPRIVSH2012,RA_LIC_OP,0.0,0.0,0.0,0.0
NI02PPRIVSH2012,RA_LIC_UNWIND,0.0,0.0,0.0,0.0
NI02PPRIVSH2012,RA_LIC_INCLAIM,0.0,0.0,0.0,0.0
NI02PPRIVSH2012,RA_LIC_RELEASE_PY,0.0,0.0,0.0,0.0
NI02PPRIVSH2012,RA_LIC_DEREC,0.0,0.0,0.0,0.0
NI02PPRIVSH2012,RA_LIC_TASSCHG_PY,0.0,0.0,0.0,0.0
NI02PPRIVSH2012,RA_LIC_FASSCHG_PY,0.0,0.0,0.0,0.0
NI02PPRIVSH2012,RA_LIC_CLO,0.0,0.0,0.0,0.0
NI02PPRIVSH2013,PVFC_LIC_UNWIND,0.0,0.0,0.0,0.0
NI02PPRIVSH2013,PVFC_LIC_EXP_CLAIM_CF_CY,0.0,0.0,0.0,0.0
NI02PPRIVSH2013,PVFC_LIC_EXP_ATTEXP_CY,0.0,0.0,0.0,0.0
NI02PPRIVSH2013,PVFC_LIC_EXP_CLAIM_CF_PY,-663.4800000000032,0.0,0.0,0.0
NI02PPRIVSH2013,PVFC_LIC_EXP_ATTEXP_PY,0.0,0.0,0.0,0.0
NI02PPRIVSH2013,RA_LIC_OP,16.54513540335624,0.0,0.0,0.0
NI02PPRIVSH2013,RA_LIC_UNWIND,0.4694525206853395,0.0,0.0,0.0
NI02PPRIVSH2013,RA_LIC_INCLAIM,6.535553698037892,0.0,0.0,0.0
NI02PPRIVSH2013,RA_LIC_RELEASE_PY,-15.344040244148998,0.0,0.0,0.0
NI02PPRIVSH2013,RA_LIC_DEREC,0.0,0.0,0.0,0.0
NI02PPRIVSH2013,RA_LIC_TASSCHG_PY,7.087575349609115,0.0,0.0,0.0
NI02PPRIVSH2013,RA_LIC_FASSCHG_PY,0.0,0.0,0.0,0.0
NI02PPRIVSH2013,RA_LIC_CLO,15.293676727539589,0.0,0.0,0.0
NI02PPRIVSH2014,PVFC_LIC_UNWIND,0.0,0.0,0.0,0.0
NI02PPRIVSH2014,PVFC_LIC_EXP_CLAIM_CF_CY,0.0,0.0,0.0,0.0
NI02PPRIVSH2014,PVFC_LIC_EXP_ATTEXP_CY,0.0,0.0,0.0,0.0
NI02PPRIVSH2014,PVFC_LIC_EXP_CLAIM_CF_PY,-2295.77534,0.0,0.0,0.0
NI02PPRIVSH2014,PVFC_LIC_EXP_ATTEXP_PY,0.0,0.0,0.0,0.0
NI02PPRIVSH2014,RA_LIC_OP,17.10286400546457,0.0,0.0,0.0
NI02PPRIVSH2014,RA_LIC_UNWIND,0.4852775406525351,0.0,0.0,0.0
NI02PPRIVSH2014,RA_LIC_INCLAIM,6.755864087717217,0.0,0.0,0.0
NI02PPRIVSH2014,RA_LIC_RELEASE_PY,-15.861280502837193,0.0,0.0,0.0
NI02PPRIVSH2014,RA_LIC_DEREC,0.0,0.0,0.0,0.0
NI02PPRIVSH2014,RA_LIC_TASSCHG_PY,7.32649412517097,0.0,0.0,0.0
NI02PPRIVSH2014,RA_LIC_FASSCHG_PY,0.0,0.0,0.0,0.0
NI02PPRIVSH2014,RA_LIC_CLO,15.809219256168102,0.0,0.0,0.0
NI02PPRIVSH2015,PVFC_LIC_UNWIND,0.0,0.0,0.0,0.0
NI02PPRIVSH2015,PVFC_LIC_EXP_CLAIM_CF_CY,0.0,0.0,0.0,0.0
NI02PPRIVSH2015,PVFC_LIC_EXP_ATTEXP_CY,0.0,0.0,0.0,0.0
NI02PPRIVSH2015,PVFC_LIC_EXP_CLAIM_CF_PY,-1022.7788880000007,0.0,0.0,0.0
NI02PPRIVSH2015,PVFC_LIC_EXP_ATTEXP_PY,0.0,0.0,0.0,0.0
NI02PPRIVSH2015,RA_LIC_OP,59.17937756544124,0.0,0.0,0.0
NI02PPRIVSH2015,RA_LIC_UNWIND,1.6791586948904729,0.0,0.0,0.0
NI02PPRIVSH2015,RA_LIC_INCLAIM,23.376659692790575,0.0,0.0,0.0
NI02PPRIVSH2015,RA_LIC_RELEASE_PY,-54.88324687893564,0.0,0.0,0.0
NI02PPRIVSH2015,RA_LIC_DEREC,0.0,0.0,0.0,0.0
NI02PPRIVSH2015,RA_LIC_TASSCHG_PY,25.35115533433153,0.0,0.0,0.0
NI02PPRIVSH2015,RA_LIC_FASSCHG_PY,0.0,0.0,0.0,0.0
NI02PPRIVSH2015,RA_LIC_CLO,54.7031044085182,0.0,0.0,0.0
NI02PPRIVSH2016,PVFC_LIC_UNWIND,0.0,0.0,0.0,0.0
NI02PPRIVSH2016,PVFC_LIC_EXP_CLAIM_CF_CY,0.0,0.0,0.0,0.0
NI02PPRIVSH2016,PVFC_LIC_EXP_ATTEXP_CY,0.0,0.0,0.0,0.0
NI02PPRIVSH2016,PVFC_LIC_EXP_CLAIM_CF_PY,-4736.910422999994,0.0,0.0,0.0
NI02PPRIVSH2016,PVFC_LIC_EXP_ATTEXP_PY,0.0,0.0,0.0,0.0
NI02PPRIVSH2016,RA_LIC_OP,26.36469558859976,0.0,0.0,0.0
NI02PPRIVSH2016,RA_LIC_UNWIND,0.7480732251160117,0.0,0.0,0.0
NI02PPRIVSH2016,RA_LIC_INCLAIM,10.414413635851126,0.0,0.0,0.0
NI02PPRIVSH2016,RA_LIC_RELEASE_PY,-24.45074883183789,0.0,0.0,0.0
NI02PPRIVSH2016,RA_LIC_DEREC,0.0,0.0,0.0,0.0
NI02PPRIVSH2016,RA_LIC_TASSCHG_PY,11.294060882439334,0.0,0.0,0.0
NI02PPRIVSH2016,RA_LIC_FASSCHG_PY,0.0,0.0,0.0,0.0
NI02PPRIVSH2016,RA_LIC_CLO,24.37049450016834,0.0,0.0,0.0
NI02PPRIVSH2017,PVFC_LIC_UNWIND,0.0,0.0,0.0,0.0
NI02PPRIVSH2017,PVFC_LIC_EXP_CLAIM_CF_CY,0.0,0.0,0.0,0.0
NI02PPRIVSH2017,PVFC_LIC_EXP_ATTEXP_CY,0.0,0.0,0.0,0.0
NI02PPRIVSH2017,PVFC_LIC_EXP_CLAIM_CF_PY,-42795.69188,0.0,0.0,0.0
NI02PPRIVSH2017,PVFC_LIC_EXP_ATTEXP_PY,0.0,0.0,0.0,0.0
NI02PPRIVSH2017,RA_LIC_OP,122.10576772568258,0.0,0.0,0.0
NI02PPRIVSH2017,RA_LIC_UNWIND,3.4646353173641673,0.0,0.0,0.0
NI02PPRIVSH2017,RA_LIC_INCLAIM,48.23344036516363,0.0,0.0,0.0
NI02PPRIVSH2017,RA_LIC_RELEASE_PY,-113.24149173451417,0.0,0.0,0.0
NI02PPRIVSH2017,RA_LIC_DEREC,0.0,0.0,0.0,0.0
NI02PPRIVSH2017,RA_LIC_TASSCHG_PY,52.30744918546196,0.0,0.0,0.0
NI02PPRIVSH2017,RA_LIC_FASSCHG_PY,0.0,0.0,0.0,0.0
NI02PPRIVSH2017,RA_LIC_CLO,112.86980085915818,0.0,0.0,0.0
NI02PPRIVSH2018,PVFC_LIC_UNWIND,0.0,0.0,0.0,0.0
NI02PPRIVSH2018,PVFC_LIC_EXP_CLAIM_CF_CY,0.0,0.0,0.0,0.0
NI02PPRIVSH2018,PVFC_LIC_EXP_ATTEXP_CY,0.0,0.0,0.0,0.0
NI02PPRIVSH2018,PVFC_LIC_EXP_CLAIM_CF_PY,-2771.1120171565854,0.0,0.0,0.0
NI02PPRIVSH2018,PVFC_LIC_EXP_ATTEXP_PY,0.0,0.0,0.0,0.0
NI02PPRIVSH2018,RA_LIC_OP,1103.1664831545797,0.0,0.0,0.0
NI02PPRIVSH2018,RA_LIC_UNWIND,31.301302384472713,0.0,0.0,0.0
NI02PPRIVSH2018,RA_LIC_INCLAIM,435.7657772368447,0.0,0.0,0.0
NI02PPRIVSH2018,RA_LIC_RELEASE_PY,-1023.0820419932303,0.0,0.0,0.0
NI02PPRIVSH2018,RA_LIC_DEREC,0.0,0.0,0.0,0.0
NI02PPRIVSH2018,RA_LIC_TASSCHG_PY,472.5724741385502,0.0,0.0,0.0
NI02PPRIVSH2018,RA_LIC_FASSCHG_PY,0.0,0.0,0.0,0.0
NI02PPRIVSH2018,RA_LIC_CLO,1019.7239949212174,0.0,0.0,0.0
NI02PPRIVSH2019,PVFC_LIC_UNWIND,0.0,0.0,0.0,0.0
NI02PPRIVSH2019,PVFC_LIC_EXP_CLAIM_CF_CY,0.0,0.0,0.0,0.0
NI02PPRIVSH2019,PVFC_LIC_EXP_ATTEXP_CY,0.0,0.0,0.0,0.0
NI02PPRIVSH2019,PVFC_LIC_EXP_CLAIM_CF_PY,-41440.59122457126,0.0,0.0,0.0
NI02PPRIVSH2019,PVFC_LIC_EXP_ATTEXP_PY,0.0,0.0,0.0,0.0
NI02PPRIVSH2019,RA_LIC_OP,71.42732132815712,0.0,0.0,0.0
NI02PPRIVSH2019,RA_LIC_UNWIND,2.0266824795222314,0.0,0.0,0.0
NI02PPRIVSH2019,RA_LIC_INCLAIM,28.21476419905772,0.0,0.0,0.0
NI02PPRIVSH2019,RA_LIC_RELEASE_PY,-66.24205038350311,0.0,0.0,0.0
NI02PPRIVSH2019,RA_LIC_DEREC,0.0,0.0,0.0,0.0
NI02PPRIVSH2019,RA_LIC_TASSCHG_PY,30.597907456917028,0.0,0.0,0.0
NI02PPRIVSH2019,RA_LIC_FASSCHG_PY,0.0,0.0,0.0,0.0
NI02PPRIVSH2019,RA_LIC_CLO,66.02462508015103,0.0,0.0,0.0
NI02PPRIVSH2020,PVFC_LIC_UNWIND,0.0,0.0,0.0,0.0
NI02PPRIVSH2020,PVFC_LIC_EXP_CLAIM_CF_CY,0.0,0.0,0.0,0.0
NI02PPRIVSH2020,PVFC_LIC_EXP_ATTEXP_CY,0.0,0.0,0.0,0.0
NI02PPRIVSH2020,PVFC_LIC_EXP_CLAIM_CF_PY,-31191.747960365406,0.0,0.0,0.0
NI02PPRIVSH2020,PVFC_LIC_EXP_ATTEXP_PY,0.0,0.0,0.0,0.0
NI02PPRIVSH2020,RA_LIC_OP,1070.3105086806568,0.0,0.0,0.0
NI02PPRIVSH2020,RA_LIC_UNWIND,30.369045279267795,0.0,0.0,0.0
NI02PPRIVSH2020,RA_LIC_INCLAIM,422.78722008148134,0.0,0.0,0.0
NI02PPRIVSH2020,RA_LIC_RELEASE_PY,-992.6112490805087,0.0,0.0,0.0
NI02PPRIVSH2020,RA_LIC_DEREC,0.0,0.0,0.0,0.0
NI02PPRIVSH2020,RA_LIC_TASSCHG_PY,458.497690881018,0.0,0.0,0.0
NI02PPRIVSH2020,RA_LIC_FASSCHG_PY,0.0,0.0,0.0,0.0
NI02PPRIVSH2020,RA_LIC_CLO,989.3532158419154,0.0,0.0,0.0
NI02PPRIVSH2021,PVFC_LIC_UNWIND,0.0,0.0,0.0,0.0
NI02PPRIVSH2021,PVFC_LIC_EXP_CLAIM_CF_CY,0.0,0.0,0.0,0.0
NI02PPRIVSH2021,PVFC_LIC_EXP_ATTEXP_CY,0.0,0.0,0.0,0.0
NI02PPRIVSH2021,PVFC_LIC_EXP_CLAIM_CF_PY,-65113.796185010455,0.0,0.0,0.0
NI02PPRIVSH2021,PVFC_LIC_EXP_ATTEXP_PY,0.0,0.0,0.0,0.0
NI02PPRIVSH2021,RA_LIC_OP,959.888783497228,0.0,0.0,0.0
NI02PPRIVSH2021,RA_LIC_UNWIND,27.235933584378365,0.0,0.0,0.0
NI02PPRIVSH2021,RA_LIC_INCLAIM,379.1691355646336,0.0,0.0,0.0
NI02PPRIVSH2021,RA_LIC_RELEASE_PY,-890.2055960751428,0.0,0.0,0.0
NI02PPRIVSH2021,RA_LIC_DEREC,0.0,0.0,0.0,0.0
NI02PPRIVSH2021,RA_LIC_TASSCHG_PY,411.19543082742996,0.0,0.0,0.0
NI02PPRIVSH2021,RA_LIC_FASSCHG_PY,0.0,0.0,0.0,0.0
NI02PPRIVSH2021,RA_LIC_CLO,887.2836873985274,0.0,0.0,0.0
NI02PPRIVSH2022,PVFC_LIC_UNWIND,0.0,0.0,0.0,0.0
NI02PPRIVSH2022,PVFC_LIC_EXP_CLAIM_CF_CY,0.0,0.0,0.0,0.0
NI02PPRIVSH2022,PVFC_LIC_EXP_ATTEXP_CY,0.0,0.0,0.0,0.0
NI02PPRIVSH2022,PVFC_LIC_EXP_CLAIM_CF_PY,-803830.3584614638,0.0,0.0,0.0
NI02PPRIVSH2022,PVFC_LIC_EXP_ATTEXP_PY,0.0,0.0,0.0,0.0
NI02PPRIVSH2022,RA_LIC_OP,2062.214077569216,0.0,0.0,0.0
NI02PPRIVSH2022,RA_LIC_UNWIND,58.51336802666938,0.0,0.0,0.0
NI02PPRIVSH2022,RA_LIC_INCLAIM,814.6026316635212,0.0,0.0,0.0
NI02PPRIVSH2022,RA_LIC_RELEASE_PY,-1912.5075151608503,0.0,0.0,0.0
NI02PPRIVSH2022,RA_LIC_DEREC,0.0,0.0,0.0,0.0
NI02PPRIVSH2022,RA_LIC_TASSCHG_PY,883.4075578995592,0.0,0.0,0.0
NI02PPRIVSH2022,RA_LIC_FASSCHG_PY,0.0,0.0,0.0,0.0
NI02PPRIVSH2022,RA_LIC_CLO,1906.2301199981157,0.0,0.0,0.0
NI02PPRIVSH2023,PVFC_LIC_UNWIND,0.0,0.0,0.0,0.0
NI02PPRIVSH2023,PVFC_LIC_EXP_CLAIM_CF_CY,0.0,0.0,0.0,0.0
NI02PPRIVSH2023,PVFC_LIC_EXP_ATTEXP_CY,0.0,0.0,0.0,0.0
NI02PPRIVSH2023,PVFC_LIC_EXP_CLAIM_CF_PY,-864641.3256270923,0.0,0.0,0.0
NI02PPRIVSH2023,PVFC_LIC_EXP_ATTEXP_PY,0.0,0.0,0.0,0.0
NI02PPRIVSH2023,RA_LIC_OP,21493.79593124199,0.0,0.0,0.0
NI02PPRIVSH2023,RA_LIC_UNWIND,609.8660683653874,0.0,0.0,0.0
NI02PPRIVSH2023,RA_LIC_INCLAIM,8490.341968117395,0.0,0.0,0.0
NI02PPRIVSH2023,RA_LIC_RELEASE_PY,-19933.452445581173,0.0,0.0,0.0
NI02PPRIVSH2023,RA_LIC_DEREC,0.0,0.0,0.0,0.0
NI02PPRIVSH2023,RA_LIC_TASSCHG_PY,9207.473646960721,0.0,0.0,0.0
NI02PPRIVSH2023,RA_LIC_FASSCHG_PY,0.0,0.0,0.0,0.0
NI02PPRIVSH2023,RA_LIC_CLO,19868.025169104327,0.0,0.0,0.0
NI02PPRIVSH2024,PVFC_LIC_UNWIND,0.0,0.0,0.0,0.0
NI02PPRIVSH2024,PVFC_LIC_EXP_CLAIM_CF_CY,0.0,0.0,0.0,0.0
NI02PPRIVSH2024,PVFC_LIC_EXP_ATTEXP_CY,0.0,0.0,0.0,0.0
NI02PPRIVSH2024,PVFC_LIC_EXP_CLAIM_CF_PY,0.0,0.0,0.0,0.0
NI02PPRIVSH2024,PVFC_LIC_EXP_ATTEXP_PY,0.0,0.0,0.0,0.0
NI02PPRIVSH2024,RA_LIC_OP,0.0,0.0,0.0,0.0
NI02PPRIVSH2024,RA_LIC_UNWIND,0.0,0.0,0.0,0.0
NI02PPRIVSH2024,RA_LIC_INCLAIM,0.0,0.0,0.0,0.0
NI02PPRIVSH2024,RA_LIC_RELEASE_PY,0.0,0.0,0.0,0.0
NI02PPRIVSH2024,RA_LIC_DEREC,0.0,0.0,0.0,0.0
NI02PPRIVSH2024,RA_LIC_TASSCHG_PY,0.0,0.0,0.0,0.0
NI02PPRIVSH2024,RA_LIC_FASSCHG_PY,0.0,0.0,0.0,0.0
NI02PPRIVSH2024,RA_LIC_CLO,0.0,0.0,0.0,0.0
NI02PPRIVSH2012,RA_LIC_RELEASE_CY,0.0,0.0,0.0,0.0
NI02PPRIVSH2013,RA_LIC_RELEASE_CY,0.0,0.0,0.0,0.0
NI02PPRIVSH2014,RA_LIC_RELEASE_CY,0.0,0.0,0.0,0.0
NI02PPRIVSH2015,RA_LIC_RELEASE_CY,0.0,0.0,0.0,0.0
NI02PPRIVSH2016,RA_LIC_RELEASE_CY,0.0,0.0,0.0,0.0
NI02PPRIVSH2017,RA_LIC_RELEASE_CY,0.0,0.0,0.0,0.0
NI02PPRIVSH2018,RA_LIC_RELEASE_CY,0.0,0.0,0.0,0.0
NI02PPRIVSH2019,RA_LIC_RELEASE_CY,0.0,0.0,0.0,0.0
NI02PPRIVSH2020,RA_LIC_RELEASE_CY,0.0,0.0,0.0,0.0
NI02PPRIVSH2021,RA_LIC_RELEASE_CY,0.0,0.0,0.0,0.0
NI02PPRIVSH2022,RA_LIC_RELEASE_CY,0.0,0.0,0.0,0.0
NI02PPRIVSH2023,RA_LIC_RELEASE_CY,0.0,0.0,0.0,0.0
NI02PPRIVSH2024,RA_LIC_RELEASE_CY,0.0,0.0,0.0,0.0
NI02PPRIVSH2012,RA_LIC_FEXPVAR_CY,0.0,0.0,0.0,0.0
NI02PPRIVSH2013,RA_LIC_FEXPVAR_CY,0.0,0.0,0.0,0.0
NI02PPRIVSH2014,RA_LIC_FEXPVAR_CY,0.0,0.0,0.0,0.0
NI02PPRIVSH2015,RA_LIC_FEXPVAR_CY,0.0,0.0,0.0,0.0
NI02PPRIVSH2016,RA_LIC_FEXPVAR_CY,0.0,0.0,0.0,0.0
NI02PPRIVSH2017,RA_LIC_FEXPVAR_CY,0.0,0.0,0.0,0.0
NI02PPRIVSH2018,RA_LIC_FEXPVAR_CY,0.0,0.0,0.0,0.0
NI02PPRIVSH2019,RA_LIC_FEXPVAR_CY,0.0,0.0,0.0,0.0
NI02PPRIVSH2020,RA_LIC_FEXPVAR_CY,0.0,0.0,0.0,0.0
NI02PPRIVSH2021,RA_LIC_FEXPVAR_CY,0.0,0.0,0.0,0.0
NI02PPRIVSH2022,RA_LIC_FEXPVAR_CY,0.0,0.0,0.0,0.0
NI02PPRIVSH2023,RA_LIC_FEXPVAR_CY,0.0,0.0,0.0,0.0
NI02PPRIVSH2024,RA_LIC_FEXPVAR_CY,0.0,0.0,0.0,0.0
NI02PPRIVSH2012,DA_LIC_OP,0.0,0.0,0.0,0.0
NI02PPRIVSH2013,DA_LIC_OP,0.0,0.0,0.0,0.0
NI02PPRIVSH2014,DA_LIC_OP,0.0,0.0,0.0,0.0
NI02PPRIVSH2015,DA_LIC_OP,0.0,0.0,0.0,0.0
NI02PPRIVSH2016,DA_LIC_OP,0.0,0.0,0.0,0.0
NI02PPRIVSH2017,DA_LIC_OP,0.0,0.0,0.0,0.0
NI02PPRIVSH2018,DA_LIC_OP,0.0,0.0,0.0,0.0
NI02PPRIVSH2019,DA_LIC_OP,0.0,0.0,0.0,0.0
NI02PPRIVSH2020,DA_LIC_OP,0.0,0.0,0.0,0.0
NI02PPRIVSH2021,DA_LIC_OP,0.0,0.0,0.0,0.0
NI02PPRIVSH2022,DA_LIC_OP,0.0,0.0,0.0,0.0
NI02PPRIVSH2023,DA_LIC_OP,0.0,0.0,0.0,0.0
NI02PPRIVSH2024,DA_LIC_OP,0.0,0.0,0.0,0.0
NI02PPRIVSH2012,DA_LIC_INCLAIM_INCEXP,0.0,0.0,0.0,0.0
NI02PPRIVSH2013,DA_LIC_INCLAIM_INCEXP,0.0,0.0,0.0,0.0
NI02PPRIVSH2014,DA_LIC_INCLAIM_INCEXP,0.0,0.0,0.0,0.0
NI02PPRIVSH2015,DA_LIC_INCLAIM_INCEXP,0.0,0.0,0.0,0.0
NI02PPRIVSH2016,DA_LIC_INCLAIM_INCEXP,0.0,0.0,0.0,0.0
NI02PPRIVSH2017,DA_LIC_INCLAIM_INCEXP,0.0,0.0,0.0,0.0
NI02PPRIVSH2018,DA_LIC_INCLAIM_INCEXP,0.0,0.0,0.0,0.0
NI02PPRIVSH2019,DA_LIC_INCLAIM_INCEXP,0.0,0.0,0.0,0.0
NI02PPRIVSH2020,DA_LIC_INCLAIM_INCEXP,0.0,0.0,0.0,0.0
NI02PPRIVSH2021,DA_LIC_INCLAIM_INCEXP,0.0,0.0,0.0,0.0
NI02PPRIVSH2022,DA_LIC_INCLAIM_INCEXP,0.0,0.0,0.0,0.0
NI02PPRIVSH2023,DA_LIC_INCLAIM_INCEXP,0.0,0.0,0.0,0.0
NI02PPRIVSH2024,DA_LIC_INCLAIM_INCEXP,0.0,0.0,0.0,0.0
NI02PPRIVSH2012,DA_LIC_CHG,0.0,0.0,0.0,0.0
NI02PPRIVSH2013,DA_LIC_CHG,0.0,0.0,0.0,0.0
NI02PPRIVSH2014,DA_LIC_CHG,0.0,0.0,0.0,0.0
NI02PPRIVSH2015,DA_LIC_CHG,0.0,0.0,0.0,0.0
NI02PPRIVSH2016,DA_LIC_CHG,0.0,0.0,0.0,0.0
NI02PPRIVSH2017,DA_LIC_CHG,0.0,0.0,0.0,0.0
NI02PPRIVSH2018,DA_LIC_CHG,0.0,0.0,0.0,0.0
NI02PPRIVSH2019,DA_LIC_CHG,0.0,0.0,0.0,0.0
NI02PPRIVSH2020,DA_LIC_CHG,0.0,0.0,0.0,0.0
NI02PPRIVSH2021,DA_LIC_CHG,0.0,0.0,0.0,0.0
NI02PPRIVSH2022,DA_LIC_CHG,0.0,0.0,0.0,0.0
NI02PPRIVSH2023,DA_LIC_CHG,0.0,0.0,0.0,0.0
NI02PPRIVSH2024,DA_LIC_CHG,0.0,0.0,0.0,0.0
NI02PPRIVSH2012,DA_LIC_CLO,0.0,0.0,0.0,0.0
NI02PPRIVSH2013,DA_LIC_CLO,0.0,0.0,0.0,0.0
NI02PPRIVSH2014,DA_LIC_CLO,0.0,0.0,0.0,0.0
NI02PPRIVSH2015,DA_LIC_CLO,0.0,0.0,0.0,0.0
NI02PPRIVSH2016,DA_LIC_CLO,0.0,0.0,0.0,0.0
NI02PPRIVSH2017,DA_LIC_CLO,0.0,0.0,0.0,0.0
NI02PPRIVSH2018,DA_LIC_CLO,0.0,0.0,0.0,0.0
NI02PPRIVSH2019,DA_LIC_CLO,0.0,0.0,0.0,0.0
NI02PPRIVSH2020,DA_LIC_CLO,0.0,0.0,0.0,0.0
NI02PPRIVSH2021,DA_LIC_CLO,0.0,0.0,0.0,0.0
NI02PPRIVSH2022,DA_LIC_CLO,0.0,0.0,0.0,0.0
NI02PPRIVSH2023,DA_LIC_CLO,0.0,0.0,0.0,0.0
NI02PPRIVSH2024,DA_LIC_CLO,0.0,0.0,0.0,0.0
NI02PPUBLSH2012,PVFC_LIC_UNWIND,0.0,0.0,0.0,0.0
NI02PPUBLSH2012,PVFC_LIC_EXP_CLAIM_CF_CY,0.0,0.0,0.0,0.0
NI02PPUBLSH2012,PVFC_LIC_EXP_ATTEXP_CY,0.0,0.0,0.0,0.0
NI02PPUBLSH2012,PVFC_LIC_EXP_CLAIM_CF_PY,-123.99438999999984,0.0,0.0,0.0
NI02PPUBLSH2012,PVFC_LIC_EXP_ATTEXP_PY,0.0,0.0,0.0,0.0
NI02PPUBLSH2012,RA_LIC_OP,0.0,0.0,0.0,0.0
NI02PPUBLSH2012,RA_LIC_UNWIND,0.0,0.0,0.0,0.0
NI02PPUBLSH2012,RA_LIC_INCLAIM,0.0,0.0,0.0,0.0
NI02PPUBLSH2012,RA_LIC_RELEASE_PY,0.0,0.0,0.0,0.0
NI02PPUBLSH2012,RA_LIC_DEREC,0.0,0.0,0.0,0.0
NI02PPUBLSH2012,RA_LIC_TASSCHG_PY,0.0,0.0,0.0,0.0
NI02PPUBLSH2012,RA_LIC_FASSCHG_PY,0.0,0.0,0.0,0.0
NI02PPUBLSH2012,RA_LIC_CLO,0.0,0.0,0.0,0.0
NI02PPUBLSH2013,PVFC_LIC_UNWIND,0.0,0.0,0.0,0.0
NI02PPUBLSH2013,PVFC_LIC_EXP_CLAIM_CF_CY,0.0,0.0,0.0,0.0
NI02PPUBLSH2013,PVFC_LIC_EXP_ATTEXP_CY,0.0,0.0,0.0,0.0
NI02PPUBLSH2013,PVFC_LIC_EXP_CLAIM_CF_PY,0.0,0.0,0.0,0.0
NI02PPUBLSH2013,PVFC_LIC_EXP_ATTEXP_PY,0.0,0.0,0.0,0.0
NI02PPUBLSH2013,RA_LIC_OP,0.0,0.0,0.0,0.0
NI02PPUBLSH2013,RA_LIC_UNWIND,0.0,0.0,0.0,0.0
NI02PPUBLSH2013,RA_LIC_INCLAIM,0.0,0.0,0.0,0.0
NI02PPUBLSH2013,RA_LIC_RELEASE_PY,0.0,0.0,0.0,0.0
NI02PPUBLSH2013,RA_LIC_DEREC,0.0,0.0,0.0,0.0
NI02PPUBLSH2013,RA_LIC_TASSCHG_PY,0.0,0.0,0.0,0.0
NI02PPUBLSH2013,RA_LIC_FASSCHG_PY,0.0,0.0,0.0,0.0
NI02PPUBLSH2013,RA_LIC_CLO,0.0,0.0,0.0,0.0
NI02PPUBLSH2014,PVFC_LIC_UNWIND,0.0,0.0,0.0,0.0
NI02PPUBLSH2014,PVFC_LIC_EXP_CLAIM_CF_CY,0.0,0.0,0.0,0.0
NI02PPUBLSH2014,PVFC_LIC_EXP_ATTEXP_CY,0.0,0.0,0.0,0.0
NI02PPUBLSH2014,PVFC_LIC_EXP_CLAIM_CF_PY,-4382.646347999998,0.0,0.0,0.0
NI02PPUBLSH2014,PVFC_LIC_EXP_ATTEXP_PY,0.0,0.0,0.0,0.0
NI02PPUBLSH2014,RA_LIC_OP,0.0,0.0,0.0,0.0
NI02PPUBLSH2014,RA_LIC_UNWIND,0.0,0.0,0.0,0.0
NI02PPUBLSH2014,RA_LIC_INCLAIM,0.0,0.0,0.0,0.0
NI02PPUBLSH2014,RA_LIC_RELEASE_PY,0.0,0.0,0.0,0.0
NI02PPUBLSH2014,RA_LIC_DEREC,0.0,0.0,0.0,0.0
NI02PPUBLSH2014,RA_LIC_TASSCHG_PY,0.0,0.0,0.0,0.0
NI02PPUBLSH2014,RA_LIC_FASSCHG_PY,0.0,0.0,0.0,0.0
NI02PPUBLSH2014,RA_LIC_CLO,0.0,0.0,0.0,0.0
NI02PPUBLSH2015,PVFC_LIC_UNWIND,0.0,0.0,0.0,0.0
NI02PPUBLSH2015,PVFC_LIC_EXP_CLAIM_CF_CY,0.0,0.0,0.0,0.0
NI02PPUBLSH2015,PVFC_LIC_EXP_ATTEXP_CY,0.0,0.0,0.0,0.0
NI02PPUBLSH2015,PVFC_LIC_EXP_CLAIM_CF_PY,0.0,0.0,0.0,0.0
NI02PPUBLSH2015,PVFC_LIC_EXP_ATTEXP_PY,0.0,0.0,0.0,0.0
NI02PPUBLSH2015,RA_LIC_OP,0.0,0.0,0.0,0.0
NI02PPUBLSH2015,RA_LIC_UNWIND,0.0,0.0,0.0,0.0
NI02PPUBLSH2015,RA_LIC_INCLAIM,0.0,0.0,0.0,0.0
NI02PPUBLSH2015,RA_LIC_RELEASE_PY,0.0,0.0,0.0,0.0
NI02PPUBLSH2015,RA_LIC_DEREC,0.0,0.0,0.0,0.0
NI02PPUBLSH2015,RA_LIC_TASSCHG_PY,0.0,0.0,0.0,0.0
NI02PPUBLSH2015,RA_LIC_FASSCHG_PY,0.0,0.0,0.0,0.0
NI02PPUBLSH2015,RA_LIC_CLO,0.0,0.0,0.0,0.0
NI02PPUBLSH2016,PVFC_LIC_UNWIND,0.0,0.0,0.0,0.0
NI02PPUBLSH2016,PVFC_LIC_EXP_CLAIM_CF_CY,0.0,0.0,0.0,0.0
NI02PPUBLSH2016,PVFC_LIC_EXP_ATTEXP_CY,0.0,0.0,0.0,0.0
NI02PPUBLSH2016,PVFC_LIC_EXP_CLAIM_CF_PY,0.0,0.0,0.0,0.0
NI02PPUBLSH2016,PVFC_LIC_EXP_ATTEXP_PY,0.0,0.0,0.0,0.0
NI02PPUBLSH2016,RA_LIC_OP,0.0,0.0,0.0,0.0
NI02PPUBLSH2016,RA_LIC_UNWIND,0.0,0.0,0.0,0.0
NI02PPUBLSH2016,RA_LIC_INCLAIM,0.0,0.0,0.0,0.0
NI02PPUBLSH2016,RA_LIC_RELEASE_PY,0.0,0.0,0.0,0.0
NI02PPUBLSH2016,RA_LIC_DEREC,0.0,0.0,0.0,0.0
NI02PPUBLSH2016,RA_LIC_TASSCHG_PY,0.0,0.0,0.0,0.0
NI02PPUBLSH2016,RA_LIC_FASSCHG_PY,0.0,0.0,0.0,0.0
NI02PPUBLSH2016,RA_LIC_CLO,0.0,0.0,0.0,0.0
NI02PPUBLSH2017,PVFC_LIC_UNWIND,0.0,0.0,0.0,0.0
NI02PPUBLSH2017,PVFC_LIC_EXP_CLAIM_CF_CY,0.0,0.0,0.0,0.0
NI02PPUBLSH2017,PVFC_LIC_EXP_ATTEXP_CY,0.0,0.0,0.0,0.0
NI02PPUBLSH2017,PVFC_LIC_EXP_CLAIM_CF_PY,-5162.186877549593,0.0,0.0,0.0
NI02PPUBLSH2017,PVFC_LIC_EXP_ATTEXP_PY,0.0,0.0,0.0,0.0
NI02PPUBLSH2017,RA_LIC_OP,0.0,0.0,0.0,0.0
NI02PPUBLSH2017,RA_LIC_UNWIND,0.0,0.0,0.0,0.0
NI02PPUBLSH2017,RA_LIC_INCLAIM,0.0,0.0,0.0,0.0
NI02PPUBLSH2017,RA_LIC_RELEASE_PY,0.0,0.0,0.0,0.0
NI02PPUBLSH2017,RA_LIC_DEREC,0.0,0.0,0.0,0.0
NI02PPUBLSH2017,RA_LIC_TASSCHG_PY,0.0,0.0,0.0,0.0
NI02PPUBLSH2017,RA_LIC_FASSCHG_PY,0.0,0.0,0.0,0.0
NI02PPUBLSH2017,RA_LIC_CLO,0.0,0.0,0.0,0.0
NI02PPUBLSH2018,PVFC_LIC_UNWIND,0.0,0.0,0.0,0.0
NI02PPUBLSH2018,PVFC_LIC_EXP_CLAIM_CF_CY,0.0,0.0,0.0,0.0
NI02PPUBLSH2018,PVFC_LIC_EXP_ATTEXP_CY,0.0,0.0,0.0,0.0
NI02PPUBLSH2018,PVFC_LIC_EXP_CLAIM_CF_PY,-2238.095385243725,0.0,0.0,0.0
NI02PPUBLSH2018,PVFC_LIC_EXP_ATTEXP_PY,0.0,0.0,0.0,0.0
NI02PPUBLSH2018,RA_LIC_OP,0.0,0.0,0.0,0.0
NI02PPUBLSH2018,RA_LIC_UNWIND,0.0,0.0,0.0,0.0
NI02PPUBLSH2018,RA_LIC_INCLAIM,0.0,0.0,0.0,0.0
NI02PPUBLSH2018,RA_LIC_RELEASE_PY,0.0,0.0,0.0,0.0
NI02PPUBLSH2018,RA_LIC_DEREC,0.0,0.0,0.0,0.0
NI02PPUBLSH2018,RA_LIC_TASSCHG_PY,0.0,0.0,0.0,0.0
NI02PPUBLSH2018,RA_LIC_FASSCHG_PY,0.0,0.0,0.0,0.0
NI02PPUBLSH2018,RA_LIC_CLO,0.0,0.0,0.0,0.0
NI02PPUBLSH2019,PVFC_LIC_UNWIND,0.0,0.0,0.0,0.0
NI02PPUBLSH2019,PVFC_LIC_EXP_CLAIM_CF_CY,0.0,0.0,0.0,0.0
NI02PPUBLSH2019,PVFC_LIC_EXP_ATTEXP_CY,0.0,0.0,0.0,0.0
NI02PPUBLSH2019,PVFC_LIC_EXP_CLAIM_CF_PY,-17217.382110260547,0.0,0.0,0.0
NI02PPUBLSH2019,PVFC_LIC_EXP_ATTEXP_PY,0.0,0.0,0.0,0.0
NI02PPUBLSH2019,RA_LIC_OP,0.0,0.0,0.0,0.0
NI02PPUBLSH2019,RA_LIC_UNWIND,0.0,0.0,0.0,0.0
NI02PPUBLSH2019,RA_LIC_INCLAIM,0.0,0.0,0.0,0.0
NI02PPUBLSH2019,RA_LIC_RELEASE_PY,0.0,0.0,0.0,0.0
NI02PPUBLSH2019,RA_LIC_DEREC,0.0,0.0,0.0,0.0
NI02PPUBLSH2019,RA_LIC_TASSCHG_PY,0.0,0.0,0.0,0.0
NI02PPUBLSH2019,RA_LIC_FASSCHG_PY,0.0,0.0,0.0,0.0
NI02PPUBLSH2019,RA_LIC_CLO,0.0,0.0,0.0,0.0
NI02PPUBLSH2020,PVFC_LIC_UNWIND,0.0,0.0,0.0,0.0
NI02PPUBLSH2020,PVFC_LIC_EXP_CLAIM_CF_CY,0.0,0.0,0.0,0.0
NI02PPUBLSH2020,PVFC_LIC_EXP_ATTEXP_CY,0.0,0.0,0.0,0.0
NI02PPUBLSH2020,PVFC_LIC_EXP_CLAIM_CF_PY,-50576.38871935076,0.0,0.0,0.0
NI02PPUBLSH2020,PVFC_LIC_EXP_ATTEXP_PY,0.0,0.0,0.0,0.0
NI02PPUBLSH2020,RA_LIC_OP,0.0,0.0,0.0,0.0
NI02PPUBLSH2020,RA_LIC_UNWIND,0.0,0.0,0.0,0.0
NI02PPUBLSH2020,RA_LIC_INCLAIM,0.0,0.0,0.0,0.0
NI02PPUBLSH2020,RA_LIC_RELEASE_PY,0.0,0.0,0.0,0.0
NI02PPUBLSH2020,RA_LIC_DEREC,0.0,0.0,0.0,0.0
NI02PPUBLSH2020,RA_LIC_TASSCHG_PY,0.0,0.0,0.0,0.0
NI02PPUBLSH2020,RA_LIC_FASSCHG_PY,0.0,0.0,0.0,0.0
NI02PPUBLSH2020,RA_LIC_CLO,0.0,0.0,0.0,0.0
NI02PPUBLSH2021,PVFC_LIC_UNWIND,0.0,0.0,0.0,0.0
NI02PPUBLSH2021,PVFC_LIC_EXP_CLAIM_CF_CY,0.0,0.0,0.0,0.0
NI02PPUBLSH2021,PVFC_LIC_EXP_ATTEXP_CY,0.0,0.0,0.0,0.0
NI02PPUBLSH2021,PVFC_LIC_EXP_CLAIM_CF_PY,-226435.80539813498,0.0,0.0,0.0
NI02PPUBLSH2021,PVFC_LIC_EXP_ATTEXP_PY,0.0,0.0,0.0,0.0
NI02PPUBLSH2021,RA_LIC_OP,0.0,0.0,0.0,0.0
NI02PPUBLSH2021,RA_LIC_UNWIND,0.0,0.0,0.0,0.0
NI02PPUBLSH2021,RA_LIC_INCLAIM,0.0,0.0,0.0,0.0
NI02PPUBLSH2021,RA_LIC_RELEASE_PY,0.0,0.0,0.0,0.0
NI02PPUBLSH2021,RA_LIC_DEREC,0.0,0.0,0.0,0.0
NI02PPUBLSH2021,RA_LIC_TASSCHG_PY,0.0,0.0,0.0,0.0
NI02PPUBLSH2021,RA_LIC_FASSCHG_PY,0.0,0.0,0.0,0.0
NI02PPUBLSH2021,RA_LIC_CLO,0.0,0.0,0.0,0.0
NI02PPUBLSH2022,PVFC_LIC_UNWIND,0.0,0.0,0.0,0.0
NI02PPUBLSH2022,PVFC_LIC_EXP_CLAIM_CF_CY,0.0,0.0,0.0,0.0
NI02PPUBLSH2022,PVFC_LIC_EXP_ATTEXP_CY,0.0,0.0,0.0,0.0
NI02PPUBLSH2022,PVFC_LIC_EXP_CLAIM_CF_PY,-24625.445168943967,0.0,0.0,0.0
NI02PPUBLSH2022,PVFC_LIC_EXP_ATTEXP_PY,0.0,0.0,0.0,0.0
NI02PPUBLSH2022,RA_LIC_OP,0.0,0.0,0.0,0.0
NI02PPUBLSH2022,RA_LIC_UNWIND,0.0,0.0,0.0,0.0
NI02PPUBLSH2022,RA_LIC_INCLAIM,0.0,0.0,0.0,0.0
NI02PPUBLSH2022,RA_LIC_RELEASE_PY,0.0,0.0,0.0,0.0
NI02PPUBLSH2022,RA_LIC_DEREC,0.0,0.0,0.0,0.0
NI02PPUBLSH2022,RA_LIC_TASSCHG_PY,0.0,0.0,0.0,0.0
NI02PPUBLSH2022,RA_LIC_FASSCHG_PY,0.0,0.0,0.0,0.0
NI02PPUBLSH2022,RA_LIC_CLO,0.0,0.0,0.0,0.0
NI02PPUBLSH2023,PVFC_LIC_UNWIND,0.0,0.0,0.0,0.0
NI02PPUBLSH2023,PVFC_LIC_EXP_CLAIM_CF_CY,0.0,0.0,0.0,0.0
NI02PPUBLSH2023,PVFC_LIC_EXP_ATTEXP_CY,0.0,0.0,0.0,0.0
NI02PPUBLSH2023,PVFC_LIC_EXP_CLAIM_CF_PY,-81136.388838295,0.0,0.0,0.0
NI02PPUBLSH2023,PVFC_LIC_EXP_ATTEXP_PY,0.0,0.0,0.0,0.0
NI02PPUBLSH2023,RA_LIC_OP,0.0,0.0,0.0,0.0
NI02PPUBLSH2023,RA_LIC_UNWIND,0.0,0.0,0.0,0.0
NI02PPUBLSH2023,RA_LIC_INCLAIM,0.0,0.0,0.0,0.0
NI02PPUBLSH2023,RA_LIC_RELEASE_PY,0.0,0.0,0.0,0.0
NI02PPUBLSH2023,RA_LIC_DEREC,0.0,0.0,0.0,0.0
NI02PPUBLSH2023,RA_LIC_TASSCHG_PY,0.0,0.0,0.0,0.0
NI02PPUBLSH2023,RA_LIC_FASSCHG_PY,0.0,0.0,0.0,0.0
NI02PPUBLSH2023,RA_LIC_CLO,0.0,0.0,0.0,0.0
NI02PPUBLSH2024,PVFC_LIC_UNWIND,0.0,0.0,0.0,0.0
NI02PPUBLSH2024,PVFC_LIC_EXP_CLAIM_CF_CY,0.0,0.0,0.0,0.0
NI02PPUBLSH2024,PVFC_LIC_EXP_ATTEXP_CY,0.0,0.0,0.0,0.0
NI02PPUBLSH2024,PVFC_LIC_EXP_CLAIM_CF_PY,0.0,0.0,0.0,0.0
NI02PPUBLSH2024,PVFC_LIC_EXP_ATTEXP_PY,0.0,0.0,0.0,0.0
NI02PPUBLSH2024,RA_LIC_OP,0.0,0.0,0.0,0.0
NI02PPUBLSH2024,RA_LIC_UNWIND,0.0,0.0,0.0,0.0
NI02PPUBLSH2024,RA_LIC_INCLAIM,0.0,0.0,0.0,0.0
NI02PPUBLSH2024,RA_LIC_RELEASE_PY,0.0,0.0,0.0,0.0
NI02PPUBLSH2024,RA_LIC_DEREC,0.0,0.0,0.0,0.0
NI02PPUBLSH2024,RA_LIC_TASSCHG_PY,0.0,0.0,0.0,0.0
NI02PPUBLSH2024,RA_LIC_FASSCHG_PY,0.0,0.0,0.0,0.0
NI02PPUBLSH2024,RA_LIC_CLO,0.0,0.0,0.0,0.0
NI02PPUBLSH2012,RA_LIC_RELEASE_CY,0.0,0.0,0.0,0.0
NI02PPUBLSH2013,RA_LIC_RELEASE_CY,0.0,0.0,0.0,0.0
NI02PPUBLSH2014,RA_LIC_RELEASE_CY,0.0,0.0,0.0,0.0
NI02PPUBLSH2015,RA_LIC_RELEASE_CY,0.0,0.0,0.0,0.0
NI02PPUBLSH2016,RA_LIC_RELEASE_CY,0.0,0.0,0.0,0.0
NI02PPUBLSH2017,RA_LIC_RELEASE_CY,0.0,0.0,0.0,0.0
NI02PPUBLSH2018,RA_LIC_RELEASE_CY,0.0,0.0,0.0,0.0
NI02PPUBLSH2019,RA_LIC_RELEASE_CY,0.0,0.0,0.0,0.0
NI02PPUBLSH2020,RA_LIC_RELEASE_CY,0.0,0.0,0.0,0.0
NI02PPUBLSH2021,RA_LIC_RELEASE_CY,0.0,0.0,0.0,0.0
NI02PPUBLSH2022,RA_LIC_RELEASE_CY,0.0,0.0,0.0,0.0
NI02PPUBLSH2023,RA_LIC_RELEASE_CY,0.0,0.0,0.0,0.0
NI02PPUBLSH2024,RA_LIC_RELEASE_CY,0.0,0.0,0.0,0.0
NI02PPUBLSH2012,RA_LIC_FEXPVAR_CY,0.0,0.0,0.0,0.0
NI02PPUBLSH2013,RA_LIC_FEXPVAR_CY,0.0,0.0,0.0,0.0
NI02PPUBLSH2014,RA_LIC_FEXPVAR_CY,0.0,0.0,0.0,0.0
NI02PPUBLSH2015,RA_LIC_FEXPVAR_CY,0.0,0.0,0.0,0.0
NI02PPUBLSH2016,RA_LIC_FEXPVAR_CY,0.0,0.0,0.0,0.0
NI02PPUBLSH2017,RA_LIC_FEXPVAR_CY,0.0,0.0,0.0,0.0
NI02PPUBLSH2018,RA_LIC_FEXPVAR_CY,0.0,0.0,0.0,0.0
NI02PPUBLSH2019,RA_LIC_FEXPVAR_CY,0.0,0.0,0.0,0.0
NI02PPUBLSH2020,RA_LIC_FEXPVAR_CY,0.0,0.0,0.0,0.0
NI02PPUBLSH2021,RA_LIC_FEXPVAR_CY,0.0,0.0,0.0,0.0
NI02PPUBLSH2022,RA_LIC_FEXPVAR_CY,0.0,0.0,0.0,0.0
NI02PPUBLSH2023,RA_LIC_FEXPVAR_CY,0.0,0.0,0.0,0.0
NI02PPUBLSH2024,RA_LIC_FEXPVAR_CY,0.0,0.0,0.0,0.0
NI02PPUBLSH2012,DA_LIC_OP,0.0,0.0,0.0,0.0
NI02PPUBLSH2013,DA_LIC_OP,0.0,0.0,0.0,0.0
NI02PPUBLSH2014,DA_LIC_OP,0.0,0.0,0.0,0.0
NI02PPUBLSH2015,DA_LIC_OP,0.0,0.0,0.0,0.0
NI02PPUBLSH2016,DA_LIC_OP,0.0,0.0,0.0,0.0
NI02PPUBLSH2017,DA_LIC_OP,0.0,0.0,0.0,0.0
NI02PPUBLSH2018,DA_LIC_OP,0.0,0.0,0.0,0.0
NI02PPUBLSH2019,DA_LIC_OP,0.0,0.0,0.0,0.0
NI02PPUBLSH2020,DA_LIC_OP,0.0,0.0,0.0,0.0
NI02PPUBLSH2021,DA_LIC_OP,0.0,0.0,0.0,0.0
NI02PPUBLSH2022,DA_LIC_OP,0.0,0.0,0.0,0.0
NI02PPUBLSH2023,DA_LIC_OP,0.0,0.0,0.0,0.0
NI02PPUBLSH2024,DA_LIC_OP,0.0,0.0,0.0,0.0
NI02PPUBLSH2012,DA_LIC_INCLAIM_INCEXP,0.0,0.0,0.0,0.0
NI02PPUBLSH2013,DA_LIC_INCLAIM_INCEXP,0.0,0.0,0.0,0.0
NI02PPUBLSH2014,DA_LIC_INCLAIM_INCEXP,0.0,0.0,0.0,0.0
NI02PPUBLSH2015,DA_LIC_INCLAIM_INCEXP,0.0,0.0,0.0,0.0
NI02PPUBLSH2016,DA_LIC_INCLAIM_INCEXP,0.0,0.0,0.0,0.0
NI02PPUBLSH2017,DA_LIC_INCLAIM_INCEXP,0.0,0.0,0.0,0.0
NI02PPUBLSH2018,DA_LIC_INCLAIM_INCEXP,0.0,0.0,0.0,0.0
NI02PPUBLSH2019,DA_LIC_INCLAIM_INCEXP,0.0,0.0,0.0,0.0
NI02PPUBLSH2020,DA_LIC_INCLAIM_INCEXP,0.0,0.0,0.0,0.0
NI02PPUBLSH2021,DA_LIC_INCLAIM_INCEXP,0.0,0.0,0.0,0.0
NI02PPUBLSH2022,DA_LIC_INCLAIM_INCEXP,0.0,0.0,0.0,0.0
NI02PPUBLSH2023,DA_LIC_INCLAIM_INCEXP,0.0,0.0,0.0,0.0
NI02PPUBLSH2024,DA_LIC_INCLAIM_INCEXP,0.0,0.0,0.0,0.0
NI02PPUBLSH2012,DA_LIC_CHG,0.0,0.0,0.0,0.0
NI02PPUBLSH2013,DA_LIC_CHG,0.0,0.0,0.0,0.0
NI02PPUBLSH2014,DA_LIC_CHG,0.0,0.0,0.0,0.0
NI02PPUBLSH2015,DA_LIC_CHG,0.0,0.0,0.0,0.0
NI02PPUBLSH2016,DA_LIC_CHG,0.0,0.0,0.0,0.0
NI02PPUBLSH2017,DA_LIC_CHG,0.0,0.0,0.0,0.0
NI02PPUBLSH2018,DA_LIC_CHG,0.0,0.0,0.0,0.0
NI02PPUBLSH2019,DA_LIC_CHG,0.0,0.0,0.0,0.0
NI02PPUBLSH2020,DA_LIC_CHG,0.0,0.0,0.0,0.0
NI02PPUBLSH2021,DA_LIC_CHG,0.0,0.0,0.0,0.0
NI02PPUBLSH2022,DA_LIC_CHG,0.0,0.0,0.0,0.0
NI02PPUBLSH2023,DA_LIC_CHG,0.0,0.0,0.0,0.0
NI02PPUBLSH2024,DA_LIC_CHG,0.0,0.0,0.0,0.0
NI02PPUBLSH2012,DA_LIC_CLO,0.0,0.0,0.0,0.0
NI02PPUBLSH2013,DA_LIC_CLO,0.0,0.0,0.0,0.0
NI02PPUBLSH2014,DA_LIC_CLO,0.0,0.0,0.0,0.0
NI02PPUBLSH2015,DA_LIC_CLO,0.0,0.0,0.0,0.0
NI02PPUBLSH2016,DA_LIC_CLO,0.0,0.0,0.0,0.0
NI02PPUBLSH2017,DA_LIC_CLO,0.0,0.0,0.0,0.0
NI02PPUBLSH2018,DA_LIC_CLO,0.0,0.0,0.0,0.0
NI02PPUBLSH2019,DA_LIC_CLO,0.0,0.0,0.0,0.0
NI02PPUBLSH2020,DA_LIC_CLO,0.0,0.0,0.0,0.0
NI02PPUBLSH2021,DA_LIC_CLO,0.0,0.0,0.0,0.0
NI02PPUBLSH2022,DA_LIC_CLO,0.0,0.0,0.0,0.0
NI02PPUBLSH2023,DA_LIC_CLO,0.0,0.0,0.0,0.0
NI02PPUBLSH2024,DA_LIC_CLO,0.0,0.0,0.0,0.0
NI02PPRIVPF2012,PVFC_LIC_UNWIND,0.0,0.0,0.0,0.0
NI02PPRIVPF2012,PVFC_LIC_EXP_CLAIM_CF_CY,0.0,0.0,0.0,-1.0
NI02PPRIVPF2012,PVFC_LIC_EXP_ATTEXP_CY,0.0,0.0,0.0,0.0
NI02PPRIVPF2012,PVFC_LIC_EXP_CLAIM_CF_PY,0.0,0.0,0.0,0.0
NI02PPRIVPF2012,PVFC_LIC_EXP_ATTEXP_PY,0.0,0.0,0.0,0.0
NI02PPRIVPF2012,RA_LIC_OP,0.0,0.0,0.0,0.0
NI02PPRIVPF2012,RA_LIC_UNWIND,0.0,0.0,0.0,0.0
NI02PPRIVPF2012,RA_LIC_INCLAIM,0.0,0.0,0.0,0.0
NI02PPRIVPF2012,RA_LIC_RELEASE_PY,0.0,0.0,0.0,0.0
NI02PPRIVPF2012,RA_LIC_DEREC,0.0,0.0,0.0,0.0
NI02PPRIVPF2012,RA_LIC_TASSCHG_PY,0.0,0.0,0.0,0.0
NI02PPRIVPF2012,RA_LIC_FASSCHG_PY,0.0,0.0,0.0,0.0
NI02PPRIVPF2012,RA_LIC_CLO,0.0,0.0,0.0,0.0
NI02PPRIVPF2013,PVFC_LIC_UNWIND,0.0,0.0,0.0,0.0
NI02PPRIVPF2013,PVFC_LIC_EXP_CLAIM_CF_CY,0.0,0.0,0.0,0.0
NI02PPRIVPF2013,PVFC_LIC_EXP_ATTEXP_CY,0.0,0.0,0.0,0.0
NI02PPRIVPF2013,PVFC_LIC_EXP_CLAIM_CF_PY,0.0,0.0,0.0,0.0
NI02PPRIVPF2013,PVFC_LIC_EXP_ATTEXP_PY,0.0,0.0,0.0,0.0
NI02PPRIVPF2013,RA_LIC_OP,0.0,0.0,0.0,0.0
NI02PPRIVPF2013,RA_LIC_UNWIND,0.0,0.0,0.0,0.0
NI02PPRIVPF2013,RA_LIC_INCLAIM,0.0,0.0,0.0,0.0
NI02PPRIVPF2013,RA_LIC_RELEASE_PY,0.0,0.0,0.0,0.0
NI02PPRIVPF2013,RA_LIC_DEREC,0.0,0.0,0.0,0.0
NI02PPRIVPF2013,RA_LIC_TASSCHG_PY,0.0,0.0,0.0,0.0
NI02PPRIVPF2013,RA_LIC_FASSCHG_PY,0.0,0.0,0.0,0.0
NI02PPRIVPF2013,RA_LIC_CLO,0.0,0.0,0.0,0.0
NI02PPRIVPF2014,PVFC_LIC_UNWIND,0.0,0.0,0.0,0.0
NI02PPRIVPF2014,PVFC_LIC_EXP_CLAIM_CF_CY,0.0,0.0,0.0,0.0
NI02PPRIVPF2014,PVFC_LIC_EXP_ATTEXP_CY,0.0,0.0,0.0,0.0
NI02PPRIVPF2014,PVFC_LIC_EXP_CLAIM_CF_PY,0.0,0.0,0.0,0.0
NI02PPRIVPF2014,PVFC_LIC_EXP_ATTEXP_PY,0.0,0.0,0.0,0.0
NI02PPRIVPF2014,RA_LIC_OP,0.0,0.0,0.0,0.0
NI02PPRIVPF2014,RA_LIC_UNWIND,0.0,0.0,0.0,0.0
NI02PPRIVPF2014,RA_LIC_INCLAIM,0.0,0.0,0.0,0.0
NI02PPRIVPF2014,RA_LIC_RELEASE_PY,0.0,0.0,0.0,0.0
NI02PPRIVPF2014,RA_LIC_DEREC,0.0,0.0,0.0,0.0
NI02PPRIVPF2014,RA_LIC_TASSCHG_PY,0.0,0.0,0.0,0.0
NI02PPRIVPF2014,RA_LIC_FASSCHG_PY,0.0,0.0,0.0,0.0
NI02PPRIVPF2014,RA_LIC_CLO,0.0,0.0,0.0,0.0
NI02PPRIVPF2015,PVFC_LIC_UNWIND,0.0,0.0,0.0,0.0
NI02PPRIVPF2015,PVFC_LIC_EXP_CLAIM_CF_CY,0.0,0.0,0.0,0.0
NI02PPRIVPF2015,PVFC_LIC_EXP_ATTEXP_CY,0.0,0.0,0.0,0.0
NI02PPRIVPF2015,PVFC_LIC_EXP_CLAIM_CF_PY,0.0,0.0,0.0,0.0
NI02PPRIVPF2015,PVFC_LIC_EXP_ATTEXP_PY,0.0,0.0,0.0,0.0
NI02PPRIVPF2015,RA_LIC_OP,0.0,0.0,0.0,0.0
NI02PPRIVPF2015,RA_LIC_UNWIND,0.0,0.0,0.0,0.0
NI02PPRIVPF2015,RA_LIC_INCLAIM,0.0,0.0,0.0,0.0
NI02PPRIVPF2015,RA_LIC_RELEASE_PY,0.0,0.0,0.0,0.0
NI02PPRIVPF2015,RA_LIC_DEREC,0.0,0.0,0.0,0.0
NI02PPRIVPF2015,RA_LIC_TASSCHG_PY,0.0,0.0,0.0,0.0
NI02PPRIVPF2015,RA_LIC_FASSCHG_PY,0.0,0.0,0.0,0.0
NI02PPRIVPF2015,RA_LIC_CLO,0.0,0.0,0.0,0.0
NI02PPRIVPF2016,PVFC_LIC_UNWIND,0.0,0.0,0.0,0.0
NI02PPRIVPF2016,PVFC_LIC_EXP_CLAIM_CF_CY,0.0,0.0,0.0,0.0
NI02PPRIVPF2016,PVFC_LIC_EXP_ATTEXP_CY,0.0,0.0,0.0,0.0
NI02PPRIVPF2016,PVFC_LIC_EXP_CLAIM_CF_PY,0.0,0.0,0.0,0.0
NI02PPRIVPF2016,PVFC_LIC_EXP_ATTEXP_PY,0.0,0.0,0.0,0.0
NI02PPRIVPF2016,RA_LIC_OP,0.0,0.0,0.0,0.0
NI02PPRIVPF2016,RA_LIC_UNWIND,0.0,0.0,0.0,0.0
NI02PPRIVPF2016,RA_LIC_INCLAIM,0.0,0.0,0.0,0.0
NI02PPRIVPF2016,RA_LIC_RELEASE_PY,0.0,0.0,0.0,0.0
NI02PPRIVPF2016,RA_LIC_DEREC,0.0,0.0,0.0,0.0
NI02PPRIVPF2016,RA_LIC_TASSCHG_PY,0.0,0.0,0.0,0.0
NI02PPRIVPF2016,RA_LIC_FASSCHG_PY,0.0,0.0,0.0,0.0
NI02PPRIVPF2016,RA_LIC_CLO,0.0,0.0,0.0,0.0
NI02PPRIVPF2017,PVFC_LIC_UNWIND,0.0,0.0,0.0,0.0
NI02PPRIVPF2017,PVFC_LIC_EXP_CLAIM_CF_CY,0.0,0.0,0.0,0.0
NI02PPRIVPF2017,PVFC_LIC_EXP_ATTEXP_CY,0.0,0.0,0.0,0.0
NI02PPRIVPF2017,PVFC_LIC_EXP_CLAIM_CF_PY,0.0,0.0,0.0,0.0
NI02PPRIVPF2017,PVFC_LIC_EXP_ATTEXP_PY,0.0,0.0,0.0,0.0
NI02PPRIVPF2017,RA_LIC_OP,0.0,0.0,0.0,0.0
NI02PPRIVPF2017,RA_LIC_UNWIND,0.0,0.0,0.0,0.0
NI02PPRIVPF2017,RA_LIC_INCLAIM,0.0,0.0,0.0,0.0
NI02PPRIVPF2017,RA_LIC_RELEASE_PY,0.0,0.0,0.0,0.0
NI02PPRIVPF2017,RA_LIC_DEREC,0.0,0.0,0.0,0.0
NI02PPRIVPF2017,RA_LIC_TASSCHG_PY,0.0,0.0,0.0,0.0
NI02PPRIVPF2017,RA_LIC_FASSCHG_PY,0.0,0.0,0.0,0.0
NI02PPRIVPF2017,RA_LIC_CLO,0.0,0.0,0.0,0.0
NI02PPRIVPF2018,PVFC_LIC_UNWIND,0.0,0.0,0.0,0.0
NI02PPRIVPF2018,PVFC_LIC_EXP_CLAIM_CF_CY,0.0,0.0,0.0,0.0
NI02PPRIVPF2018,PVFC_LIC_EXP_ATTEXP_CY,0.0,0.0,0.0,0.0
NI02PPRIVPF2018,PVFC_LIC_EXP_CLAIM_CF_PY,2.1243442022720127,0.0,0.0,0.0
NI02PPRIVPF2018,PVFC_LIC_EXP_ATTEXP_PY,0.0,0.0,0.0,0.0
NI02PPRIVPF2018,RA_LIC_OP,0.0,0.0,0.0,0.0
NI02PPRIVPF2018,RA_LIC_UNWIND,0.0,0.0,0.0,0.0
NI02PPRIVPF2018,RA_LIC_INCLAIM,0.0,0.0,0.0,0.0
NI02PPRIVPF2018,RA_LIC_RELEASE_PY,0.0,0.0,0.0,0.0
NI02PPRIVPF2018,RA_LIC_DEREC,0.0,0.0,0.0,0.0
NI02PPRIVPF2018,RA_LIC_TASSCHG_PY,0.0,0.0,0.0,0.0
NI02PPRIVPF2018,RA_LIC_FASSCHG_PY,0.0,0.0,0.0,0.0
NI02PPRIVPF2018,RA_LIC_CLO,0.0,0.0,0.0,0.0
NI02PPRIVPF2019,PVFC_LIC_UNWIND,0.0,0.0,0.0,0.0
NI02PPRIVPF2019,PVFC_LIC_EXP_CLAIM_CF_CY,0.0,0.0,0.0,0.0
NI02PPRIVPF2019,PVFC_LIC_EXP_ATTEXP_CY,0.0,0.0,0.0,0.0
NI02PPRIVPF2019,PVFC_LIC_EXP_CLAIM_CF_PY,25.128238103027524,0.0,0.0,0.0
NI02PPRIVPF2019,PVFC_LIC_EXP_ATTEXP_PY,0.0,0.0,0.0,0.0
NI02PPRIVPF2019,RA_LIC_OP,0.0,0.0,0.0,0.0
NI02PPRIVPF2019,RA_LIC_UNWIND,0.0,0.0,0.0,0.0
NI02PPRIVPF2019,RA_LIC_INCLAIM,0.0,0.0,0.0,0.0
NI02PPRIVPF2019,RA_LIC_RELEASE_PY,0.0,0.0,0.0,0.0
NI02PPRIVPF2019,RA_LIC_DEREC,0.0,0.0,0.0,0.0
NI02PPRIVPF2019,RA_LIC_TASSCHG_PY,0.0,0.0,0.0,0.0
NI02PPRIVPF2019,RA_LIC_FASSCHG_PY,0.0,0.0,0.0,0.0
NI02PPRIVPF2019,RA_LIC_CLO,0.0,0.0,0.0,0.0
NI02PPRIVPF2020,PVFC_LIC_UNWIND,0.0,0.0,0.0,0.0
NI02PPRIVPF2020,PVFC_LIC_EXP_CLAIM_CF_CY,0.0,0.0,0.0,0.0
NI02PPRIVPF2020,PVFC_LIC_EXP_ATTEXP_CY,0.0,0.0,0.0,0.0
NI02PPRIVPF2020,PVFC_LIC_EXP_CLAIM_CF_PY,2539.7439248979995,0.0,0.0,0.0
NI02PPRIVPF2020,PVFC_LIC_EXP_ATTEXP_PY,0.0,0.0,0.0,0.0
NI02PPRIVPF2020,RA_LIC_OP,0.0,0.0,0.0,0.0
NI02PPRIVPF2020,RA_LIC_UNWIND,0.0,0.0,0.0,0.0
NI02PPRIVPF2020,RA_LIC_INCLAIM,0.0,0.0,0.0,0.0
NI02PPRIVPF2020,RA_LIC_RELEASE_PY,0.0,0.0,0.0,0.0
NI02PPRIVPF2020,RA_LIC_DEREC,0.0,0.0,0.0,0.0
NI02PPRIVPF2020,RA_LIC_TASSCHG_PY,0.0,0.0,0.0,0.0
NI02PPRIVPF2020,RA_LIC_FASSCHG_PY,0.0,0.0,0.0,0.0
NI02PPRIVPF2020,RA_LIC_CLO,0.0,0.0,0.0,0.0
NI02PPRIVPF2021,PVFC_LIC_UNWIND,0.0,0.0,0.0,0.0
NI02PPRIVPF2021,PVFC_LIC_EXP_CLAIM_CF_CY,0.0,0.0,0.0,0.0
NI02PPRIVPF2021,PVFC_LIC_EXP_ATTEXP_CY,0.0,0.0,0.0,0.0
NI02PPRIVPF2021,PVFC_LIC_EXP_CLAIM_CF_PY,15558.41337333786,0.0,0.0,0.0
NI02PPRIVPF2021,PVFC_LIC_EXP_ATTEXP_PY,0.0,0.0,0.0,0.0
NI02PPRIVPF2021,RA_LIC_OP,0.0,0.0,0.0,0.0
NI02PPRIVPF2021,RA_LIC_UNWIND,0.0,0.0,0.0,0.0
NI02PPRIVPF2021,RA_LIC_INCLAIM,0.0,0.0,0.0,0.0
NI02PPRIVPF2021,RA_LIC_RELEASE_PY,0.0,0.0,0.0,0.0
NI02PPRIVPF2021,RA_LIC_DEREC,0.0,0.0,0.0,0.0
NI02PPRIVPF2021,RA_LIC_TASSCHG_PY,0.0,0.0,0.0,0.0
NI02PPRIVPF2021,RA_LIC_FASSCHG_PY,0.0,0.0,0.0,0.0
NI02PPRIVPF2021,RA_LIC_CLO,0.0,0.0,0.0,0.0
NI02PPRIVPF2022,PVFC_LIC_UNWIND,0.0,0.0,0.0,0.0
NI02PPRIVPF2022,PVFC_LIC_EXP_CLAIM_CF_CY,0.0,0.0,0.0,0.0
NI02PPRIVPF2022,PVFC_LIC_EXP_ATTEXP_CY,0.0,0.0,0.0,0.0
NI02PPRIVPF2022,PVFC_LIC_EXP_CLAIM_CF_PY,119802.95745598694,0.0,0.0,0.0
NI02PPRIVPF2022,PVFC_LIC_EXP_ATTEXP_PY,0.0,0.0,0.0,0.0
NI02PPRIVPF2022,RA_LIC_OP,0.0,0.0,0.0,0.0
NI02PPRIVPF2022,RA_LIC_UNWIND,0.0,0.0,0.0,0.0
NI02PPRIVPF2022,RA_LIC_INCLAIM,0.0,0.0,0.0,0.0
NI02PPRIVPF2022,RA_LIC_RELEASE_PY,0.0,0.0,0.0,0.0
NI02PPRIVPF2022,RA_LIC_DEREC,0.0,0.0,0.0,0.0
NI02PPRIVPF2022,RA_LIC_TASSCHG_PY,0.0,0.0,0.0,0.0
NI02PPRIVPF2022,RA_LIC_FASSCHG_PY,0.0,0.0,0.0,0.0
NI02PPRIVPF2022,RA_LIC_CLO,0.0,0.0,0.0,0.0
NI02PPRIVPF2023,PVFC_LIC_UNWIND,0.0,0.0,0.0,0.0
NI02PPRIVPF2023,PVFC_LIC_EXP_CLAIM_CF_CY,0.0,0.0,0.0,0.0
NI02PPRIVPF2023,PVFC_LIC_EXP_ATTEXP_CY,0.0,0.0,0.0,0.0
NI02PPRIVPF2023,PVFC_LIC_EXP_CLAIM_CF_PY,185188.10217720564,0.0,0.0,0.0
NI02PPRIVPF2023,PVFC_LIC_EXP_ATTEXP_PY,0.0,0.0,0.0,0.0
NI02PPRIVPF2023,RA_LIC_OP,0.0,0.0,0.0,0.0
NI02PPRIVPF2023,RA_LIC_UNWIND,0.0,0.0,0.0,0.0
NI02PPRIVPF2023,RA_LIC_INCLAIM,0.0,0.0,0.0,0.0
NI02PPRIVPF2023,RA_LIC_RELEASE_PY,0.0,0.0,0.0,0.0
NI02PPRIVPF2023,RA_LIC_DEREC,0.0,0.0,0.0,0.0
NI02PPRIVPF2023,RA_LIC_TASSCHG_PY,0.0,0.0,0.0,0.0
NI02PPRIVPF2023,RA_LIC_FASSCHG_PY,0.0,0.0,0.0,0.0
NI02PPRIVPF2023,RA_LIC_CLO,0.0,0.0,0.0,0.0
NI02PPRIVPF2024,PVFC_LIC_UNWIND,0.0,0.0,0.0,0.0
NI02PPRIVPF2024,PVFC_LIC_EXP_CLAIM_CF_CY,0.0,0.0,0.0,0.0
NI02PPRIVPF2024,PVFC_LIC_EXP_ATTEXP_CY,0.0,0.0,0.0,0.0
NI02PPRIVPF2024,PVFC_LIC_EXP_CLAIM_CF_PY,0.0,0.0,0.0,0.0
NI02PPRIVPF2024,PVFC_LIC_EXP_ATTEXP_PY,0.0,0.0,0.0,0.0
NI02PPRIVPF2024,RA_LIC_OP,0.0,0.0,0.0,0.0
NI02PPRIVPF2024,RA_LIC_UNWIND,0.0,0.0,0.0,0.0
NI02PPRIVPF2024,RA_LIC_INCLAIM,0.0,0.0,0.0,0.0
NI02PPRIVPF2024,RA_LIC_RELEASE_PY,0.0,0.0,0.0,0.0
NI02PPRIVPF2024,RA_LIC_DEREC,0.0,0.0,0.0,0.0
NI02PPRIVPF2024,RA_LIC_TASSCHG_PY,0.0,0.0,0.0,0.0
NI02PPRIVPF2024,RA_LIC_FASSCHG_PY,0.0,0.0,0.0,0.0
NI02PPRIVPF2024,RA_LIC_CLO,0.0,0.0,0.0,0.0
NI02PPRIVPF2012,RA_LIC_RELEASE_CY,0.0,0.0,0.0,0.0
NI02PPRIVPF2013,RA_LIC_RELEASE_CY,0.0,0.0,0.0,0.0
NI02PPRIVPF2014,RA_LIC_RELEASE_CY,0.0,0.0,0.0,0.0
NI02PPRIVPF2015,RA_LIC_RELEASE_CY,0.0,0.0,0.0,0.0
NI02PPRIVPF2016,RA_LIC_RELEASE_CY,0.0,0.0,0.0,0.0
NI02PPRIVPF2017,RA_LIC_RELEASE_CY,0.0,0.0,0.0,0.0
NI02PPRIVPF2018,RA_LIC_RELEASE_CY,0.0,0.0,0.0,0.0
NI02PPRIVPF2019,RA_LIC_RELEASE_CY,0.0,0.0,0.0,0.0
NI02PPRIVPF2020,RA_LIC_RELEASE_CY,0.0,0.0,0.0,0.0
NI02PPRIVPF2021,RA_LIC_RELEASE_CY,0.0,0.0,0.0,0.0
NI02PPRIVPF2022,RA_LIC_RELEASE_CY,0.0,0.0,0.0,0.0
NI02PPRIVPF2023,RA_LIC_RELEASE_CY,0.0,0.0,0.0,0.0
NI02PPRIVPF2024,RA_LIC_RELEASE_CY,0.0,0.0,0.0,0.0
NI02PPRIVPF2012,RA_LIC_FEXPVAR_CY,0.0,0.0,0.0,0.0
NI02PPRIVPF2013,RA_LIC_FEXPVAR_CY,0.0,0.0,0.0,0.0
NI02PPRIVPF2014,RA_LIC_FEXPVAR_CY,0.0,0.0,0.0,0.0
NI02PPRIVPF2015,RA_LIC_FEXPVAR_CY,0.0,0.0,0.0,0.0
NI02PPRIVPF2016,RA_LIC_FEXPVAR_CY,0.0,0.0,0.0,0.0
NI02PPRIVPF2017,RA_LIC_FEXPVAR_CY,0.0,0.0,0.0,0.0
NI02PPRIVPF2018,RA_LIC_FEXPVAR_CY,0.0,0.0,0.0,0.0
NI02PPRIVPF2019,RA_LIC_FEXPVAR_CY,0.0,0.0,0.0,0.0
NI02PPRIVPF2020,RA_LIC_FEXPVAR_CY,0.0,0.0,0.0,0.0
NI02PPRIVPF2021,RA_LIC_FEXPVAR_CY,0.0,0.0,0.0,0.0
NI02PPRIVPF2022,RA_LIC_FEXPVAR_CY,0.0,0.0,0.0,0.0
NI02PPRIVPF2023,RA_LIC_FEXPVAR_CY,0.0,0.0,0.0,0.0
NI02PPRIVPF2024,RA_LIC_FEXPVAR_CY,0.0,0.0,0.0,0.0
NI02PPRIVPF2012,DA_LIC_OP,0.0,0.0,0.0,0.0
NI02PPRIVPF2013,DA_LIC_OP,0.0,0.0,0.0,0.0
NI02PPRIVPF2014,DA_LIC_OP,0.0,0.0,0.0,0.0
NI02PPRIVPF2015,DA_LIC_OP,0.0,0.0,0.0,0.0
NI02PPRIVPF2016,DA_LIC_OP,0.0,0.0,0.0,0.0
NI02PPRIVPF2017,DA_LIC_OP,0.0,0.0,0.0,0.0
NI02PPRIVPF2018,DA_LIC_OP,0.0,0.0,0.0,0.0
NI02PPRIVPF2019,DA_LIC_OP,0.0,0.0,0.0,0.0
NI02PPRIVPF2020,DA_LIC_OP,0.0,0.0,0.0,0.0
NI02PPRIVPF2021,DA_LIC_OP,0.0,0.0,0.0,0.0
NI02PPRIVPF2022,DA_LIC_OP,0.0,0.0,0.0,0.0
NI02PPRIVPF2023,DA_LIC_OP,0.0,0.0,0.0,0.0
NI02PPRIVPF2024,DA_LIC_OP,0.0,0.0,0.0,0.0
NI02PPRIVPF2012,DA_LIC_INCLAIM_INCEXP,0.0,0.0,0.0,0.0
NI02PPRIVPF2013,DA_LIC_INCLAIM_INCEXP,0.0,0.0,0.0,0.0
NI02PPRIVPF2014,DA_LIC_INCLAIM_INCEXP,0.0,0.0,0.0,0.0
NI02PPRIVPF2015,DA_LIC_INCLAIM_INCEXP,0.0,0.0,0.0,0.0
NI02PPRIVPF2016,DA_LIC_INCLAIM_INCEXP,0.0,0.0,0.0,0.0
NI02PPRIVPF2017,DA_LIC_INCLAIM_INCEXP,0.0,0.0,0.0,0.0
NI02PPRIVPF2018,DA_LIC_INCLAIM_INCEXP,0.0,0.0,0.0,0.0
NI02PPRIVPF2019,DA_LIC_INCLAIM_INCEXP,0.0,0.0,0.0,0.0
NI02PPRIVPF2020,DA_LIC_INCLAIM_INCEXP,0.0,0.0,0.0,0.0
NI02PPRIVPF2021,DA_LIC_INCLAIM_INCEXP,0.0,0.0,0.0,0.0
NI02PPRIVPF2022,DA_LIC_INCLAIM_INCEXP,0.0,0.0,0.0,0.0
NI02PPRIVPF2023,DA_LIC_INCLAIM_INCEXP,0.0,0.0,0.0,0.0
NI02PPRIVPF2024,DA_LIC_INCLAIM_INCEXP,0.0,0.0,0.0,0.0
NI02PPRIVPF2012,DA_LIC_CHG,0.0,0.0,0.0,0.0
NI02PPRIVPF2013,DA_LIC_CHG,0.0,0.0,0.0,0.0
NI02PPRIVPF2014,DA_LIC_CHG,0.0,0.0,0.0,0.0
NI02PPRIVPF2015,DA_LIC_CHG,0.0,0.0,0.0,0.0
NI02PPRIVPF2016,DA_LIC_CHG,0.0,0.0,0.0,0.0
NI02PPRIVPF2017,DA_LIC_CHG,0.0,0.0,0.0,0.0
NI02PPRIVPF2018,DA_LIC_CHG,0.0,0.0,0.0,0.0
NI02PPRIVPF2019,DA_LIC_CHG,0.0,0.0,0.0,0.0
NI02PPRIVPF2020,DA_LIC_CHG,0.0,0.0,0.0,0.0
NI02PPRIVPF2021,DA_LIC_CHG,0.0,0.0,0.0,0.0
NI02PPRIVPF2022,DA_LIC_CHG,0.0,0.0,0.0,0.0
NI02PPRIVPF2023,DA_LIC_CHG,0.0,0.0,0.0,0.0
NI02PPRIVPF2024,DA_LIC_CHG,0.0,0.0,0.0,0.0
NI02PPRIVPF2012,DA_LIC_CLO,0.0,0.0,0.0,0.0
NI02PPRIVPF2013,DA_LIC_CLO,0.0,0.0,0.0,0.0
NI02PPRIVPF2014,DA_LIC_CLO,0.0,0.0,0.0,0.0
NI02PPRIVPF2015,DA_LIC_CLO,0.0,0.0,0.0,0.0
NI02PPRIVPF2016,DA_LIC_CLO,0.0,0.0,0.0,0.0
NI02PPRIVPF2017,DA_LIC_CLO,0.0,0.0,0.0,0.0
NI02PPRIVPF2018,DA_LIC_CLO,0.0,0.0,0.0,0.0
NI02PPRIVPF2019,DA_LIC_CLO,0.0,0.0,0.0,0.0
NI02PPRIVPF2020,DA_LIC_CLO,0.0,0.0,0.0,0.0
NI02PPRIVPF2021,DA_LIC_CLO,0.0,0.0,0.0,0.0
NI02PPRIVPF2022,DA_LIC_CLO,0.0,0.0,0.0,0.0
NI02PPRIVPF2023,DA_LIC_CLO,0.0,0.0,0.0,0.0
NI02PPRIVPF2024,DA_LIC_CLO,0.0,0.0,0.0,0.0
NI02PPRIVQS2012,PVFC_LIC_UNWIND,0.0,0.0,0.0,0.0
NI02PPRIVQS2012,PVFC_LIC_EXP_CLAIM_CF_CY,0.0,0.0,0.0,-1.0
NI02PPRIVQS2012,PVFC_LIC_EXP_ATTEXP_CY,0.0,0.0,0.0,0.0
NI02PPRIVQS2012,PVFC_LIC_EXP_CLAIM_CF_PY,0.0,0.0,0.0,0.0
NI02PPRIVQS2012,PVFC_LIC_EXP_ATTEXP_PY,0.0,0.0,0.0,0.0
NI02PPRIVQS2012,RA_LIC_OP,0.0,0.0,0.0,0.0
NI02PPRIVQS2012,RA_LIC_UNWIND,0.0,0.0,0.0,0.0
NI02PPRIVQS2012,RA_LIC_INCLAIM,0.0,0.0,0.0,0.0
NI02PPRIVQS2012,RA_LIC_RELEASE_PY,0.0,0.0,0.0,0.0
NI02PPRIVQS2012,RA_LIC_DEREC,0.0,0.0,0.0,0.0
NI02PPRIVQS2012,RA_LIC_TASSCHG_PY,0.0,0.0,0.0,0.0
NI02PPRIVQS2012,RA_LIC_FASSCHG_PY,0.0,0.0,0.0,0.0
NI02PPRIVQS2012,RA_LIC_CLO,0.0,0.0,0.0,0.0
NI02PPRIVQS2013,PVFC_LIC_UNWIND,0.0,0.0,0.0,0.0
NI02PPRIVQS2013,PVFC_LIC_EXP_CLAIM_CF_CY,0.0,0.0,0.0,0.0
NI02PPRIVQS2013,PVFC_LIC_EXP_ATTEXP_CY,0.0,0.0,0.0,0.0
NI02PPRIVQS2013,PVFC_LIC_EXP_CLAIM_CF_PY,0.0,0.0,0.0,0.0
NI02PPRIVQS2013,PVFC_LIC_EXP_ATTEXP_PY,0.0,0.0,0.0,0.0
NI02PPRIVQS2013,RA_LIC_OP,0.0,0.0,0.0,0.0
NI02PPRIVQS2013,RA_LIC_UNWIND,0.0,0.0,0.0,0.0
NI02PPRIVQS2013,RA_LIC_INCLAIM,0.0,0.0,0.0,0.0
NI02PPRIVQS2013,RA_LIC_RELEASE_PY,0.0,0.0,0.0,0.0
NI02PPRIVQS2013,RA_LIC_DEREC,0.0,0.0,0.0,0.0
NI02PPRIVQS2013,RA_LIC_TASSCHG_PY,0.0,0.0,0.0,0.0
NI02PPRIVQS2013,RA_LIC_FASSCHG_PY,0.0,0.0,0.0,0.0
NI02PPRIVQS2013,RA_LIC_CLO,0.0,0.0,0.0,0.0
NI02PPRIVQS2014,PVFC_LIC_UNWIND,0.0,0.0,0.0,0.0
NI02PPRIVQS2014,PVFC_LIC_EXP_CLAIM_CF_CY,0.0,0.0,0.0,0.0
NI02PPRIVQS2014,PVFC_LIC_EXP_ATTEXP_CY,0.0,0.0,0.0,0.0
NI02PPRIVQS2014,PVFC_LIC_EXP_CLAIM_CF_PY,0.0,0.0,0.0,0.0
NI02PPRIVQS2014,PVFC_LIC_EXP_ATTEXP_PY,0.0,0.0,0.0,0.0
NI02PPRIVQS2014,RA_LIC_OP,0.0,0.0,0.0,0.0
NI02PPRIVQS2014,RA_LIC_UNWIND,0.0,0.0,0.0,0.0
NI02PPRIVQS2014,RA_LIC_INCLAIM,0.0,0.0,0.0,0.0
NI02PPRIVQS2014,RA_LIC_RELEASE_PY,0.0,0.0,0.0,0.0
NI02PPRIVQS2014,RA_LIC_DEREC,0.0,0.0,0.0,0.0
NI02PPRIVQS2014,RA_LIC_TASSCHG_PY,0.0,0.0,0.0,0.0
NI02PPRIVQS2014,RA_LIC_FASSCHG_PY,0.0,0.0,0.0,0.0
NI02PPRIVQS2014,RA_LIC_CLO,0.0,0.0,0.0,0.0
NI02PPRIVQS2015,PVFC_LIC_UNWIND,0.0,0.0,0.0,0.0
NI02PPRIVQS2015,PVFC_LIC_EXP_CLAIM_CF_CY,0.0,0.0,0.0,0.0
NI02PPRIVQS2015,PVFC_LIC_EXP_ATTEXP_CY,0.0,0.0,0.0,0.0
NI02PPRIVQS2015,PVFC_LIC_EXP_CLAIM_CF_PY,0.0,0.0,0.0,0.0
NI02PPRIVQS2015,PVFC_LIC_EXP_ATTEXP_PY,0.0,0.0,0.0,0.0
NI02PPRIVQS2015,RA_LIC_OP,0.0,0.0,0.0,0.0
NI02PPRIVQS2015,RA_LIC_UNWIND,0.0,0.0,0.0,0.0
NI02PPRIVQS2015,RA_LIC_INCLAIM,0.0,0.0,0.0,0.0
NI02PPRIVQS2015,RA_LIC_RELEASE_PY,0.0,0.0,0.0,0.0
NI02PPRIVQS2015,RA_LIC_DEREC,0.0,0.0,0.0,0.0
NI02PPRIVQS2015,RA_LIC_TASSCHG_PY,0.0,0.0,0.0,0.0
NI02PPRIVQS2015,RA_LIC_FASSCHG_PY,0.0,0.0,0.0,0.0
NI02PPRIVQS2015,RA_LIC_CLO,0.0,0.0,0.0,0.0
NI02PPRIVQS2016,PVFC_LIC_UNWIND,0.0,0.0,0.0,0.0
NI02PPRIVQS2016,PVFC_LIC_EXP_CLAIM_CF_CY,0.0,0.0,0.0,0.0
NI02PPRIVQS2016,PVFC_LIC_EXP_ATTEXP_CY,0.0,0.0,0.0,0.0
NI02PPRIVQS2016,PVFC_LIC_EXP_CLAIM_CF_PY,0.0,0.0,0.0,0.0
NI02PPRIVQS2016,PVFC_LIC_EXP_ATTEXP_PY,0.0,0.0,0.0,0.0
NI02PPRIVQS2016,RA_LIC_OP,0.0,0.0,0.0,0.0
NI02PPRIVQS2016,RA_LIC_UNWIND,0.0,0.0,0.0,0.0
NI02PPRIVQS2016,RA_LIC_INCLAIM,0.0,0.0,0.0,0.0
NI02PPRIVQS2016,RA_LIC_RELEASE_PY,0.0,0.0,0.0,0.0
NI02PPRIVQS2016,RA_LIC_DEREC,0.0,0.0,0.0,0.0
NI02PPRIVQS2016,RA_LIC_TASSCHG_PY,0.0,0.0,0.0,0.0
NI02PPRIVQS2016,RA_LIC_FASSCHG_PY,0.0,0.0,0.0,0.0
NI02PPRIVQS2016,RA_LIC_CLO,0.0,0.0,0.0,0.0
NI02PPRIVQS2017,PVFC_LIC_UNWIND,0.0,0.0,0.0,0.0
NI02PPRIVQS2017,PVFC_LIC_EXP_CLAIM_CF_CY,0.0,0.0,0.0,0.0
NI02PPRIVQS2017,PVFC_LIC_EXP_ATTEXP_CY,0.0,0.0,0.0,0.0
NI02PPRIVQS2017,PVFC_LIC_EXP_CLAIM_CF_PY,0.0,0.0,0.0,0.0
NI02PPRIVQS2017,PVFC_LIC_EXP_ATTEXP_PY,0.0,0.0,0.0,0.0
NI02PPRIVQS2017,RA_LIC_OP,0.0,0.0,0.0,0.0
NI02PPRIVQS2017,RA_LIC_UNWIND,0.0,0.0,0.0,0.0
NI02PPRIVQS2017,RA_LIC_INCLAIM,0.0,0.0,0.0,0.0
NI02PPRIVQS2017,RA_LIC_RELEASE_PY,0.0,0.0,0.0,0.0
NI02PPRIVQS2017,RA_LIC_DEREC,0.0,0.0,0.0,0.0
NI02PPRIVQS2017,RA_LIC_TASSCHG_PY,0.0,0.0,0.0,0.0
NI02PPRIVQS2017,RA_LIC_FASSCHG_PY,0.0,0.0,0.0,0.0
NI02PPRIVQS2017,RA_LIC_CLO,0.0,0.0,0.0,0.0
NI02PPRIVQS2018,PVFC_LIC_UNWIND,0.0,0.0,0.0,0.0
NI02PPRIVQS2018,PVFC_LIC_EXP_CLAIM_CF_CY,0.0,0.0,0.0,0.0
NI02PPRIVQS2018,PVFC_LIC_EXP_ATTEXP_CY,0.0,0.0,0.0,0.0
NI02PPRIVQS2018,PVFC_LIC_EXP_CLAIM_CF_PY,0.31380350235486487,0.0,0.0,0.0
NI02PPRIVQS2018,PVFC_LIC_EXP_ATTEXP_PY,0.0,0.0,0.0,0.0
NI02PPRIVQS2018,RA_LIC_OP,0.0,0.0,0.0,0.0
NI02PPRIVQS2018,RA_LIC_UNWIND,0.0,0.0,0.0,0.0
NI02PPRIVQS2018,RA_LIC_INCLAIM,0.0,0.0,0.0,0.0
NI02PPRIVQS2018,RA_LIC_RELEASE_PY,0.0,0.0,0.0,0.0
NI02PPRIVQS2018,RA_LIC_DEREC,0.0,0.0,0.0,0.0
NI02PPRIVQS2018,RA_LIC_TASSCHG_PY,0.0,0.0,0.0,0.0
NI02PPRIVQS2018,RA_LIC_FASSCHG_PY,0.0,0.0,0.0,0.0
NI02PPRIVQS2018,RA_LIC_CLO,0.0,0.0,0.0,0.0
NI02PPRIVQS2019,PVFC_LIC_UNWIND,0.0,0.0,0.0,0.0
NI02PPRIVQS2019,PVFC_LIC_EXP_CLAIM_CF_CY,0.0,0.0,0.0,0.0
NI02PPRIVQS2019,PVFC_LIC_EXP_ATTEXP_CY,0.0,0.0,0.0,0.0
NI02PPRIVQS2019,PVFC_LIC_EXP_CLAIM_CF_PY,3.711888646060062,0.0,0.0,0.0
NI02PPRIVQS2019,PVFC_LIC_EXP_ATTEXP_PY,0.0,0.0,0.0,0.0
NI02PPRIVQS2019,RA_LIC_OP,0.0,0.0,0.0,0.0
NI02PPRIVQS2019,RA_LIC_UNWIND,0.0,0.0,0.0,0.0
NI02PPRIVQS2019,RA_LIC_INCLAIM,0.0,0.0,0.0,0.0
NI02PPRIVQS2019,RA_LIC_RELEASE_PY,0.0,0.0,0.0,0.0
NI02PPRIVQS2019,RA_LIC_DEREC,0.0,0.0,0.0,0.0
NI02PPRIVQS2019,RA_LIC_TASSCHG_PY,0.0,0.0,0.0,0.0
NI02PPRIVQS2019,RA_LIC_FASSCHG_PY,0.0,0.0,0.0,0.0
NI02PPRIVQS2019,RA_LIC_CLO,0.0,0.0,0.0,0.0
NI02PPRIVQS2020,PVFC_LIC_UNWIND,0.0,0.0,0.0,0.0
NI02PPRIVQS2020,PVFC_LIC_EXP_CLAIM_CF_CY,0.0,0.0,0.0,0.0
NI02PPRIVQS2020,PVFC_LIC_EXP_ATTEXP_CY,0.0,0.0,0.0,0.0
NI02PPRIVQS2020,PVFC_LIC_EXP_CLAIM_CF_PY,375.1654453478406,0.0,0.0,0.0
NI02PPRIVQS2020,PVFC_LIC_EXP_ATTEXP_PY,0.0,0.0,0.0,0.0
NI02PPRIVQS2020,RA_LIC_OP,0.0,0.0,0.0,0.0
NI02PPRIVQS2020,RA_LIC_UNWIND,0.0,0.0,0.0,0.0
NI02PPRIVQS2020,RA_LIC_INCLAIM,0.0,0.0,0.0,0.0
NI02PPRIVQS2020,RA_LIC_RELEASE_PY,0.0,0.0,0.0,0.0
NI02PPRIVQS2020,RA_LIC_DEREC,0.0,0.0,0.0,0.0
NI02PPRIVQS2020,RA_LIC_TASSCHG_PY,0.0,0.0,0.0,0.0
NI02PPRIVQS2020,RA_LIC_FASSCHG_PY,0.0,0.0,0.0,0.0
NI02PPRIVQS2020,RA_LIC_CLO,0.0,0.0,0.0,0.0
NI02PPRIVQS2021,PVFC_LIC_UNWIND,0.0,0.0,0.0,0.0
NI02PPRIVQS2021,PVFC_LIC_EXP_CLAIM_CF_CY,0.0,0.0,0.0,0.0
NI02PPRIVQS2021,PVFC_LIC_EXP_ATTEXP_CY,0.0,0.0,0.0,0.0
NI02PPRIVQS2021,PVFC_LIC_EXP_CLAIM_CF_PY,793.126001397778,0.0,0.0,0.0
NI02PPRIVQS2021,PVFC_LIC_EXP_ATTEXP_PY,0.0,0.0,0.0,0.0
NI02PPRIVQS2021,RA_LIC_OP,0.0,0.0,0.0,0.0
NI02PPRIVQS2021,RA_LIC_UNWIND,0.0,0.0,0.0,0.0
NI02PPRIVQS2021,RA_LIC_INCLAIM,0.0,0.0,0.0,0.0
NI02PPRIVQS2021,RA_LIC_RELEASE_PY,0.0,0.0,0.0,0.0
NI02PPRIVQS2021,RA_LIC_DEREC,0.0,0.0,0.0,0.0
NI02PPRIVQS2021,RA_LIC_TASSCHG_PY,0.0,0.0,0.0,0.0
NI02PPRIVQS2021,RA_LIC_FASSCHG_PY,0.0,0.0,0.0,0.0
NI02PPRIVQS2021,RA_LIC_CLO,0.0,0.0,0.0,0.0
NI02PPRIVQS2022,PVFC_LIC_UNWIND,0.0,0.0,0.0,0.0
NI02PPRIVQS2022,PVFC_LIC_EXP_CLAIM_CF_CY,0.0,0.0,0.0,0.0
NI02PPRIVQS2022,PVFC_LIC_EXP_ATTEXP_CY,0.0,0.0,0.0,0.0
NI02PPRIVQS2022,PVFC_LIC_EXP_CLAIM_CF_PY,13153.746622938925,0.0,0.0,0.0
NI02PPRIVQS2022,PVFC_LIC_EXP_ATTEXP_PY,0.0,0.0,0.0,0.0
NI02PPRIVQS2022,RA_LIC_OP,0.0,0.0,0.0,0.0
NI02PPRIVQS2022,RA_LIC_UNWIND,0.0,0.0,0.0,0.0
NI02PPRIVQS2022,RA_LIC_INCLAIM,0.0,0.0,0.0,0.0
NI02PPRIVQS2022,RA_LIC_RELEASE_PY,0.0,0.0,0.0,0.0
NI02PPRIVQS2022,RA_LIC_DEREC,0.0,0.0,0.0,0.0
NI02PPRIVQS2022,RA_LIC_TASSCHG_PY,0.0,0.0,0.0,0.0
NI02PPRIVQS2022,RA_LIC_FASSCHG_PY,0.0,0.0,0.0,0.0
NI02PPRIVQS2022,RA_LIC_CLO,0.0,0.0,0.0,0.0
NI02PPRIVQS2023,PVFC_LIC_UNWIND,0.0,0.0,0.0,0.0
NI02PPRIVQS2023,PVFC_LIC_EXP_CLAIM_CF_CY,0.0,0.0,0.0,0.0
NI02PPRIVQS2023,PVFC_LIC_EXP_ATTEXP_CY,0.0,0.0,0.0,0.0
NI02PPRIVQS2023,PVFC_LIC_EXP_CLAIM_CF_PY,14240.98857598466,0.0,0.0,0.0
NI02PPRIVQS2023,PVFC_LIC_EXP_ATTEXP_PY,0.0,0.0,0.0,0.0
NI02PPRIVQS2023,RA_LIC_OP,0.0,0.0,0.0,0.0
NI02PPRIVQS2023,RA_LIC_UNWIND,0.0,0.0,0.0,0.0
NI02PPRIVQS2023,RA_LIC_INCLAIM,0.0,0.0,0.0,0.0
NI02PPRIVQS2023,RA_LIC_RELEASE_PY,0.0,0.0,0.0,0.0
NI02PPRIVQS2023,RA_LIC_DEREC,0.0,0.0,0.0,0.0
NI02PPRIVQS2023,RA_LIC_TASSCHG_PY,0.0,0.0,0.0,0.0
NI02PPRIVQS2023,RA_LIC_FASSCHG_PY,0.0,0.0,0.0,0.0
NI02PPRIVQS2023,RA_LIC_CLO,0.0,0.0,0.0,0.0
NI02PPRIVQS2024,PVFC_LIC_UNWIND,0.0,0.0,0.0,0.0
NI02PPRIVQS2024,PVFC_LIC_EXP_CLAIM_CF_CY,0.0,0.0,0.0,0.0
NI02PPRIVQS2024,PVFC_LIC_EXP_ATTEXP_CY,0.0,0.0,0.0,0.0
NI02PPRIVQS2024,PVFC_LIC_EXP_CLAIM_CF_PY,0.0,0.0,0.0,0.0
NI02PPRIVQS2024,PVFC_LIC_EXP_ATTEXP_PY,0.0,0.0,0.0,0.0
NI02PPRIVQS2024,RA_LIC_OP,0.0,0.0,0.0,0.0
NI02PPRIVQS2024,RA_LIC_UNWIND,0.0,0.0,0.0,0.0
NI02PPRIVQS2024,RA_LIC_INCLAIM,0.0,0.0,0.0,0.0
NI02PPRIVQS2024,RA_LIC_RELEASE_PY,0.0,0.0,0.0,0.0
NI02PPRIVQS2024,RA_LIC_DEREC,0.0,0.0,0.0,0.0
NI02PPRIVQS2024,RA_LIC_TASSCHG_PY,0.0,0.0,0.0,0.0
NI02PPRIVQS2024,RA_LIC_FASSCHG_PY,0.0,0.0,0.0,0.0
NI02PPRIVQS2024,RA_LIC_CLO,0.0,0.0,0.0,0.0
NI02PPRIVQS2012,RA_LIC_RELEASE_CY,0.0,0.0,0.0,0.0
NI02PPRIVQS2013,RA_LIC_RELEASE_CY,0.0,0.0,0.0,0.0
NI02PPRIVQS2014,RA_LIC_RELEASE_CY,0.0,0.0,0.0,0.0
NI02PPRIVQS2015,RA_LIC_RELEASE_CY,0.0,0.0,0.0,0.0
NI02PPRIVQS2016,RA_LIC_RELEASE_CY,0.0,0.0,0.0,0.0
NI02PPRIVQS2017,RA_LIC_RELEASE_CY,0.0,0.0,0.0,0.0
NI02PPRIVQS2018,RA_LIC_RELEASE_CY,0.0,0.0,0.0,0.0
NI02PPRIVQS2019,RA_LIC_RELEASE_CY,0.0,0.0,0.0,0.0
NI02PPRIVQS2020,RA_LIC_RELEASE_CY,0.0,0.0,0.0,0.0
NI02PPRIVQS2021,RA_LIC_RELEASE_CY,0.0,0.0,0.0,0.0
NI02PPRIVQS2022,RA_LIC_RELEASE_CY,0.0,0.0,0.0,0.0
NI02PPRIVQS2023,RA_LIC_RELEASE_CY,0.0,0.0,0.0,0.0
NI02PPRIVQS2024,RA_LIC_RELEASE_CY,0.0,0.0,0.0,0.0
NI02PPRIVQS2012,RA_LIC_FEXPVAR_CY,0.0,0.0,0.0,0.0
NI02PPRIVQS2013,RA_LIC_FEXPVAR_CY,0.0,0.0,0.0,0.0
NI02PPRIVQS2014,RA_LIC_FEXPVAR_CY,0.0,0.0,0.0,0.0
NI02PPRIVQS2015,RA_LIC_FEXPVAR_CY,0.0,0.0,0.0,0.0
NI02PPRIVQS2016,RA_LIC_FEXPVAR_CY,0.0,0.0,0.0,0.0
NI02PPRIVQS2017,RA_LIC_FEXPVAR_CY,0.0,0.0,0.0,0.0
NI02PPRIVQS2018,RA_LIC_FEXPVAR_CY,0.0,0.0,0.0,0.0
NI02PPRIVQS2019,RA_LIC_FEXPVAR_CY,0.0,0.0,0.0,0.0
NI02PPRIVQS2020,RA_LIC_FEXPVAR_CY,0.0,0.0,0.0,0.0
NI02PPRIVQS2021,RA_LIC_FEXPVAR_CY,0.0,0.0,0.0,0.0
NI02PPRIVQS2022,RA_LIC_FEXPVAR_CY,0.0,0.0,0.0,0.0
NI02PPRIVQS2023,RA_LIC_FEXPVAR_CY,0.0,0.0,0.0,0.0
NI02PPRIVQS2024,RA_LIC_FEXPVAR_CY,0.0,0.0,0.0,0.0
NI02PPRIVQS2012,DA_LIC_OP,0.0,0.0,0.0,0.0
NI02PPRIVQS2013,DA_LIC_OP,0.0,0.0,0.0,0.0
NI02PPRIVQS2014,DA_LIC_OP,0.0,0.0,0.0,0.0
NI02PPRIVQS2015,DA_LIC_OP,0.0,0.0,0.0,0.0
NI02PPRIVQS2016,DA_LIC_OP,0.0,0.0,0.0,0.0
NI02PPRIVQS2017,DA_LIC_OP,0.0,0.0,0.0,0.0
NI02PPRIVQS2018,DA_LIC_OP,0.0,0.0,0.0,0.0
NI02PPRIVQS2019,DA_LIC_OP,0.0,0.0,0.0,0.0
NI02PPRIVQS2020,DA_LIC_OP,0.0,0.0,0.0,0.0
NI02PPRIVQS2021,DA_LIC_OP,0.0,0.0,0.0,0.0
NI02PPRIVQS2022,DA_LIC_OP,0.0,0.0,0.0,0.0
NI02PPRIVQS2023,DA_LIC_OP,0.0,0.0,0.0,0.0
NI02PPRIVQS2024,DA_LIC_OP,0.0,0.0,0.0,0.0
NI02PPRIVQS2012,DA_LIC_INCLAIM_INCEXP,0.0,0.0,0.0,0.0
NI02PPRIVQS2013,DA_LIC_INCLAIM_INCEXP,0.0,0.0,0.0,0.0
NI02PPRIVQS2014,DA_LIC_INCLAIM_INCEXP,0.0,0.0,0.0,0.0
NI02PPRIVQS2015,DA_LIC_INCLAIM_INCEXP,0.0,0.0,0.0,0.0
NI02PPRIVQS2016,DA_LIC_INCLAIM_INCEXP,0.0,0.0,0.0,0.0
NI02PPRIVQS2017,DA_LIC_INCLAIM_INCEXP,0.0,0.0,0.0,0.0
NI02PPRIVQS2018,DA_LIC_INCLAIM_INCEXP,0.0,0.0,0.0,0.0
NI02PPRIVQS2019,DA_LIC_INCLAIM_INCEXP,0.0,0.0,0.0,0.0
NI02PPRIVQS2020,DA_LIC_INCLAIM_INCEXP,0.0,0.0,0.0,0.0
NI02PPRIVQS2021,DA_LIC_INCLAIM_INCEXP,0.0,0.0,0.0,0.0
NI02PPRIVQS2022,DA_LIC_INCLAIM_INCEXP,0.0,0.0,0.0,0.0
NI02PPRIVQS2023,DA_LIC_INCLAIM_INCEXP,0.0,0.0,0.0,0.0
NI02PPRIVQS2024,DA_LIC_INCLAIM_INCEXP,0.0,0.0,0.0,0.0
NI02PPRIVQS2012,DA_LIC_CHG,0.0,0.0,0.0,0.0
NI02PPRIVQS2013,DA_LIC_CHG,0.0,0.0,0.0,0.0
NI02PPRIVQS2014,DA_LIC_CHG,0.0,0.0,0.0,0.0
NI02PPRIVQS2015,DA_LIC_CHG,0.0,0.0,0.0,0.0
NI02PPRIVQS2016,DA_LIC_CHG,0.0,0.0,0.0,0.0
NI02PPRIVQS2017,DA_LIC_CHG,0.0,0.0,0.0,0.0
NI02PPRIVQS2018,DA_LIC_CHG,0.0,0.0,0.0,0.0
NI02PPRIVQS2019,DA_LIC_CHG,0.0,0.0,0.0,0.0
NI02PPRIVQS2020,DA_LIC_CHG,0.0,0.0,0.0,0.0
NI02PPRIVQS2021,DA_LIC_CHG,0.0,0.0,0.0,0.0
NI02PPRIVQS2022,DA_LIC_CHG,0.0,0.0,0.0,0.0
NI02PPRIVQS2023,DA_LIC_CHG,0.0,0.0,0.0,0.0
NI02PPRIVQS2024,DA_LIC_CHG,0.0,0.0,0.0,0.0
NI02PPRIVQS2012,DA_LIC_CLO,0.0,0.0,0.0,0.0
NI02PPRIVQS2013,DA_LIC_CLO,0.0,0.0,0.0,0.0
NI02PPRIVQS2014,DA_LIC_CLO,0.0,0.0,0.0,0.0
NI02PPRIVQS2015,DA_LIC_CLO,0.0,0.0,0.0,0.0
NI02PPRIVQS2016,DA_LIC_CLO,0.0,0.0,0.0,0.0
NI02PPRIVQS2017,DA_LIC_CLO,0.0,0.0,0.0,0.0
NI02PPRIVQS2018,DA_LIC_CLO,0.0,0.0,0.0,0.0
NI02PPRIVQS2019,DA_LIC_CLO,0.0,0.0,0.0,0.0
NI02PPRIVQS2020,DA_LIC_CLO,0.0,0.0,0.0,0.0
NI02PPRIVQS2021,DA_LIC_CLO,0.0,0.0,0.0,0.0
NI02PPRIVQS2022,DA_LIC_CLO,0.0,0.0,0.0,0.0
NI02PPRIVQS2023,DA_LIC_CLO,0.0,0.0,0.0,0.0
NI02PPRIVQS2024,DA_LIC_CLO,0.0,0.0,0.0,0.0
NI02PPRIVST2012,PVFC_LIC_UNWIND,0.0,0.0,0.0,0.0
NI02PPRIVST2012,PVFC_LIC_EXP_CLAIM_CF_CY,0.0,0.0,0.0,-1.0
NI02PPRIVST2012,PVFC_LIC_EXP_ATTEXP_CY,0.0,0.0,0.0,0.0
NI02PPRIVST2012,PVFC_LIC_EXP_CLAIM_CF_PY,0.0,0.0,0.0,0.0
NI02PPRIVST2012,PVFC_LIC_EXP_ATTEXP_PY,0.0,0.0,0.0,0.0
NI02PPRIVST2012,RA_LIC_OP,0.0,0.0,0.0,0.0
NI02PPRIVST2012,RA_LIC_UNWIND,0.0,0.0,0.0,0.0
NI02PPRIVST2012,RA_LIC_INCLAIM,0.0,0.0,0.0,0.0
NI02PPRIVST2012,RA_LIC_RELEASE_PY,0.0,0.0,0.0,0.0
NI02PPRIVST2012,RA_LIC_DEREC,0.0,0.0,0.0,0.0
NI02PPRIVST2012,RA_LIC_TASSCHG_PY,0.0,0.0,0.0,0.0
NI02PPRIVST2012,RA_LIC_FASSCHG_PY,0.0,0.0,0.0,0.0
NI02PPRIVST2012,RA_LIC_CLO,0.0,0.0,0.0,0.0
NI02PPRIVST2013,PVFC_LIC_UNWIND,0.0,0.0,0.0,0.0
NI02PPRIVST2013,PVFC_LIC_EXP_CLAIM_CF_CY,0.0,0.0,0.0,0.0
NI02PPRIVST2013,PVFC_LIC_EXP_ATTEXP_CY,0.0,0.0,0.0,0.0
NI02PPRIVST2013,PVFC_LIC_EXP_CLAIM_CF_PY,0.0,0.0,0.0,0.0
NI02PPRIVST2013,PVFC_LIC_EXP_ATTEXP_PY,0.0,0.0,0.0,0.0
NI02PPRIVST2013,RA_LIC_OP,0.0,0.0,0.0,0.0
NI02PPRIVST2013,RA_LIC_UNWIND,0.0,0.0,0.0,0.0
NI02PPRIVST2013,RA_LIC_INCLAIM,0.0,0.0,0.0,0.0
NI02PPRIVST2013,RA_LIC_RELEASE_PY,0.0,0.0,0.0,0.0
NI02PPRIVST2013,RA_LIC_DEREC,0.0,0.0,0.0,0.0
NI02PPRIVST2013,RA_LIC_TASSCHG_PY,0.0,0.0,0.0,0.0
NI02PPRIVST2013,RA_LIC_FASSCHG_PY,0.0,0.0,0.0,0.0
NI02PPRIVST2013,RA_LIC_CLO,0.0,0.0,0.0,0.0
NI02PPRIVST2014,PVFC_LIC_UNWIND,0.0,0.0,0.0,0.0
NI02PPRIVST2014,PVFC_LIC_EXP_CLAIM_CF_CY,0.0,0.0,0.0,0.0
NI02PPRIVST2014,PVFC_LIC_EXP_ATTEXP_CY,0.0,0.0,0.0,0.0
NI02PPRIVST2014,PVFC_LIC_EXP_CLAIM_CF_PY,0.0,0.0,0.0,0.0
NI02PPRIVST2014,PVFC_LIC_EXP_ATTEXP_PY,0.0,0.0,0.0,0.0
NI02PPRIVST2014,RA_LIC_OP,0.0,0.0,0.0,0.0
NI02PPRIVST2014,RA_LIC_UNWIND,0.0,0.0,0.0,0.0
NI02PPRIVST2014,RA_LIC_INCLAIM,0.0,0.0,0.0,0.0
NI02PPRIVST2014,RA_LIC_RELEASE_PY,0.0,0.0,0.0,0.0
NI02PPRIVST2014,RA_LIC_DEREC,0.0,0.0,0.0,0.0
NI02PPRIVST2014,RA_LIC_TASSCHG_PY,0.0,0.0,0.0,0.0
NI02PPRIVST2014,RA_LIC_FASSCHG_PY,0.0,0.0,0.0,0.0
NI02PPRIVST2014,RA_LIC_CLO,0.0,0.0,0.0,0.0
NI02PPRIVST2015,PVFC_LIC_UNWIND,0.0,0.0,0.0,0.0
NI02PPRIVST2015,PVFC_LIC_EXP_CLAIM_CF_CY,0.0,0.0,0.0,0.0
NI02PPRIVST2015,PVFC_LIC_EXP_ATTEXP_CY,0.0,0.0,0.0,0.0
NI02PPRIVST2015,PVFC_LIC_EXP_CLAIM_CF_PY,0.0,0.0,0.0,0.0
NI02PPRIVST2015,PVFC_LIC_EXP_ATTEXP_PY,0.0,0.0,0.0,0.0
NI02PPRIVST2015,RA_LIC_OP,0.0,0.0,0.0,0.0
NI02PPRIVST2015,RA_LIC_UNWIND,0.0,0.0,0.0,0.0
NI02PPRIVST2015,RA_LIC_INCLAIM,0.0,0.0,0.0,0.0
NI02PPRIVST2015,RA_LIC_RELEASE_PY,0.0,0.0,0.0,0.0
NI02PPRIVST2015,RA_LIC_DEREC,0.0,0.0,0.0,0.0
NI02PPRIVST2015,RA_LIC_TASSCHG_PY,0.0,0.0,0.0,0.0
NI02PPRIVST2015,RA_LIC_FASSCHG_PY,0.0,0.0,0.0,0.0
NI02PPRIVST2015,RA_LIC_CLO,0.0,0.0,0.0,0.0
NI02PPRIVST2016,PVFC_LIC_UNWIND,0.0,0.0,0.0,0.0
NI02PPRIVST2016,PVFC_LIC_EXP_CLAIM_CF_CY,0.0,0.0,0.0,0.0
NI02PPRIVST2016,PVFC_LIC_EXP_ATTEXP_CY,0.0,0.0,0.0,0.0
NI02PPRIVST2016,PVFC_LIC_EXP_CLAIM_CF_PY,0.0,0.0,0.0,0.0
NI02PPRIVST2016,PVFC_LIC_EXP_ATTEXP_PY,0.0,0.0,0.0,0.0
NI02PPRIVST2016,RA_LIC_OP,0.0,0.0,0.0,0.0
NI02PPRIVST2016,RA_LIC_UNWIND,0.0,0.0,0.0,0.0
NI02PPRIVST2016,RA_LIC_INCLAIM,0.0,0.0,0.0,0.0
NI02PPRIVST2016,RA_LIC_RELEASE_PY,0.0,0.0,0.0,0.0
NI02PPRIVST2016,RA_LIC_DEREC,0.0,0.0,0.0,0.0
NI02PPRIVST2016,RA_LIC_TASSCHG_PY,0.0,0.0,0.0,0.0
NI02PPRIVST2016,RA_LIC_FASSCHG_PY,0.0,0.0,0.0,0.0
NI02PPRIVST2016,RA_LIC_CLO,0.0,0.0,0.0,0.0
NI02PPRIVST2017,PVFC_LIC_UNWIND,0.0,0.0,0.0,0.0
NI02PPRIVST2017,PVFC_LIC_EXP_CLAIM_CF_CY,0.0,0.0,0.0,0.0
NI02PPRIVST2017,PVFC_LIC_EXP_ATTEXP_CY,0.0,0.0,0.0,0.0
NI02PPRIVST2017,PVFC_LIC_EXP_CLAIM_CF_PY,0.0,0.0,0.0,0.0
NI02PPRIVST2017,PVFC_LIC_EXP_ATTEXP_PY,0.0,0.0,0.0,0.0
NI02PPRIVST2017,RA_LIC_OP,0.0,0.0,0.0,0.0
NI02PPRIVST2017,RA_LIC_UNWIND,0.0,0.0,0.0,0.0
NI02PPRIVST2017,RA_LIC_INCLAIM,0.0,0.0,0.0,0.0
NI02PPRIVST2017,RA_LIC_RELEASE_PY,0.0,0.0,0.0,0.0
NI02PPRIVST2017,RA_LIC_DEREC,0.0,0.0,0.0,0.0
NI02PPRIVST2017,RA_LIC_TASSCHG_PY,0.0,0.0,0.0,0.0
NI02PPRIVST2017,RA_LIC_FASSCHG_PY,0.0,0.0,0.0,0.0
NI02PPRIVST2017,RA_LIC_CLO,0.0,0.0,0.0,0.0
NI02PPRIVST2018,PVFC_LIC_UNWIND,0.0,0.0,0.0,0.0
NI02PPRIVST2018,PVFC_LIC_EXP_CLAIM_CF_CY,0.0,0.0,0.0,0.0
NI02PPRIVST2018,PVFC_LIC_EXP_ATTEXP_CY,0.0,0.0,0.0,0.0
NI02PPRIVST2018,PVFC_LIC_EXP_CLAIM_CF_PY,71145.43683318455,0.0,0.0,0.0
NI02PPRIVST2018,PVFC_LIC_EXP_ATTEXP_PY,0.0,0.0,0.0,0.0
NI02PPRIVST2018,RA_LIC_OP,0.0,0.0,0.0,0.0
NI02PPRIVST2018,RA_LIC_UNWIND,0.0,0.0,0.0,0.0
NI02PPRIVST2018,RA_LIC_INCLAIM,0.0,0.0,0.0,0.0
NI02PPRIVST2018,RA_LIC_RELEASE_PY,0.0,0.0,0.0,0.0
NI02PPRIVST2018,RA_LIC_DEREC,0.0,0.0,0.0,0.0
NI02PPRIVST2018,RA_LIC_TASSCHG_PY,0.0,0.0,0.0,0.0
NI02PPRIVST2018,RA_LIC_FASSCHG_PY,0.0,0.0,0.0,0.0
NI02PPRIVST2018,RA_LIC_CLO,0.0,0.0,0.0,0.0
NI02PPRIVST2019,PVFC_LIC_UNWIND,0.0,0.0,0.0,0.0
NI02PPRIVST2019,PVFC_LIC_EXP_CLAIM_CF_CY,0.0,0.0,0.0,0.0
NI02PPRIVST2019,PVFC_LIC_EXP_ATTEXP_CY,0.0,0.0,0.0,0.0
NI02PPRIVST2019,PVFC_LIC_EXP_CLAIM_CF_PY,5.167170302116925,0.0,0.0,0.0
NI02PPRIVST2019,PVFC_LIC_EXP_ATTEXP_PY,0.0,0.0,0.0,0.0
NI02PPRIVST2019,RA_LIC_OP,0.0,0.0,0.0,0.0
NI02PPRIVST2019,RA_LIC_UNWIND,0.0,0.0,0.0,0.0
NI02PPRIVST2019,RA_LIC_INCLAIM,0.0,0.0,0.0,0.0
NI02PPRIVST2019,RA_LIC_RELEASE_PY,0.0,0.0,0.0,0.0
NI02PPRIVST2019,RA_LIC_DEREC,0.0,0.0,0.0,0.0
NI02PPRIVST2019,RA_LIC_TASSCHG_PY,0.0,0.0,0.0,0.0
NI02PPRIVST2019,RA_LIC_FASSCHG_PY,0.0,0.0,0.0,0.0
NI02PPRIVST2019,RA_LIC_CLO,0.0,0.0,0.0,0.0
NI02PPRIVST2020,PVFC_LIC_UNWIND,0.0,0.0,0.0,0.0
NI02PPRIVST2020,PVFC_LIC_EXP_CLAIM_CF_CY,0.0,0.0,0.0,0.0
NI02PPRIVST2020,PVFC_LIC_EXP_ATTEXP_CY,0.0,0.0,0.0,0.0
NI02PPRIVST2020,PVFC_LIC_EXP_CLAIM_CF_PY,522.2526676923553,0.0,0.0,0.0
NI02PPRIVST2020,PVFC_LIC_EXP_ATTEXP_PY,0.0,0.0,0.0,0.0
NI02PPRIVST2020,RA_LIC_OP,0.0,0.0,0.0,0.0
NI02PPRIVST2020,RA_LIC_UNWIND,0.0,0.0,0.0,0.0
NI02PPRIVST2020,RA_LIC_INCLAIM,0.0,0.0,0.0,0.0
NI02PPRIVST2020,RA_LIC_RELEASE_PY,0.0,0.0,0.0,0.0
NI02PPRIVST2020,RA_LIC_DEREC,0.0,0.0,0.0,0.0
NI02PPRIVST2020,RA_LIC_TASSCHG_PY,0.0,0.0,0.0,0.0
NI02PPRIVST2020,RA_LIC_FASSCHG_PY,0.0,0.0,0.0,0.0
NI02PPRIVST2020,RA_LIC_CLO,0.0,0.0,0.0,0.0
NI02PPRIVST2021,PVFC_LIC_UNWIND,0.0,0.0,0.0,0.0
NI02PPRIVST2021,PVFC_LIC_EXP_CLAIM_CF_CY,0.0,0.0,0.0,0.0
NI02PPRIVST2021,PVFC_LIC_EXP_ATTEXP_CY,0.0,0.0,0.0,0.0
NI02PPRIVST2021,PVFC_LIC_EXP_CLAIM_CF_PY,1104.078680972649,0.0,0.0,0.0
NI02PPRIVST2021,PVFC_LIC_EXP_ATTEXP_PY,0.0,0.0,0.0,0.0
NI02PPRIVST2021,RA_LIC_OP,0.0,0.0,0.0,0.0
NI02PPRIVST2021,RA_LIC_UNWIND,0.0,0.0,0.0,0.0
NI02PPRIVST2021,RA_LIC_INCLAIM,0.0,0.0,0.0,0.0
NI02PPRIVST2021,RA_LIC_RELEASE_PY,0.0,0.0,0.0,0.0
NI02PPRIVST2021,RA_LIC_DEREC,0.0,0.0,0.0,0.0
NI02PPRIVST2021,RA_LIC_TASSCHG_PY,0.0,0.0,0.0,0.0
NI02PPRIVST2021,RA_LIC_FASSCHG_PY,0.0,0.0,0.0,0.0
NI02PPRIVST2021,RA_LIC_CLO,0.0,0.0,0.0,0.0
NI02PPRIVST2022,PVFC_LIC_UNWIND,0.0,0.0,0.0,0.0
NI02PPRIVST2022,PVFC_LIC_EXP_CLAIM_CF_CY,0.0,0.0,0.0,0.0
NI02PPRIVST2022,PVFC_LIC_EXP_ATTEXP_CY,0.0,0.0,0.0,0.0
NI02PPRIVST2022,PVFC_LIC_EXP_CLAIM_CF_PY,18310.799539680214,0.0,0.0,0.0
NI02PPRIVST2022,PVFC_LIC_EXP_ATTEXP_PY,0.0,0.0,0.0,0.0
NI02PPRIVST2022,RA_LIC_OP,0.0,0.0,0.0,0.0
NI02PPRIVST2022,RA_LIC_UNWIND,0.0,0.0,0.0,0.0
NI02PPRIVST2022,RA_LIC_INCLAIM,0.0,0.0,0.0,0.0
NI02PPRIVST2022,RA_LIC_RELEASE_PY,0.0,0.0,0.0,0.0
NI02PPRIVST2022,RA_LIC_DEREC,0.0,0.0,0.0,0.0
NI02PPRIVST2022,RA_LIC_TASSCHG_PY,0.0,0.0,0.0,0.0
NI02PPRIVST2022,RA_LIC_FASSCHG_PY,0.0,0.0,0.0,0.0
NI02PPRIVST2022,RA_LIC_CLO,0.0,0.0,0.0,0.0
NI02PPRIVST2023,PVFC_LIC_UNWIND,0.0,0.0,0.0,0.0
NI02PPRIVST2023,PVFC_LIC_EXP_CLAIM_CF_CY,0.0,0.0,0.0,0.0
NI02PPRIVST2023,PVFC_LIC_EXP_ATTEXP_CY,0.0,0.0,0.0,0.0
NI02PPRIVST2023,PVFC_LIC_EXP_CLAIM_CF_PY,19824.30516085684,0.0,0.0,0.0
NI02PPRIVST2023,PVFC_LIC_EXP_ATTEXP_PY,0.0,0.0,0.0,0.0
NI02PPRIVST2023,RA_LIC_OP,0.0,0.0,0.0,0.0
NI02PPRIVST2023,RA_LIC_UNWIND,0.0,0.0,0.0,0.0
NI02PPRIVST2023,RA_LIC_INCLAIM,0.0,0.0,0.0,0.0
NI02PPRIVST2023,RA_LIC_RELEASE_PY,0.0,0.0,0.0,0.0
NI02PPRIVST2023,RA_LIC_DEREC,0.0,0.0,0.0,0.0
NI02PPRIVST2023,RA_LIC_TASSCHG_PY,0.0,0.0,0.0,0.0
NI02PPRIVST2023,RA_LIC_FASSCHG_PY,0.0,0.0,0.0,0.0
NI02PPRIVST2023,RA_LIC_CLO,0.0,0.0,0.0,0.0
NI02PPRIVST2024,PVFC_LIC_UNWIND,0.0,0.0,0.0,0.0
NI02PPRIVST2024,PVFC_LIC_EXP_CLAIM_CF_CY,0.0,0.0,0.0,0.0
NI02PPRIVST2024,PVFC_LIC_EXP_ATTEXP_CY,0.0,0.0,0.0,0.0
NI02PPRIVST2024,PVFC_LIC_EXP_CLAIM_CF_PY,0.0,0.0,0.0,0.0
NI02PPRIVST2024,PVFC_LIC_EXP_ATTEXP_PY,0.0,0.0,0.0,0.0
NI02PPRIVST2024,RA_LIC_OP,0.0,0.0,0.0,0.0
NI02PPRIVST2024,RA_LIC_UNWIND,0.0,0.0,0.0,0.0
NI02PPRIVST2024,RA_LIC_INCLAIM,0.0,0.0,0.0,0.0
NI02PPRIVST2024,RA_LIC_RELEASE_PY,0.0,0.0,0.0,0.0
NI02PPRIVST2024,RA_LIC_DEREC,0.0,0.0,0.0,0.0
NI02PPRIVST2024,RA_LIC_TASSCHG_PY,0.0,0.0,0.0,0.0
NI02PPRIVST2024,RA_LIC_FASSCHG_PY,0.0,0.0,0.0,0.0
NI02PPRIVST2024,RA_LIC_CLO,0.0,0.0,0.0,0.0
NI02PPRIVST2012,RA_LIC_RELEASE_CY,0.0,0.0,0.0,0.0
NI02PPRIVST2013,RA_LIC_RELEASE_CY,0.0,0.0,0.0,0.0
NI02PPRIVST2014,RA_LIC_RELEASE_CY,0.0,0.0,0.0,0.0
NI02PPRIVST2015,RA_LIC_RELEASE_CY,0.0,0.0,0.0,0.0
NI02PPRIVST2016,RA_LIC_RELEASE_CY,0.0,0.0,0.0,0.0
NI02PPRIVST2017,RA_LIC_RELEASE_CY,0.0,0.0,0.0,0.0
NI02PPRIVST2018,RA_LIC_RELEASE_CY,0.0,0.0,0.0,0.0
NI02PPRIVST2019,RA_LIC_RELEASE_CY,0.0,0.0,0.0,0.0
NI02PPRIVST2020,RA_LIC_RELEASE_CY,0.0,0.0,0.0,0.0
NI02PPRIVST2021,RA_LIC_RELEASE_CY,0.0,0.0,0.0,0.0
NI02PPRIVST2022,RA_LIC_RELEASE_CY,0.0,0.0,0.0,0.0
NI02PPRIVST2023,RA_LIC_RELEASE_CY,0.0,0.0,0.0,0.0
NI02PPRIVST2024,RA_LIC_RELEASE_CY,0.0,0.0,0.0,0.0
NI02PPRIVST2012,RA_LIC_FEXPVAR_CY,0.0,0.0,0.0,0.0
NI02PPRIVST2013,RA_LIC_FEXPVAR_CY,0.0,0.0,0.0,0.0
NI02PPRIVST2014,RA_LIC_FEXPVAR_CY,0.0,0.0,0.0,0.0
NI02PPRIVST2015,RA_LIC_FEXPVAR_CY,0.0,0.0,0.0,0.0
NI02PPRIVST2016,RA_LIC_FEXPVAR_CY,0.0,0.0,0.0,0.0
NI02PPRIVST2017,RA_LIC_FEXPVAR_CY,0.0,0.0,0.0,0.0
NI02PPRIVST2018,RA_LIC_FEXPVAR_CY,0.0,0.0,0.0,0.0
NI02PPRIVST2019,RA_LIC_FEXPVAR_CY,0.0,0.0,0.0,0.0
NI02PPRIVST2020,RA_LIC_FEXPVAR_CY,0.0,0.0,0.0,0.0
NI02PPRIVST2021,RA_LIC_FEXPVAR_CY,0.0,0.0,0.0,0.0
NI02PPRIVST2022,RA_LIC_FEXPVAR_CY,0.0,0.0,0.0,0.0
NI02PPRIVST2023,RA_LIC_FEXPVAR_CY,0.0,0.0,0.0,0.0
NI02PPRIVST2024,RA_LIC_FEXPVAR_CY,0.0,0.0,0.0,0.0
NI02PPRIVST2012,DA_LIC_OP,0.0,0.0,0.0,0.0
NI02PPRIVST2013,DA_LIC_OP,0.0,0.0,0.0,0.0
NI02PPRIVST2014,DA_LIC_OP,0.0,0.0,0.0,0.0
NI02PPRIVST2015,DA_LIC_OP,0.0,0.0,0.0,0.0
NI02PPRIVST2016,DA_LIC_OP,0.0,0.0,0.0,0.0
NI02PPRIVST2017,DA_LIC_OP,0.0,0.0,0.0,0.0
NI02PPRIVST2018,DA_LIC_OP,0.0,0.0,0.0,0.0
NI02PPRIVST2019,DA_LIC_OP,0.0,0.0,0.0,0.0
NI02PPRIVST2020,DA_LIC_OP,0.0,0.0,0.0,0.0
NI02PPRIVST2021,DA_LIC_OP,0.0,0.0,0.0,0.0
NI02PPRIVST2022,DA_LIC_OP,0.0,0.0,0.0,0.0
NI02PPRIVST2023,DA_LIC_OP,0.0,0.0,0.0,0.0
NI02PPRIVST2024,DA_LIC_OP,0.0,0.0,0.0,0.0
NI02PPRIVST2012,DA_LIC_INCLAIM_INCEXP,0.0,0.0,0.0,0.0
NI02PPRIVST2013,DA_LIC_INCLAIM_INCEXP,0.0,0.0,0.0,0.0
NI02PPRIVST2014,DA_LIC_INCLAIM_INCEXP,0.0,0.0,0.0,0.0
NI02PPRIVST2015,DA_LIC_INCLAIM_INCEXP,0.0,0.0,0.0,0.0
NI02PPRIVST2016,DA_LIC_INCLAIM_INCEXP,0.0,0.0,0.0,0.0
NI02PPRIVST2017,DA_LIC_INCLAIM_INCEXP,0.0,0.0,0.0,0.0
NI02PPRIVST2018,DA_LIC_INCLAIM_INCEXP,0.0,0.0,0.0,0.0
NI02PPRIVST2019,DA_LIC_INCLAIM_INCEXP,0.0,0.0,0.0,0.0
NI02PPRIVST2020,DA_LIC_INCLAIM_INCEXP,0.0,0.0,0.0,0.0
NI02PPRIVST2021,DA_LIC_INCLAIM_INCEXP,0.0,0.0,0.0,0.0
NI02PPRIVST2022,DA_LIC_INCLAIM_INCEXP,0.0,0.0,0.0,0.0
NI02PPRIVST2023,DA_LIC_INCLAIM_INCEXP,0.0,0.0,0.0,0.0
NI02PPRIVST2024,DA_LIC_INCLAIM_INCEXP,0.0,0.0,0.0,0.0
NI02PPRIVST2012,DA_LIC_CHG,0.0,0.0,0.0,0.0
NI02PPRIVST2013,DA_LIC_CHG,0.0,0.0,0.0,0.0
NI02PPRIVST2014,DA_LIC_CHG,0.0,0.0,0.0,0.0
NI02PPRIVST2015,DA_LIC_CHG,0.0,0.0,0.0,0.0
NI02PPRIVST2016,DA_LIC_CHG,0.0,0.0,0.0,0.0
NI02PPRIVST2017,DA_LIC_CHG,0.0,0.0,0.0,0.0
NI02PPRIVST2018,DA_LIC_CHG,0.0,0.0,0.0,0.0
NI02PPRIVST2019,DA_LIC_CHG,0.0,0.0,0.0,0.0
NI02PPRIVST2020,DA_LIC_CHG,0.0,0.0,0.0,0.0
NI02PPRIVST2021,DA_LIC_CHG,0.0,0.0,0.0,0.0
NI02PPRIVST2022,DA_LIC_CHG,0.0,0.0,0.0,0.0
NI02PPRIVST2023,DA_LIC_CHG,0.0,0.0,0.0,0.0
NI02PPRIVST2024,DA_LIC_CHG,0.0,0.0,0.0,0.0
NI02PPRIVST2012,DA_LIC_CLO,0.0,0.0,0.0,0.0
NI02PPRIVST2013,DA_LIC_CLO,0.0,0.0,0.0,0.0
NI02PPRIVST2014,DA_LIC_CLO,0.0,0.0,0.0,0.0
NI02PPRIVST2015,DA_LIC_CLO,0.0,0.0,0.0,0.0
NI02PPRIVST2016,DA_LIC_CLO,0.0,0.0,0.0,0.0
NI02PPRIVST2017,DA_LIC_CLO,0.0,0.0,0.0,0.0
NI02PPRIVST2018,DA_LIC_CLO,0.0,0.0,0.0,0.0
NI02PPRIVST2019,DA_LIC_CLO,0.0,0.0,0.0,0.0
NI02PPRIVST2020,DA_LIC_CLO,0.0,0.0,0.0,0.0
NI02PPRIVST2021,DA_LIC_CLO,0.0,0.0,0.0,0.0
NI02PPRIVST2022,DA_LIC_CLO,0.0,0.0,0.0,0.0
NI02PPRIVST2023,DA_LIC_CLO,0.0,0.0,0.0,0.0
NI02PPRIVST2024,DA_LIC_CLO,0.0,0.0,0.0,0.0
NI02PPUBLPF2012,PVFC_LIC_UNWIND,0.0,0.0,0.0,0.0
NI02PPUBLPF2012,PVFC_LIC_EXP_CLAIM_CF_CY,0.0,0.0,0.0,-1.0
NI02PPUBLPF2012,PVFC_LIC_EXP_ATTEXP_CY,0.0,0.0,0.0,0.0
NI02PPUBLPF2012,PVFC_LIC_EXP_CLAIM_CF_PY,0.0,0.0,0.0,0.0
NI02PPUBLPF2012,PVFC_LIC_EXP_ATTEXP_PY,0.0,0.0,0.0,0.0
NI02PPUBLPF2012,RA_LIC_OP,0.0,0.0,0.0,0.0
NI02PPUBLPF2012,RA_LIC_UNWIND,0.0,0.0,0.0,0.0
NI02PPUBLPF2012,RA_LIC_INCLAIM,0.0,0.0,0.0,0.0
NI02PPUBLPF2012,RA_LIC_RELEASE_PY,0.0,0.0,0.0,0.0
NI02PPUBLPF2012,RA_LIC_DEREC,0.0,0.0,0.0,0.0
NI02PPUBLPF2012,RA_LIC_TASSCHG_PY,0.0,0.0,0.0,0.0
NI02PPUBLPF2012,RA_LIC_FASSCHG_PY,0.0,0.0,0.0,0.0
NI02PPUBLPF2012,RA_LIC_CLO,0.0,0.0,0.0,0.0
NI02PPUBLPF2013,PVFC_LIC_UNWIND,0.0,0.0,0.0,0.0
NI02PPUBLPF2013,PVFC_LIC_EXP_CLAIM_CF_CY,0.0,0.0,0.0,0.0
NI02PPUBLPF2013,PVFC_LIC_EXP_ATTEXP_CY,0.0,0.0,0.0,0.0
NI02PPUBLPF2013,PVFC_LIC_EXP_CLAIM_CF_PY,0.0,0.0,0.0,0.0
NI02PPUBLPF2013,PVFC_LIC_EXP_ATTEXP_PY,0.0,0.0,0.0,0.0
NI02PPUBLPF2013,RA_LIC_OP,0.0,0.0,0.0,0.0
NI02PPUBLPF2013,RA_LIC_UNWIND,0.0,0.0,0.0,0.0
NI02PPUBLPF2013,RA_LIC_INCLAIM,0.0,0.0,0.0,0.0
NI02PPUBLPF2013,RA_LIC_RELEASE_PY,0.0,0.0,0.0,0.0
NI02PPUBLPF2013,RA_LIC_DEREC,0.0,0.0,0.0,0.0
NI02PPUBLPF2013,RA_LIC_TASSCHG_PY,0.0,0.0,0.0,0.0
NI02PPUBLPF2013,RA_LIC_FASSCHG_PY,0.0,0.0,0.0,0.0
NI02PPUBLPF2013,RA_LIC_CLO,0.0,0.0,0.0,0.0
NI02PPUBLPF2014,PVFC_LIC_UNWIND,0.0,0.0,0.0,0.0
NI02PPUBLPF2014,PVFC_LIC_EXP_CLAIM_CF_CY,0.0,0.0,0.0,0.0
NI02PPUBLPF2014,PVFC_LIC_EXP_ATTEXP_CY,0.0,0.0,0.0,0.0
NI02PPUBLPF2014,PVFC_LIC_EXP_CLAIM_CF_PY,0.0,0.0,0.0,0.0
NI02PPUBLPF2014,PVFC_LIC_EXP_ATTEXP_PY,0.0,0.0,0.0,0.0
NI02PPUBLPF2014,RA_LIC_OP,0.0,0.0,0.0,0.0
NI02PPUBLPF2014,RA_LIC_UNWIND,0.0,0.0,0.0,0.0
NI02PPUBLPF2014,RA_LIC_INCLAIM,0.0,0.0,0.0,0.0
NI02PPUBLPF2014,RA_LIC_RELEASE_PY,0.0,0.0,0.0,0.0
NI02PPUBLPF2014,RA_LIC_DEREC,0.0,0.0,0.0,0.0
NI02PPUBLPF2014,RA_LIC_TASSCHG_PY,0.0,0.0,0.0,0.0
NI02PPUBLPF2014,RA_LIC_FASSCHG_PY,0.0,0.0,0.0,0.0
NI02PPUBLPF2014,RA_LIC_CLO,0.0,0.0,0.0,0.0
NI02PPUBLPF2015,PVFC_LIC_UNWIND,0.0,0.0,0.0,0.0
NI02PPUBLPF2015,PVFC_LIC_EXP_CLAIM_CF_CY,0.0,0.0,0.0,0.0
NI02PPUBLPF2015,PVFC_LIC_EXP_ATTEXP_CY,0.0,0.0,0.0,0.0
NI02PPUBLPF2015,PVFC_LIC_EXP_CLAIM_CF_PY,0.0,0.0,0.0,0.0
NI02PPUBLPF2015,PVFC_LIC_EXP_ATTEXP_PY,0.0,0.0,0.0,0.0
NI02PPUBLPF2015,RA_LIC_OP,0.0,0.0,0.0,0.0
NI02PPUBLPF2015,RA_LIC_UNWIND,0.0,0.0,0.0,0.0
NI02PPUBLPF2015,RA_LIC_INCLAIM,0.0,0.0,0.0,0.0
NI02PPUBLPF2015,RA_LIC_RELEASE_PY,0.0,0.0,0.0,0.0
NI02PPUBLPF2015,RA_LIC_DEREC,0.0,0.0,0.0,0.0
NI02PPUBLPF2015,RA_LIC_TASSCHG_PY,0.0,0.0,0.0,0.0
NI02PPUBLPF2015,RA_LIC_FASSCHG_PY,0.0,0.0,0.0,0.0
NI02PPUBLPF2015,RA_LIC_CLO,0.0,0.0,0.0,0.0
NI02PPUBLPF2016,PVFC_LIC_UNWIND,0.0,0.0,0.0,0.0
NI02PPUBLPF2016,PVFC_LIC_EXP_CLAIM_CF_CY,0.0,0.0,0.0,0.0
NI02PPUBLPF2016,PVFC_LIC_EXP_ATTEXP_CY,0.0,0.0,0.0,0.0
NI02PPUBLPF2016,PVFC_LIC_EXP_CLAIM_CF_PY,0.0,0.0,0.0,0.0
NI02PPUBLPF2016,PVFC_LIC_EXP_ATTEXP_PY,0.0,0.0,0.0,0.0
NI02PPUBLPF2016,RA_LIC_OP,0.0,0.0,0.0,0.0
NI02PPUBLPF2016,RA_LIC_UNWIND,0.0,0.0,0.0,0.0
NI02PPUBLPF2016,RA_LIC_INCLAIM,0.0,0.0,0.0,0.0
NI02PPUBLPF2016,RA_LIC_RELEASE_PY,0.0,0.0,0.0,0.0
NI02PPUBLPF2016,RA_LIC_DEREC,0.0,0.0,0.0,0.0
NI02PPUBLPF2016,RA_LIC_TASSCHG_PY,0.0,0.0,0.0,0.0
NI02PPUBLPF2016,RA_LIC_FASSCHG_PY,0.0,0.0,0.0,0.0
NI02PPUBLPF2016,RA_LIC_CLO,0.0,0.0,0.0,0.0
NI02PPUBLPF2017,PVFC_LIC_UNWIND,0.0,0.0,0.0,0.0
NI02PPUBLPF2017,PVFC_LIC_EXP_CLAIM_CF_CY,0.0,0.0,0.0,0.0
NI02PPUBLPF2017,PVFC_LIC_EXP_ATTEXP_CY,0.0,0.0,0.0,0.0
NI02PPUBLPF2017,PVFC_LIC_EXP_CLAIM_CF_PY,48.718050331794565,0.0,0.0,0.0
NI02PPUBLPF2017,PVFC_LIC_EXP_ATTEXP_PY,0.0,0.0,0.0,0.0
NI02PPUBLPF2017,RA_LIC_OP,0.0,0.0,0.0,0.0
NI02PPUBLPF2017,RA_LIC_UNWIND,0.0,0.0,0.0,0.0
NI02PPUBLPF2017,RA_LIC_INCLAIM,0.0,0.0,0.0,0.0
NI02PPUBLPF2017,RA_LIC_RELEASE_PY,0.0,0.0,0.0,0.0
NI02PPUBLPF2017,RA_LIC_DEREC,0.0,0.0,0.0,0.0
NI02PPUBLPF2017,RA_LIC_TASSCHG_PY,0.0,0.0,0.0,0.0
NI02PPUBLPF2017,RA_LIC_FASSCHG_PY,0.0,0.0,0.0,0.0
NI02PPUBLPF2017,RA_LIC_CLO,0.0,0.0,0.0,0.0
NI02PPUBLPF2018,PVFC_LIC_UNWIND,0.0,0.0,0.0,0.0
NI02PPUBLPF2018,PVFC_LIC_EXP_CLAIM_CF_CY,0.0,0.0,0.0,0.0
NI02PPUBLPF2018,PVFC_LIC_EXP_ATTEXP_CY,0.0,0.0,0.0,0.0
NI02PPUBLPF2018,PVFC_LIC_EXP_CLAIM_CF_PY,95.07102699909379,0.0,0.0,0.0
NI02PPUBLPF2018,PVFC_LIC_EXP_ATTEXP_PY,0.0,0.0,0.0,0.0
NI02PPUBLPF2018,RA_LIC_OP,0.0,0.0,0.0,0.0
NI02PPUBLPF2018,RA_LIC_UNWIND,0.0,0.0,0.0,0.0
NI02PPUBLPF2018,RA_LIC_INCLAIM,0.0,0.0,0.0,0.0
NI02PPUBLPF2018,RA_LIC_RELEASE_PY,0.0,0.0,0.0,0.0
NI02PPUBLPF2018,RA_LIC_DEREC,0.0,0.0,0.0,0.0
NI02PPUBLPF2018,RA_LIC_TASSCHG_PY,0.0,0.0,0.0,0.0
NI02PPUBLPF2018,RA_LIC_FASSCHG_PY,0.0,0.0,0.0,0.0
NI02PPUBLPF2018,RA_LIC_CLO,0.0,0.0,0.0,0.0
NI02PPUBLPF2019,PVFC_LIC_UNWIND,0.0,0.0,0.0,0.0
NI02PPUBLPF2019,PVFC_LIC_EXP_CLAIM_CF_CY,0.0,0.0,0.0,0.0
NI02PPUBLPF2019,PVFC_LIC_EXP_ATTEXP_CY,0.0,0.0,0.0,0.0
NI02PPUBLPF2019,PVFC_LIC_EXP_CLAIM_CF_PY,1314.8462139949863,0.0,0.0,0.0
NI02PPUBLPF2019,PVFC_LIC_EXP_ATTEXP_PY,0.0,0.0,0.0,0.0
NI02PPUBLPF2019,RA_LIC_OP,0.0,0.0,0.0,0.0
NI02PPUBLPF2019,RA_LIC_UNWIND,0.0,0.0,0.0,0.0
NI02PPUBLPF2019,RA_LIC_INCLAIM,0.0,0.0,0.0,0.0
NI02PPUBLPF2019,RA_LIC_RELEASE_PY,0.0,0.0,0.0,0.0
NI02PPUBLPF2019,RA_LIC_DEREC,0.0,0.0,0.0,0.0
NI02PPUBLPF2019,RA_LIC_TASSCHG_PY,0.0,0.0,0.0,0.0
NI02PPUBLPF2019,RA_LIC_FASSCHG_PY,0.0,0.0,0.0,0.0
NI02PPUBLPF2019,RA_LIC_CLO,0.0,0.0,0.0,0.0
NI02PPUBLPF2020,PVFC_LIC_UNWIND,0.0,0.0,0.0,0.0
NI02PPUBLPF2020,PVFC_LIC_EXP_CLAIM_CF_CY,0.0,0.0,0.0,0.0
NI02PPUBLPF2020,PVFC_LIC_EXP_ATTEXP_CY,0.0,0.0,0.0,0.0
NI02PPUBLPF2020,PVFC_LIC_EXP_CLAIM_CF_PY,7700.666133731061,0.0,0.0,0.0
NI02PPUBLPF2020,PVFC_LIC_EXP_ATTEXP_PY,0.0,0.0,0.0,0.0
NI02PPUBLPF2020,RA_LIC_OP,0.0,0.0,0.0,0.0
NI02PPUBLPF2020,RA_LIC_UNWIND,0.0,0.0,0.0,0.0
NI02PPUBLPF2020,RA_LIC_INCLAIM,0.0,0.0,0.0,0.0
NI02PPUBLPF2020,RA_LIC_RELEASE_PY,0.0,0.0,0.0,0.0
NI02PPUBLPF2020,RA_LIC_DEREC,0.0,0.0,0.0,0.0
NI02PPUBLPF2020,RA_LIC_TASSCHG_PY,0.0,0.0,0.0,0.0
NI02PPUBLPF2020,RA_LIC_FASSCHG_PY,0.0,0.0,0.0,0.0
NI02PPUBLPF2020,RA_LIC_CLO,0.0,0.0,0.0,0.0
NI02PPUBLPF2021,PVFC_LIC_UNWIND,0.0,0.0,0.0,0.0
NI02PPUBLPF2021,PVFC_LIC_EXP_CLAIM_CF_CY,0.0,0.0,0.0,0.0
NI02PPUBLPF2021,PVFC_LIC_EXP_ATTEXP_CY,0.0,0.0,0.0,0.0
NI02PPUBLPF2021,PVFC_LIC_EXP_CLAIM_CF_PY,40793.06034939595,0.0,0.0,0.0
NI02PPUBLPF2021,PVFC_LIC_EXP_ATTEXP_PY,0.0,0.0,0.0,0.0
NI02PPUBLPF2021,RA_LIC_OP,0.0,0.0,0.0,0.0
NI02PPUBLPF2021,RA_LIC_UNWIND,0.0,0.0,0.0,0.0
NI02PPUBLPF2021,RA_LIC_INCLAIM,0.0,0.0,0.0,0.0
NI02PPUBLPF2021,RA_LIC_RELEASE_PY,0.0,0.0,0.0,0.0
NI02PPUBLPF2021,RA_LIC_DEREC,0.0,0.0,0.0,0.0
NI02PPUBLPF2021,RA_LIC_TASSCHG_PY,0.0,0.0,0.0,0.0
NI02PPUBLPF2021,RA_LIC_FASSCHG_PY,0.0,0.0,0.0,0.0
NI02PPUBLPF2021,RA_LIC_CLO,0.0,0.0,0.0,0.0
NI02PPUBLPF2022,PVFC_LIC_UNWIND,0.0,0.0,0.0,0.0
NI02PPUBLPF2022,PVFC_LIC_EXP_CLAIM_CF_CY,0.0,0.0,0.0,0.0
NI02PPUBLPF2022,PVFC_LIC_EXP_ATTEXP_CY,0.0,0.0,0.0,0.0
NI02PPUBLPF2022,PVFC_LIC_EXP_CLAIM_CF_PY,9941.77514477307,0.0,0.0,0.0
NI02PPUBLPF2022,PVFC_LIC_EXP_ATTEXP_PY,0.0,0.0,0.0,0.0
NI02PPUBLPF2022,RA_LIC_OP,0.0,0.0,0.0,0.0
NI02PPUBLPF2022,RA_LIC_UNWIND,0.0,0.0,0.0,0.0
NI02PPUBLPF2022,RA_LIC_INCLAIM,0.0,0.0,0.0,0.0
NI02PPUBLPF2022,RA_LIC_RELEASE_PY,0.0,0.0,0.0,0.0
NI02PPUBLPF2022,RA_LIC_DEREC,0.0,0.0,0.0,0.0
NI02PPUBLPF2022,RA_LIC_TASSCHG_PY,0.0,0.0,0.0,0.0
NI02PPUBLPF2022,RA_LIC_FASSCHG_PY,0.0,0.0,0.0,0.0
NI02PPUBLPF2022,RA_LIC_CLO,0.0,0.0,0.0,0.0
NI02PPUBLPF2023,PVFC_LIC_UNWIND,0.0,0.0,0.0,0.0
NI02PPUBLPF2023,PVFC_LIC_EXP_CLAIM_CF_CY,0.0,0.0,0.0,0.0
NI02PPUBLPF2023,PVFC_LIC_EXP_ATTEXP_CY,0.0,0.0,0.0,0.0
NI02PPUBLPF2023,PVFC_LIC_EXP_CLAIM_CF_PY,15223.809522360976,0.0,0.0,0.0
NI02PPUBLPF2023,PVFC_LIC_EXP_ATTEXP_PY,0.0,0.0,0.0,0.0
NI02PPUBLPF2023,RA_LIC_OP,0.0,0.0,0.0,0.0
NI02PPUBLPF2023,RA_LIC_UNWIND,0.0,0.0,0.0,0.0
NI02PPUBLPF2023,RA_LIC_INCLAIM,0.0,0.0,0.0,0.0
NI02PPUBLPF2023,RA_LIC_RELEASE_PY,0.0,0.0,0.0,0.0
NI02PPUBLPF2023,RA_LIC_DEREC,0.0,0.0,0.0,0.0
NI02PPUBLPF2023,RA_LIC_TASSCHG_PY,0.0,0.0,0.0,0.0
NI02PPUBLPF2023,RA_LIC_FASSCHG_PY,0.0,0.0,0.0,0.0
NI02PPUBLPF2023,RA_LIC_CLO,0.0,0.0,0.0,0.0
NI02PPUBLPF2024,PVFC_LIC_UNWIND,0.0,0.0,0.0,0.0
NI02PPUBLPF2024,PVFC_LIC_EXP_CLAIM_CF_CY,0.0,0.0,0.0,0.0
NI02PPUBLPF2024,PVFC_LIC_EXP_ATTEXP_CY,0.0,0.0,0.0,0.0
NI02PPUBLPF2024,PVFC_LIC_EXP_CLAIM_CF_PY,0.0,0.0,0.0,0.0
NI02PPUBLPF2024,PVFC_LIC_EXP_ATTEXP_PY,0.0,0.0,0.0,0.0
NI02PPUBLPF2024,RA_LIC_OP,0.0,0.0,0.0,0.0
NI02PPUBLPF2024,RA_LIC_UNWIND,0.0,0.0,0.0,0.0
NI02PPUBLPF2024,RA_LIC_INCLAIM,0.0,0.0,0.0,0.0
NI02PPUBLPF2024,RA_LIC_RELEASE_PY,0.0,0.0,0.0,0.0
NI02PPUBLPF2024,RA_LIC_DEREC,0.0,0.0,0.0,0.0
NI02PPUBLPF2024,RA_LIC_TASSCHG_PY,0.0,0.0,0.0,0.0
NI02PPUBLPF2024,RA_LIC_FASSCHG_PY,0.0,0.0,0.0,0.0
NI02PPUBLPF2024,RA_LIC_CLO,0.0,0.0,0.0,0.0
NI02PPUBLPF2012,RA_LIC_RELEASE_CY,0.0,0.0,0.0,0.0
NI02PPUBLPF2013,RA_LIC_RELEASE_CY,0.0,0.0,0.0,0.0
NI02PPUBLPF2014,RA_LIC_RELEASE_CY,0.0,0.0,0.0,0.0
NI02PPUBLPF2015,RA_LIC_RELEASE_CY,0.0,0.0,0.0,0.0
NI02PPUBLPF2016,RA_LIC_RELEASE_CY,0.0,0.0,0.0,0.0
NI02PPUBLPF2017,RA_LIC_RELEASE_CY,0.0,0.0,0.0,0.0
NI02PPUBLPF2018,RA_LIC_RELEASE_CY,0.0,0.0,0.0,0.0
NI02PPUBLPF2019,RA_LIC_RELEASE_CY,0.0,0.0,0.0,0.0
NI02PPUBLPF2020,RA_LIC_RELEASE_CY,0.0,0.0,0.0,0.0
NI02PPUBLPF2021,RA_LIC_RELEASE_CY,0.0,0.0,0.0,0.0
NI02PPUBLPF2022,RA_LIC_RELEASE_CY,0.0,0.0,0.0,0.0
NI02PPUBLPF2023,RA_LIC_RELEASE_CY,0.0,0.0,0.0,0.0
NI02PPUBLPF2024,RA_LIC_RELEASE_CY,0.0,0.0,0.0,0.0
NI02PPUBLPF2012,RA_LIC_FEXPVAR_CY,0.0,0.0,0.0,0.0
NI02PPUBLPF2013,RA_LIC_FEXPVAR_CY,0.0,0.0,0.0,0.0
NI02PPUBLPF2014,RA_LIC_FEXPVAR_CY,0.0,0.0,0.0,0.0
NI02PPUBLPF2015,RA_LIC_FEXPVAR_CY,0.0,0.0,0.0,0.0
NI02PPUBLPF2016,RA_LIC_FEXPVAR_CY,0.0,0.0,0.0,0.0
NI02PPUBLPF2017,RA_LIC_FEXPVAR_CY,0.0,0.0,0.0,0.0
NI02PPUBLPF2018,RA_LIC_FEXPVAR_CY,0.0,0.0,0.0,0.0
NI02PPUBLPF2019,RA_LIC_FEXPVAR_CY,0.0,0.0,0.0,0.0
NI02PPUBLPF2020,RA_LIC_FEXPVAR_CY,0.0,0.0,0.0,0.0
NI02PPUBLPF2021,RA_LIC_FEXPVAR_CY,0.0,0.0,0.0,0.0
NI02PPUBLPF2022,RA_LIC_FEXPVAR_CY,0.0,0.0,0.0,0.0
NI02PPUBLPF2023,RA_LIC_FEXPVAR_CY,0.0,0.0,0.0,0.0
NI02PPUBLPF2024,RA_LIC_FEXPVAR_CY,0.0,0.0,0.0,0.0
NI02PPUBLPF2012,DA_LIC_OP,0.0,0.0,0.0,0.0
NI02PPUBLPF2013,DA_LIC_OP,0.0,0.0,0.0,0.0
NI02PPUBLPF2014,DA_LIC_OP,0.0,0.0,0.0,0.0
NI02PPUBLPF2015,DA_LIC_OP,0.0,0.0,0.0,0.0
NI02PPUBLPF2016,DA_LIC_OP,0.0,0.0,0.0,0.0
NI02PPUBLPF2017,DA_LIC_OP,0.0,0.0,0.0,0.0
NI02PPUBLPF2018,DA_LIC_OP,0.0,0.0,0.0,0.0
NI02PPUBLPF2019,DA_LIC_OP,0.0,0.0,0.0,0.0
NI02PPUBLPF2020,DA_LIC_OP,0.0,0.0,0.0,0.0
NI02PPUBLPF2021,DA_LIC_OP,0.0,0.0,0.0,0.0
NI02PPUBLPF2022,DA_LIC_OP,0.0,0.0,0.0,0.0
NI02PPUBLPF2023,DA_LIC_OP,0.0,0.0,0.0,0.0
NI02PPUBLPF2024,DA_LIC_OP,0.0,0.0,0.0,0.0
NI02PPUBLPF2012,DA_LIC_INCLAIM_INCEXP,0.0,0.0,0.0,0.0
NI02PPUBLPF2013,DA_LIC_INCLAIM_INCEXP,0.0,0.0,0.0,0.0
NI02PPUBLPF2014,DA_LIC_INCLAIM_INCEXP,0.0,0.0,0.0,0.0
NI02PPUBLPF2015,DA_LIC_INCLAIM_INCEXP,0.0,0.0,0.0,0.0
NI02PPUBLPF2016,DA_LIC_INCLAIM_INCEXP,0.0,0.0,0.0,0.0
NI02PPUBLPF2017,DA_LIC_INCLAIM_INCEXP,0.0,0.0,0.0,0.0
NI02PPUBLPF2018,DA_LIC_INCLAIM_INCEXP,0.0,0.0,0.0,0.0
NI02PPUBLPF2019,DA_LIC_INCLAIM_INCEXP,0.0,0.0,0.0,0.0
NI02PPUBLPF2020,DA_LIC_INCLAIM_INCEXP,0.0,0.0,0.0,0.0
NI02PPUBLPF2021,DA_LIC_INCLAIM_INCEXP,0.0,0.0,0.0,0.0
NI02PPUBLPF2022,DA_LIC_INCLAIM_INCEXP,0.0,0.0,0.0,0.0
NI02PPUBLPF2023,DA_LIC_INCLAIM_INCEXP,0.0,0.0,0.0,0.0
NI02PPUBLPF2024,DA_LIC_INCLAIM_INCEXP,0.0,0.0,0.0,0.0
NI02PPUBLPF2012,DA_LIC_CHG,0.0,0.0,0.0,0.0
NI02PPUBLPF2013,DA_LIC_CHG,0.0,0.0,0.0,0.0
NI02PPUBLPF2014,DA_LIC_CHG,0.0,0.0,0.0,0.0
NI02PPUBLPF2015,DA_LIC_CHG,0.0,0.0,0.0,0.0
NI02PPUBLPF2016,DA_LIC_CHG,0.0,0.0,0.0,0.0
NI02PPUBLPF2017,DA_LIC_CHG,0.0,0.0,0.0,0.0
NI02PPUBLPF2018,DA_LIC_CHG,0.0,0.0,0.0,0.0
NI02PPUBLPF2019,DA_LIC_CHG,0.0,0.0,0.0,0.0
NI02PPUBLPF2020,DA_LIC_CHG,0.0,0.0,0.0,0.0
NI02PPUBLPF2021,DA_LIC_CHG,0.0,0.0,0.0,0.0
NI02PPUBLPF2022,DA_LIC_CHG,0.0,0.0,0.0,0.0
NI02PPUBLPF2023,DA_LIC_CHG,0.0,0.0,0.0,0.0
NI02PPUBLPF2024,DA_LIC_CHG,0.0,0.0,0.0,0.0
NI02PPUBLPF2012,DA_LIC_CLO,0.0,0.0,0.0,0.0
NI02PPUBLPF2013,DA_LIC_CLO,0.0,0.0,0.0,0.0
NI02PPUBLPF2014,DA_LIC_CLO,0.0,0.0,0.0,0.0
NI02PPUBLPF2015,DA_LIC_CLO,0.0,0.0,0.0,0.0
NI02PPUBLPF2016,DA_LIC_CLO,0.0,0.0,0.0,0.0
NI02PPUBLPF2017,DA_LIC_CLO,0.0,0.0,0.0,0.0
NI02PPUBLPF2018,DA_LIC_CLO,0.0,0.0,0.0,0.0
NI02PPUBLPF2019,DA_LIC_CLO,0.0,0.0,0.0,0.0
NI02PPUBLPF2020,DA_LIC_CLO,0.0,0.0,0.0,0.0
NI02PPUBLPF2021,DA_LIC_CLO,0.0,0.0,0.0,0.0
NI02PPUBLPF2022,DA_LIC_CLO,0.0,0.0,0.0,0.0
NI02PPUBLPF2023,DA_LIC_CLO,0.0,0.0,0.0,0.0
NI02PPUBLPF2024,DA_LIC_CLO,0.0,0.0,0.0,0.0
NI02PPUBLQS2012,PVFC_LIC_UNWIND,0.0,0.0,0.0,0.0
NI02PPUBLQS2012,PVFC_LIC_EXP_CLAIM_CF_CY,0.0,0.0,0.0,-1.0
NI02PPUBLQS2012,PVFC_LIC_EXP_ATTEXP_CY,0.0,0.0,0.0,0.0
NI02PPUBLQS2012,PVFC_LIC_EXP_CLAIM_CF_PY,0.0,0.0,0.0,0.0
NI02PPUBLQS2012,PVFC_LIC_EXP_ATTEXP_PY,0.0,0.0,0.0,0.0
NI02PPUBLQS2012,RA_LIC_OP,0.0,0.0,0.0,0.0
NI02PPUBLQS2012,RA_LIC_UNWIND,0.0,0.0,0.0,0.0
NI02PPUBLQS2012,RA_LIC_INCLAIM,0.0,0.0,0.0,0.0
NI02PPUBLQS2012,RA_LIC_RELEASE_PY,0.0,0.0,0.0,0.0
NI02PPUBLQS2012,RA_LIC_DEREC,0.0,0.0,0.0,0.0
NI02PPUBLQS2012,RA_LIC_TASSCHG_PY,0.0,0.0,0.0,0.0
NI02PPUBLQS2012,RA_LIC_FASSCHG_PY,0.0,0.0,0.0,0.0
NI02PPUBLQS2012,RA_LIC_CLO,0.0,0.0,0.0,0.0
NI02PPUBLQS2013,PVFC_LIC_UNWIND,0.0,0.0,0.0,0.0
NI02PPUBLQS2013,PVFC_LIC_EXP_CLAIM_CF_CY,0.0,0.0,0.0,0.0
NI02PPUBLQS2013,PVFC_LIC_EXP_ATTEXP_CY,0.0,0.0,0.0,0.0
NI02PPUBLQS2013,PVFC_LIC_EXP_CLAIM_CF_PY,0.0,0.0,0.0,0.0
NI02PPUBLQS2013,PVFC_LIC_EXP_ATTEXP_PY,0.0,0.0,0.0,0.0
NI02PPUBLQS2013,RA_LIC_OP,0.0,0.0,0.0,0.0
NI02PPUBLQS2013,RA_LIC_UNWIND,0.0,0.0,0.0,0.0
NI02PPUBLQS2013,RA_LIC_INCLAIM,0.0,0.0,0.0,0.0
NI02PPUBLQS2013,RA_LIC_RELEASE_PY,0.0,0.0,0.0,0.0
NI02PPUBLQS2013,RA_LIC_DEREC,0.0,0.0,0.0,0.0
NI02PPUBLQS2013,RA_LIC_TASSCHG_PY,0.0,0.0,0.0,0.0
NI02PPUBLQS2013,RA_LIC_FASSCHG_PY,0.0,0.0,0.0,0.0
NI02PPUBLQS2013,RA_LIC_CLO,0.0,0.0,0.0,0.0
NI02PPUBLQS2014,PVFC_LIC_UNWIND,0.0,0.0,0.0,0.0
NI02PPUBLQS2014,PVFC_LIC_EXP_CLAIM_CF_CY,0.0,0.0,0.0,0.0
NI02PPUBLQS2014,PVFC_LIC_EXP_ATTEXP_CY,0.0,0.0,0.0,0.0
NI02PPUBLQS2014,PVFC_LIC_EXP_CLAIM_CF_PY,0.0,0.0,0.0,0.0
NI02PPUBLQS2014,PVFC_LIC_EXP_ATTEXP_PY,0.0,0.0,0.0,0.0
NI02PPUBLQS2014,RA_LIC_OP,0.0,0.0,0.0,0.0
NI02PPUBLQS2014,RA_LIC_UNWIND,0.0,0.0,0.0,0.0
NI02PPUBLQS2014,RA_LIC_INCLAIM,0.0,0.0,0.0,0.0
NI02PPUBLQS2014,RA_LIC_RELEASE_PY,0.0,0.0,0.0,0.0
NI02PPUBLQS2014,RA_LIC_DEREC,0.0,0.0,0.0,0.0
NI02PPUBLQS2014,RA_LIC_TASSCHG_PY,0.0,0.0,0.0,0.0
NI02PPUBLQS2014,RA_LIC_FASSCHG_PY,0.0,0.0,0.0,0.0
NI02PPUBLQS2014,RA_LIC_CLO,0.0,0.0,0.0,0.0
NI02PPUBLQS2015,PVFC_LIC_UNWIND,0.0,0.0,0.0,0.0
NI02PPUBLQS2015,PVFC_LIC_EXP_CLAIM_CF_CY,0.0,0.0,0.0,0.0
NI02PPUBLQS2015,PVFC_LIC_EXP_ATTEXP_CY,0.0,0.0,0.0,0.0
NI02PPUBLQS2015,PVFC_LIC_EXP_CLAIM_CF_PY,0.0,0.0,0.0,0.0
NI02PPUBLQS2015,PVFC_LIC_EXP_ATTEXP_PY,0.0,0.0,0.0,0.0
NI02PPUBLQS2015,RA_LIC_OP,0.0,0.0,0.0,0.0
NI02PPUBLQS2015,RA_LIC_UNWIND,0.0,0.0,0.0,0.0
NI02PPUBLQS2015,RA_LIC_INCLAIM,0.0,0.0,0.0,0.0
NI02PPUBLQS2015,RA_LIC_RELEASE_PY,0.0,0.0,0.0,0.0
NI02PPUBLQS2015,RA_LIC_DEREC,0.0,0.0,0.0,0.0
NI02PPUBLQS2015,RA_LIC_TASSCHG_PY,0.0,0.0,0.0,0.0
NI02PPUBLQS2015,RA_LIC_FASSCHG_PY,0.0,0.0,0.0,0.0
NI02PPUBLQS2015,RA_LIC_CLO,0.0,0.0,0.0,0.0
NI02PPUBLQS2016,PVFC_LIC_UNWIND,0.0,0.0,0.0,0.0
NI02PPUBLQS2016,PVFC_LIC_EXP_CLAIM_CF_CY,0.0,0.0,0.0,0.0
NI02PPUBLQS2016,PVFC_LIC_EXP_ATTEXP_CY,0.0,0.0,0.0,0.0
NI02PPUBLQS2016,PVFC_LIC_EXP_CLAIM_CF_PY,0.0,0.0,0.0,0.0
NI02PPUBLQS2016,PVFC_LIC_EXP_ATTEXP_PY,0.0,0.0,0.0,0.0
NI02PPUBLQS2016,RA_LIC_OP,0.0,0.0,0.0,0.0
NI02PPUBLQS2016,RA_LIC_UNWIND,0.0,0.0,0.0,0.0
NI02PPUBLQS2016,RA_LIC_INCLAIM,0.0,0.0,0.0,0.0
NI02PPUBLQS2016,RA_LIC_RELEASE_PY,0.0,0.0,0.0,0.0
NI02PPUBLQS2016,RA_LIC_DEREC,0.0,0.0,0.0,0.0
NI02PPUBLQS2016,RA_LIC_TASSCHG_PY,0.0,0.0,0.0,0.0
NI02PPUBLQS2016,RA_LIC_FASSCHG_PY,0.0,0.0,0.0,0.0
NI02PPUBLQS2016,RA_LIC_CLO,0.0,0.0,0.0,0.0
NI02PPUBLQS2017,PVFC_LIC_UNWIND,0.0,0.0,0.0,0.0
NI02PPUBLQS2017,PVFC_LIC_EXP_CLAIM_CF_CY,0.0,0.0,0.0,0.0
NI02PPUBLQS2017,PVFC_LIC_EXP_ATTEXP_CY,0.0,0.0,0.0,0.0
NI02PPUBLQS2017,PVFC_LIC_EXP_CLAIM_CF_PY,7.196524370046588,0.0,0.0,0.0
NI02PPUBLQS2017,PVFC_LIC_EXP_ATTEXP_PY,0.0,0.0,0.0,0.0
NI02PPUBLQS2017,RA_LIC_OP,0.0,0.0,0.0,0.0
NI02PPUBLQS2017,RA_LIC_UNWIND,0.0,0.0,0.0,0.0
NI02PPUBLQS2017,RA_LIC_INCLAIM,0.0,0.0,0.0,0.0
NI02PPUBLQS2017,RA_LIC_RELEASE_PY,0.0,0.0,0.0,0.0
NI02PPUBLQS2017,RA_LIC_DEREC,0.0,0.0,0.0,0.0
NI02PPUBLQS2017,RA_LIC_TASSCHG_PY,0.0,0.0,0.0,0.0
NI02PPUBLQS2017,RA_LIC_FASSCHG_PY,0.0,0.0,0.0,0.0
NI02PPUBLQS2017,RA_LIC_CLO,0.0,0.0,0.0,0.0
NI02PPUBLQS2018,PVFC_LIC_UNWIND,0.0,0.0,0.0,0.0
NI02PPUBLQS2018,PVFC_LIC_EXP_CLAIM_CF_CY,0.0,0.0,0.0,0.0
NI02PPUBLQS2018,PVFC_LIC_EXP_ATTEXP_CY,0.0,0.0,0.0,0.0
NI02PPUBLQS2018,PVFC_LIC_EXP_CLAIM_CF_PY,14.043685205477587,0.0,0.0,0.0
NI02PPUBLQS2018,PVFC_LIC_EXP_ATTEXP_PY,0.0,0.0,0.0,0.0
NI02PPUBLQS2018,RA_LIC_OP,0.0,0.0,0.0,0.0
NI02PPUBLQS2018,RA_LIC_UNWIND,0.0,0.0,0.0,0.0
NI02PPUBLQS2018,RA_LIC_INCLAIM,0.0,0.0,0.0,0.0
NI02PPUBLQS2018,RA_LIC_RELEASE_PY,0.0,0.0,0.0,0.0
NI02PPUBLQS2018,RA_LIC_DEREC,0.0,0.0,0.0,0.0
NI02PPUBLQS2018,RA_LIC_TASSCHG_PY,0.0,0.0,0.0,0.0
NI02PPUBLQS2018,RA_LIC_FASSCHG_PY,0.0,0.0,0.0,0.0
NI02PPUBLQS2018,RA_LIC_CLO,0.0,0.0,0.0,0.0
NI02PPUBLQS2019,PVFC_LIC_UNWIND,0.0,0.0,0.0,0.0
NI02PPUBLQS2019,PVFC_LIC_EXP_CLAIM_CF_CY,0.0,0.0,0.0,0.0
NI02PPUBLQS2019,PVFC_LIC_EXP_ATTEXP_CY,0.0,0.0,0.0,0.0
NI02PPUBLQS2019,PVFC_LIC_EXP_CLAIM_CF_PY,194.22622123494688,0.0,0.0,0.0
NI02PPUBLQS2019,PVFC_LIC_EXP_ATTEXP_PY,0.0,0.0,0.0,0.0
NI02PPUBLQS2019,RA_LIC_OP,0.0,0.0,0.0,0.0
NI02PPUBLQS2019,RA_LIC_UNWIND,0.0,0.0,0.0,0.0
NI02PPUBLQS2019,RA_LIC_INCLAIM,0.0,0.0,0.0,0.0
NI02PPUBLQS2019,RA_LIC_RELEASE_PY,0.0,0.0,0.0,0.0
NI02PPUBLQS2019,RA_LIC_DEREC,0.0,0.0,0.0,0.0
NI02PPUBLQS2019,RA_LIC_TASSCHG_PY,0.0,0.0,0.0,0.0
NI02PPUBLQS2019,RA_LIC_FASSCHG_PY,0.0,0.0,0.0,0.0
NI02PPUBLQS2019,RA_LIC_CLO,0.0,0.0,0.0,0.0
NI02PPUBLQS2020,PVFC_LIC_UNWIND,0.0,0.0,0.0,0.0
NI02PPUBLQS2020,PVFC_LIC_EXP_CLAIM_CF_CY,0.0,0.0,0.0,0.0
NI02PPUBLQS2020,PVFC_LIC_EXP_ATTEXP_CY,0.0,0.0,0.0,0.0
NI02PPUBLQS2020,PVFC_LIC_EXP_CLAIM_CF_PY,1137.525642335094,0.0,0.0,0.0
NI02PPUBLQS2020,PVFC_LIC_EXP_ATTEXP_PY,0.0,0.0,0.0,0.0
NI02PPUBLQS2020,RA_LIC_OP,0.0,0.0,0.0,0.0
NI02PPUBLQS2020,RA_LIC_UNWIND,0.0,0.0,0.0,0.0
NI02PPUBLQS2020,RA_LIC_INCLAIM,0.0,0.0,0.0,0.0
NI02PPUBLQS2020,RA_LIC_RELEASE_PY,0.0,0.0,0.0,0.0
NI02PPUBLQS2020,RA_LIC_DEREC,0.0,0.0,0.0,0.0
NI02PPUBLQS2020,RA_LIC_TASSCHG_PY,0.0,0.0,0.0,0.0
NI02PPUBLQS2020,RA_LIC_FASSCHG_PY,0.0,0.0,0.0,0.0
NI02PPUBLQS2020,RA_LIC_CLO,0.0,0.0,0.0,0.0
NI02PPUBLQS2021,PVFC_LIC_UNWIND,0.0,0.0,0.0,0.0
NI02PPUBLQS2021,PVFC_LIC_EXP_CLAIM_CF_CY,0.0,0.0,0.0,0.0
NI02PPUBLQS2021,PVFC_LIC_EXP_ATTEXP_CY,0.0,0.0,0.0,0.0
NI02PPUBLQS2021,PVFC_LIC_EXP_CLAIM_CF_PY,6025.862096981733,0.0,0.0,0.0
NI02PPUBLQS2021,PVFC_LIC_EXP_ATTEXP_PY,0.0,0.0,0.0,0.0
NI02PPUBLQS2021,RA_LIC_OP,0.0,0.0,0.0,0.0
NI02PPUBLQS2021,RA_LIC_UNWIND,0.0,0.0,0.0,0.0
NI02PPUBLQS2021,RA_LIC_INCLAIM,0.0,0.0,0.0,0.0
NI02PPUBLQS2021,RA_LIC_RELEASE_PY,0.0,0.0,0.0,0.0
NI02PPUBLQS2021,RA_LIC_DEREC,0.0,0.0,0.0,0.0
NI02PPUBLQS2021,RA_LIC_TASSCHG_PY,0.0,0.0,0.0,0.0
NI02PPUBLQS2021,RA_LIC_FASSCHG_PY,0.0,0.0,0.0,0.0
NI02PPUBLQS2021,RA_LIC_CLO,0.0,0.0,0.0,0.0
NI02PPUBLQS2022,PVFC_LIC_UNWIND,0.0,0.0,0.0,0.0
NI02PPUBLQS2022,PVFC_LIC_EXP_CLAIM_CF_CY,0.0,0.0,0.0,0.0
NI02PPUBLQS2022,PVFC_LIC_EXP_ATTEXP_CY,0.0,0.0,0.0,0.0
NI02PPUBLQS2022,PVFC_LIC_EXP_CLAIM_CF_PY,1468.5773881265131,0.0,0.0,0.0
NI02PPUBLQS2022,PVFC_LIC_EXP_ATTEXP_PY,0.0,0.0,0.0,0.0
NI02PPUBLQS2022,RA_LIC_OP,0.0,0.0,0.0,0.0
NI02PPUBLQS2022,RA_LIC_UNWIND,0.0,0.0,0.0,0.0
NI02PPUBLQS2022,RA_LIC_INCLAIM,0.0,0.0,0.0,0.0
NI02PPUBLQS2022,RA_LIC_RELEASE_PY,0.0,0.0,0.0,0.0
NI02PPUBLQS2022,RA_LIC_DEREC,0.0,0.0,0.0,0.0
NI02PPUBLQS2022,RA_LIC_TASSCHG_PY,0.0,0.0,0.0,0.0
NI02PPUBLQS2022,RA_LIC_FASSCHG_PY,0.0,0.0,0.0,0.0
NI02PPUBLQS2022,RA_LIC_CLO,0.0,0.0,0.0,0.0
NI02PPUBLQS2023,PVFC_LIC_UNWIND,0.0,0.0,0.0,0.0
NI02PPUBLQS2023,PVFC_LIC_EXP_CLAIM_CF_CY,0.0,0.0,0.0,0.0
NI02PPUBLQS2023,PVFC_LIC_EXP_ATTEXP_CY,0.0,0.0,0.0,0.0
NI02PPUBLQS2023,PVFC_LIC_EXP_CLAIM_CF_PY,2248.828011106136,0.0,0.0,0.0
NI02PPUBLQS2023,PVFC_LIC_EXP_ATTEXP_PY,0.0,0.0,0.0,0.0
NI02PPUBLQS2023,RA_LIC_OP,0.0,0.0,0.0,0.0
NI02PPUBLQS2023,RA_LIC_UNWIND,0.0,0.0,0.0,0.0
NI02PPUBLQS2023,RA_LIC_INCLAIM,0.0,0.0,0.0,0.0
NI02PPUBLQS2023,RA_LIC_RELEASE_PY,0.0,0.0,0.0,0.0
NI02PPUBLQS2023,RA_LIC_DEREC,0.0,0.0,0.0,0.0
NI02PPUBLQS2023,RA_LIC_TASSCHG_PY,0.0,0.0,0.0,0.0
NI02PPUBLQS2023,RA_LIC_FASSCHG_PY,0.0,0.0,0.0,0.0
NI02PPUBLQS2023,RA_LIC_CLO,0.0,0.0,0.0,0.0
NI02PPUBLQS2024,PVFC_LIC_UNWIND,0.0,0.0,0.0,0.0
NI02PPUBLQS2024,PVFC_LIC_EXP_CLAIM_CF_CY,0.0,0.0,0.0,0.0
NI02PPUBLQS2024,PVFC_LIC_EXP_ATTEXP_CY,0.0,0.0,0.0,0.0
NI02PPUBLQS2024,PVFC_LIC_EXP_CLAIM_CF_PY,0.0,0.0,0.0,0.0
NI02PPUBLQS2024,PVFC_LIC_EXP_ATTEXP_PY,0.0,0.0,0.0,0.0
NI02PPUBLQS2024,RA_LIC_OP,0.0,0.0,0.0,0.0
NI02PPUBLQS2024,RA_LIC_UNWIND,0.0,0.0,0.0,0.0
NI02PPUBLQS2024,RA_LIC_INCLAIM,0.0,0.0,0.0,0.0
NI02PPUBLQS2024,RA_LIC_RELEASE_PY,0.0,0.0,0.0,0.0
NI02PPUBLQS2024,RA_LIC_DEREC,0.0,0.0,0.0,0.0
NI02PPUBLQS2024,RA_LIC_TASSCHG_PY,0.0,0.0,0.0,0.0
NI02PPUBLQS2024,RA_LIC_FASSCHG_PY,0.0,0.0,0.0,0.0
NI02PPUBLQS2024,RA_LIC_CLO,0.0,0.0,0.0,0.0
NI02PPUBLQS2012,RA_LIC_RELEASE_CY,0.0,0.0,0.0,0.0
NI02PPUBLQS2013,RA_LIC_RELEASE_CY,0.0,0.0,0.0,0.0
NI02PPUBLQS2014,RA_LIC_RELEASE_CY,0.0,0.0,0.0,0.0
NI02PPUBLQS2015,RA_LIC_RELEASE_CY,0.0,0.0,0.0,0.0
NI02PPUBLQS2016,RA_LIC_RELEASE_CY,0.0,0.0,0.0,0.0
NI02PPUBLQS2017,RA_LIC_RELEASE_CY,0.0,0.0,0.0,0.0
NI02PPUBLQS2018,RA_LIC_RELEASE_CY,0.0,0.0,0.0,0.0
NI02PPUBLQS2019,RA_LIC_RELEASE_CY,0.0,0.0,0.0,0.0
NI02PPUBLQS2020,RA_LIC_RELEASE_CY,0.0,0.0,0.0,0.0
NI02PPUBLQS2021,RA_LIC_RELEASE_CY,0.0,0.0,0.0,0.0
NI02PPUBLQS2022,RA_LIC_RELEASE_CY,0.0,0.0,0.0,0.0
NI02PPUBLQS2023,RA_LIC_RELEASE_CY,0.0,0.0,0.0,0.0
NI02PPUBLQS2024,RA_LIC_RELEASE_CY,0.0,0.0,0.0,0.0
NI02PPUBLQS2012,RA_LIC_FEXPVAR_CY,0.0,0.0,0.0,0.0
NI02PPUBLQS2013,RA_LIC_FEXPVAR_CY,0.0,0.0,0.0,0.0
NI02PPUBLQS2014,RA_LIC_FEXPVAR_CY,0.0,0.0,0.0,0.0
NI02PPUBLQS2015,RA_LIC_FEXPVAR_CY,0.0,0.0,0.0,0.0
NI02PPUBLQS2016,RA_LIC_FEXPVAR_CY,0.0,0.0,0.0,0.0
NI02PPUBLQS2017,RA_LIC_FEXPVAR_CY,0.0,0.0,0.0,0.0
NI02PPUBLQS2018,RA_LIC_FEXPVAR_CY,0.0,0.0,0.0,0.0
NI02PPUBLQS2019,RA_LIC_FEXPVAR_CY,0.0,0.0,0.0,0.0
NI02PPUBLQS2020,RA_LIC_FEXPVAR_CY,0.0,0.0,0.0,0.0
NI02PPUBLQS2021,RA_LIC_FEXPVAR_CY,0.0,0.0,0.0,0.0
NI02PPUBLQS2022,RA_LIC_FEXPVAR_CY,0.0,0.0,0.0,0.0
NI02PPUBLQS2023,RA_LIC_FEXPVAR_CY,0.0,0.0,0.0,0.0
NI02PPUBLQS2024,RA_LIC_FEXPVAR_CY,0.0,0.0,0.0,0.0
NI02PPUBLQS2012,DA_LIC_OP,0.0,0.0,0.0,0.0
NI02PPUBLQS2013,DA_LIC_OP,0.0,0.0,0.0,0.0
NI02PPUBLQS2014,DA_LIC_OP,0.0,0.0,0.0,0.0
NI02PPUBLQS2015,DA_LIC_OP,0.0,0.0,0.0,0.0
NI02PPUBLQS2016,DA_LIC_OP,0.0,0.0,0.0,0.0
NI02PPUBLQS2017,DA_LIC_OP,0.0,0.0,0.0,0.0
NI02PPUBLQS2018,DA_LIC_OP,0.0,0.0,0.0,0.0
NI02PPUBLQS2019,DA_LIC_OP,0.0,0.0,0.0,0.0
NI02PPUBLQS2020,DA_LIC_OP,0.0,0.0,0.0,0.0
NI02PPUBLQS2021,DA_LIC_OP,0.0,0.0,0.0,0.0
NI02PPUBLQS2022,DA_LIC_OP,0.0,0.0,0.0,0.0
NI02PPUBLQS2023,DA_LIC_OP,0.0,0.0,0.0,0.0
NI02PPUBLQS2024,DA_LIC_OP,0.0,0.0,0.0,0.0
NI02PPUBLQS2012,DA_LIC_INCLAIM_INCEXP,0.0,0.0,0.0,0.0
NI02PPUBLQS2013,DA_LIC_INCLAIM_INCEXP,0.0,0.0,0.0,0.0
NI02PPUBLQS2014,DA_LIC_INCLAIM_INCEXP,0.0,0.0,0.0,0.0
NI02PPUBLQS2015,DA_LIC_INCLAIM_INCEXP,0.0,0.0,0.0,0.0
NI02PPUBLQS2016,DA_LIC_INCLAIM_INCEXP,0.0,0.0,0.0,0.0
NI02PPUBLQS2017,DA_LIC_INCLAIM_INCEXP,0.0,0.0,0.0,0.0
NI02PPUBLQS2018,DA_LIC_INCLAIM_INCEXP,0.0,0.0,0.0,0.0
NI02PPUBLQS2019,DA_LIC_INCLAIM_INCEXP,0.0,0.0,0.0,0.0
NI02PPUBLQS2020,DA_LIC_INCLAIM_INCEXP,0.0,0.0,0.0,0.0
NI02PPUBLQS2021,DA_LIC_INCLAIM_INCEXP,0.0,0.0,0.0,0.0
NI02PPUBLQS2022,DA_LIC_INCLAIM_INCEXP,0.0,0.0,0.0,0.0
NI02PPUBLQS2023,DA_LIC_INCLAIM_INCEXP,0.0,0.0,0.0,0.0
NI02PPUBLQS2024,DA_LIC_INCLAIM_INCEXP,0.0,0.0,0.0,0.0
NI02PPUBLQS2012,DA_LIC_CHG,0.0,0.0,0.0,0.0
NI02PPUBLQS2013,DA_LIC_CHG,0.0,0.0,0.0,0.0
NI02PPUBLQS2014,DA_LIC_CHG,0.0,0.0,0.0,0.0
NI02PPUBLQS2015,DA_LIC_CHG,0.0,0.0,0.0,0.0
NI02PPUBLQS2016,DA_LIC_CHG,0.0,0.0,0.0,0.0
NI02PPUBLQS2017,DA_LIC_CHG,0.0,0.0,0.0,0.0
NI02PPUBLQS2018,DA_LIC_CHG,0.0,0.0,0.0,0.0
NI02PPUBLQS2019,DA_LIC_CHG,0.0,0.0,0.0,0.0
NI02PPUBLQS2020,DA_LIC_CHG,0.0,0.0,0.0,0.0
NI02PPUBLQS2021,DA_LIC_CHG,0.0,0.0,0.0,0.0
NI02PPUBLQS2022,DA_LIC_CHG,0.0,0.0,0.0,0.0
NI02PPUBLQS2023,DA_LIC_CHG,0.0,0.0,0.0,0.0
NI02PPUBLQS2024,DA_LIC_CHG,0.0,0.0,0.0,0.0
NI02PPUBLQS2012,DA_LIC_CLO,0.0,0.0,0.0,0.0
NI02PPUBLQS2013,DA_LIC_CLO,0.0,0.0,0.0,0.0
NI02PPUBLQS2014,DA_LIC_CLO,0.0,0.0,0.0,0.0
NI02PPUBLQS2015,DA_LIC_CLO,0.0,0.0,0.0,0.0
NI02PPUBLQS2016,DA_LIC_CLO,0.0,0.0,0.0,0.0
NI02PPUBLQS2017,DA_LIC_CLO,0.0,0.0,0.0,0.0
NI02PPUBLQS2018,DA_LIC_CLO,0.0,0.0,0.0,0.0
NI02PPUBLQS2019,DA_LIC_CLO,0.0,0.0,0.0,0.0
NI02PPUBLQS2020,DA_LIC_CLO,0.0,0.0,0.0,0.0
NI02PPUBLQS2021,DA_LIC_CLO,0.0,0.0,0.0,0.0
NI02PPUBLQS2022,DA_LIC_CLO,0.0,0.0,0.0,0.0
NI02PPUBLQS2023,DA_LIC_CLO,0.0,0.0,0.0,0.0
NI02PPUBLQS2024,DA_LIC_CLO,0.0,0.0,0.0,0.0
NI02PPUBLST2012,PVFC_LIC_UNWIND,0.0,0.0,0.0,0.0
NI02PPUBLST2012,PVFC_LIC_EXP_CLAIM_CF_CY,0.0,0.0,0.0,-1.0
NI02PPUBLST2012,PVFC_LIC_EXP_ATTEXP_CY,0.0,0.0,0.0,0.0
NI02PPUBLST2012,PVFC_LIC_EXP_CLAIM_CF_PY,0.0,0.0,0.0,0.0
NI02PPUBLST2012,PVFC_LIC_EXP_ATTEXP_PY,0.0,0.0,0.0,0.0
NI02PPUBLST2012,RA_LIC_OP,0.0,0.0,0.0,0.0
NI02PPUBLST2012,RA_LIC_UNWIND,0.0,0.0,0.0,0.0
NI02PPUBLST2012,RA_LIC_INCLAIM,0.0,0.0,0.0,0.0
NI02PPUBLST2012,RA_LIC_RELEASE_PY,0.0,0.0,0.0,0.0
NI02PPUBLST2012,RA_LIC_DEREC,0.0,0.0,0.0,0.0
NI02PPUBLST2012,RA_LIC_TASSCHG_PY,0.0,0.0,0.0,0.0
NI02PPUBLST2012,RA_LIC_FASSCHG_PY,0.0,0.0,0.0,0.0
NI02PPUBLST2012,RA_LIC_CLO,0.0,0.0,0.0,0.0
NI02PPUBLST2013,PVFC_LIC_UNWIND,0.0,0.0,0.0,0.0
NI02PPUBLST2013,PVFC_LIC_EXP_CLAIM_CF_CY,0.0,0.0,0.0,0.0
NI02PPUBLST2013,PVFC_LIC_EXP_ATTEXP_CY,0.0,0.0,0.0,0.0
NI02PPUBLST2013,PVFC_LIC_EXP_CLAIM_CF_PY,0.0,0.0,0.0,0.0
NI02PPUBLST2013,PVFC_LIC_EXP_ATTEXP_PY,0.0,0.0,0.0,0.0
NI02PPUBLST2013,RA_LIC_OP,0.0,0.0,0.0,0.0
NI02PPUBLST2013,RA_LIC_UNWIND,0.0,0.0,0.0,0.0
NI02PPUBLST2013,RA_LIC_INCLAIM,0.0,0.0,0.0,0.0
NI02PPUBLST2013,RA_LIC_RELEASE_PY,0.0,0.0,0.0,0.0
NI02PPUBLST2013,RA_LIC_DEREC,0.0,0.0,0.0,0.0
NI02PPUBLST2013,RA_LIC_TASSCHG_PY,0.0,0.0,0.0,0.0
NI02PPUBLST2013,RA_LIC_FASSCHG_PY,0.0,0.0,0.0,0.0
NI02PPUBLST2013,RA_LIC_CLO,0.0,0.0,0.0,0.0
NI02PPUBLST2014,PVFC_LIC_UNWIND,0.0,0.0,0.0,0.0
NI02PPUBLST2014,PVFC_LIC_EXP_CLAIM_CF_CY,0.0,0.0,0.0,0.0
NI02PPUBLST2014,PVFC_LIC_EXP_ATTEXP_CY,0.0,0.0,0.0,0.0
NI02PPUBLST2014,PVFC_LIC_EXP_CLAIM_CF_PY,0.0,0.0,0.0,0.0
NI02PPUBLST2014,PVFC_LIC_EXP_ATTEXP_PY,0.0,0.0,0.0,0.0
NI02PPUBLST2014,RA_LIC_OP,0.0,0.0,0.0,0.0
NI02PPUBLST2014,RA_LIC_UNWIND,0.0,0.0,0.0,0.0
NI02PPUBLST2014,RA_LIC_INCLAIM,0.0,0.0,0.0,0.0
NI02PPUBLST2014,RA_LIC_RELEASE_PY,0.0,0.0,0.0,0.0
NI02PPUBLST2014,RA_LIC_DEREC,0.0,0.0,0.0,0.0
NI02PPUBLST2014,RA_LIC_TASSCHG_PY,0.0,0.0,0.0,0.0
NI02PPUBLST2014,RA_LIC_FASSCHG_PY,0.0,0.0,0.0,0.0
NI02PPUBLST2014,RA_LIC_CLO,0.0,0.0,0.0,0.0
NI02PPUBLST2015,PVFC_LIC_UNWIND,0.0,0.0,0.0,0.0
NI02PPUBLST2015,PVFC_LIC_EXP_CLAIM_CF_CY,0.0,0.0,0.0,0.0
NI02PPUBLST2015,PVFC_LIC_EXP_ATTEXP_CY,0.0,0.0,0.0,0.0
NI02PPUBLST2015,PVFC_LIC_EXP_CLAIM_CF_PY,0.0,0.0,0.0,0.0
NI02PPUBLST2015,PVFC_LIC_EXP_ATTEXP_PY,0.0,0.0,0.0,0.0
NI02PPUBLST2015,RA_LIC_OP,0.0,0.0,0.0,0.0
NI02PPUBLST2015,RA_LIC_UNWIND,0.0,0.0,0.0,0.0
NI02PPUBLST2015,RA_LIC_INCLAIM,0.0,0.0,0.0,0.0
NI02PPUBLST2015,RA_LIC_RELEASE_PY,0.0,0.0,0.0,0.0
NI02PPUBLST2015,RA_LIC_DEREC,0.0,0.0,0.0,0.0
NI02PPUBLST2015,RA_LIC_TASSCHG_PY,0.0,0.0,0.0,0.0
NI02PPUBLST2015,RA_LIC_FASSCHG_PY,0.0,0.0,0.0,0.0
NI02PPUBLST2015,RA_LIC_CLO,0.0,0.0,0.0,0.0
NI02PPUBLST2016,PVFC_LIC_UNWIND,0.0,0.0,0.0,0.0
NI02PPUBLST2016,PVFC_LIC_EXP_CLAIM_CF_CY,0.0,0.0,0.0,0.0
NI02PPUBLST2016,PVFC_LIC_EXP_ATTEXP_CY,0.0,0.0,0.0,0.0
NI02PPUBLST2016,PVFC_LIC_EXP_CLAIM_CF_PY,0.0,0.0,0.0,0.0
NI02PPUBLST2016,PVFC_LIC_EXP_ATTEXP_PY,0.0,0.0,0.0,0.0
NI02PPUBLST2016,RA_LIC_OP,0.0,0.0,0.0,0.0
NI02PPUBLST2016,RA_LIC_UNWIND,0.0,0.0,0.0,0.0
NI02PPUBLST2016,RA_LIC_INCLAIM,0.0,0.0,0.0,0.0
NI02PPUBLST2016,RA_LIC_RELEASE_PY,0.0,0.0,0.0,0.0
NI02PPUBLST2016,RA_LIC_DEREC,0.0,0.0,0.0,0.0
NI02PPUBLST2016,RA_LIC_TASSCHG_PY,0.0,0.0,0.0,0.0
NI02PPUBLST2016,RA_LIC_FASSCHG_PY,0.0,0.0,0.0,0.0
NI02PPUBLST2016,RA_LIC_CLO,0.0,0.0,0.0,0.0
NI02PPUBLST2017,PVFC_LIC_UNWIND,0.0,0.0,0.0,0.0
NI02PPUBLST2017,PVFC_LIC_EXP_CLAIM_CF_CY,0.0,0.0,0.0,0.0
NI02PPUBLST2017,PVFC_LIC_EXP_ATTEXP_CY,0.0,0.0,0.0,0.0
NI02PPUBLST2017,PVFC_LIC_EXP_CLAIM_CF_PY,10.017990987643367,0.0,0.0,0.0
NI02PPUBLST2017,PVFC_LIC_EXP_ATTEXP_PY,0.0,0.0,0.0,0.0
NI02PPUBLST2017,RA_LIC_OP,0.0,0.0,0.0,0.0
NI02PPUBLST2017,RA_LIC_UNWIND,0.0,0.0,0.0,0.0
NI02PPUBLST2017,RA_LIC_INCLAIM,0.0,0.0,0.0,0.0
NI02PPUBLST2017,RA_LIC_RELEASE_PY,0.0,0.0,0.0,0.0
NI02PPUBLST2017,RA_LIC_DEREC,0.0,0.0,0.0,0.0
NI02PPUBLST2017,RA_LIC_TASSCHG_PY,0.0,0.0,0.0,0.0
NI02PPUBLST2017,RA_LIC_FASSCHG_PY,0.0,0.0,0.0,0.0
NI02PPUBLST2017,RA_LIC_CLO,0.0,0.0,0.0,0.0
NI02PPUBLST2018,PVFC_LIC_UNWIND,0.0,0.0,0.0,0.0
NI02PPUBLST2018,PVFC_LIC_EXP_CLAIM_CF_CY,0.0,0.0,0.0,0.0
NI02PPUBLST2018,PVFC_LIC_EXP_ATTEXP_CY,0.0,0.0,0.0,0.0
NI02PPUBLST2018,PVFC_LIC_EXP_CLAIM_CF_PY,19.54964710567139,0.0,0.0,0.0
NI02PPUBLST2018,PVFC_LIC_EXP_ATTEXP_PY,0.0,0.0,0.0,0.0
NI02PPUBLST2018,RA_LIC_OP,0.0,0.0,0.0,0.0
NI02PPUBLST2018,RA_LIC_UNWIND,0.0,0.0,0.0,0.0
NI02PPUBLST2018,RA_LIC_INCLAIM,0.0,0.0,0.0,0.0
NI02PPUBLST2018,RA_LIC_RELEASE_PY,0.0,0.0,0.0,0.0
NI02PPUBLST2018,RA_LIC_DEREC,0.0,0.0,0.0,0.0
NI02PPUBLST2018,RA_LIC_TASSCHG_PY,0.0,0.0,0.0,0.0
NI02PPUBLST2018,RA_LIC_FASSCHG_PY,0.0,0.0,0.0,0.0
NI02PPUBLST2018,RA_LIC_CLO,0.0,0.0,0.0,0.0
NI02PPUBLST2019,PVFC_LIC_UNWIND,0.0,0.0,0.0,0.0
NI02PPUBLST2019,PVFC_LIC_EXP_CLAIM_CF_CY,0.0,0.0,0.0,0.0
NI02PPUBLST2019,PVFC_LIC_EXP_ATTEXP_CY,0.0,0.0,0.0,0.0
NI02PPUBLST2019,PVFC_LIC_EXP_CLAIM_CF_PY,270.3744799356706,0.0,0.0,0.0
NI02PPUBLST2019,PVFC_LIC_EXP_ATTEXP_PY,0.0,0.0,0.0,0.0
NI02PPUBLST2019,RA_LIC_OP,0.0,0.0,0.0,0.0
NI02PPUBLST2019,RA_LIC_UNWIND,0.0,0.0,0.0,0.0
NI02PPUBLST2019,RA_LIC_INCLAIM,0.0,0.0,0.0,0.0
NI02PPUBLST2019,RA_LIC_RELEASE_PY,0.0,0.0,0.0,0.0
NI02PPUBLST2019,RA_LIC_DEREC,0.0,0.0,0.0,0.0
NI02PPUBLST2019,RA_LIC_TASSCHG_PY,0.0,0.0,0.0,0.0
NI02PPUBLST2019,RA_LIC_FASSCHG_PY,0.0,0.0,0.0,0.0
NI02PPUBLST2019,RA_LIC_CLO,0.0,0.0,0.0,0.0
NI02PPUBLST2020,PVFC_LIC_UNWIND,0.0,0.0,0.0,0.0
NI02PPUBLST2020,PVFC_LIC_EXP_CLAIM_CF_CY,0.0,0.0,0.0,0.0
NI02PPUBLST2020,PVFC_LIC_EXP_ATTEXP_CY,0.0,0.0,0.0,0.0
NI02PPUBLST2020,PVFC_LIC_EXP_CLAIM_CF_PY,1583.503514635139,0.0,0.0,0.0
NI02PPUBLST2020,PVFC_LIC_EXP_ATTEXP_PY,0.0,0.0,0.0,0.0
NI02PPUBLST2020,RA_LIC_OP,0.0,0.0,0.0,0.0
NI02PPUBLST2020,RA_LIC_UNWIND,0.0,0.0,0.0,0.0
NI02PPUBLST2020,RA_LIC_INCLAIM,0.0,0.0,0.0,0.0
NI02PPUBLST2020,RA_LIC_RELEASE_PY,0.0,0.0,0.0,0.0
NI02PPUBLST2020,RA_LIC_DEREC,0.0,0.0,0.0,0.0
NI02PPUBLST2020,RA_LIC_TASSCHG_PY,0.0,0.0,0.0,0.0
NI02PPUBLST2020,RA_LIC_FASSCHG_PY,0.0,0.0,0.0,0.0
NI02PPUBLST2020,RA_LIC_CLO,0.0,0.0,0.0,0.0
NI02PPUBLST2021,PVFC_LIC_UNWIND,0.0,0.0,0.0,0.0
NI02PPUBLST2021,PVFC_LIC_EXP_CLAIM_CF_CY,0.0,0.0,0.0,0.0
NI02PPUBLST2021,PVFC_LIC_EXP_ATTEXP_CY,0.0,0.0,0.0,0.0
NI02PPUBLST2021,PVFC_LIC_EXP_CLAIM_CF_PY,8388.35930739077,0.0,0.0,0.0
NI02PPUBLST2021,PVFC_LIC_EXP_ATTEXP_PY,0.0,0.0,0.0,0.0
NI02PPUBLST2021,RA_LIC_OP,0.0,0.0,0.0,0.0
NI02PPUBLST2021,RA_LIC_UNWIND,0.0,0.0,0.0,0.0
NI02PPUBLST2021,RA_LIC_INCLAIM,0.0,0.0,0.0,0.0
NI02PPUBLST2021,RA_LIC_RELEASE_PY,0.0,0.0,0.0,0.0
NI02PPUBLST2021,RA_LIC_DEREC,0.0,0.0,0.0,0.0
NI02PPUBLST2021,RA_LIC_TASSCHG_PY,0.0,0.0,0.0,0.0
NI02PPUBLST2021,RA_LIC_FASSCHG_PY,0.0,0.0,0.0,0.0
NI02PPUBLST2021,RA_LIC_CLO,0.0,0.0,0.0,0.0
NI02PPUBLST2022,PVFC_LIC_UNWIND,0.0,0.0,0.0,0.0
NI02PPUBLST2022,PVFC_LIC_EXP_CLAIM_CF_CY,0.0,0.0,0.0,0.0
NI02PPUBLST2022,PVFC_LIC_EXP_ATTEXP_CY,0.0,0.0,0.0,0.0
NI02PPUBLST2022,PVFC_LIC_EXP_CLAIM_CF_PY,2044.347282438648,0.0,0.0,0.0
NI02PPUBLST2022,PVFC_LIC_EXP_ATTEXP_PY,0.0,0.0,0.0,0.0
NI02PPUBLST2022,RA_LIC_OP,0.0,0.0,0.0,0.0
NI02PPUBLST2022,RA_LIC_UNWIND,0.0,0.0,0.0,0.0
NI02PPUBLST2022,RA_LIC_INCLAIM,0.0,0.0,0.0,0.0
NI02PPUBLST2022,RA_LIC_RELEASE_PY,0.0,0.0,0.0,0.0
NI02PPUBLST2022,RA_LIC_DEREC,0.0,0.0,0.0,0.0
NI02PPUBLST2022,RA_LIC_TASSCHG_PY,0.0,0.0,0.0,0.0
NI02PPUBLST2022,RA_LIC_FASSCHG_PY,0.0,0.0,0.0,0.0
NI02PPUBLST2022,RA_LIC_CLO,0.0,0.0,0.0,0.0
NI02PPUBLST2023,PVFC_LIC_UNWIND,0.0,0.0,0.0,0.0
NI02PPUBLST2023,PVFC_LIC_EXP_CLAIM_CF_CY,0.0,0.0,0.0,0.0
NI02PPUBLST2023,PVFC_LIC_EXP_ATTEXP_CY,0.0,0.0,0.0,0.0
NI02PPUBLST2023,PVFC_LIC_EXP_CLAIM_CF_PY,3130.5026690092836,0.0,0.0,0.0
NI02PPUBLST2023,PVFC_LIC_EXP_ATTEXP_PY,0.0,0.0,0.0,0.0
NI02PPUBLST2023,RA_LIC_OP,0.0,0.0,0.0,0.0
NI02PPUBLST2023,RA_LIC_UNWIND,0.0,0.0,0.0,0.0
NI02PPUBLST2023,RA_LIC_INCLAIM,0.0,0.0,0.0,0.0
NI02PPUBLST2023,RA_LIC_RELEASE_PY,0.0,0.0,0.0,0.0
NI02PPUBLST2023,RA_LIC_DEREC,0.0,0.0,0.0,0.0
NI02PPUBLST2023,RA_LIC_TASSCHG_PY,0.0,0.0,0.0,0.0
NI02PPUBLST2023,RA_LIC_FASSCHG_PY,0.0,0.0,0.0,0.0
NI02PPUBLST2023,RA_LIC_CLO,0.0,0.0,0.0,0.0
NI02PPUBLST2024,PVFC_LIC_UNWIND,0.0,0.0,0.0,0.0
NI02PPUBLST2024,PVFC_LIC_EXP_CLAIM_CF_CY,0.0,0.0,0.0,0.0
NI02PPUBLST2024,PVFC_LIC_EXP_ATTEXP_CY,0.0,0.0,0.0,0.0
NI02PPUBLST2024,PVFC_LIC_EXP_CLAIM_CF_PY,0.0,0.0,0.0,0.0
NI02PPUBLST2024,PVFC_LIC_EXP_ATTEXP_PY,0.0,0.0,0.0,0.0
NI02PPUBLST2024,RA_LIC_OP,0.0,0.0,0.0,0.0
NI02PPUBLST2024,RA_LIC_UNWIND,0.0,0.0,0.0,0.0
NI02PPUBLST2024,RA_LIC_INCLAIM,0.0,0.0,0.0,0.0
NI02PPUBLST2024,RA_LIC_RELEASE_PY,0.0,0.0,0.0,0.0
NI02PPUBLST2024,RA_LIC_DEREC,0.0,0.0,0.0,0.0
NI02PPUBLST2024,RA_LIC_TASSCHG_PY,0.0,0.0,0.0,0.0
NI02PPUBLST2024,RA_LIC_FASSCHG_PY,0.0,0.0,0.0,0.0
NI02PPUBLST2024,RA_LIC_CLO,0.0,0.0,0.0,0.0
NI02PPUBLST2012,RA_LIC_RELEASE_CY,0.0,0.0,0.0,0.0
NI02PPUBLST2013,RA_LIC_RELEASE_CY,0.0,0.0,0.0,0.0
NI02PPUBLST2014,RA_LIC_RELEASE_CY,0.0,0.0,0.0,0.0
NI02PPUBLST2015,RA_LIC_RELEASE_CY,0.0,0.0,0.0,0.0
NI02PPUBLST2016,RA_LIC_RELEASE_CY,0.0,0.0,0.0,0.0
NI02PPUBLST2017,RA_LIC_RELEASE_CY,0.0,0.0,0.0,0.0
NI02PPUBLST2018,RA_LIC_RELEASE_CY,0.0,0.0,0.0,0.0
NI02PPUBLST2019,RA_LIC_RELEASE_CY,0.0,0.0,0.0,0.0
NI02PPUBLST2020,RA_LIC_RELEASE_CY,0.0,0.0,0.0,0.0
NI02PPUBLST2021,RA_LIC_RELEASE_CY,0.0,0.0,0.0,0.0
NI02PPUBLST2022,RA_LIC_RELEASE_CY,0.0,0.0,0.0,0.0
NI02PPUBLST2023,RA_LIC_RELEASE_CY,0.0,0.0,0.0,0.0
NI02PPUBLST2024,RA_LIC_RELEASE_CY,0.0,0.0,0.0,0.0
NI02PPUBLST2012,RA_LIC_FEXPVAR_CY,0.0,0.0,0.0,0.0
NI02PPUBLST2013,RA_LIC_FEXPVAR_CY,0.0,0.0,0.0,0.0
NI02PPUBLST2014,RA_LIC_FEXPVAR_CY,0.0,0.0,0.0,0.0
NI02PPUBLST2015,RA_LIC_FEXPVAR_CY,0.0,0.0,0.0,0.0
NI02PPUBLST2016,RA_LIC_FEXPVAR_CY,0.0,0.0,0.0,0.0
NI02PPUBLST2017,RA_LIC_FEXPVAR_CY,0.0,0.0,0.0,0.0
NI02PPUBLST2018,RA_LIC_FEXPVAR_CY,0.0,0.0,0.0,0.0
NI02PPUBLST2019,RA_LIC_FEXPVAR_CY,0.0,0.0,0.0,0.0
NI02PPUBLST2020,RA_LIC_FEXPVAR_CY,0.0,0.0,0.0,0.0
NI02PPUBLST2021,RA_LIC_FEXPVAR_CY,0.0,0.0,0.0,0.0
NI02PPUBLST2022,RA_LIC_FEXPVAR_CY,0.0,0.0,0.0,0.0
NI02PPUBLST2023,RA_LIC_FEXPVAR_CY,0.0,0.0,0.0,0.0
NI02PPUBLST2024,RA_LIC_FEXPVAR_CY,0.0,0.0,0.0,0.0
NI02PPUBLST2012,DA_LIC_OP,0.0,0.0,0.0,0.0
NI02PPUBLST2013,DA_LIC_OP,0.0,0.0,0.0,0.0
NI02PPUBLST2014,DA_LIC_OP,0.0,0.0,0.0,0.0
NI02PPUBLST2015,DA_LIC_OP,0.0,0.0,0.0,0.0
NI02PPUBLST2016,DA_LIC_OP,0.0,0.0,0.0,0.0
NI02PPUBLST2017,DA_LIC_OP,0.0,0.0,0.0,0.0
NI02PPUBLST2018,DA_LIC_OP,0.0,0.0,0.0,0.0
NI02PPUBLST2019,DA_LIC_OP,0.0,0.0,0.0,0.0
NI02PPUBLST2020,DA_LIC_OP,0.0,0.0,0.0,0.0
NI02PPUBLST2021,DA_LIC_OP,0.0,0.0,0.0,0.0
NI02PPUBLST2022,DA_LIC_OP,0.0,0.0,0.0,0.0
NI02PPUBLST2023,DA_LIC_OP,0.0,0.0,0.0,0.0
NI02PPUBLST2024,DA_LIC_OP,0.0,0.0,0.0,0.0
NI02PPUBLST2012,DA_LIC_INCLAIM_INCEXP,0.0,0.0,0.0,0.0
NI02PPUBLST2013,DA_LIC_INCLAIM_INCEXP,0.0,0.0,0.0,0.0
NI02PPUBLST2014,DA_LIC_INCLAIM_INCEXP,0.0,0.0,0.0,0.0
NI02PPUBLST2015,DA_LIC_INCLAIM_INCEXP,0.0,0.0,0.0,0.0
NI02PPUBLST2016,DA_LIC_INCLAIM_INCEXP,0.0,0.0,0.0,0.0
NI02PPUBLST2017,DA_LIC_INCLAIM_INCEXP,0.0,0.0,0.0,0.0
NI02PPUBLST2018,DA_LIC_INCLAIM_INCEXP,0.0,0.0,0.0,0.0
NI02PPUBLST2019,DA_LIC_INCLAIM_INCEXP,0.0,0.0,0.0,0.0
NI02PPUBLST2020,DA_LIC_INCLAIM_INCEXP,0.0,0.0,0.0,0.0
NI02PPUBLST2021,DA_LIC_INCLAIM_INCEXP,0.0,0.0,0.0,0.0
NI02PPUBLST2022,DA_LIC_INCLAIM_INCEXP,0.0,0.0,0.0,0.0
NI02PPUBLST2023,DA_LIC_INCLAIM_INCEXP,0.0,0.0,0.0,0.0
NI02PPUBLST2024,DA_LIC_INCLAIM_INCEXP,0.0,0.0,0.0,0.0
NI02PPUBLST2012,DA_LIC_CHG,0.0,0.0,0.0,0.0
NI02PPUBLST2013,DA_LIC_CHG,0.0,0.0,0.0,0.0
NI02PPUBLST2014,DA_LIC_CHG,0.0,0.0,0.0,0.0
NI02PPUBLST2015,DA_LIC_CHG,0.0,0.0,0.0,0.0
NI02PPUBLST2016,DA_LIC_CHG,0.0,0.0,0.0,0.0
NI02PPUBLST2017,DA_LIC_CHG,0.0,0.0,0.0,0.0
NI02PPUBLST2018,DA_LIC_CHG,0.0,0.0,0.0,0.0
NI02PPUBLST2019,DA_LIC_CHG,0.0,0.0,0.0,0.0
NI02PPUBLST2020,DA_LIC_CHG,0.0,0.0,0.0,0.0
NI02PPUBLST2021,DA_LIC_CHG,0.0,0.0,0.0,0.0
NI02PPUBLST2022,DA_LIC_CHG,0.0,0.0,0.0,0.0
NI02PPUBLST2023,DA_LIC_CHG,0.0,0.0,0.0,0.0
NI02PPUBLST2024,DA_LIC_CHG,0.0,0.0,0.0,0.0
NI02PPUBLST2012,DA_LIC_CLO,0.0,0.0,0.0,0.0
NI02PPUBLST2013,DA_LIC_CLO,0.0,0.0,0.0,0.0
NI02PPUBLST2014,DA_LIC_CLO,0.0,0.0,0.0,0.0
NI02PPUBLST2015,DA_LIC_CLO,0.0,0.0,0.0,0.0
NI02PPUBLST2016,DA_LIC_CLO,0.0,0.0,0.0,0.0
NI02PPUBLST2017,DA_LIC_CLO,0.0,0.0,0.0,0.0
NI02PPUBLST2018,DA_LIC_CLO,0.0,0.0,0.0,0.0
NI02PPUBLST2019,DA_LIC_CLO,0.0,0.0,0.0,0.0
NI02PPUBLST2020,DA_LIC_CLO,0.0,0.0,0.0,0.0
NI02PPUBLST2021,DA_LIC_CLO,0.0,0.0,0.0,0.0
NI02PPUBLST2022,DA_LIC_CLO,0.0,0.0,0.0,0.0
NI02PPUBLST2023,DA_LIC_CLO,0.0,0.0,0.0,0.0
NI02PPUBLST2024,DA_LIC_CLO,0.0,0.0,0.0,0.0
