GOC_ID,VARIABLE_NAME,1
NI02PPUBLSH2012,ACTUARIAL_ACTUAL_CLAIMS_CF_CY,0.0
NI02PPUBLSH2012,ACTUARIAL_ACTUAL_CLAIMS_CF_PY,0.0
NI02PPUBLSH2012,ACTUARIAL_ACTUAL_EXPENSE_CF_PY,0.0
NI02PPUBLSH2012,ACTUARIAL_ACTUAL_EXPENSE_CLHANDL_CF_CY,0.0
NI02PPUBLSH2012,ACTUARIAL_ACTUAL_EXPENSE_NCLHANDL_CF_CY,0.0
NI02PPUBLSH2012,INVESTMENT_INCOME_OCI,0.0
NI02PPUBLSH2012,INVESTMENT_INCOME_PNL,0.0
NI02PPUBLSH2012,NON_ATTRIBUTABLE_EXPENSE,0.0
NI02PPUBLSH2013,ACTUARIAL_ACTUAL_CLAIMS_CF_CY,0.0
NI02PPUBLSH2013,ACTUARIAL_ACTUAL_CLAIMS_CF_PY,0.0
NI02PPUBLSH2013,ACTUARIAL_ACTUAL_EXPENSE_CF_PY,0.0
NI02PPUBLSH2013,ACTUARIAL_ACTUAL_EXPENSE_CLHANDL_CF_CY,0.0
NI02PPUBLSH2013,ACTUARIAL_ACTUAL_EXPENSE_NCLHANDL_CF_CY,0.0
NI02PPUBLSH2013,INVESTMENT_INCOME_OCI,0.0
NI02PPUBLSH2013,INVESTMENT_INCOME_PNL,0.0
NI02PPUBLSH2013,NON_ATTRIBUTABLE_EXPENSE,0.0
NI02PPUBLSH2014,ACTUARIAL_ACTUAL_CLAIMS_CF_CY,0.0
NI02PPUBLSH2014,ACTUARIAL_ACTUAL_CLAIMS_CF_PY,0.0
NI02PPUBLSH2014,ACTUARIAL_ACTUAL_EXPENSE_CF_PY,0.0
NI02PPUBLSH2014,ACTUARIAL_ACTUAL_EXPENSE_CLHANDL_CF_CY,0.0
NI02PPUBLSH2014,ACTUARIAL_ACTUAL_EXPENSE_NCLHANDL_CF_CY,0.0
NI02PPUBLSH2014,INVESTMENT_INCOME_OCI,0.0
NI02PPUBLSH2014,INVESTMENT_INCOME_PNL,0.0
NI02PPUBLSH2014,NON_ATTRIBUTABLE_EXPENSE,0.0
NI02PPUBLSH2015,ACTUARIAL_ACTUAL_CLAIMS_CF_CY,0.0
NI02PPUBLSH2015,ACTUARIAL_ACTUAL_CLAIMS_CF_PY,0.0
NI02PPUBLSH2015,ACTUARIAL_ACTUAL_EXPENSE_CF_PY,0.0
NI02PPUBLSH2015,ACTUARIAL_ACTUAL_EXPENSE_CLHANDL_CF_CY,0.0
NI02PPUBLSH2015,ACTUARIAL_ACTUAL_EXPENSE_NCLHANDL_CF_CY,0.0
NI02PPUBLSH2015,INVESTMENT_INCOME_OCI,0.0
NI02PPUBLSH2015,INVESTMENT_INCOME_PNL,0.0
NI02PPUBLSH2015,NON_ATTRIBUTABLE_EXPENSE,0.0
NI02PPUBLSH2016,ACTUARIAL_ACTUAL_CLAIMS_CF_CY,0.0
NI02PPUBLSH2016,ACTUARIAL_ACTUAL_CLAIMS_CF_PY,0.0
NI02PPUBLSH2016,ACTUARIAL_ACTUAL_EXPENSE_CF_PY,0.0
NI02PPUBLSH2016,ACTUARIAL_ACTUAL_EXPENSE_CLHANDL_CF_CY,0.0
NI02PPUBLSH2016,ACTUARIAL_ACTUAL_EXPENSE_NCLHANDL_CF_CY,0.0
NI02PPUBLSH2016,INVESTMENT_INCOME_OCI,0.0
NI02PPUBLSH2016,INVESTMENT_INCOME_PNL,0.0
NI02PPUBLSH2016,NON_ATTRIBUTABLE_EXPENSE,0.0
NI02PPUBLSH2017,ACTUARIAL_ACTUAL_CLAIMS_CF_CY,0.0
NI02PPUBLSH2017,ACTUARIAL_ACTUAL_CLAIMS_CF_PY,0.0
NI02PPUBLSH2017,ACTUARIAL_ACTUAL_EXPENSE_CF_PY,0.0
NI02PPUBLSH2017,ACTUARIAL_ACTUAL_EXPENSE_CLHANDL_CF_CY,0.0
NI02PPUBLSH2017,ACTUARIAL_ACTUAL_EXPENSE_NCLHANDL_CF_CY,0.0
NI02PPUBLSH2017,INVESTMENT_INCOME_OCI,0.0
NI02PPUBLSH2017,INVESTMENT_INCOME_PNL,0.0
NI02PPUBLSH2017,NON_ATTRIBUTABLE_EXPENSE,0.0
NI02PPUBLSH2018,ACTUARIAL_ACTUAL_CLAIMS_CF_CY,0.0
NI02PPUBLSH2018,ACTUARIAL_ACTUAL_CLAIMS_CF_PY,0.0
NI02PPUBLSH2018,ACTUARIAL_ACTUAL_EXPENSE_CF_PY,0.0
NI02PPUBLSH2018,ACTUARIAL_ACTUAL_EXPENSE_CLHANDL_CF_CY,0.0
NI02PPUBLSH2018,ACTUARIAL_ACTUAL_EXPENSE_NCLHANDL_CF_CY,0.0
NI02PPUBLSH2018,INVESTMENT_INCOME_OCI,0.0
NI02PPUBLSH2018,INVESTMENT_INCOME_PNL,0.0
NI02PPUBLSH2018,NON_ATTRIBUTABLE_EXPENSE,0.0
NI02PPUBLSH2019,ACTUARIAL_ACTUAL_CLAIMS_CF_CY,0.0
NI02PPUBLSH2019,ACTUARIAL_ACTUAL_CLAIMS_CF_PY,-50.0
NI02PPUBLSH2019,ACTUARIAL_ACTUAL_EXPENSE_CF_PY,0.0
NI02PPUBLSH2019,ACTUARIAL_ACTUAL_EXPENSE_CLHANDL_CF_CY,0.0
NI02PPUBLSH2019,ACTUARIAL_ACTUAL_EXPENSE_NCLHANDL_CF_CY,0.0
NI02PPUBLSH2019,INVESTMENT_INCOME_OCI,0.0
NI02PPUBLSH2019,INVESTMENT_INCOME_PNL,0.0
NI02PPUBLSH2019,NON_ATTRIBUTABLE_EXPENSE,0.0
NI02PPUBLSH2020,ACTUARIAL_ACTUAL_CLAIMS_CF_CY,0.0
NI02PPUBLSH2020,ACTUARIAL_ACTUAL_CLAIMS_CF_PY,0.0
NI02PPUBLSH2020,ACTUARIAL_ACTUAL_EXPENSE_CF_PY,0.0
NI02PPUBLSH2020,ACTUARIAL_ACTUAL_EXPENSE_CLHANDL_CF_CY,0.0
NI02PPUBLSH2020,ACTUARIAL_ACTUAL_EXPENSE_NCLHANDL_CF_CY,0.0
NI02PPUBLSH2020,INVESTMENT_INCOME_OCI,0.0
NI02PPUBLSH2020,INVESTMENT_INCOME_PNL,0.0
NI02PPUBLSH2020,NON_ATTRIBUTABLE_EXPENSE,0.0
NI02PPUBLSH2021,ACTUARIAL_ACTUAL_CLAIMS_CF_CY,0.0
NI02PPUBLSH2021,ACTUARIAL_ACTUAL_CLAIMS_CF_PY,0.0
NI02PPUBLSH2021,ACTUARIAL_ACTUAL_EXPENSE_CF_PY,0.0
NI02PPUBLSH2021,ACTUARIAL_ACTUAL_EXPENSE_CLHANDL_CF_CY,0.0
NI02PPUBLSH2021,ACTUARIAL_ACTUAL_EXPENSE_NCLHANDL_CF_CY,0.0
NI02PPUBLSH2021,INVESTMENT_INCOME_OCI,0.0
NI02PPUBLSH2021,INVESTMENT_INCOME_PNL,0.0
NI02PPUBLSH2021,NON_ATTRIBUTABLE_EXPENSE,0.0
NI02PPUBLSH2022,ACTUARIAL_ACTUAL_CLAIMS_CF_CY,0.0
NI02PPUBLSH2022,ACTUARIAL_ACTUAL_CLAIMS_CF_PY,-663.0076800000097
NI02PPUBLSH2022,ACTUARIAL_ACTUAL_EXPENSE_CF_PY,0.0
NI02PPUBLSH2022,ACTUARIAL_ACTUAL_EXPENSE_CLHANDL_CF_CY,0.0
NI02PPUBLSH2022,ACTUARIAL_ACTUAL_EXPENSE_NCLHANDL_CF_CY,0.0
NI02PPUBLSH2022,INVESTMENT_INCOME_OCI,0.0
NI02PPUBLSH2022,INVESTMENT_INCOME_PNL,0.0
NI02PPUBLSH2022,NON_ATTRIBUTABLE_EXPENSE,0.0
NI02PPUBLSH2023,ACTUARIAL_ACTUAL_CLAIMS_CF_CY,0.0
NI02PPUBLSH2023,ACTUARIAL_ACTUAL_CLAIMS_CF_PY,-24470.74545000001
NI02PPUBLSH2023,ACTUARIAL_ACTUAL_EXPENSE_CF_PY,0.0
NI02PPUBLSH2023,ACTUARIAL_ACTUAL_EXPENSE_CLHANDL_CF_CY,0.0
NI02PPUBLSH2023,ACTUARIAL_ACTUAL_EXPENSE_NCLHANDL_CF_CY,0.0
NI02PPUBLSH2023,INVESTMENT_INCOME_OCI,0.0
NI02PPUBLSH2023,INVESTMENT_INCOME_PNL,0.0
NI02PPUBLSH2023,NON_ATTRIBUTABLE_EXPENSE,0.0
NI02PPUBLSH2024,ACTUARIAL_ACTUAL_CLAIMS_CF_CY,-218525.38209000003
NI02PPUBLSH2024,ACTUARIAL_ACTUAL_CLAIMS_CF_PY,0.0
NI02PPUBLSH2024,ACTUARIAL_ACTUAL_EXPENSE_CF_PY,0.0
NI02PPUBLSH2024,ACTUARIAL_ACTUAL_EXPENSE_CLHANDL_CF_CY,0.0
NI02PPUBLSH2024,ACTUARIAL_ACTUAL_EXPENSE_NCLHANDL_CF_CY,0.0
NI02PPUBLSH2024,INVESTMENT_INCOME_OCI,0.0
NI02PPUBLSH2024,INVESTMENT_INCOME_PNL,0.0
NI02PPUBLSH2024,NON_ATTRIBUTABLE_EXPENSE,0.0
NI02PPUBLSH2012,ACTUARIAL_ACTUAL_CLAIMS_CF_CY,0.0
NI02PPUBLSH2012,ACTUARIAL_ACTUAL_CLAIMS_CF_PY,0.0
NI02PPUBLSH2012,ACTUARIAL_ACTUAL_EXPENSE_CF_PY,0.0
NI02PPUBLSH2012,ACTUARIAL_ACTUAL_EXPENSE_CLHANDL_CF_CY,0.0
NI02PPUBLSH2012,ACTUARIAL_ACTUAL_EXPENSE_NCLHANDL_CF_CY,0.0
NI02PPUBLSH2012,INVESTMENT_INCOME_OCI,0.0
NI02PPUBLSH2012,INVESTMENT_INCOME_PNL,0.0
NI02PPUBLSH2012,NON_ATTRIBUTABLE_EXPENSE,0.0
NI02PPUBLSH2013,ACTUARIAL_ACTUAL_CLAIMS_CF_CY,0.0
NI02PPUBLSH2013,ACTUARIAL_ACTUAL_CLAIMS_CF_PY,-1356.44758
NI02PPUBLSH2013,ACTUARIAL_ACTUAL_EXPENSE_CF_PY,0.0
NI02PPUBLSH2013,ACTUARIAL_ACTUAL_EXPENSE_CLHANDL_CF_CY,0.0
NI02PPUBLSH2013,ACTUARIAL_ACTUAL_EXPENSE_NCLHANDL_CF_CY,0.0
NI02PPUBLSH2013,INVESTMENT_INCOME_OCI,0.0
NI02PPUBLSH2013,INVESTMENT_INCOME_PNL,0.0
NI02PPUBLSH2013,NON_ATTRIBUTABLE_EXPENSE,0.0
NI02PPUBLSH2014,ACTUARIAL_ACTUAL_CLAIMS_CF_CY,0.0
NI02PPUBLSH2014,ACTUARIAL_ACTUAL_CLAIMS_CF_PY,0.0
NI02PPUBLSH2014,ACTUARIAL_ACTUAL_EXPENSE_CF_PY,0.0
NI02PPUBLSH2014,ACTUARIAL_ACTUAL_EXPENSE_CLHANDL_CF_CY,0.0
NI02PPUBLSH2014,ACTUARIAL_ACTUAL_EXPENSE_NCLHANDL_CF_CY,0.0
NI02PPUBLSH2014,INVESTMENT_INCOME_OCI,0.0
NI02PPUBLSH2014,INVESTMENT_INCOME_PNL,0.0
NI02PPUBLSH2014,NON_ATTRIBUTABLE_EXPENSE,0.0
NI02PPUBLSH2015,ACTUARIAL_ACTUAL_CLAIMS_CF_CY,0.0
NI02PPUBLSH2015,ACTUARIAL_ACTUAL_CLAIMS_CF_PY,-396.03404999999475
NI02PPUBLSH2015,ACTUARIAL_ACTUAL_EXPENSE_CF_PY,0.0
NI02PPUBLSH2015,ACTUARIAL_ACTUAL_EXPENSE_CLHANDL_CF_CY,0.0
NI02PPUBLSH2015,ACTUARIAL_ACTUAL_EXPENSE_NCLHANDL_CF_CY,0.0
NI02PPUBLSH2015,INVESTMENT_INCOME_OCI,0.0
NI02PPUBLSH2015,INVESTMENT_INCOME_PNL,0.0
NI02PPUBLSH2015,NON_ATTRIBUTABLE_EXPENSE,0.0
NI02PPUBLSH2016,ACTUARIAL_ACTUAL_CLAIMS_CF_CY,0.0
NI02PPUBLSH2016,ACTUARIAL_ACTUAL_CLAIMS_CF_PY,0.0
NI02PPUBLSH2016,ACTUARIAL_ACTUAL_EXPENSE_CF_PY,0.0
NI02PPUBLSH2016,ACTUARIAL_ACTUAL_EXPENSE_CLHANDL_CF_CY,0.0
NI02PPUBLSH2016,ACTUARIAL_ACTUAL_EXPENSE_NCLHANDL_CF_CY,0.0
NI02PPUBLSH2016,INVESTMENT_INCOME_OCI,0.0
NI02PPUBLSH2016,INVESTMENT_INCOME_PNL,0.0
NI02PPUBLSH2016,NON_ATTRIBUTABLE_EXPENSE,0.0
NI02PPUBLSH2017,ACTUARIAL_ACTUAL_CLAIMS_CF_CY,0.0
NI02PPUBLSH2017,ACTUARIAL_ACTUAL_CLAIMS_CF_PY,0.0
NI02PPUBLSH2017,ACTUARIAL_ACTUAL_EXPENSE_CF_PY,0.0
NI02PPUBLSH2017,ACTUARIAL_ACTUAL_EXPENSE_CLHANDL_CF_CY,0.0
NI02PPUBLSH2017,ACTUARIAL_ACTUAL_EXPENSE_NCLHANDL_CF_CY,0.0
NI02PPUBLSH2017,INVESTMENT_INCOME_OCI,0.0
NI02PPUBLSH2017,INVESTMENT_INCOME_PNL,0.0
NI02PPUBLSH2017,NON_ATTRIBUTABLE_EXPENSE,0.0
NI02PPUBLSH2018,ACTUARIAL_ACTUAL_CLAIMS_CF_CY,0.0
NI02PPUBLSH2018,ACTUARIAL_ACTUAL_CLAIMS_CF_PY,-76.15499000000091
NI02PPUBLSH2018,ACTUARIAL_ACTUAL_EXPENSE_CF_PY,0.0
NI02PPUBLSH2018,ACTUARIAL_ACTUAL_EXPENSE_CLHANDL_CF_CY,0.0
NI02PPUBLSH2018,ACTUARIAL_ACTUAL_EXPENSE_NCLHANDL_CF_CY,0.0
NI02PPUBLSH2018,INVESTMENT_INCOME_OCI,0.0
NI02PPUBLSH2018,INVESTMENT_INCOME_PNL,0.0
NI02PPUBLSH2018,NON_ATTRIBUTABLE_EXPENSE,0.0
NI02PPUBLSH2019,ACTUARIAL_ACTUAL_CLAIMS_CF_CY,0.0
NI02PPUBLSH2019,ACTUARIAL_ACTUAL_CLAIMS_CF_PY,0.0
NI02PPUBLSH2019,ACTUARIAL_ACTUAL_EXPENSE_CF_PY,0.0
NI02PPUBLSH2019,ACTUARIAL_ACTUAL_EXPENSE_CLHANDL_CF_CY,0.0
NI02PPUBLSH2019,ACTUARIAL_ACTUAL_EXPENSE_NCLHANDL_CF_CY,0.0
NI02PPUBLSH2019,INVESTMENT_INCOME_OCI,0.0
NI02PPUBLSH2019,INVESTMENT_INCOME_PNL,0.0
NI02PPUBLSH2019,NON_ATTRIBUTABLE_EXPENSE,0.0
NI02PPUBLSH2020,ACTUARIAL_ACTUAL_CLAIMS_CF_CY,0.0
NI02PPUBLSH2020,ACTUARIAL_ACTUAL_CLAIMS_CF_PY,0.0
NI02PPUBLSH2020,ACTUARIAL_ACTUAL_EXPENSE_CF_PY,0.0
NI02PPUBLSH2020,ACTUARIAL_ACTUAL_EXPENSE_CLHANDL_CF_CY,0.0
NI02PPUBLSH2020,ACTUARIAL_ACTUAL_EXPENSE_NCLHANDL_CF_CY,0.0
NI02PPUBLSH2020,INVESTMENT_INCOME_OCI,0.0
NI02PPUBLSH2020,INVESTMENT_INCOME_PNL,0.0
NI02PPUBLSH2020,NON_ATTRIBUTABLE_EXPENSE,0.0
NI02PPUBLSH2021,ACTUARIAL_ACTUAL_CLAIMS_CF_CY,0.0
NI02PPUBLSH2021,ACTUARIAL_ACTUAL_CLAIMS_CF_PY,-1809.2888999999996
NI02PPUBLSH2021,ACTUARIAL_ACTUAL_EXPENSE_CF_PY,0.0
NI02PPUBLSH2021,ACTUARIAL_ACTUAL_EXPENSE_CLHANDL_CF_CY,0.0
NI02PPUBLSH2021,ACTUARIAL_ACTUAL_EXPENSE_NCLHANDL_CF_CY,0.0
NI02PPUBLSH2021,INVESTMENT_INCOME_OCI,0.0
NI02PPUBLSH2021,INVESTMENT_INCOME_PNL,0.0
NI02PPUBLSH2021,NON_ATTRIBUTABLE_EXPENSE,0.0
NI02PPUBLSH2022,ACTUARIAL_ACTUAL_CLAIMS_CF_CY,0.0
NI02PPUBLSH2022,ACTUARIAL_ACTUAL_CLAIMS_CF_PY,-1350.1923899999965
NI02PPUBLSH2022,ACTUARIAL_ACTUAL_EXPENSE_CF_PY,0.0
NI02PPUBLSH2022,ACTUARIAL_ACTUAL_EXPENSE_CLHANDL_CF_CY,0.0
NI02PPUBLSH2022,ACTUARIAL_ACTUAL_EXPENSE_NCLHANDL_CF_CY,0.0
NI02PPUBLSH2022,INVESTMENT_INCOME_OCI,0.0
NI02PPUBLSH2022,INVESTMENT_INCOME_PNL,0.0
NI02PPUBLSH2022,NON_ATTRIBUTABLE_EXPENSE,0.0
NI02PPUBLSH2023,ACTUARIAL_ACTUAL_CLAIMS_CF_CY,0.0
NI02PPUBLSH2023,ACTUARIAL_ACTUAL_CLAIMS_CF_PY,-2111.60389
NI02PPUBLSH2023,ACTUARIAL_ACTUAL_EXPENSE_CF_PY,0.0
NI02PPUBLSH2023,ACTUARIAL_ACTUAL_EXPENSE_CLHANDL_CF_CY,0.0
NI02PPUBLSH2023,ACTUARIAL_ACTUAL_EXPENSE_NCLHANDL_CF_CY,0.0
NI02PPUBLSH2023,INVESTMENT_INCOME_OCI,0.0
NI02PPUBLSH2023,INVESTMENT_INCOME_PNL,0.0
NI02PPUBLSH2023,NON_ATTRIBUTABLE_EXPENSE,0.0
NI02PPUBLSH2024,ACTUARIAL_ACTUAL_CLAIMS_CF_CY,-19087.584974999998
NI02PPUBLSH2024,ACTUARIAL_ACTUAL_CLAIMS_CF_PY,0.0
NI02PPUBLSH2024,ACTUARIAL_ACTUAL_EXPENSE_CF_PY,0.0
NI02PPUBLSH2024,ACTUARIAL_ACTUAL_EXPENSE_CLHANDL_CF_CY,0.0
NI02PPUBLSH2024,ACTUARIAL_ACTUAL_EXPENSE_NCLHANDL_CF_CY,0.0
NI02PPUBLSH2024,INVESTMENT_INCOME_OCI,0.0
NI02PPUBLSH2024,INVESTMENT_INCOME_PNL,0.0
NI02PPUBLSH2024,NON_ATTRIBUTABLE_EXPENSE,0.0
NI02PPRIVPF2012,ACTUARIAL_ACTUAL_CLAIMS_CF_CY,0.0
NI02PPRIVPF2012,ACTUARIAL_ACTUAL_CLAIMS_CF_PY,0.0
NI02PPRIVPF2012,ACTUARIAL_ACTUAL_EXPENSE_CF_PY,0.0
NI02PPRIVPF2012,ACTUARIAL_ACTUAL_EXPENSE_CLHANDL_CF_CY,0.0
NI02PPRIVPF2012,ACTUARIAL_ACTUAL_EXPENSE_NCLHANDL_CF_CY,0.0
NI02PPRIVPF2012,INVESTMENT_INCOME_OCI,0.0
NI02PPRIVPF2012,INVESTMENT_INCOME_PNL,0.0
NI02PPRIVPF2012,NON_ATTRIBUTABLE_EXPENSE,0.0
NI02PPRIVPF2013,ACTUARIAL_ACTUAL_CLAIMS_CF_CY,0.0
NI02PPRIVPF2013,ACTUARIAL_ACTUAL_CLAIMS_CF_PY,0.0
NI02PPRIVPF2013,ACTUARIAL_ACTUAL_EXPENSE_CF_PY,0.0
NI02PPRIVPF2013,ACTUARIAL_ACTUAL_EXPENSE_CLHANDL_CF_CY,0.0
NI02PPRIVPF2013,ACTUARIAL_ACTUAL_EXPENSE_NCLHANDL_CF_CY,0.0
NI02PPRIVPF2013,INVESTMENT_INCOME_OCI,0.0
NI02PPRIVPF2013,INVESTMENT_INCOME_PNL,0.0
NI02PPRIVPF2013,NON_ATTRIBUTABLE_EXPENSE,0.0
NI02PPRIVPF2014,ACTUARIAL_ACTUAL_CLAIMS_CF_CY,0.0
NI02PPRIVPF2014,ACTUARIAL_ACTUAL_CLAIMS_CF_PY,0.0
NI02PPRIVPF2014,ACTUARIAL_ACTUAL_EXPENSE_CF_PY,0.0
NI02PPRIVPF2014,ACTUARIAL_ACTUAL_EXPENSE_CLHANDL_CF_CY,0.0
NI02PPRIVPF2014,ACTUARIAL_ACTUAL_EXPENSE_NCLHANDL_CF_CY,0.0
NI02PPRIVPF2014,INVESTMENT_INCOME_OCI,0.0
NI02PPRIVPF2014,INVESTMENT_INCOME_PNL,0.0
NI02PPRIVPF2014,NON_ATTRIBUTABLE_EXPENSE,0.0
NI02PPRIVPF2015,ACTUARIAL_ACTUAL_CLAIMS_CF_CY,0.0
NI02PPRIVPF2015,ACTUARIAL_ACTUAL_CLAIMS_CF_PY,0.0
NI02PPRIVPF2015,ACTUARIAL_ACTUAL_EXPENSE_CF_PY,0.0
NI02PPRIVPF2015,ACTUARIAL_ACTUAL_EXPENSE_CLHANDL_CF_CY,0.0
NI02PPRIVPF2015,ACTUARIAL_ACTUAL_EXPENSE_NCLHANDL_CF_CY,0.0
NI02PPRIVPF2015,INVESTMENT_INCOME_OCI,0.0
NI02PPRIVPF2015,INVESTMENT_INCOME_PNL,0.0
NI02PPRIVPF2015,NON_ATTRIBUTABLE_EXPENSE,0.0
NI02PPRIVPF2016,ACTUARIAL_ACTUAL_CLAIMS_CF_CY,0.0
NI02PPRIVPF2016,ACTUARIAL_ACTUAL_CLAIMS_CF_PY,0.0
NI02PPRIVPF2016,ACTUARIAL_ACTUAL_EXPENSE_CF_PY,0.0
NI02PPRIVPF2016,ACTUARIAL_ACTUAL_EXPENSE_CLHANDL_CF_CY,0.0
NI02PPRIVPF2016,ACTUARIAL_ACTUAL_EXPENSE_NCLHANDL_CF_CY,0.0
NI02PPRIVPF2016,INVESTMENT_INCOME_OCI,0.0
NI02PPRIVPF2016,INVESTMENT_INCOME_PNL,0.0
NI02PPRIVPF2016,NON_ATTRIBUTABLE_EXPENSE,0.0
NI02PPRIVPF2017,ACTUARIAL_ACTUAL_CLAIMS_CF_CY,0.0
NI02PPRIVPF2017,ACTUARIAL_ACTUAL_CLAIMS_CF_PY,0.0
NI02PPRIVPF2017,ACTUARIAL_ACTUAL_EXPENSE_CF_PY,0.0
NI02PPRIVPF2017,ACTUARIAL_ACTUAL_EXPENSE_CLHANDL_CF_CY,0.0
NI02PPRIVPF2017,ACTUARIAL_ACTUAL_EXPENSE_NCLHANDL_CF_CY,0.0
NI02PPRIVPF2017,INVESTMENT_INCOME_OCI,0.0
NI02PPRIVPF2017,INVESTMENT_INCOME_PNL,0.0
NI02PPRIVPF2017,NON_ATTRIBUTABLE_EXPENSE,0.0
NI02PPRIVPF2018,ACTUARIAL_ACTUAL_CLAIMS_CF_CY,0.0
NI02PPRIVPF2018,ACTUARIAL_ACTUAL_CLAIMS_CF_PY,0.0
NI02PPRIVPF2018,ACTUARIAL_ACTUAL_EXPENSE_CF_PY,0.0
NI02PPRIVPF2018,ACTUARIAL_ACTUAL_EXPENSE_CLHANDL_CF_CY,0.0
NI02PPRIVPF2018,ACTUARIAL_ACTUAL_EXPENSE_NCLHANDL_CF_CY,0.0
NI02PPRIVPF2018,INVESTMENT_INCOME_OCI,0.0
NI02PPRIVPF2018,INVESTMENT_INCOME_PNL,0.0
NI02PPRIVPF2018,NON_ATTRIBUTABLE_EXPENSE,0.0
NI02PPRIVPF2019,ACTUARIAL_ACTUAL_CLAIMS_CF_CY,0.0
NI02PPRIVPF2019,ACTUARIAL_ACTUAL_CLAIMS_CF_PY,0.0
NI02PPRIVPF2019,ACTUARIAL_ACTUAL_EXPENSE_CF_PY,0.0
NI02PPRIVPF2019,ACTUARIAL_ACTUAL_EXPENSE_CLHANDL_CF_CY,0.0
NI02PPRIVPF2019,ACTUARIAL_ACTUAL_EXPENSE_NCLHANDL_CF_CY,0.0
NI02PPRIVPF2019,INVESTMENT_INCOME_OCI,0.0
NI02PPRIVPF2019,INVESTMENT_INCOME_PNL,0.0
NI02PPRIVPF2019,NON_ATTRIBUTABLE_EXPENSE,0.0
NI02PPRIVPF2020,ACTUARIAL_ACTUAL_CLAIMS_CF_CY,0.0
NI02PPRIVPF2020,ACTUARIAL_ACTUAL_CLAIMS_CF_PY,0.0
NI02PPRIVPF2020,ACTUARIAL_ACTUAL_EXPENSE_CF_PY,0.0
NI02PPRIVPF2020,ACTUARIAL_ACTUAL_EXPENSE_CLHANDL_CF_CY,0.0
NI02PPRIVPF2020,ACTUARIAL_ACTUAL_EXPENSE_NCLHANDL_CF_CY,0.0
NI02PPRIVPF2020,INVESTMENT_INCOME_OCI,0.0
NI02PPRIVPF2020,INVESTMENT_INCOME_PNL,0.0
NI02PPRIVPF2020,NON_ATTRIBUTABLE_EXPENSE,0.0
NI02PPRIVPF2021,ACTUARIAL_ACTUAL_CLAIMS_CF_CY,0.0
NI02PPRIVPF2021,ACTUARIAL_ACTUAL_CLAIMS_CF_PY,0.0
NI02PPRIVPF2021,ACTUARIAL_ACTUAL_EXPENSE_CF_PY,0.0
NI02PPRIVPF2021,ACTUARIAL_ACTUAL_EXPENSE_CLHANDL_CF_CY,0.0
NI02PPRIVPF2021,ACTUARIAL_ACTUAL_EXPENSE_NCLHANDL_CF_CY,0.0
NI02PPRIVPF2021,INVESTMENT_INCOME_OCI,0.0
NI02PPRIVPF2021,INVESTMENT_INCOME_PNL,0.0
NI02PPRIVPF2021,NON_ATTRIBUTABLE_EXPENSE,0.0
NI02PPRIVPF2022,ACTUARIAL_ACTUAL_CLAIMS_CF_CY,0.0
NI02PPRIVPF2022,ACTUARIAL_ACTUAL_CLAIMS_CF_PY,0.0
NI02PPRIVPF2022,ACTUARIAL_ACTUAL_EXPENSE_CF_PY,0.0
NI02PPRIVPF2022,ACTUARIAL_ACTUAL_EXPENSE_CLHANDL_CF_CY,0.0
NI02PPRIVPF2022,ACTUARIAL_ACTUAL_EXPENSE_NCLHANDL_CF_CY,0.0
NI02PPRIVPF2022,INVESTMENT_INCOME_OCI,0.0
NI02PPRIVPF2022,INVESTMENT_INCOME_PNL,0.0
NI02PPRIVPF2022,NON_ATTRIBUTABLE_EXPENSE,0.0
NI02PPRIVPF2023,ACTUARIAL_ACTUAL_CLAIMS_CF_CY,0.0
NI02PPRIVPF2023,ACTUARIAL_ACTUAL_CLAIMS_CF_PY,0.0
NI02PPRIVPF2023,ACTUARIAL_ACTUAL_EXPENSE_CF_PY,0.0
NI02PPRIVPF2023,ACTUARIAL_ACTUAL_EXPENSE_CLHANDL_CF_CY,0.0
NI02PPRIVPF2023,ACTUARIAL_ACTUAL_EXPENSE_NCLHANDL_CF_CY,0.0
NI02PPRIVPF2023,INVESTMENT_INCOME_OCI,0.0
NI02PPRIVPF2023,INVESTMENT_INCOME_PNL,0.0
NI02PPRIVPF2023,NON_ATTRIBUTABLE_EXPENSE,0.0
NI02PPRIVPF2024,ACTUARIAL_ACTUAL_CLAIMS_CF_CY,0.0
NI02PPRIVPF2024,ACTUARIAL_ACTUAL_CLAIMS_CF_PY,0.0
NI02PPRIVPF2024,ACTUARIAL_ACTUAL_EXPENSE_CF_PY,0.0
NI02PPRIVPF2024,ACTUARIAL_ACTUAL_EXPENSE_CLHANDL_CF_CY,0.0
NI02PPRIVPF2024,ACTUARIAL_ACTUAL_EXPENSE_NCLHANDL_CF_CY,0.0
NI02PPRIVPF2024,INVESTMENT_INCOME_OCI,0.0
NI02PPRIVPF2024,INVESTMENT_INCOME_PNL,0.0
NI02PPRIVPF2024,NON_ATTRIBUTABLE_EXPENSE,0.0
NI02PPRIVQS2012,ACTUARIAL_ACTUAL_CLAIMS_CF_CY,0.0
NI02PPRIVQS2012,ACTUARIAL_ACTUAL_CLAIMS_CF_PY,0.0
NI02PPRIVQS2012,ACTUARIAL_ACTUAL_EXPENSE_CF_PY,0.0
NI02PPRIVQS2012,ACTUARIAL_ACTUAL_EXPENSE_CLHANDL_CF_CY,0.0
NI02PPRIVQS2012,ACTUARIAL_ACTUAL_EXPENSE_NCLHANDL_CF_CY,0.0
NI02PPRIVQS2012,INVESTMENT_INCOME_OCI,0.0
NI02PPRIVQS2012,INVESTMENT_INCOME_PNL,0.0
NI02PPRIVQS2012,NON_ATTRIBUTABLE_EXPENSE,0.0
NI02PPRIVQS2013,ACTUARIAL_ACTUAL_CLAIMS_CF_CY,0.0
NI02PPRIVQS2013,ACTUARIAL_ACTUAL_CLAIMS_CF_PY,0.0
NI02PPRIVQS2013,ACTUARIAL_ACTUAL_EXPENSE_CF_PY,0.0
NI02PPRIVQS2013,ACTUARIAL_ACTUAL_EXPENSE_CLHANDL_CF_CY,0.0
NI02PPRIVQS2013,ACTUARIAL_ACTUAL_EXPENSE_NCLHANDL_CF_CY,0.0
NI02PPRIVQS2013,INVESTMENT_INCOME_OCI,0.0
NI02PPRIVQS2013,INVESTMENT_INCOME_PNL,0.0
NI02PPRIVQS2013,NON_ATTRIBUTABLE_EXPENSE,0.0
NI02PPRIVQS2014,ACTUARIAL_ACTUAL_CLAIMS_CF_CY,0.0
NI02PPRIVQS2014,ACTUARIAL_ACTUAL_CLAIMS_CF_PY,0.0
NI02PPRIVQS2014,ACTUARIAL_ACTUAL_EXPENSE_CF_PY,0.0
NI02PPRIVQS2014,ACTUARIAL_ACTUAL_EXPENSE_CLHANDL_CF_CY,0.0
NI02PPRIVQS2014,ACTUARIAL_ACTUAL_EXPENSE_NCLHANDL_CF_CY,0.0
NI02PPRIVQS2014,INVESTMENT_INCOME_OCI,0.0
NI02PPRIVQS2014,INVESTMENT_INCOME_PNL,0.0
NI02PPRIVQS2014,NON_ATTRIBUTABLE_EXPENSE,0.0
NI02PPRIVQS2015,ACTUARIAL_ACTUAL_CLAIMS_CF_CY,0.0
NI02PPRIVQS2015,ACTUARIAL_ACTUAL_CLAIMS_CF_PY,0.0
NI02PPRIVQS2015,ACTUARIAL_ACTUAL_EXPENSE_CF_PY,0.0
NI02PPRIVQS2015,ACTUARIAL_ACTUAL_EXPENSE_CLHANDL_CF_CY,0.0
NI02PPRIVQS2015,ACTUARIAL_ACTUAL_EXPENSE_NCLHANDL_CF_CY,0.0
NI02PPRIVQS2015,INVESTMENT_INCOME_OCI,0.0
NI02PPRIVQS2015,INVESTMENT_INCOME_PNL,0.0
NI02PPRIVQS2015,NON_ATTRIBUTABLE_EXPENSE,0.0
NI02PPRIVQS2016,ACTUARIAL_ACTUAL_CLAIMS_CF_CY,0.0
NI02PPRIVQS2016,ACTUARIAL_ACTUAL_CLAIMS_CF_PY,0.0
NI02PPRIVQS2016,ACTUARIAL_ACTUAL_EXPENSE_CF_PY,0.0
NI02PPRIVQS2016,ACTUARIAL_ACTUAL_EXPENSE_CLHANDL_CF_CY,0.0
NI02PPRIVQS2016,ACTUARIAL_ACTUAL_EXPENSE_NCLHANDL_CF_CY,0.0
NI02PPRIVQS2016,INVESTMENT_INCOME_OCI,0.0
NI02PPRIVQS2016,INVESTMENT_INCOME_PNL,0.0
NI02PPRIVQS2016,NON_ATTRIBUTABLE_EXPENSE,0.0
NI02PPRIVQS2017,ACTUARIAL_ACTUAL_CLAIMS_CF_CY,0.0
NI02PPRIVQS2017,ACTUARIAL_ACTUAL_CLAIMS_CF_PY,0.0
NI02PPRIVQS2017,ACTUARIAL_ACTUAL_EXPENSE_CF_PY,0.0
NI02PPRIVQS2017,ACTUARIAL_ACTUAL_EXPENSE_CLHANDL_CF_CY,0.0
NI02PPRIVQS2017,ACTUARIAL_ACTUAL_EXPENSE_NCLHANDL_CF_CY,0.0
NI02PPRIVQS2017,INVESTMENT_INCOME_OCI,0.0
NI02PPRIVQS2017,INVESTMENT_INCOME_PNL,0.0
NI02PPRIVQS2017,NON_ATTRIBUTABLE_EXPENSE,0.0
NI02PPRIVQS2018,ACTUARIAL_ACTUAL_CLAIMS_CF_CY,0.0
NI02PPRIVQS2018,ACTUARIAL_ACTUAL_CLAIMS_CF_PY,0.0
NI02PPRIVQS2018,ACTUARIAL_ACTUAL_EXPENSE_CF_PY,0.0
NI02PPRIVQS2018,ACTUARIAL_ACTUAL_EXPENSE_CLHANDL_CF_CY,0.0
NI02PPRIVQS2018,ACTUARIAL_ACTUAL_EXPENSE_NCLHANDL_CF_CY,0.0
NI02PPRIVQS2018,INVESTMENT_INCOME_OCI,0.0
NI02PPRIVQS2018,INVESTMENT_INCOME_PNL,0.0
NI02PPRIVQS2018,NON_ATTRIBUTABLE_EXPENSE,0.0
NI02PPRIVQS2019,ACTUARIAL_ACTUAL_CLAIMS_CF_CY,0.0
NI02PPRIVQS2019,ACTUARIAL_ACTUAL_CLAIMS_CF_PY,0.0
NI02PPRIVQS2019,ACTUARIAL_ACTUAL_EXPENSE_CF_PY,0.0
NI02PPRIVQS2019,ACTUARIAL_ACTUAL_EXPENSE_CLHANDL_CF_CY,0.0
NI02PPRIVQS2019,ACTUARIAL_ACTUAL_EXPENSE_NCLHANDL_CF_CY,0.0
NI02PPRIVQS2019,INVESTMENT_INCOME_OCI,0.0
NI02PPRIVQS2019,INVESTMENT_INCOME_PNL,0.0
NI02PPRIVQS2019,NON_ATTRIBUTABLE_EXPENSE,0.0
NI02PPRIVQS2020,ACTUARIAL_ACTUAL_CLAIMS_CF_CY,0.0
NI02PPRIVQS2020,ACTUARIAL_ACTUAL_CLAIMS_CF_PY,0.0
NI02PPRIVQS2020,ACTUARIAL_ACTUAL_EXPENSE_CF_PY,0.0
NI02PPRIVQS2020,ACTUARIAL_ACTUAL_EXPENSE_CLHANDL_CF_CY,0.0
NI02PPRIVQS2020,ACTUARIAL_ACTUAL_EXPENSE_NCLHANDL_CF_CY,0.0
NI02PPRIVQS2020,INVESTMENT_INCOME_OCI,0.0
NI02PPRIVQS2020,INVESTMENT_INCOME_PNL,0.0
NI02PPRIVQS2020,NON_ATTRIBUTABLE_EXPENSE,0.0
NI02PPRIVQS2021,ACTUARIAL_ACTUAL_CLAIMS_CF_CY,0.0
NI02PPRIVQS2021,ACTUARIAL_ACTUAL_CLAIMS_CF_PY,0.0
NI02PPRIVQS2021,ACTUARIAL_ACTUAL_EXPENSE_CF_PY,0.0
NI02PPRIVQS2021,ACTUARIAL_ACTUAL_EXPENSE_CLHANDL_CF_CY,0.0
NI02PPRIVQS2021,ACTUARIAL_ACTUAL_EXPENSE_NCLHANDL_CF_CY,0.0
NI02PPRIVQS2021,INVESTMENT_INCOME_OCI,0.0
NI02PPRIVQS2021,INVESTMENT_INCOME_PNL,0.0
NI02PPRIVQS2021,NON_ATTRIBUTABLE_EXPENSE,0.0
NI02PPRIVQS2022,ACTUARIAL_ACTUAL_CLAIMS_CF_CY,0.0
NI02PPRIVQS2022,ACTUARIAL_ACTUAL_CLAIMS_CF_PY,0.0
NI02PPRIVQS2022,ACTUARIAL_ACTUAL_EXPENSE_CF_PY,0.0
NI02PPRIVQS2022,ACTUARIAL_ACTUAL_EXPENSE_CLHANDL_CF_CY,0.0
NI02PPRIVQS2022,ACTUARIAL_ACTUAL_EXPENSE_NCLHANDL_CF_CY,0.0
NI02PPRIVQS2022,INVESTMENT_INCOME_OCI,0.0
NI02PPRIVQS2022,INVESTMENT_INCOME_PNL,0.0
NI02PPRIVQS2022,NON_ATTRIBUTABLE_EXPENSE,0.0
NI02PPRIVQS2023,ACTUARIAL_ACTUAL_CLAIMS_CF_CY,0.0
NI02PPRIVQS2023,ACTUARIAL_ACTUAL_CLAIMS_CF_PY,0.0
NI02PPRIVQS2023,ACTUARIAL_ACTUAL_EXPENSE_CF_PY,0.0
NI02PPRIVQS2023,ACTUARIAL_ACTUAL_EXPENSE_CLHANDL_CF_CY,0.0
NI02PPRIVQS2023,ACTUARIAL_ACTUAL_EXPENSE_NCLHANDL_CF_CY,0.0
NI02PPRIVQS2023,INVESTMENT_INCOME_OCI,0.0
NI02PPRIVQS2023,INVESTMENT_INCOME_PNL,0.0
NI02PPRIVQS2023,NON_ATTRIBUTABLE_EXPENSE,0.0
NI02PPRIVQS2024,ACTUARIAL_ACTUAL_CLAIMS_CF_CY,0.0
NI02PPRIVQS2024,ACTUARIAL_ACTUAL_CLAIMS_CF_PY,0.0
NI02PPRIVQS2024,ACTUARIAL_ACTUAL_EXPENSE_CF_PY,0.0
NI02PPRIVQS2024,ACTUARIAL_ACTUAL_EXPENSE_CLHANDL_CF_CY,0.0
NI02PPRIVQS2024,ACTUARIAL_ACTUAL_EXPENSE_NCLHANDL_CF_CY,0.0
NI02PPRIVQS2024,INVESTMENT_INCOME_OCI,0.0
NI02PPRIVQS2024,INVESTMENT_INCOME_PNL,0.0
NI02PPRIVQS2024,NON_ATTRIBUTABLE_EXPENSE,0.0
NI02PPRIVST2012,ACTUARIAL_ACTUAL_CLAIMS_CF_CY,0.0
NI02PPRIVST2012,ACTUARIAL_ACTUAL_CLAIMS_CF_PY,0.0
NI02PPRIVST2012,ACTUARIAL_ACTUAL_EXPENSE_CF_PY,0.0
NI02PPRIVST2012,ACTUARIAL_ACTUAL_EXPENSE_CLHANDL_CF_CY,0.0
NI02PPRIVST2012,ACTUARIAL_ACTUAL_EXPENSE_NCLHANDL_CF_CY,0.0
NI02PPRIVST2012,INVESTMENT_INCOME_OCI,0.0
NI02PPRIVST2012,INVESTMENT_INCOME_PNL,0.0
NI02PPRIVST2012,NON_ATTRIBUTABLE_EXPENSE,0.0
NI02PPRIVST2013,ACTUARIAL_ACTUAL_CLAIMS_CF_CY,0.0
NI02PPRIVST2013,ACTUARIAL_ACTUAL_CLAIMS_CF_PY,0.0
NI02PPRIVST2013,ACTUARIAL_ACTUAL_EXPENSE_CF_PY,0.0
NI02PPRIVST2013,ACTUARIAL_ACTUAL_EXPENSE_CLHANDL_CF_CY,0.0
NI02PPRIVST2013,ACTUARIAL_ACTUAL_EXPENSE_NCLHANDL_CF_CY,0.0
NI02PPRIVST2013,INVESTMENT_INCOME_OCI,0.0
NI02PPRIVST2013,INVESTMENT_INCOME_PNL,0.0
NI02PPRIVST2013,NON_ATTRIBUTABLE_EXPENSE,0.0
NI02PPRIVST2014,ACTUARIAL_ACTUAL_CLAIMS_CF_CY,0.0
NI02PPRIVST2014,ACTUARIAL_ACTUAL_CLAIMS_CF_PY,0.0
NI02PPRIVST2014,ACTUARIAL_ACTUAL_EXPENSE_CF_PY,0.0
NI02PPRIVST2014,ACTUARIAL_ACTUAL_EXPENSE_CLHANDL_CF_CY,0.0
NI02PPRIVST2014,ACTUARIAL_ACTUAL_EXPENSE_NCLHANDL_CF_CY,0.0
NI02PPRIVST2014,INVESTMENT_INCOME_OCI,0.0
NI02PPRIVST2014,INVESTMENT_INCOME_PNL,0.0
NI02PPRIVST2014,NON_ATTRIBUTABLE_EXPENSE,0.0
NI02PPRIVST2015,ACTUARIAL_ACTUAL_CLAIMS_CF_CY,0.0
NI02PPRIVST2015,ACTUARIAL_ACTUAL_CLAIMS_CF_PY,0.0
NI02PPRIVST2015,ACTUARIAL_ACTUAL_EXPENSE_CF_PY,0.0
NI02PPRIVST2015,ACTUARIAL_ACTUAL_EXPENSE_CLHANDL_CF_CY,0.0
NI02PPRIVST2015,ACTUARIAL_ACTUAL_EXPENSE_NCLHANDL_CF_CY,0.0
NI02PPRIVST2015,INVESTMENT_INCOME_OCI,0.0
NI02PPRIVST2015,INVESTMENT_INCOME_PNL,0.0
NI02PPRIVST2015,NON_ATTRIBUTABLE_EXPENSE,0.0
NI02PPRIVST2016,ACTUARIAL_ACTUAL_CLAIMS_CF_CY,0.0
NI02PPRIVST2016,ACTUARIAL_ACTUAL_CLAIMS_CF_PY,0.0
NI02PPRIVST2016,ACTUARIAL_ACTUAL_EXPENSE_CF_PY,0.0
NI02PPRIVST2016,ACTUARIAL_ACTUAL_EXPENSE_CLHANDL_CF_CY,0.0
NI02PPRIVST2016,ACTUARIAL_ACTUAL_EXPENSE_NCLHANDL_CF_CY,0.0
NI02PPRIVST2016,INVESTMENT_INCOME_OCI,0.0
NI02PPRIVST2016,INVESTMENT_INCOME_PNL,0.0
NI02PPRIVST2016,NON_ATTRIBUTABLE_EXPENSE,0.0
NI02PPRIVST2017,ACTUARIAL_ACTUAL_CLAIMS_CF_CY,0.0
NI02PPRIVST2017,ACTUARIAL_ACTUAL_CLAIMS_CF_PY,0.0
NI02PPRIVST2017,ACTUARIAL_ACTUAL_EXPENSE_CF_PY,0.0
NI02PPRIVST2017,ACTUARIAL_ACTUAL_EXPENSE_CLHANDL_CF_CY,0.0
NI02PPRIVST2017,ACTUARIAL_ACTUAL_EXPENSE_NCLHANDL_CF_CY,0.0
NI02PPRIVST2017,INVESTMENT_INCOME_OCI,0.0
NI02PPRIVST2017,INVESTMENT_INCOME_PNL,0.0
NI02PPRIVST2017,NON_ATTRIBUTABLE_EXPENSE,0.0
NI02PPRIVST2018,ACTUARIAL_ACTUAL_CLAIMS_CF_CY,0.0
NI02PPRIVST2018,ACTUARIAL_ACTUAL_CLAIMS_CF_PY,0.0
NI02PPRIVST2018,ACTUARIAL_ACTUAL_EXPENSE_CF_PY,0.0
NI02PPRIVST2018,ACTUARIAL_ACTUAL_EXPENSE_CLHANDL_CF_CY,0.0
NI02PPRIVST2018,ACTUARIAL_ACTUAL_EXPENSE_NCLHANDL_CF_CY,0.0
NI02PPRIVST2018,INVESTMENT_INCOME_OCI,0.0
NI02PPRIVST2018,INVESTMENT_INCOME_PNL,0.0
NI02PPRIVST2018,NON_ATTRIBUTABLE_EXPENSE,0.0
NI02PPRIVST2019,ACTUARIAL_ACTUAL_CLAIMS_CF_CY,0.0
NI02PPRIVST2019,ACTUARIAL_ACTUAL_CLAIMS_CF_PY,0.0
NI02PPRIVST2019,ACTUARIAL_ACTUAL_EXPENSE_CF_PY,0.0
NI02PPRIVST2019,ACTUARIAL_ACTUAL_EXPENSE_CLHANDL_CF_CY,0.0
NI02PPRIVST2019,ACTUARIAL_ACTUAL_EXPENSE_NCLHANDL_CF_CY,0.0
NI02PPRIVST2019,INVESTMENT_INCOME_OCI,0.0
NI02PPRIVST2019,INVESTMENT_INCOME_PNL,0.0
NI02PPRIVST2019,NON_ATTRIBUTABLE_EXPENSE,0.0
NI02PPRIVST2020,ACTUARIAL_ACTUAL_CLAIMS_CF_CY,0.0
NI02PPRIVST2020,ACTUARIAL_ACTUAL_CLAIMS_CF_PY,0.0
NI02PPRIVST2020,ACTUARIAL_ACTUAL_EXPENSE_CF_PY,0.0
NI02PPRIVST2020,ACTUARIAL_ACTUAL_EXPENSE_CLHANDL_CF_CY,0.0
NI02PPRIVST2020,ACTUARIAL_ACTUAL_EXPENSE_NCLHANDL_CF_CY,0.0
NI02PPRIVST2020,INVESTMENT_INCOME_OCI,0.0
NI02PPRIVST2020,INVESTMENT_INCOME_PNL,0.0
NI02PPRIVST2020,NON_ATTRIBUTABLE_EXPENSE,0.0
NI02PPRIVST2021,ACTUARIAL_ACTUAL_CLAIMS_CF_CY,0.0
NI02PPRIVST2021,ACTUARIAL_ACTUAL_CLAIMS_CF_PY,0.0
NI02PPRIVST2021,ACTUARIAL_ACTUAL_EXPENSE_CF_PY,0.0
NI02PPRIVST2021,ACTUARIAL_ACTUAL_EXPENSE_CLHANDL_CF_CY,0.0
NI02PPRIVST2021,ACTUARIAL_ACTUAL_EXPENSE_NCLHANDL_CF_CY,0.0
NI02PPRIVST2021,INVESTMENT_INCOME_OCI,0.0
NI02PPRIVST2021,INVESTMENT_INCOME_PNL,0.0
NI02PPRIVST2021,NON_ATTRIBUTABLE_EXPENSE,0.0
NI02PPRIVST2022,ACTUARIAL_ACTUAL_CLAIMS_CF_CY,0.0
NI02PPRIVST2022,ACTUARIAL_ACTUAL_CLAIMS_CF_PY,0.0
NI02PPRIVST2022,ACTUARIAL_ACTUAL_EXPENSE_CF_PY,0.0
NI02PPRIVST2022,ACTUARIAL_ACTUAL_EXPENSE_CLHANDL_CF_CY,0.0
NI02PPRIVST2022,ACTUARIAL_ACTUAL_EXPENSE_NCLHANDL_CF_CY,0.0
NI02PPRIVST2022,INVESTMENT_INCOME_OCI,0.0
NI02PPRIVST2022,INVESTMENT_INCOME_PNL,0.0
NI02PPRIVST2022,NON_ATTRIBUTABLE_EXPENSE,0.0
NI02PPRIVST2023,ACTUARIAL_ACTUAL_CLAIMS_CF_CY,0.0
NI02PPRIVST2023,ACTUARIAL_ACTUAL_CLAIMS_CF_PY,0.0
NI02PPRIVST2023,ACTUARIAL_ACTUAL_EXPENSE_CF_PY,0.0
NI02PPRIVST2023,ACTUARIAL_ACTUAL_EXPENSE_CLHANDL_CF_CY,0.0
NI02PPRIVST2023,ACTUARIAL_ACTUAL_EXPENSE_NCLHANDL_CF_CY,0.0
NI02PPRIVST2023,INVESTMENT_INCOME_OCI,0.0
NI02PPRIVST2023,INVESTMENT_INCOME_PNL,0.0
NI02PPRIVST2023,NON_ATTRIBUTABLE_EXPENSE,0.0
NI02PPRIVST2024,ACTUARIAL_ACTUAL_CLAIMS_CF_CY,0.0
NI02PPRIVST2024,ACTUARIAL_ACTUAL_CLAIMS_CF_PY,0.0
NI02PPRIVST2024,ACTUARIAL_ACTUAL_EXPENSE_CF_PY,0.0
NI02PPRIVST2024,ACTUARIAL_ACTUAL_EXPENSE_CLHANDL_CF_CY,0.0
NI02PPRIVST2024,ACTUARIAL_ACTUAL_EXPENSE_NCLHANDL_CF_CY,0.0
NI02PPRIVST2024,INVESTMENT_INCOME_OCI,0.0
NI02PPRIVST2024,INVESTMENT_INCOME_PNL,0.0
NI02PPRIVST2024,NON_ATTRIBUTABLE_EXPENSE,0.0
NI02PPUBLPF2012,ACTUARIAL_ACTUAL_CLAIMS_CF_CY,0.0
NI02PPUBLPF2012,ACTUARIAL_ACTUAL_CLAIMS_CF_PY,0.0
NI02PPUBLPF2012,ACTUARIAL_ACTUAL_EXPENSE_CF_PY,0.0
NI02PPUBLPF2012,ACTUARIAL_ACTUAL_EXPENSE_CLHANDL_CF_CY,0.0
NI02PPUBLPF2012,ACTUARIAL_ACTUAL_EXPENSE_NCLHANDL_CF_CY,0.0
NI02PPUBLPF2012,INVESTMENT_INCOME_OCI,0.0
NI02PPUBLPF2012,INVESTMENT_INCOME_PNL,0.0
NI02PPUBLPF2012,NON_ATTRIBUTABLE_EXPENSE,0.0
NI02PPUBLPF2013,ACTUARIAL_ACTUAL_CLAIMS_CF_CY,0.0
NI02PPUBLPF2013,ACTUARIAL_ACTUAL_CLAIMS_CF_PY,0.0
NI02PPUBLPF2013,ACTUARIAL_ACTUAL_EXPENSE_CF_PY,0.0
NI02PPUBLPF2013,ACTUARIAL_ACTUAL_EXPENSE_CLHANDL_CF_CY,0.0
NI02PPUBLPF2013,ACTUARIAL_ACTUAL_EXPENSE_NCLHANDL_CF_CY,0.0
NI02PPUBLPF2013,INVESTMENT_INCOME_OCI,0.0
NI02PPUBLPF2013,INVESTMENT_INCOME_PNL,0.0
NI02PPUBLPF2013,NON_ATTRIBUTABLE_EXPENSE,0.0
NI02PPUBLPF2014,ACTUARIAL_ACTUAL_CLAIMS_CF_CY,0.0
NI02PPUBLPF2014,ACTUARIAL_ACTUAL_CLAIMS_CF_PY,0.0
NI02PPUBLPF2014,ACTUARIAL_ACTUAL_EXPENSE_CF_PY,0.0
NI02PPUBLPF2014,ACTUARIAL_ACTUAL_EXPENSE_CLHANDL_CF_CY,0.0
NI02PPUBLPF2014,ACTUARIAL_ACTUAL_EXPENSE_NCLHANDL_CF_CY,0.0
NI02PPUBLPF2014,INVESTMENT_INCOME_OCI,0.0
NI02PPUBLPF2014,INVESTMENT_INCOME_PNL,0.0
NI02PPUBLPF2014,NON_ATTRIBUTABLE_EXPENSE,0.0
NI02PPUBLPF2015,ACTUARIAL_ACTUAL_CLAIMS_CF_CY,0.0
NI02PPUBLPF2015,ACTUARIAL_ACTUAL_CLAIMS_CF_PY,0.0
NI02PPUBLPF2015,ACTUARIAL_ACTUAL_EXPENSE_CF_PY,0.0
NI02PPUBLPF2015,ACTUARIAL_ACTUAL_EXPENSE_CLHANDL_CF_CY,0.0
NI02PPUBLPF2015,ACTUARIAL_ACTUAL_EXPENSE_NCLHANDL_CF_CY,0.0
NI02PPUBLPF2015,INVESTMENT_INCOME_OCI,0.0
NI02PPUBLPF2015,INVESTMENT_INCOME_PNL,0.0
NI02PPUBLPF2015,NON_ATTRIBUTABLE_EXPENSE,0.0
NI02PPUBLPF2016,ACTUARIAL_ACTUAL_CLAIMS_CF_CY,0.0
NI02PPUBLPF2016,ACTUARIAL_ACTUAL_CLAIMS_CF_PY,0.0
NI02PPUBLPF2016,ACTUARIAL_ACTUAL_EXPENSE_CF_PY,0.0
NI02PPUBLPF2016,ACTUARIAL_ACTUAL_EXPENSE_CLHANDL_CF_CY,0.0
NI02PPUBLPF2016,ACTUARIAL_ACTUAL_EXPENSE_NCLHANDL_CF_CY,0.0
NI02PPUBLPF2016,INVESTMENT_INCOME_OCI,0.0
NI02PPUBLPF2016,INVESTMENT_INCOME_PNL,0.0
NI02PPUBLPF2016,NON_ATTRIBUTABLE_EXPENSE,0.0
NI02PPUBLPF2017,ACTUARIAL_ACTUAL_CLAIMS_CF_CY,0.0
NI02PPUBLPF2017,ACTUARIAL_ACTUAL_CLAIMS_CF_PY,0.0
NI02PPUBLPF2017,ACTUARIAL_ACTUAL_EXPENSE_CF_PY,0.0
NI02PPUBLPF2017,ACTUARIAL_ACTUAL_EXPENSE_CLHANDL_CF_CY,0.0
NI02PPUBLPF2017,ACTUARIAL_ACTUAL_EXPENSE_NCLHANDL_CF_CY,0.0
NI02PPUBLPF2017,INVESTMENT_INCOME_OCI,0.0
NI02PPUBLPF2017,INVESTMENT_INCOME_PNL,0.0
NI02PPUBLPF2017,NON_ATTRIBUTABLE_EXPENSE,0.0
NI02PPUBLPF2018,ACTUARIAL_ACTUAL_CLAIMS_CF_CY,0.0
NI02PPUBLPF2018,ACTUARIAL_ACTUAL_CLAIMS_CF_PY,0.0
NI02PPUBLPF2018,ACTUARIAL_ACTUAL_EXPENSE_CF_PY,0.0
NI02PPUBLPF2018,ACTUARIAL_ACTUAL_EXPENSE_CLHANDL_CF_CY,0.0
NI02PPUBLPF2018,ACTUARIAL_ACTUAL_EXPENSE_NCLHANDL_CF_CY,0.0
NI02PPUBLPF2018,INVESTMENT_INCOME_OCI,0.0
NI02PPUBLPF2018,INVESTMENT_INCOME_PNL,0.0
NI02PPUBLPF2018,NON_ATTRIBUTABLE_EXPENSE,0.0
NI02PPUBLPF2019,ACTUARIAL_ACTUAL_CLAIMS_CF_CY,0.0
NI02PPUBLPF2019,ACTUARIAL_ACTUAL_CLAIMS_CF_PY,0.0
NI02PPUBLPF2019,ACTUARIAL_ACTUAL_EXPENSE_CF_PY,0.0
NI02PPUBLPF2019,ACTUARIAL_ACTUAL_EXPENSE_CLHANDL_CF_CY,0.0
NI02PPUBLPF2019,ACTUARIAL_ACTUAL_EXPENSE_NCLHANDL_CF_CY,0.0
NI02PPUBLPF2019,INVESTMENT_INCOME_OCI,0.0
NI02PPUBLPF2019,INVESTMENT_INCOME_PNL,0.0
NI02PPUBLPF2019,NON_ATTRIBUTABLE_EXPENSE,0.0
NI02PPUBLPF2020,ACTUARIAL_ACTUAL_CLAIMS_CF_CY,0.0
NI02PPUBLPF2020,ACTUARIAL_ACTUAL_CLAIMS_CF_PY,0.0
NI02PPUBLPF2020,ACTUARIAL_ACTUAL_EXPENSE_CF_PY,0.0
NI02PPUBLPF2020,ACTUARIAL_ACTUAL_EXPENSE_CLHANDL_CF_CY,0.0
NI02PPUBLPF2020,ACTUARIAL_ACTUAL_EXPENSE_NCLHANDL_CF_CY,0.0
NI02PPUBLPF2020,INVESTMENT_INCOME_OCI,0.0
NI02PPUBLPF2020,INVESTMENT_INCOME_PNL,0.0
NI02PPUBLPF2020,NON_ATTRIBUTABLE_EXPENSE,0.0
NI02PPUBLPF2021,ACTUARIAL_ACTUAL_CLAIMS_CF_CY,0.0
NI02PPUBLPF2021,ACTUARIAL_ACTUAL_CLAIMS_CF_PY,0.0
NI02PPUBLPF2021,ACTUARIAL_ACTUAL_EXPENSE_CF_PY,0.0
NI02PPUBLPF2021,ACTUARIAL_ACTUAL_EXPENSE_CLHANDL_CF_CY,0.0
NI02PPUBLPF2021,ACTUARIAL_ACTUAL_EXPENSE_NCLHANDL_CF_CY,0.0
NI02PPUBLPF2021,INVESTMENT_INCOME_OCI,0.0
NI02PPUBLPF2021,INVESTMENT_INCOME_PNL,0.0
NI02PPUBLPF2021,NON_ATTRIBUTABLE_EXPENSE,0.0
NI02PPUBLPF2022,ACTUARIAL_ACTUAL_CLAIMS_CF_CY,0.0
NI02PPUBLPF2022,ACTUARIAL_ACTUAL_CLAIMS_CF_PY,0.0
NI02PPUBLPF2022,ACTUARIAL_ACTUAL_EXPENSE_CF_PY,0.0
NI02PPUBLPF2022,ACTUARIAL_ACTUAL_EXPENSE_CLHANDL_CF_CY,0.0
NI02PPUBLPF2022,ACTUARIAL_ACTUAL_EXPENSE_NCLHANDL_CF_CY,0.0
NI02PPUBLPF2022,INVESTMENT_INCOME_OCI,0.0
NI02PPUBLPF2022,INVESTMENT_INCOME_PNL,0.0
NI02PPUBLPF2022,NON_ATTRIBUTABLE_EXPENSE,0.0
NI02PPUBLPF2023,ACTUARIAL_ACTUAL_CLAIMS_CF_CY,0.0
NI02PPUBLPF2023,ACTUARIAL_ACTUAL_CLAIMS_CF_PY,171517.4742
NI02PPUBLPF2023,ACTUARIAL_ACTUAL_EXPENSE_CF_PY,0.0
NI02PPUBLPF2023,ACTUARIAL_ACTUAL_EXPENSE_CLHANDL_CF_CY,0.0
NI02PPUBLPF2023,ACTUARIAL_ACTUAL_EXPENSE_NCLHANDL_CF_CY,0.0
NI02PPUBLPF2023,INVESTMENT_INCOME_OCI,0.0
NI02PPUBLPF2023,INVESTMENT_INCOME_PNL,0.0
NI02PPUBLPF2023,NON_ATTRIBUTABLE_EXPENSE,0.0
NI02PPUBLPF2024,ACTUARIAL_ACTUAL_CLAIMS_CF_CY,11262.07294
NI02PPUBLPF2024,ACTUARIAL_ACTUAL_CLAIMS_CF_PY,0.0
NI02PPUBLPF2024,ACTUARIAL_ACTUAL_EXPENSE_CF_PY,0.0
NI02PPUBLPF2024,ACTUARIAL_ACTUAL_EXPENSE_CLHANDL_CF_CY,0.0
NI02PPUBLPF2024,ACTUARIAL_ACTUAL_EXPENSE_NCLHANDL_CF_CY,0.0
NI02PPUBLPF2024,INVESTMENT_INCOME_OCI,0.0
NI02PPUBLPF2024,INVESTMENT_INCOME_PNL,0.0
NI02PPUBLPF2024,NON_ATTRIBUTABLE_EXPENSE,0.0
NI02PPUBLQS2012,ACTUARIAL_ACTUAL_CLAIMS_CF_CY,0.0
NI02PPUBLQS2012,ACTUARIAL_ACTUAL_CLAIMS_CF_PY,0.0
NI02PPUBLQS2012,ACTUARIAL_ACTUAL_EXPENSE_CF_PY,0.0
NI02PPUBLQS2012,ACTUARIAL_ACTUAL_EXPENSE_CLHANDL_CF_CY,0.0
NI02PPUBLQS2012,ACTUARIAL_ACTUAL_EXPENSE_NCLHANDL_CF_CY,0.0
NI02PPUBLQS2012,INVESTMENT_INCOME_OCI,0.0
NI02PPUBLQS2012,INVESTMENT_INCOME_PNL,0.0
NI02PPUBLQS2012,NON_ATTRIBUTABLE_EXPENSE,0.0
NI02PPUBLQS2013,ACTUARIAL_ACTUAL_CLAIMS_CF_CY,0.0
NI02PPUBLQS2013,ACTUARIAL_ACTUAL_CLAIMS_CF_PY,0.0
NI02PPUBLQS2013,ACTUARIAL_ACTUAL_EXPENSE_CF_PY,0.0
NI02PPUBLQS2013,ACTUARIAL_ACTUAL_EXPENSE_CLHANDL_CF_CY,0.0
NI02PPUBLQS2013,ACTUARIAL_ACTUAL_EXPENSE_NCLHANDL_CF_CY,0.0
NI02PPUBLQS2013,INVESTMENT_INCOME_OCI,0.0
NI02PPUBLQS2013,INVESTMENT_INCOME_PNL,0.0
NI02PPUBLQS2013,NON_ATTRIBUTABLE_EXPENSE,0.0
NI02PPUBLQS2014,ACTUARIAL_ACTUAL_CLAIMS_CF_CY,0.0
NI02PPUBLQS2014,ACTUARIAL_ACTUAL_CLAIMS_CF_PY,0.0
NI02PPUBLQS2014,ACTUARIAL_ACTUAL_EXPENSE_CF_PY,0.0
NI02PPUBLQS2014,ACTUARIAL_ACTUAL_EXPENSE_CLHANDL_CF_CY,0.0
NI02PPUBLQS2014,ACTUARIAL_ACTUAL_EXPENSE_NCLHANDL_CF_CY,0.0
NI02PPUBLQS2014,INVESTMENT_INCOME_OCI,0.0
NI02PPUBLQS2014,INVESTMENT_INCOME_PNL,0.0
NI02PPUBLQS2014,NON_ATTRIBUTABLE_EXPENSE,0.0
NI02PPUBLQS2015,ACTUARIAL_ACTUAL_CLAIMS_CF_CY,0.0
NI02PPUBLQS2015,ACTUARIAL_ACTUAL_CLAIMS_CF_PY,0.0
NI02PPUBLQS2015,ACTUARIAL_ACTUAL_EXPENSE_CF_PY,0.0
NI02PPUBLQS2015,ACTUARIAL_ACTUAL_EXPENSE_CLHANDL_CF_CY,0.0
NI02PPUBLQS2015,ACTUARIAL_ACTUAL_EXPENSE_NCLHANDL_CF_CY,0.0
NI02PPUBLQS2015,INVESTMENT_INCOME_OCI,0.0
NI02PPUBLQS2015,INVESTMENT_INCOME_PNL,0.0
NI02PPUBLQS2015,NON_ATTRIBUTABLE_EXPENSE,0.0
NI02PPUBLQS2016,ACTUARIAL_ACTUAL_CLAIMS_CF_CY,0.0
NI02PPUBLQS2016,ACTUARIAL_ACTUAL_CLAIMS_CF_PY,0.0
NI02PPUBLQS2016,ACTUARIAL_ACTUAL_EXPENSE_CF_PY,0.0
NI02PPUBLQS2016,ACTUARIAL_ACTUAL_EXPENSE_CLHANDL_CF_CY,0.0
NI02PPUBLQS2016,ACTUARIAL_ACTUAL_EXPENSE_NCLHANDL_CF_CY,0.0
NI02PPUBLQS2016,INVESTMENT_INCOME_OCI,0.0
NI02PPUBLQS2016,INVESTMENT_INCOME_PNL,0.0
NI02PPUBLQS2016,NON_ATTRIBUTABLE_EXPENSE,0.0
NI02PPUBLQS2017,ACTUARIAL_ACTUAL_CLAIMS_CF_CY,0.0
NI02PPUBLQS2017,ACTUARIAL_ACTUAL_CLAIMS_CF_PY,0.0
NI02PPUBLQS2017,ACTUARIAL_ACTUAL_EXPENSE_CF_PY,0.0
NI02PPUBLQS2017,ACTUARIAL_ACTUAL_EXPENSE_CLHANDL_CF_CY,0.0
NI02PPUBLQS2017,ACTUARIAL_ACTUAL_EXPENSE_NCLHANDL_CF_CY,0.0
NI02PPUBLQS2017,INVESTMENT_INCOME_OCI,0.0
NI02PPUBLQS2017,INVESTMENT_INCOME_PNL,0.0
NI02PPUBLQS2017,NON_ATTRIBUTABLE_EXPENSE,0.0
NI02PPUBLQS2018,ACTUARIAL_ACTUAL_CLAIMS_CF_CY,0.0
NI02PPUBLQS2018,ACTUARIAL_ACTUAL_CLAIMS_CF_PY,0.0
NI02PPUBLQS2018,ACTUARIAL_ACTUAL_EXPENSE_CF_PY,0.0
NI02PPUBLQS2018,ACTUARIAL_ACTUAL_EXPENSE_CLHANDL_CF_CY,0.0
NI02PPUBLQS2018,ACTUARIAL_ACTUAL_EXPENSE_NCLHANDL_CF_CY,0.0
NI02PPUBLQS2018,INVESTMENT_INCOME_OCI,0.0
NI02PPUBLQS2018,INVESTMENT_INCOME_PNL,0.0
NI02PPUBLQS2018,NON_ATTRIBUTABLE_EXPENSE,0.0
NI02PPUBLQS2019,ACTUARIAL_ACTUAL_CLAIMS_CF_CY,0.0
NI02PPUBLQS2019,ACTUARIAL_ACTUAL_CLAIMS_CF_PY,0.0
NI02PPUBLQS2019,ACTUARIAL_ACTUAL_EXPENSE_CF_PY,0.0
NI02PPUBLQS2019,ACTUARIAL_ACTUAL_EXPENSE_CLHANDL_CF_CY,0.0
NI02PPUBLQS2019,ACTUARIAL_ACTUAL_EXPENSE_NCLHANDL_CF_CY,0.0
NI02PPUBLQS2019,INVESTMENT_INCOME_OCI,0.0
NI02PPUBLQS2019,INVESTMENT_INCOME_PNL,0.0
NI02PPUBLQS2019,NON_ATTRIBUTABLE_EXPENSE,0.0
NI02PPUBLQS2020,ACTUARIAL_ACTUAL_CLAIMS_CF_CY,0.0
NI02PPUBLQS2020,ACTUARIAL_ACTUAL_CLAIMS_CF_PY,0.0
NI02PPUBLQS2020,ACTUARIAL_ACTUAL_EXPENSE_CF_PY,0.0
NI02PPUBLQS2020,ACTUARIAL_ACTUAL_EXPENSE_CLHANDL_CF_CY,0.0
NI02PPUBLQS2020,ACTUARIAL_ACTUAL_EXPENSE_NCLHANDL_CF_CY,0.0
NI02PPUBLQS2020,INVESTMENT_INCOME_OCI,0.0
NI02PPUBLQS2020,INVESTMENT_INCOME_PNL,0.0
NI02PPUBLQS2020,NON_ATTRIBUTABLE_EXPENSE,0.0
NI02PPUBLQS2021,ACTUARIAL_ACTUAL_CLAIMS_CF_CY,0.0
NI02PPUBLQS2021,ACTUARIAL_ACTUAL_CLAIMS_CF_PY,0.0
NI02PPUBLQS2021,ACTUARIAL_ACTUAL_EXPENSE_CF_PY,0.0
NI02PPUBLQS2021,ACTUARIAL_ACTUAL_EXPENSE_CLHANDL_CF_CY,0.0
NI02PPUBLQS2021,ACTUARIAL_ACTUAL_EXPENSE_NCLHANDL_CF_CY,0.0
NI02PPUBLQS2021,INVESTMENT_INCOME_OCI,0.0
NI02PPUBLQS2021,INVESTMENT_INCOME_PNL,0.0
NI02PPUBLQS2021,NON_ATTRIBUTABLE_EXPENSE,0.0
NI02PPUBLQS2022,ACTUARIAL_ACTUAL_CLAIMS_CF_CY,0.0
NI02PPUBLQS2022,ACTUARIAL_ACTUAL_CLAIMS_CF_PY,0.0
NI02PPUBLQS2022,ACTUARIAL_ACTUAL_EXPENSE_CF_PY,0.0
NI02PPUBLQS2022,ACTUARIAL_ACTUAL_EXPENSE_CLHANDL_CF_CY,0.0
NI02PPUBLQS2022,ACTUARIAL_ACTUAL_EXPENSE_NCLHANDL_CF_CY,0.0
NI02PPUBLQS2022,INVESTMENT_INCOME_OCI,0.0
NI02PPUBLQS2022,INVESTMENT_INCOME_PNL,0.0
NI02PPUBLQS2022,NON_ATTRIBUTABLE_EXPENSE,0.0
NI02PPUBLQS2023,ACTUARIAL_ACTUAL_CLAIMS_CF_CY,0.0
NI02PPUBLQS2023,ACTUARIAL_ACTUAL_CLAIMS_CF_PY,0.0
NI02PPUBLQS2023,ACTUARIAL_ACTUAL_EXPENSE_CF_PY,0.0
NI02PPUBLQS2023,ACTUARIAL_ACTUAL_EXPENSE_CLHANDL_CF_CY,0.0
NI02PPUBLQS2023,ACTUARIAL_ACTUAL_EXPENSE_NCLHANDL_CF_CY,0.0
NI02PPUBLQS2023,INVESTMENT_INCOME_OCI,0.0
NI02PPUBLQS2023,INVESTMENT_INCOME_PNL,0.0
NI02PPUBLQS2023,NON_ATTRIBUTABLE_EXPENSE,0.0
NI02PPUBLQS2024,ACTUARIAL_ACTUAL_CLAIMS_CF_CY,0.0
NI02PPUBLQS2024,ACTUARIAL_ACTUAL_CLAIMS_CF_PY,0.0
NI02PPUBLQS2024,ACTUARIAL_ACTUAL_EXPENSE_CF_PY,0.0
NI02PPUBLQS2024,ACTUARIAL_ACTUAL_EXPENSE_CLHANDL_CF_CY,0.0
NI02PPUBLQS2024,ACTUARIAL_ACTUAL_EXPENSE_NCLHANDL_CF_CY,0.0
NI02PPUBLQS2024,INVESTMENT_INCOME_OCI,0.0
NI02PPUBLQS2024,INVESTMENT_INCOME_PNL,0.0
NI02PPUBLQS2024,NON_ATTRIBUTABLE_EXPENSE,0.0
NI02PPUBLST2012,ACTUARIAL_ACTUAL_CLAIMS_CF_CY,0.0
NI02PPUBLST2012,ACTUARIAL_ACTUAL_CLAIMS_CF_PY,0.0
NI02PPUBLST2012,ACTUARIAL_ACTUAL_EXPENSE_CF_PY,0.0
NI02PPUBLST2012,ACTUARIAL_ACTUAL_EXPENSE_CLHANDL_CF_CY,0.0
NI02PPUBLST2012,ACTUARIAL_ACTUAL_EXPENSE_NCLHANDL_CF_CY,0.0
NI02PPUBLST2012,INVESTMENT_INCOME_OCI,0.0
NI02PPUBLST2012,INVESTMENT_INCOME_PNL,0.0
NI02PPUBLST2012,NON_ATTRIBUTABLE_EXPENSE,0.0
NI02PPUBLST2013,ACTUARIAL_ACTUAL_CLAIMS_CF_CY,0.0
NI02PPUBLST2013,ACTUARIAL_ACTUAL_CLAIMS_CF_PY,0.0
NI02PPUBLST2013,ACTUARIAL_ACTUAL_EXPENSE_CF_PY,0.0
NI02PPUBLST2013,ACTUARIAL_ACTUAL_EXPENSE_CLHANDL_CF_CY,0.0
NI02PPUBLST2013,ACTUARIAL_ACTUAL_EXPENSE_NCLHANDL_CF_CY,0.0
NI02PPUBLST2013,INVESTMENT_INCOME_OCI,0.0
NI02PPUBLST2013,INVESTMENT_INCOME_PNL,0.0
NI02PPUBLST2013,NON_ATTRIBUTABLE_EXPENSE,0.0
NI02PPUBLST2014,ACTUARIAL_ACTUAL_CLAIMS_CF_CY,0.0
NI02PPUBLST2014,ACTUARIAL_ACTUAL_CLAIMS_CF_PY,0.0
NI02PPUBLST2014,ACTUARIAL_ACTUAL_EXPENSE_CF_PY,0.0
NI02PPUBLST2014,ACTUARIAL_ACTUAL_EXPENSE_CLHANDL_CF_CY,0.0
NI02PPUBLST2014,ACTUARIAL_ACTUAL_EXPENSE_NCLHANDL_CF_CY,0.0
NI02PPUBLST2014,INVESTMENT_INCOME_OCI,0.0
NI02PPUBLST2014,INVESTMENT_INCOME_PNL,0.0
NI02PPUBLST2014,NON_ATTRIBUTABLE_EXPENSE,0.0
NI02PPUBLST2015,ACTUARIAL_ACTUAL_CLAIMS_CF_CY,0.0
NI02PPUBLST2015,ACTUARIAL_ACTUAL_CLAIMS_CF_PY,0.0
NI02PPUBLST2015,ACTUARIAL_ACTUAL_EXPENSE_CF_PY,0.0
NI02PPUBLST2015,ACTUARIAL_ACTUAL_EXPENSE_CLHANDL_CF_CY,0.0
NI02PPUBLST2015,ACTUARIAL_ACTUAL_EXPENSE_NCLHANDL_CF_CY,0.0
NI02PPUBLST2015,INVESTMENT_INCOME_OCI,0.0
NI02PPUBLST2015,INVESTMENT_INCOME_PNL,0.0
NI02PPUBLST2015,NON_ATTRIBUTABLE_EXPENSE,0.0
NI02PPUBLST2016,ACTUARIAL_ACTUAL_CLAIMS_CF_CY,0.0
NI02PPUBLST2016,ACTUARIAL_ACTUAL_CLAIMS_CF_PY,0.0
NI02PPUBLST2016,ACTUARIAL_ACTUAL_EXPENSE_CF_PY,0.0
NI02PPUBLST2016,ACTUARIAL_ACTUAL_EXPENSE_CLHANDL_CF_CY,0.0
NI02PPUBLST2016,ACTUARIAL_ACTUAL_EXPENSE_NCLHANDL_CF_CY,0.0
NI02PPUBLST2016,INVESTMENT_INCOME_OCI,0.0
NI02PPUBLST2016,INVESTMENT_INCOME_PNL,0.0
NI02PPUBLST2016,NON_ATTRIBUTABLE_EXPENSE,0.0
NI02PPUBLST2017,ACTUARIAL_ACTUAL_CLAIMS_CF_CY,0.0
NI02PPUBLST2017,ACTUARIAL_ACTUAL_CLAIMS_CF_PY,0.0
NI02PPUBLST2017,ACTUARIAL_ACTUAL_EXPENSE_CF_PY,0.0
NI02PPUBLST2017,ACTUARIAL_ACTUAL_EXPENSE_CLHANDL_CF_CY,0.0
NI02PPUBLST2017,ACTUARIAL_ACTUAL_EXPENSE_NCLHANDL_CF_CY,0.0
NI02PPUBLST2017,INVESTMENT_INCOME_OCI,0.0
NI02PPUBLST2017,INVESTMENT_INCOME_PNL,0.0
NI02PPUBLST2017,NON_ATTRIBUTABLE_EXPENSE,0.0
NI02PPUBLST2018,ACTUARIAL_ACTUAL_CLAIMS_CF_CY,0.0
NI02PPUBLST2018,ACTUARIAL_ACTUAL_CLAIMS_CF_PY,0.0
NI02PPUBLST2018,ACTUARIAL_ACTUAL_EXPENSE_CF_PY,0.0
NI02PPUBLST2018,ACTUARIAL_ACTUAL_EXPENSE_CLHANDL_CF_CY,0.0
NI02PPUBLST2018,ACTUARIAL_ACTUAL_EXPENSE_NCLHANDL_CF_CY,0.0
NI02PPUBLST2018,INVESTMENT_INCOME_OCI,0.0
NI02PPUBLST2018,INVESTMENT_INCOME_PNL,0.0
NI02PPUBLST2018,NON_ATTRIBUTABLE_EXPENSE,0.0
NI02PPUBLST2019,ACTUARIAL_ACTUAL_CLAIMS_CF_CY,0.0
NI02PPUBLST2019,ACTUARIAL_ACTUAL_CLAIMS_CF_PY,0.0
NI02PPUBLST2019,ACTUARIAL_ACTUAL_EXPENSE_CF_PY,0.0
NI02PPUBLST2019,ACTUARIAL_ACTUAL_EXPENSE_CLHANDL_CF_CY,0.0
NI02PPUBLST2019,ACTUARIAL_ACTUAL_EXPENSE_NCLHANDL_CF_CY,0.0
NI02PPUBLST2019,INVESTMENT_INCOME_OCI,0.0
NI02PPUBLST2019,INVESTMENT_INCOME_PNL,0.0
NI02PPUBLST2019,NON_ATTRIBUTABLE_EXPENSE,0.0
NI02PPUBLST2020,ACTUARIAL_ACTUAL_CLAIMS_CF_CY,0.0
NI02PPUBLST2020,ACTUARIAL_ACTUAL_CLAIMS_CF_PY,0.0
NI02PPUBLST2020,ACTUARIAL_ACTUAL_EXPENSE_CF_PY,0.0
NI02PPUBLST2020,ACTUARIAL_ACTUAL_EXPENSE_CLHANDL_CF_CY,0.0
NI02PPUBLST2020,ACTUARIAL_ACTUAL_EXPENSE_NCLHANDL_CF_CY,0.0
NI02PPUBLST2020,INVESTMENT_INCOME_OCI,0.0
NI02PPUBLST2020,INVESTMENT_INCOME_PNL,0.0
NI02PPUBLST2020,NON_ATTRIBUTABLE_EXPENSE,0.0
NI02PPUBLST2021,ACTUARIAL_ACTUAL_CLAIMS_CF_CY,0.0
NI02PPUBLST2021,ACTUARIAL_ACTUAL_CLAIMS_CF_PY,0.0
NI02PPUBLST2021,ACTUARIAL_ACTUAL_EXPENSE_CF_PY,0.0
NI02PPUBLST2021,ACTUARIAL_ACTUAL_EXPENSE_CLHANDL_CF_CY,0.0
NI02PPUBLST2021,ACTUARIAL_ACTUAL_EXPENSE_NCLHANDL_CF_CY,0.0
NI02PPUBLST2021,INVESTMENT_INCOME_OCI,0.0
NI02PPUBLST2021,INVESTMENT_INCOME_PNL,0.0
NI02PPUBLST2021,NON_ATTRIBUTABLE_EXPENSE,0.0
NI02PPUBLST2022,ACTUARIAL_ACTUAL_CLAIMS_CF_CY,0.0
NI02PPUBLST2022,ACTUARIAL_ACTUAL_CLAIMS_CF_PY,0.0
NI02PPUBLST2022,ACTUARIAL_ACTUAL_EXPENSE_CF_PY,0.0
NI02PPUBLST2022,ACTUARIAL_ACTUAL_EXPENSE_CLHANDL_CF_CY,0.0
NI02PPUBLST2022,ACTUARIAL_ACTUAL_EXPENSE_NCLHANDL_CF_CY,0.0
NI02PPUBLST2022,INVESTMENT_INCOME_OCI,0.0
NI02PPUBLST2022,INVESTMENT_INCOME_PNL,0.0
NI02PPUBLST2022,NON_ATTRIBUTABLE_EXPENSE,0.0
NI02PPUBLST2023,ACTUARIAL_ACTUAL_CLAIMS_CF_CY,0.0
NI02PPUBLST2023,ACTUARIAL_ACTUAL_CLAIMS_CF_PY,0.0
NI02PPUBLST2023,ACTUARIAL_ACTUAL_EXPENSE_CF_PY,0.0
NI02PPUBLST2023,ACTUARIAL_ACTUAL_EXPENSE_CLHANDL_CF_CY,0.0
NI02PPUBLST2023,ACTUARIAL_ACTUAL_EXPENSE_NCLHANDL_CF_CY,0.0
NI02PPUBLST2023,INVESTMENT_INCOME_OCI,0.0
NI02PPUBLST2023,INVESTMENT_INCOME_PNL,0.0
NI02PPUBLST2023,NON_ATTRIBUTABLE_EXPENSE,0.0
NI02PPUBLST2024,ACTUARIAL_ACTUAL_CLAIMS_CF_CY,0.0
NI02PPUBLST2024,ACTUARIAL_ACTUAL_CLAIMS_CF_PY,0.0
NI02PPUBLST2024,ACTUARIAL_ACTUAL_EXPENSE_CF_PY,0.0
NI02PPUBLST2024,ACTUARIAL_ACTUAL_EXPENSE_CLHANDL_CF_CY,0.0
NI02PPUBLST2024,ACTUARIAL_ACTUAL_EXPENSE_NCLHANDL_CF_CY,0.0
NI02PPUBLST2024,INVESTMENT_INCOME_OCI,0.0
NI02PPUBLST2024,INVESTMENT_INCOME_PNL,0.0
NI02PPUBLST2024,NON_ATTRIBUTABLE_EXPENSE,0.0
