GOC_ID,VARIABLE_NAME,1
NI01PCBCHLT2022,ACTUARIAL_ACTUAL_CLAIMS_CF_CY,0.0
NI01PCBCHLT2022,ACTUARIAL_ACTUAL_CLAIMS_CF_PY,0.0
NI01PCBCHLT2022,ACTUARIAL_ACTUAL_EXPENSE_CF_PY,0.0
NI01PCBCHLT2022,ACTUARIAL_ACTUAL_EXPENSE_CLHANDL_CF_CY,0.0
NI01PCBCHLT2022,ACTUARIAL_ACTUAL_EXPENSE_NCLHANDL_CF_CY,0.0
NI01PCBCHLT2022,INVESTMENT_INCOME_OCI,0.0
NI01PCBCHLT2022,INVESTMENT_INCOME_PNL,0.0
NI01PCBCHLT2022,NON_ATTRIBUTABLE_EXPENSE,0.0
NI01PCBCHLT2023,ACTUARIAL_ACTUAL_CLAIMS_CF_CY,0.0
NI01PCBCHLT2023,ACTUARIAL_ACTUAL_CLAIMS_CF_PY,-11419.700265812226
NI01PCBCHLT2023,ACTUARIAL_ACTUAL_EXPENSE_CF_PY,0.0
NI01PCBCHLT2023,ACTUARIAL_ACTUAL_EXPENSE_CLHANDL_CF_CY,0.0
NI01PCBCHLT2023,ACTUARIAL_ACTUAL_EXPENSE_NCLHANDL_CF_CY,0.0
NI01PCBCHLT2023,INVESTMENT_INCOME_OCI,0.0
NI01PCBCHLT2023,INVESTMENT_INCOME_PNL,0.0
NI01PCBCHLT2023,NON_ATTRIBUTABLE_EXPENSE,0.0
NI01PCBCHLT2024,ACTUARIAL_ACTUAL_CLAIMS_CF_CY,-82132.9725699853
NI01PCBCHLT2024,ACTUARIAL_ACTUAL_CLAIMS_CF_PY,0.0
NI01PCBCHLT2024,ACTUARIAL_ACTUAL_EXPENSE_CF_PY,0.0
NI01PCBCHLT2024,ACTUARIAL_ACTUAL_EXPENSE_CLHANDL_CF_CY,0.0
NI01PCBCHLT2024,ACTUARIAL_ACTUAL_EXPENSE_NCLHANDL_CF_CY,0.0
NI01PCBCHLT2024,INVESTMENT_INCOME_OCI,0.0
NI01PCBCHLT2024,INVESTMENT_INCOME_PNL,0.0
NI01PCBCHLT2024,NON_ATTRIBUTABLE_EXPENSE,0.0
NI01PCBRHLT2022,ACTUARIAL_ACTUAL_CLAIMS_CF_CY,0.0
NI01PCBRHLT2022,ACTUARIAL_ACTUAL_CLAIMS_CF_PY,0.0
NI01PCBRHLT2022,ACTUARIAL_ACTUAL_EXPENSE_CF_PY,0.0
NI01PCBRHLT2022,ACTUARIAL_ACTUAL_EXPENSE_CLHANDL_CF_CY,0.0
NI01PCBRHLT2022,ACTUARIAL_ACTUAL_EXPENSE_NCLHANDL_CF_CY,0.0
NI01PCBRHLT2022,INVESTMENT_INCOME_OCI,0.0
NI01PCBRHLT2022,INVESTMENT_INCOME_PNL,0.0
NI01PCBRHLT2022,NON_ATTRIBUTABLE_EXPENSE,0.0
NI01PCBRHLT2023,ACTUARIAL_ACTUAL_CLAIMS_CF_CY,0.0
NI01PCBRHLT2023,ACTUARIAL_ACTUAL_CLAIMS_CF_PY,-371740.8206349596
NI01PCBRHLT2023,ACTUARIAL_ACTUAL_EXPENSE_CF_PY,0.0
NI01PCBRHLT2023,ACTUARIAL_ACTUAL_EXPENSE_CLHANDL_CF_CY,0.0
NI01PCBRHLT2023,ACTUARIAL_ACTUAL_EXPENSE_NCLHANDL_CF_CY,0.0
NI01PCBRHLT2023,INVESTMENT_INCOME_OCI,0.0
NI01PCBRHLT2023,INVESTMENT_INCOME_PNL,0.0
NI01PCBRHLT2023,NON_ATTRIBUTABLE_EXPENSE,0.0
NI01PCBRHLT2024,ACTUARIAL_ACTUAL_CLAIMS_CF_CY,-2673640.9812576952
NI01PCBRHLT2024,ACTUARIAL_ACTUAL_CLAIMS_CF_PY,0.0
NI01PCBRHLT2024,ACTUARIAL_ACTUAL_EXPENSE_CF_PY,0.0
NI01PCBRHLT2024,ACTUARIAL_ACTUAL_EXPENSE_CLHANDL_CF_CY,0.0
NI01PCBRHLT2024,ACTUARIAL_ACTUAL_EXPENSE_NCLHANDL_CF_CY,0.0
NI01PCBRHLT2024,INVESTMENT_INCOME_OCI,0.0
NI01PCBRHLT2024,INVESTMENT_INCOME_PNL,0.0
NI01PCBRHLT2024,NON_ATTRIBUTABLE_EXPENSE,0.0
NI01PCECHLT2022,ACTUARIAL_ACTUAL_CLAIMS_CF_CY,0.0
NI01PCECHLT2022,ACTUARIAL_ACTUAL_CLAIMS_CF_PY,0.0
NI01PCECHLT2022,ACTUARIAL_ACTUAL_EXPENSE_CF_PY,0.0
NI01PCECHLT2022,ACTUARIAL_ACTUAL_EXPENSE_CLHANDL_CF_CY,0.0
NI01PCECHLT2022,ACTUARIAL_ACTUAL_EXPENSE_NCLHANDL_CF_CY,0.0
NI01PCECHLT2022,INVESTMENT_INCOME_OCI,0.0
NI01PCECHLT2022,INVESTMENT_INCOME_PNL,0.0
NI01PCECHLT2022,NON_ATTRIBUTABLE_EXPENSE,0.0
NI01PCECHLT2023,ACTUARIAL_ACTUAL_CLAIMS_CF_CY,0.0
NI01PCECHLT2023,ACTUARIAL_ACTUAL_CLAIMS_CF_PY,-4473.725058411841
NI01PCECHLT2023,ACTUARIAL_ACTUAL_EXPENSE_CF_PY,0.0
NI01PCECHLT2023,ACTUARIAL_ACTUAL_EXPENSE_CLHANDL_CF_CY,0.0
NI01PCECHLT2023,ACTUARIAL_ACTUAL_EXPENSE_NCLHANDL_CF_CY,0.0
NI01PCECHLT2023,INVESTMENT_INCOME_OCI,0.0
NI01PCECHLT2023,INVESTMENT_INCOME_PNL,0.0
NI01PCECHLT2023,NON_ATTRIBUTABLE_EXPENSE,0.0
NI01PCECHLT2024,ACTUARIAL_ACTUAL_CLAIMS_CF_CY,-32176.00540779705
NI01PCECHLT2024,ACTUARIAL_ACTUAL_CLAIMS_CF_PY,0.0
NI01PCECHLT2024,ACTUARIAL_ACTUAL_EXPENSE_CF_PY,0.0
NI01PCECHLT2024,ACTUARIAL_ACTUAL_EXPENSE_CLHANDL_CF_CY,0.0
NI01PCECHLT2024,ACTUARIAL_ACTUAL_EXPENSE_NCLHANDL_CF_CY,0.0
NI01PCECHLT2024,INVESTMENT_INCOME_OCI,0.0
NI01PCECHLT2024,INVESTMENT_INCOME_PNL,0.0
NI01PCECHLT2024,NON_ATTRIBUTABLE_EXPENSE,0.0
NI01PCGOHLT2022,ACTUARIAL_ACTUAL_CLAIMS_CF_CY,0.0
NI01PCGOHLT2022,ACTUARIAL_ACTUAL_CLAIMS_CF_PY,0.0
NI01PCGOHLT2022,ACTUARIAL_ACTUAL_EXPENSE_CF_PY,0.0
NI01PCGOHLT2022,ACTUARIAL_ACTUAL_EXPENSE_CLHANDL_CF_CY,0.0
NI01PCGOHLT2022,ACTUARIAL_ACTUAL_EXPENSE_NCLHANDL_CF_CY,0.0
NI01PCGOHLT2022,INVESTMENT_INCOME_OCI,0.0
NI01PCGOHLT2022,INVESTMENT_INCOME_PNL,0.0
NI01PCGOHLT2022,NON_ATTRIBUTABLE_EXPENSE,0.0
NI01PCGOHLT2023,ACTUARIAL_ACTUAL_CLAIMS_CF_CY,0.0
NI01PCGOHLT2023,ACTUARIAL_ACTUAL_CLAIMS_CF_PY,-1698131.272017025
NI01PCGOHLT2023,ACTUARIAL_ACTUAL_EXPENSE_CF_PY,0.0
NI01PCGOHLT2023,ACTUARIAL_ACTUAL_EXPENSE_CLHANDL_CF_CY,0.0
NI01PCGOHLT2023,ACTUARIAL_ACTUAL_EXPENSE_NCLHANDL_CF_CY,0.0
NI01PCGOHLT2023,INVESTMENT_INCOME_OCI,0.0
NI01PCGOHLT2023,INVESTMENT_INCOME_PNL,0.0
NI01PCGOHLT2023,NON_ATTRIBUTABLE_EXPENSE,0.0
NI01PCGOHLT2024,ACTUARIAL_ACTUAL_CLAIMS_CF_CY,-12213330.117109563
NI01PCGOHLT2024,ACTUARIAL_ACTUAL_CLAIMS_CF_PY,0.0
NI01PCGOHLT2024,ACTUARIAL_ACTUAL_EXPENSE_CF_PY,0.0
NI01PCGOHLT2024,ACTUARIAL_ACTUAL_EXPENSE_CLHANDL_CF_CY,0.0
NI01PCGOHLT2024,ACTUARIAL_ACTUAL_EXPENSE_NCLHANDL_CF_CY,0.0
NI01PCGOHLT2024,INVESTMENT_INCOME_OCI,0.0
NI01PCGOHLT2024,INVESTMENT_INCOME_PNL,0.0
NI01PCGOHLT2024,NON_ATTRIBUTABLE_EXPENSE,0.0
NI01PCPLHLT2022,ACTUARIAL_ACTUAL_CLAIMS_CF_CY,0.0
NI01PCPLHLT2022,ACTUARIAL_ACTUAL_CLAIMS_CF_PY,0.0
NI01PCPLHLT2022,ACTUARIAL_ACTUAL_EXPENSE_CF_PY,0.0
NI01PCPLHLT2022,ACTUARIAL_ACTUAL_EXPENSE_CLHANDL_CF_CY,0.0
NI01PCPLHLT2022,ACTUARIAL_ACTUAL_EXPENSE_NCLHANDL_CF_CY,0.0
NI01PCPLHLT2022,INVESTMENT_INCOME_OCI,0.0
NI01PCPLHLT2022,INVESTMENT_INCOME_PNL,0.0
NI01PCPLHLT2022,NON_ATTRIBUTABLE_EXPENSE,0.0
NI01PCPLHLT2023,ACTUARIAL_ACTUAL_CLAIMS_CF_CY,0.0
NI01PCPLHLT2023,ACTUARIAL_ACTUAL_CLAIMS_CF_PY,-1382857.6377882888
NI01PCPLHLT2023,ACTUARIAL_ACTUAL_EXPENSE_CF_PY,0.0
NI01PCPLHLT2023,ACTUARIAL_ACTUAL_EXPENSE_CLHANDL_CF_CY,0.0
NI01PCPLHLT2023,ACTUARIAL_ACTUAL_EXPENSE_NCLHANDL_CF_CY,0.0
NI01PCPLHLT2023,INVESTMENT_INCOME_OCI,0.0
NI01PCPLHLT2023,INVESTMENT_INCOME_PNL,0.0
NI01PCPLHLT2023,NON_ATTRIBUTABLE_EXPENSE,0.0
NI01PCPLHLT2024,ACTUARIAL_ACTUAL_CLAIMS_CF_CY,-9945813.444218444
NI01PCPLHLT2024,ACTUARIAL_ACTUAL_CLAIMS_CF_PY,0.0
NI01PCPLHLT2024,ACTUARIAL_ACTUAL_EXPENSE_CF_PY,0.0
NI01PCPLHLT2024,ACTUARIAL_ACTUAL_EXPENSE_CLHANDL_CF_CY,0.0
NI01PCPLHLT2024,ACTUARIAL_ACTUAL_EXPENSE_NCLHANDL_CF_CY,0.0
NI01PCPLHLT2024,INVESTMENT_INCOME_OCI,0.0
NI01PCPLHLT2024,INVESTMENT_INCOME_PNL,0.0
NI01PCPLHLT2024,NON_ATTRIBUTABLE_EXPENSE,0.0
NI01PCSIHLT2022,ACTUARIAL_ACTUAL_CLAIMS_CF_CY,0.0
NI01PCSIHLT2022,ACTUARIAL_ACTUAL_CLAIMS_CF_PY,0.0
NI01PCSIHLT2022,ACTUARIAL_ACTUAL_EXPENSE_CF_PY,0.0
NI01PCSIHLT2022,ACTUARIAL_ACTUAL_EXPENSE_CLHANDL_CF_CY,0.0
NI01PCSIHLT2022,ACTUARIAL_ACTUAL_EXPENSE_NCLHANDL_CF_CY,0.0
NI01PCSIHLT2022,INVESTMENT_INCOME_OCI,0.0
NI01PCSIHLT2022,INVESTMENT_INCOME_PNL,0.0
NI01PCSIHLT2022,NON_ATTRIBUTABLE_EXPENSE,0.0
NI01PCSIHLT2023,ACTUARIAL_ACTUAL_CLAIMS_CF_CY,0.0
NI01PCSIHLT2023,ACTUARIAL_ACTUAL_CLAIMS_CF_PY,-641450.2786603174
NI01PCSIHLT2023,ACTUARIAL_ACTUAL_EXPENSE_CF_PY,0.0
NI01PCSIHLT2023,ACTUARIAL_ACTUAL_EXPENSE_CLHANDL_CF_CY,0.0
NI01PCSIHLT2023,ACTUARIAL_ACTUAL_EXPENSE_NCLHANDL_CF_CY,0.0
NI01PCSIHLT2023,INVESTMENT_INCOME_OCI,0.0
NI01PCSIHLT2023,INVESTMENT_INCOME_PNL,0.0
NI01PCSIHLT2023,NON_ATTRIBUTABLE_EXPENSE,0.0
NI01PCSIHLT2024,ACTUARIAL_ACTUAL_CLAIMS_CF_CY,-4613450.170836871
NI01PCSIHLT2024,ACTUARIAL_ACTUAL_CLAIMS_CF_PY,0.0
NI01PCSIHLT2024,ACTUARIAL_ACTUAL_EXPENSE_CF_PY,0.0
NI01PCSIHLT2024,ACTUARIAL_ACTUAL_EXPENSE_CLHANDL_CF_CY,0.0
NI01PCSIHLT2024,ACTUARIAL_ACTUAL_EXPENSE_NCLHANDL_CF_CY,0.0
NI01PCSIHLT2024,INVESTMENT_INCOME_OCI,0.0
NI01PCSIHLT2024,INVESTMENT_INCOME_PNL,0.0
NI01PCSIHLT2024,NON_ATTRIBUTABLE_EXPENSE,0.0
NI01PIMEHLT2022,ACTUARIAL_ACTUAL_CLAIMS_CF_CY,0.0
NI01PIMEHLT2022,ACTUARIAL_ACTUAL_CLAIMS_CF_PY,0.0
NI01PIMEHLT2022,ACTUARIAL_ACTUAL_EXPENSE_CF_PY,0.0
NI01PIMEHLT2022,ACTUARIAL_ACTUAL_EXPENSE_CLHANDL_CF_CY,0.0
NI01PIMEHLT2022,ACTUARIAL_ACTUAL_EXPENSE_NCLHANDL_CF_CY,0.0
NI01PIMEHLT2022,INVESTMENT_INCOME_OCI,0.0
NI01PIMEHLT2022,INVESTMENT_INCOME_PNL,0.0
NI01PIMEHLT2022,NON_ATTRIBUTABLE_EXPENSE,0.0
NI01PIMEHLT2023,ACTUARIAL_ACTUAL_CLAIMS_CF_CY,0.0
NI01PIMEHLT2023,ACTUARIAL_ACTUAL_CLAIMS_CF_PY,-96492.06354583152
NI01PIMEHLT2023,ACTUARIAL_ACTUAL_EXPENSE_CF_PY,0.0
NI01PIMEHLT2023,ACTUARIAL_ACTUAL_EXPENSE_CLHANDL_CF_CY,0.0
NI01PIMEHLT2023,ACTUARIAL_ACTUAL_EXPENSE_NCLHANDL_CF_CY,0.0
NI01PIMEHLT2023,INVESTMENT_INCOME_OCI,0.0
NI01PIMEHLT2023,INVESTMENT_INCOME_PNL,0.0
NI01PIMEHLT2023,NON_ATTRIBUTABLE_EXPENSE,0.0
NI01PIMEHLT2024,ACTUARIAL_ACTUAL_CLAIMS_CF_CY,-693991.9458444192
NI01PIMEHLT2024,ACTUARIAL_ACTUAL_CLAIMS_CF_PY,0.0
NI01PIMEHLT2024,ACTUARIAL_ACTUAL_EXPENSE_CF_PY,0.0
NI01PIMEHLT2024,ACTUARIAL_ACTUAL_EXPENSE_CLHANDL_CF_CY,0.0
NI01PIMEHLT2024,ACTUARIAL_ACTUAL_EXPENSE_NCLHANDL_CF_CY,0.0
NI01PIMEHLT2024,INVESTMENT_INCOME_OCI,0.0
NI01PIMEHLT2024,INVESTMENT_INCOME_PNL,0.0
NI01PIMEHLT2024,NON_ATTRIBUTABLE_EXPENSE,0.0
NI01PPBRHLT2022,ACTUARIAL_ACTUAL_CLAIMS_CF_CY,0.0
NI01PPBRHLT2022,ACTUARIAL_ACTUAL_CLAIMS_CF_PY,0.0
NI01PPBRHLT2022,ACTUARIAL_ACTUAL_EXPENSE_CF_PY,0.0
NI01PPBRHLT2022,ACTUARIAL_ACTUAL_EXPENSE_CLHANDL_CF_CY,0.0
NI01PPBRHLT2022,ACTUARIAL_ACTUAL_EXPENSE_NCLHANDL_CF_CY,0.0
NI01PPBRHLT2022,INVESTMENT_INCOME_OCI,0.0
NI01PPBRHLT2022,INVESTMENT_INCOME_PNL,0.0
NI01PPBRHLT2022,NON_ATTRIBUTABLE_EXPENSE,0.0
NI01PPBRHLT2023,ACTUARIAL_ACTUAL_CLAIMS_CF_CY,0.0
NI01PPBRHLT2023,ACTUARIAL_ACTUAL_CLAIMS_CF_PY,-11274.891885410636
NI01PPBRHLT2023,ACTUARIAL_ACTUAL_EXPENSE_CF_PY,0.0
NI01PPBRHLT2023,ACTUARIAL_ACTUAL_EXPENSE_CLHANDL_CF_CY,0.0
NI01PPBRHLT2023,ACTUARIAL_ACTUAL_EXPENSE_NCLHANDL_CF_CY,0.0
NI01PPBRHLT2023,INVESTMENT_INCOME_OCI,0.0
NI01PPBRHLT2023,INVESTMENT_INCOME_PNL,0.0
NI01PPBRHLT2023,NON_ATTRIBUTABLE_EXPENSE,0.0
NI01PPBRHLT2024,ACTUARIAL_ACTUAL_CLAIMS_CF_CY,-81091.47914558831
NI01PPBRHLT2024,ACTUARIAL_ACTUAL_CLAIMS_CF_PY,0.0
NI01PPBRHLT2024,ACTUARIAL_ACTUAL_EXPENSE_CF_PY,0.0
NI01PPBRHLT2024,ACTUARIAL_ACTUAL_EXPENSE_CLHANDL_CF_CY,0.0
NI01PPBRHLT2024,ACTUARIAL_ACTUAL_EXPENSE_NCLHANDL_CF_CY,0.0
NI01PPBRHLT2024,INVESTMENT_INCOME_OCI,0.0
NI01PPBRHLT2024,INVESTMENT_INCOME_PNL,0.0
NI01PPBRHLT2024,NON_ATTRIBUTABLE_EXPENSE,0.0
NI01PPGOHLT2022,ACTUARIAL_ACTUAL_CLAIMS_CF_CY,0.0
NI01PPGOHLT2022,ACTUARIAL_ACTUAL_CLAIMS_CF_PY,0.0
NI01PPGOHLT2022,ACTUARIAL_ACTUAL_EXPENSE_CF_PY,0.0
NI01PPGOHLT2022,ACTUARIAL_ACTUAL_EXPENSE_CLHANDL_CF_CY,0.0
NI01PPGOHLT2022,ACTUARIAL_ACTUAL_EXPENSE_NCLHANDL_CF_CY,0.0
NI01PPGOHLT2022,INVESTMENT_INCOME_OCI,0.0
NI01PPGOHLT2022,INVESTMENT_INCOME_PNL,0.0
NI01PPGOHLT2022,NON_ATTRIBUTABLE_EXPENSE,0.0
NI01PPGOHLT2023,ACTUARIAL_ACTUAL_CLAIMS_CF_CY,0.0
NI01PPGOHLT2023,ACTUARIAL_ACTUAL_CLAIMS_CF_PY,-40883.20595325052
NI01PPGOHLT2023,ACTUARIAL_ACTUAL_EXPENSE_CF_PY,0.0
NI01PPGOHLT2023,ACTUARIAL_ACTUAL_EXPENSE_CLHANDL_CF_CY,0.0
NI01PPGOHLT2023,ACTUARIAL_ACTUAL_EXPENSE_NCLHANDL_CF_CY,0.0
NI01PPGOHLT2023,INVESTMENT_INCOME_OCI,0.0
NI01PPGOHLT2023,INVESTMENT_INCOME_PNL,0.0
NI01PPGOHLT2023,NON_ATTRIBUTABLE_EXPENSE,0.0
NI01PPGOHLT2024,ACTUARIAL_ACTUAL_CLAIMS_CF_CY,-294040.92532831087
NI01PPGOHLT2024,ACTUARIAL_ACTUAL_CLAIMS_CF_PY,0.0
NI01PPGOHLT2024,ACTUARIAL_ACTUAL_EXPENSE_CF_PY,0.0
NI01PPGOHLT2024,ACTUARIAL_ACTUAL_EXPENSE_CLHANDL_CF_CY,0.0
NI01PPGOHLT2024,ACTUARIAL_ACTUAL_EXPENSE_NCLHANDL_CF_CY,0.0
NI01PPGOHLT2024,INVESTMENT_INCOME_OCI,0.0
NI01PPGOHLT2024,INVESTMENT_INCOME_PNL,0.0
NI01PPGOHLT2024,NON_ATTRIBUTABLE_EXPENSE,0.0
NI01PPPLHLT2022,ACTUARIAL_ACTUAL_CLAIMS_CF_CY,0.0
NI01PPPLHLT2022,ACTUARIAL_ACTUAL_CLAIMS_CF_PY,0.0
NI01PPPLHLT2022,ACTUARIAL_ACTUAL_EXPENSE_CF_PY,0.0
NI01PPPLHLT2022,ACTUARIAL_ACTUAL_EXPENSE_CLHANDL_CF_CY,0.0
NI01PPPLHLT2022,ACTUARIAL_ACTUAL_EXPENSE_NCLHANDL_CF_CY,0.0
NI01PPPLHLT2022,INVESTMENT_INCOME_OCI,0.0
NI01PPPLHLT2022,INVESTMENT_INCOME_PNL,0.0
NI01PPPLHLT2022,NON_ATTRIBUTABLE_EXPENSE,0.0
NI01PPPLHLT2023,ACTUARIAL_ACTUAL_CLAIMS_CF_CY,0.0
NI01PPPLHLT2023,ACTUARIAL_ACTUAL_CLAIMS_CF_PY,-26229.004187358838
NI01PPPLHLT2023,ACTUARIAL_ACTUAL_EXPENSE_CF_PY,0.0
NI01PPPLHLT2023,ACTUARIAL_ACTUAL_EXPENSE_CLHANDL_CF_CY,0.0
NI01PPPLHLT2023,ACTUARIAL_ACTUAL_EXPENSE_NCLHANDL_CF_CY,0.0
NI01PPPLHLT2023,INVESTMENT_INCOME_OCI,0.0
NI01PPPLHLT2023,INVESTMENT_INCOME_PNL,0.0
NI01PPPLHLT2023,NON_ATTRIBUTABLE_EXPENSE,0.0
NI01PPPLHLT2024,ACTUARIAL_ACTUAL_CLAIMS_CF_CY,-188644.71319862184
NI01PPPLHLT2024,ACTUARIAL_ACTUAL_CLAIMS_CF_PY,0.0
NI01PPPLHLT2024,ACTUARIAL_ACTUAL_EXPENSE_CF_PY,0.0
NI01PPPLHLT2024,ACTUARIAL_ACTUAL_EXPENSE_CLHANDL_CF_CY,0.0
NI01PPPLHLT2024,ACTUARIAL_ACTUAL_EXPENSE_NCLHANDL_CF_CY,0.0
NI01PPPLHLT2024,INVESTMENT_INCOME_OCI,0.0
NI01PPPLHLT2024,INVESTMENT_INCOME_PNL,0.0
NI01PPPLHLT2024,NON_ATTRIBUTABLE_EXPENSE,0.0
NI01PPSIHLT2022,ACTUARIAL_ACTUAL_CLAIMS_CF_CY,0.0
NI01PPSIHLT2022,ACTUARIAL_ACTUAL_CLAIMS_CF_PY,0.0
NI01PPSIHLT2022,ACTUARIAL_ACTUAL_EXPENSE_CF_PY,0.0
NI01PPSIHLT2022,ACTUARIAL_ACTUAL_EXPENSE_CLHANDL_CF_CY,0.0
NI01PPSIHLT2022,ACTUARIAL_ACTUAL_EXPENSE_NCLHANDL_CF_CY,0.0
NI01PPSIHLT2022,INVESTMENT_INCOME_OCI,0.0
NI01PPSIHLT2022,INVESTMENT_INCOME_PNL,0.0
NI01PPSIHLT2022,NON_ATTRIBUTABLE_EXPENSE,0.0
NI01PPSIHLT2023,ACTUARIAL_ACTUAL_CLAIMS_CF_CY,0.0
NI01PPSIHLT2023,ACTUARIAL_ACTUAL_CLAIMS_CF_PY,-21864.988615066253
NI01PPSIHLT2023,ACTUARIAL_ACTUAL_EXPENSE_CF_PY,0.0
NI01PPSIHLT2023,ACTUARIAL_ACTUAL_EXPENSE_CLHANDL_CF_CY,0.0
NI01PPSIHLT2023,ACTUARIAL_ACTUAL_EXPENSE_NCLHANDL_CF_CY,0.0
NI01PPSIHLT2023,INVESTMENT_INCOME_OCI,0.0
NI01PPSIHLT2023,INVESTMENT_INCOME_PNL,0.0
NI01PPSIHLT2023,NON_ATTRIBUTABLE_EXPENSE,0.0
NI01PPSIHLT2024,ACTUARIAL_ACTUAL_CLAIMS_CF_CY,-157257.76231978435
NI01PPSIHLT2024,ACTUARIAL_ACTUAL_CLAIMS_CF_PY,0.0
NI01PPSIHLT2024,ACTUARIAL_ACTUAL_EXPENSE_CF_PY,0.0
NI01PPSIHLT2024,ACTUARIAL_ACTUAL_EXPENSE_CLHANDL_CF_CY,0.0
NI01PPSIHLT2024,ACTUARIAL_ACTUAL_EXPENSE_NCLHANDL_CF_CY,0.0
NI01PPSIHLT2024,INVESTMENT_INCOME_OCI,0.0
NI01PPSIHLT2024,INVESTMENT_INCOME_PNL,0.0
NI01PPSIHLT2024,NON_ATTRIBUTABLE_EXPENSE,0.0
NI01PIMEDQS2022,ACTUARIAL_ACTUAL_CLAIMS_CF_CY,0.0
NI01PIMEDQS2022,ACTUARIAL_ACTUAL_CLAIMS_CF_PY,0.0
NI01PIMEDQS2022,ACTUARIAL_ACTUAL_EXPENSE_CF_PY,0.0
NI01PIMEDQS2022,ACTUARIAL_ACTUAL_EXPENSE_CLHANDL_CF_CY,0.0
NI01PIMEDQS2022,ACTUARIAL_ACTUAL_EXPENSE_NCLHANDL_CF_CY,0.0
NI01PIMEDQS2022,INVESTMENT_INCOME_OCI,0.0
NI01PIMEDQS2022,INVESTMENT_INCOME_PNL,0.0
NI01PIMEDQS2022,NON_ATTRIBUTABLE_EXPENSE,0.0
NI01PIMEDQS2023,ACTUARIAL_ACTUAL_CLAIMS_CF_CY,0.0
NI01PIMEDQS2023,ACTUARIAL_ACTUAL_CLAIMS_CF_PY,181507.79321260386
NI01PIMEDQS2023,ACTUARIAL_ACTUAL_EXPENSE_CF_PY,0.0
NI01PIMEDQS2023,ACTUARIAL_ACTUAL_EXPENSE_CLHANDL_CF_CY,0.0
NI01PIMEDQS2023,ACTUARIAL_ACTUAL_EXPENSE_NCLHANDL_CF_CY,0.0
NI01PIMEDQS2023,INVESTMENT_INCOME_OCI,0.0
NI01PIMEDQS2023,INVESTMENT_INCOME_PNL,0.0
NI01PIMEDQS2023,NON_ATTRIBUTABLE_EXPENSE,0.0
NI01PIMEDQS2024,ACTUARIAL_ACTUAL_CLAIMS_CF_CY,0.0
NI01PIMEDQS2024,ACTUARIAL_ACTUAL_CLAIMS_CF_PY,0.0
NI01PIMEDQS2024,ACTUARIAL_ACTUAL_EXPENSE_CF_PY,0.0
NI01PIMEDQS2024,ACTUARIAL_ACTUAL_EXPENSE_CLHANDL_CF_CY,0.0
NI01PIMEDQS2024,ACTUARIAL_ACTUAL_EXPENSE_NCLHANDL_CF_CY,0.0
NI01PIMEDQS2024,INVESTMENT_INCOME_OCI,0.0
NI01PIMEDQS2024,INVESTMENT_INCOME_PNL,0.0
NI01PIMEDQS2024,NON_ATTRIBUTABLE_EXPENSE,0.0
