GOC_ID,STEP_ID,1
NI01PPBRHLT2023,PVFC_LIC_UNWIND,0.0
NI01PPBRHLT2023,PVFC_LIC_EXP_CLAIM_CF_CY,0.0
NI01PPBRHLT2023,PVFC_LIC_EXP_ATTEXP_CY,0.0
NI01PPBRHLT2023,PVFC_LIC_EXP_CLAIM_CF_PY,-2327.202093838927
NI01PPBRHLT2023,PVFC_LIC_EXP_ATTEXP_PY,0.0
NI01PPBRHLT2023,RA_LIC_OP,65.8026269275842
NI01PPBRHLT2023,RA_LIC_UNWIND,1.5507663016515498
NI01PPBRHLT2023,RA_LIC_INCLAIM,64.0731825328928
NI01PPBRHLT2023,RA_LIC_RELEASE_PY,-67.3216018508509
NI01PPBRHLT2023,RA_LIC_DEREC,0.0
NI01PPBRHLT2023,RA_LIC_TASSCHG_PY,-0.03179137838485134
NI01PPBRHLT2023,RA_LIC_FASSCHG_PY,0.0
NI01PPBRHLT2023,RA_LIC_CLO,64.0731825328928
NI01PPBRHLT2024,PVFC_LIC_UNWIND,0.0
NI01PPBRHLT2024,PVFC_LIC_EXP_CLAIM_CF_CY,0.0
NI01PPBRHLT2024,PVFC_LIC_EXP_ATTEXP_CY,0.0
NI01PPBRHLT2024,PVFC_LIC_EXP_CLAIM_CF_PY,-11024.412912361635
NI01PPBRHLT2024,PVFC_LIC_EXP_ATTEXP_PY,0.0
NI01PPBRHLT2024,RA_LIC_OP,311.4016430388034
NI01PPBRHLT2024,RA_LIC_UNWIND,7.338782611748087
NI01PPBRHLT2024,RA_LIC_INCLAIM,303.2172915744793
NI01PPBRHLT2024,RA_LIC_RELEASE_PY,-318.5899774401115
NI01PPBRHLT2024,RA_LIC_DEREC,0.0
NI01PPBRHLT2024,RA_LIC_TASSCHG_PY,-0.15044821044007614
NI01PPBRHLT2024,RA_LIC_FASSCHG_PY,0.0
NI01PPBRHLT2024,RA_LIC_CLO,303.2172915744793
NI01PPBRHLT2025,PVFC_LIC_UNWIND,0.0
NI01PPBRHLT2025,PVFC_LIC_EXP_CLAIM_CF_CY,0.0
NI01PPBRHLT2025,PVFC_LIC_EXP_ATTEXP_CY,0.0
NI01PPBRHLT2025,PVFC_LIC_EXP_CLAIM_CF_PY,0.0
NI01PPBRHLT2025,PVFC_LIC_EXP_ATTEXP_PY,0.0
NI01PPBRHLT2025,RA_LIC_OP,0.0
NI01PPBRHLT2025,RA_LIC_UNWIND,0.0
NI01PPBRHLT2025,RA_LIC_INCLAIM,0.0
NI01PPBRHLT2025,RA_LIC_RELEASE_PY,0.0
NI01PPBRHLT2025,RA_LIC_DEREC,0.0
NI01PPBRHLT2025,RA_LIC_TASSCHG_PY,0.0
NI01PPBRHLT2025,RA_LIC_FASSCHG_PY,0.0
NI01PPBRHLT2025,RA_LIC_CLO,0.0
NI01PPBRHLT2023,RA_LIC_RELEASE_CY,0.0
NI01PPBRHLT2024,RA_LIC_RELEASE_CY,0.0
NI01PPBRHLT2025,RA_LIC_RELEASE_CY,0.0
NI01PPBRHLT2023,RA_LIC_FEXPVAR_CY,0.0
NI01PPBRHLT2024,RA_LIC_FEXPVAR_CY,0.0
NI01PPBRHLT2025,RA_LIC_FEXPVAR_CY,0.0
NI01PPBRHLT2023,DA_LIC_OP,0.0
NI01PPBRHLT2024,DA_LIC_OP,0.0
NI01PPBRHLT2025,DA_LIC_OP,0.0
NI01PPBRHLT2023,DA_LIC_INCLAIM_INCEXP,0.0
NI01PPBRHLT2024,DA_LIC_INCLAIM_INCEXP,0.0
NI01PPBRHLT2025,DA_LIC_INCLAIM_INCEXP,0.0
NI01PPBRHLT2023,DA_LIC_CHG,0.0
NI01PPBRHLT2024,DA_LIC_CHG,0.0
NI01PPBRHLT2025,DA_LIC_CHG,0.0
NI01PPBRHLT2023,DA_LIC_CLO,0.0
NI01PPBRHLT2024,DA_LIC_CLO,0.0
NI01PPBRHLT2025,DA_LIC_CLO,0.0
NI01PPGOHLT2023,PVFC_LIC_UNWIND,0.0
NI01PPGOHLT2023,PVFC_LIC_EXP_CLAIM_CF_CY,0.0
NI01PPGOHLT2023,PVFC_LIC_EXP_ATTEXP_CY,0.0
NI01PPGOHLT2023,PVFC_LIC_EXP_CLAIM_CF_PY,-1540.5306892749209
NI01PPGOHLT2023,PVFC_LIC_EXP_ATTEXP_PY,0.0
NI01PPGOHLT2023,RA_LIC_OP,43.563441858505996
NI01PPGOHLT2023,RA_LIC_UNWIND,1.0342075580098369
NI01PPGOHLT2023,RA_LIC_INCLAIM,26.504578815864228
NI01PPGOHLT2023,RA_LIC_RELEASE_PY,-44.53968098419427
NI01PPGOHLT2023,RA_LIC_DEREC,0.0
NI01PPGOHLT2023,RA_LIC_TASSCHG_PY,7.4909924380838975
NI01PPGOHLT2023,RA_LIC_FASSCHG_PY,0.0
NI01PPGOHLT2023,RA_LIC_CLO,34.05353968626968
NI01PPGOHLT2024,PVFC_LIC_UNWIND,0.0
NI01PPGOHLT2024,PVFC_LIC_EXP_CLAIM_CF_CY,0.0
NI01PPGOHLT2024,PVFC_LIC_EXP_ATTEXP_CY,0.0
NI01PPGOHLT2024,PVFC_LIC_EXP_CLAIM_CF_PY,-71700.41547001291
NI01PPGOHLT2024,PVFC_LIC_EXP_ATTEXP_PY,0.0
NI01PPGOHLT2024,RA_LIC_OP,2026.955615841359
NI01PPGOHLT2024,RA_LIC_UNWIND,48.120458995466294
NI01PPGOHLT2024,RA_LIC_INCLAIM,1233.22682011261
NI01PPGOHLT2024,RA_LIC_RELEASE_PY,-2072.378871989141
NI01PPGOHLT2024,RA_LIC_DEREC,0.0
NI01PPGOHLT2024,RA_LIC_TASSCHG_PY,348.5470509863897
NI01PPGOHLT2024,RA_LIC_FASSCHG_PY,0.0
NI01PPGOHLT2024,RA_LIC_CLO,1584.4710739466843
NI01PPGOHLT2025,PVFC_LIC_UNWIND,0.0
NI01PPGOHLT2025,PVFC_LIC_EXP_CLAIM_CF_CY,0.0
NI01PPGOHLT2025,PVFC_LIC_EXP_ATTEXP_CY,0.0
NI01PPGOHLT2025,PVFC_LIC_EXP_CLAIM_CF_PY,0.0
NI01PPGOHLT2025,PVFC_LIC_EXP_ATTEXP_PY,0.0
NI01PPGOHLT2025,RA_LIC_OP,0.0
NI01PPGOHLT2025,RA_LIC_UNWIND,0.0
NI01PPGOHLT2025,RA_LIC_INCLAIM,0.0
NI01PPGOHLT2025,RA_LIC_RELEASE_PY,0.0
NI01PPGOHLT2025,RA_LIC_DEREC,0.0
NI01PPGOHLT2025,RA_LIC_TASSCHG_PY,0.0
NI01PPGOHLT2025,RA_LIC_FASSCHG_PY,0.0
NI01PPGOHLT2025,RA_LIC_CLO,0.0
NI01PPGOHLT2023,RA_LIC_RELEASE_CY,0.0
NI01PPGOHLT2024,RA_LIC_RELEASE_CY,0.0
NI01PPGOHLT2025,RA_LIC_RELEASE_CY,0.0
NI01PPGOHLT2023,RA_LIC_FEXPVAR_CY,0.0
NI01PPGOHLT2024,RA_LIC_FEXPVAR_CY,0.0
NI01PPGOHLT2025,RA_LIC_FEXPVAR_CY,0.0
NI01PPGOHLT2023,DA_LIC_OP,0.0
NI01PPGOHLT2024,DA_LIC_OP,0.0
NI01PPGOHLT2025,DA_LIC_OP,0.0
NI01PPGOHLT2023,DA_LIC_INCLAIM_INCEXP,0.0
NI01PPGOHLT2024,DA_LIC_INCLAIM_INCEXP,0.0
NI01PPGOHLT2025,DA_LIC_INCLAIM_INCEXP,0.0
NI01PPGOHLT2023,DA_LIC_CHG,0.0
NI01PPGOHLT2024,DA_LIC_CHG,0.0
NI01PPGOHLT2025,DA_LIC_CHG,0.0
NI01PPGOHLT2023,DA_LIC_CLO,0.0
NI01PPGOHLT2024,DA_LIC_CLO,0.0
NI01PPGOHLT2025,DA_LIC_CLO,0.0
NI01PPPLHLT2023,PVFC_LIC_UNWIND,0.0
NI01PPPLHLT2023,PVFC_LIC_EXP_CLAIM_CF_CY,0.0
NI01PPPLHLT2023,PVFC_LIC_EXP_ATTEXP_CY,0.0
NI01PPPLHLT2023,PVFC_LIC_EXP_CLAIM_CF_PY,-5418.783019489573
NI01PPPLHLT2023,PVFC_LIC_EXP_ATTEXP_PY,0.0
NI01PPPLHLT2023,RA_LIC_OP,153.22529401889003
NI01PPPLHLT2023,RA_LIC_UNWIND,3.5670885942364707
NI01PPPLHLT2023,RA_LIC_INCLAIM,94.87003633572093
NI01PPPLHLT2023,RA_LIC_RELEASE_PY,-156.71294596885227
NI01PPPLHLT2023,RA_LIC_DEREC,0.0
NI01PPPLHLT2023,RA_LIC_TASSCHG_PY,-0.07943664427423154
NI01PPPLHLT2023,RA_LIC_FASSCHG_PY,0.0
NI01PPPLHLT2023,RA_LIC_CLO,94.87003633572093
NI01PPPLHLT2024,PVFC_LIC_UNWIND,0.0
NI01PPPLHLT2024,PVFC_LIC_EXP_CLAIM_CF_CY,0.0
NI01PPPLHLT2024,PVFC_LIC_EXP_ATTEXP_CY,0.0
NI01PPPLHLT2024,PVFC_LIC_EXP_CLAIM_CF_PY,-40766.17160348509
NI01PPPLHLT2024,PVFC_LIC_EXP_ATTEXP_PY,0.0
NI01PPPLHLT2024,RA_LIC_OP,1151.7549332256588
NI01PPPLHLT2024,RA_LIC_UNWIND,26.8128830293407
NI01PPPLHLT2024,RA_LIC_INCLAIM,713.1135434564305
NI01PPPLHLT2024,RA_LIC_RELEASE_PY,-1177.9707115308245
NI01PPPLHLT2024,RA_LIC_DEREC,0.0
NI01PPPLHLT2024,RA_LIC_TASSCHG_PY,-0.5971047241747085
NI01PPPLHLT2024,RA_LIC_FASSCHG_PY,0.0
NI01PPPLHLT2024,RA_LIC_CLO,713.1135434564305
NI01PPPLHLT2025,PVFC_LIC_UNWIND,0.0
NI01PPPLHLT2025,PVFC_LIC_EXP_CLAIM_CF_CY,0.0
NI01PPPLHLT2025,PVFC_LIC_EXP_ATTEXP_CY,0.0
NI01PPPLHLT2025,PVFC_LIC_EXP_CLAIM_CF_PY,0.0
NI01PPPLHLT2025,PVFC_LIC_EXP_ATTEXP_PY,0.0
NI01PPPLHLT2025,RA_LIC_OP,0.0
NI01PPPLHLT2025,RA_LIC_UNWIND,0.0
NI01PPPLHLT2025,RA_LIC_INCLAIM,0.0
NI01PPPLHLT2025,RA_LIC_RELEASE_PY,0.0
NI01PPPLHLT2025,RA_LIC_DEREC,0.0
NI01PPPLHLT2025,RA_LIC_TASSCHG_PY,0.0
NI01PPPLHLT2025,RA_LIC_FASSCHG_PY,0.0
NI01PPPLHLT2025,RA_LIC_CLO,0.0
NI01PPPLHLT2023,RA_LIC_RELEASE_CY,0.0
NI01PPPLHLT2024,RA_LIC_RELEASE_CY,0.0
NI01PPPLHLT2025,RA_LIC_RELEASE_CY,0.0
NI01PPPLHLT2023,RA_LIC_FEXPVAR_CY,0.0
NI01PPPLHLT2024,RA_LIC_FEXPVAR_CY,0.0
NI01PPPLHLT2025,RA_LIC_FEXPVAR_CY,0.0
NI01PPPLHLT2023,DA_LIC_OP,0.0
NI01PPPLHLT2024,DA_LIC_OP,0.0
NI01PPPLHLT2025,DA_LIC_OP,0.0
NI01PPPLHLT2023,DA_LIC_INCLAIM_INCEXP,0.0
NI01PPPLHLT2024,DA_LIC_INCLAIM_INCEXP,0.0
NI01PPPLHLT2025,DA_LIC_INCLAIM_INCEXP,0.0
NI01PPPLHLT2023,DA_LIC_CHG,0.0
NI01PPPLHLT2024,DA_LIC_CHG,0.0
NI01PPPLHLT2025,DA_LIC_CHG,0.0
NI01PPPLHLT2023,DA_LIC_CLO,0.0
NI01PPPLHLT2024,DA_LIC_CLO,0.0
NI01PPPLHLT2025,DA_LIC_CLO,0.0
NI01PPSIHLT2023,PVFC_LIC_UNWIND,0.0
NI01PPSIHLT2023,PVFC_LIC_EXP_CLAIM_CF_CY,0.0
NI01PPSIHLT2023,PVFC_LIC_EXP_ATTEXP_CY,0.0
NI01PPSIHLT2023,PVFC_LIC_EXP_CLAIM_CF_PY,0.0
NI01PPSIHLT2023,PVFC_LIC_EXP_ATTEXP_PY,0.0
NI01PPSIHLT2023,RA_LIC_OP,0.0
NI01PPSIHLT2023,RA_LIC_UNWIND,0.0
NI01PPSIHLT2023,RA_LIC_INCLAIM,0.0
NI01PPSIHLT2023,RA_LIC_RELEASE_PY,0.0
NI01PPSIHLT2023,RA_LIC_DEREC,0.0
NI01PPSIHLT2023,RA_LIC_TASSCHG_PY,0.0
NI01PPSIHLT2023,RA_LIC_FASSCHG_PY,0.0
NI01PPSIHLT2023,RA_LIC_CLO,0.0
NI01PPSIHLT2024,PVFC_LIC_UNWIND,0.0
NI01PPSIHLT2024,PVFC_LIC_EXP_CLAIM_CF_CY,0.0
NI01PPSIHLT2024,PVFC_LIC_EXP_ATTEXP_CY,0.0
NI01PPSIHLT2024,PVFC_LIC_EXP_CLAIM_CF_PY,-30988.861672547893
NI01PPSIHLT2024,PVFC_LIC_EXP_ATTEXP_PY,0.0
NI01PPSIHLT2024,RA_LIC_OP,875.2923393833696
NI01PPSIHLT2024,RA_LIC_UNWIND,20.845734460016395
NI01PPSIHLT2024,RA_LIC_INCLAIM,307.4701868454731
NI01PPSIHLT2024,RA_LIC_RELEASE_PY,-895.6939323765948
NI01PPSIHLT2024,RA_LIC_DEREC,0.0
NI01PPSIHLT2024,RA_LIC_TASSCHG_PY,89.87623301680975
NI01PPSIHLT2024,RA_LIC_FASSCHG_PY,0.0
NI01PPSIHLT2024,RA_LIC_CLO,397.79056132907414
NI01PPSIHLT2025,PVFC_LIC_UNWIND,0.0
NI01PPSIHLT2025,PVFC_LIC_EXP_CLAIM_CF_CY,0.0
NI01PPSIHLT2025,PVFC_LIC_EXP_ATTEXP_CY,0.0
NI01PPSIHLT2025,PVFC_LIC_EXP_CLAIM_CF_PY,0.0
NI01PPSIHLT2025,PVFC_LIC_EXP_ATTEXP_PY,0.0
NI01PPSIHLT2025,RA_LIC_OP,0.0
NI01PPSIHLT2025,RA_LIC_UNWIND,0.0
NI01PPSIHLT2025,RA_LIC_INCLAIM,0.0
NI01PPSIHLT2025,RA_LIC_RELEASE_PY,0.0
NI01PPSIHLT2025,RA_LIC_DEREC,0.0
NI01PPSIHLT2025,RA_LIC_TASSCHG_PY,0.0
NI01PPSIHLT2025,RA_LIC_FASSCHG_PY,0.0
NI01PPSIHLT2025,RA_LIC_CLO,0.0
NI01PPSIHLT2023,RA_LIC_RELEASE_CY,0.0
NI01PPSIHLT2024,RA_LIC_RELEASE_CY,0.0
NI01PPSIHLT2025,RA_LIC_RELEASE_CY,0.0
NI01PPSIHLT2023,RA_LIC_FEXPVAR_CY,0.0
NI01PPSIHLT2024,RA_LIC_FEXPVAR_CY,0.0
NI01PPSIHLT2025,RA_LIC_FEXPVAR_CY,0.0
NI01PPSIHLT2023,DA_LIC_OP,0.0
NI01PPSIHLT2024,DA_LIC_OP,0.0
NI01PPSIHLT2025,DA_LIC_OP,0.0
NI01PPSIHLT2023,DA_LIC_INCLAIM_INCEXP,0.0
NI01PPSIHLT2024,DA_LIC_INCLAIM_INCEXP,0.0
NI01PPSIHLT2025,DA_LIC_INCLAIM_INCEXP,0.0
NI01PPSIHLT2023,DA_LIC_CHG,0.0
NI01PPSIHLT2024,DA_LIC_CHG,0.0
NI01PPSIHLT2025,DA_LIC_CHG,0.0
NI01PPSIHLT2023,DA_LIC_CLO,0.0
NI01PPSIHLT2024,DA_LIC_CLO,0.0
NI01PPSIHLT2025,DA_LIC_CLO,0.0
NI01PCPLHLT2023,PVFC_LIC_UNWIND,0.0
NI01PCPLHLT2023,PVFC_LIC_EXP_CLAIM_CF_CY,0.0
NI01PCPLHLT2023,PVFC_LIC_EXP_ATTEXP_CY,0.0
NI01PCPLHLT2023,PVFC_LIC_EXP_CLAIM_CF_PY,-198899.07499744283
NI01PCPLHLT2023,PVFC_LIC_EXP_ATTEXP_PY,0.0
NI01PCPLHLT2023,RA_LIC_OP,5654.6189289610265
NI01PCPLHLT2023,RA_LIC_UNWIND,136.66559176189176
NI01PCPLHLT2023,RA_LIC_INCLAIM,5313.27942829862
NI01PCPLHLT2023,RA_LIC_RELEASE_PY,-5780.169554618903
NI01PCPLHLT2023,RA_LIC_DEREC,0.0
NI01PCPLHLT2023,RA_LIC_TASSCHG_PY,313.84000471956836
NI01PCPLHLT2023,RA_LIC_FASSCHG_PY,0.0
NI01PCPLHLT2023,RA_LIC_CLO,5638.2343991222015
NI01PCPLHLT2024,PVFC_LIC_UNWIND,0.0
NI01PCPLHLT2024,PVFC_LIC_EXP_CLAIM_CF_CY,0.0
NI01PCPLHLT2024,PVFC_LIC_EXP_ATTEXP_CY,0.0
NI01PCPLHLT2024,PVFC_LIC_EXP_CLAIM_CF_PY,-2288060.6845893147
NI01PCPLHLT2024,PVFC_LIC_EXP_ATTEXP_PY,0.0
NI01PCPLHLT2024,RA_LIC_OP,65051.599232582565
NI01PCPLHLT2024,RA_LIC_UNWIND,1572.2218271235156
NI01PCPLHLT2024,RA_LIC_INCLAIM,61124.777517751194
NI01PCPLHLT2024,RA_LIC_RELEASE_PY,-66495.95279314987
NI01PCPLHLT2024,RA_LIC_DEREC,0.0
NI01PCPLHLT2024,RA_LIC_TASSCHG_PY,3610.4633162115424
NI01PCPLHLT2024,RA_LIC_FASSCHG_PY,0.0
NI01PCPLHLT2024,RA_LIC_CLO,64863.109100518916
NI01PCPLHLT2025,PVFC_LIC_UNWIND,0.0
NI01PCPLHLT2025,PVFC_LIC_EXP_CLAIM_CF_CY,0.0
NI01PCPLHLT2025,PVFC_LIC_EXP_ATTEXP_CY,0.0
NI01PCPLHLT2025,PVFC_LIC_EXP_CLAIM_CF_PY,0.0
NI01PCPLHLT2025,PVFC_LIC_EXP_ATTEXP_PY,0.0
NI01PCPLHLT2025,RA_LIC_OP,0.0
NI01PCPLHLT2025,RA_LIC_UNWIND,0.0
NI01PCPLHLT2025,RA_LIC_INCLAIM,0.0
NI01PCPLHLT2025,RA_LIC_RELEASE_PY,0.0
NI01PCPLHLT2025,RA_LIC_DEREC,0.0
NI01PCPLHLT2025,RA_LIC_TASSCHG_PY,0.0
NI01PCPLHLT2025,RA_LIC_FASSCHG_PY,0.0
NI01PCPLHLT2025,RA_LIC_CLO,0.0
NI01PCPLHLT2023,RA_LIC_RELEASE_CY,0.0
NI01PCPLHLT2024,RA_LIC_RELEASE_CY,0.0
NI01PCPLHLT2025,RA_LIC_RELEASE_CY,0.0
NI01PCPLHLT2023,RA_LIC_FEXPVAR_CY,0.0
NI01PCPLHLT2024,RA_LIC_FEXPVAR_CY,0.0
NI01PCPLHLT2025,RA_LIC_FEXPVAR_CY,0.0
NI01PCPLHLT2023,DA_LIC_OP,0.0
NI01PCPLHLT2024,DA_LIC_OP,0.0
NI01PCPLHLT2025,DA_LIC_OP,0.0
NI01PCPLHLT2023,DA_LIC_INCLAIM_INCEXP,0.0
NI01PCPLHLT2024,DA_LIC_INCLAIM_INCEXP,0.0
NI01PCPLHLT2025,DA_LIC_INCLAIM_INCEXP,0.0
NI01PCPLHLT2023,DA_LIC_CHG,0.0
NI01PCPLHLT2024,DA_LIC_CHG,0.0
NI01PCPLHLT2025,DA_LIC_CHG,0.0
NI01PCPLHLT2023,DA_LIC_CLO,0.0
NI01PCPLHLT2024,DA_LIC_CLO,0.0
NI01PCPLHLT2025,DA_LIC_CLO,0.0
NI01PCSIHLT2023,PVFC_LIC_UNWIND,0.0
NI01PCSIHLT2023,PVFC_LIC_EXP_CLAIM_CF_CY,0.0
NI01PCSIHLT2023,PVFC_LIC_EXP_ATTEXP_CY,0.0
NI01PCSIHLT2023,PVFC_LIC_EXP_CLAIM_CF_PY,-197447.36769086315
NI01PCSIHLT2023,PVFC_LIC_EXP_ATTEXP_PY,0.0
NI01PCSIHLT2023,RA_LIC_OP,5582.292812211933
NI01PCSIHLT2023,RA_LIC_UNWIND,132.4500008024632
NI01PCSIHLT2023,RA_LIC_INCLAIM,6824.361345616913
NI01PCSIHLT2023,RA_LIC_RELEASE_PY,-5706.669751279236
NI01PCSIHLT2023,RA_LIC_DEREC,0.0
NI01PCSIHLT2023,RA_LIC_TASSCHG_PY,266.93126329260497
NI01PCSIHLT2023,RA_LIC_FASSCHG_PY,0.0
NI01PCSIHLT2023,RA_LIC_CLO,7099.365670644679
NI01PCSIHLT2024,PVFC_LIC_UNWIND,0.0
NI01PCSIHLT2024,PVFC_LIC_EXP_CLAIM_CF_CY,0.0
NI01PCSIHLT2024,PVFC_LIC_EXP_ATTEXP_CY,0.0
NI01PCSIHLT2024,PVFC_LIC_EXP_CLAIM_CF_PY,-704761.9565441959
NI01PCSIHLT2024,PVFC_LIC_EXP_ATTEXP_PY,0.0
NI01PCSIHLT2024,RA_LIC_OP,19926.571347641715
NI01PCSIHLT2024,RA_LIC_UNWIND,472.793971898385
NI01PCSIHLT2024,RA_LIC_INCLAIM,24360.263395362876
NI01PCSIHLT2024,RA_LIC_RELEASE_PY,-20370.547691000866
NI01PCSIHLT2024,RA_LIC_DEREC,0.0
NI01PCSIHLT2024,RA_LIC_TASSCHG_PY,952.8387424035203
NI01PCSIHLT2024,RA_LIC_FASSCHG_PY,0.0
NI01PCSIHLT2024,RA_LIC_CLO,25341.91976630564
NI01PCSIHLT2025,PVFC_LIC_UNWIND,0.0
NI01PCSIHLT2025,PVFC_LIC_EXP_CLAIM_CF_CY,0.0
NI01PCSIHLT2025,PVFC_LIC_EXP_ATTEXP_CY,0.0
NI01PCSIHLT2025,PVFC_LIC_EXP_CLAIM_CF_PY,0.0
NI01PCSIHLT2025,PVFC_LIC_EXP_ATTEXP_PY,0.0
NI01PCSIHLT2025,RA_LIC_OP,0.0
NI01PCSIHLT2025,RA_LIC_UNWIND,0.0
NI01PCSIHLT2025,RA_LIC_INCLAIM,0.0
NI01PCSIHLT2025,RA_LIC_RELEASE_PY,0.0
NI01PCSIHLT2025,RA_LIC_DEREC,0.0
NI01PCSIHLT2025,RA_LIC_TASSCHG_PY,0.0
NI01PCSIHLT2025,RA_LIC_FASSCHG_PY,0.0
NI01PCSIHLT2025,RA_LIC_CLO,0.0
NI01PCSIHLT2023,RA_LIC_RELEASE_CY,0.0
NI01PCSIHLT2024,RA_LIC_RELEASE_CY,0.0
NI01PCSIHLT2025,RA_LIC_RELEASE_CY,0.0
NI01PCSIHLT2023,RA_LIC_FEXPVAR_CY,0.0
NI01PCSIHLT2024,RA_LIC_FEXPVAR_CY,0.0
NI01PCSIHLT2025,RA_LIC_FEXPVAR_CY,0.0
NI01PCSIHLT2023,DA_LIC_OP,0.0
NI01PCSIHLT2024,DA_LIC_OP,0.0
NI01PCSIHLT2025,DA_LIC_OP,0.0
NI01PCSIHLT2023,DA_LIC_INCLAIM_INCEXP,0.0
NI01PCSIHLT2024,DA_LIC_INCLAIM_INCEXP,0.0
NI01PCSIHLT2025,DA_LIC_INCLAIM_INCEXP,0.0
NI01PCSIHLT2023,DA_LIC_CHG,0.0
NI01PCSIHLT2024,DA_LIC_CHG,0.0
NI01PCSIHLT2025,DA_LIC_CHG,0.0
NI01PCSIHLT2023,DA_LIC_CLO,0.0
NI01PCSIHLT2024,DA_LIC_CLO,0.0
NI01PCSIHLT2025,DA_LIC_CLO,0.0
NI01PIMEHLT2023,PVFC_LIC_UNWIND,0.0
NI01PIMEHLT2023,PVFC_LIC_EXP_CLAIM_CF_CY,0.0
NI01PIMEHLT2023,PVFC_LIC_EXP_ATTEXP_CY,0.0
NI01PIMEHLT2023,PVFC_LIC_EXP_CLAIM_CF_PY,-84671.95947861145
NI01PIMEHLT2023,PVFC_LIC_EXP_ATTEXP_PY,0.0
NI01PIMEHLT2023,RA_LIC_OP,2393.504176595563
NI01PIMEHLT2023,RA_LIC_UNWIND,63.26673051518134
NI01PIMEHLT2023,RA_LIC_INCLAIM,2976.4838376143807
NI01PIMEHLT2023,RA_LIC_RELEASE_PY,-2450.6125276653333
NI01PIMEHLT2023,RA_LIC_DEREC,0.0
NI01PIMEHLT2023,RA_LIC_TASSCHG_PY,189.73972081191482
NI01PIMEHLT2023,RA_LIC_FASSCHG_PY,0.0
NI01PIMEHLT2023,RA_LIC_CLO,3172.381937871707
NI01PIMEHLT2024,PVFC_LIC_UNWIND,0.0
NI01PIMEHLT2024,PVFC_LIC_EXP_CLAIM_CF_CY,0.0
NI01PIMEHLT2024,PVFC_LIC_EXP_ATTEXP_CY,0.0
NI01PIMEHLT2024,PVFC_LIC_EXP_CLAIM_CF_PY,-227979.5720290759
NI01PIMEHLT2024,PVFC_LIC_EXP_ATTEXP_PY,0.0
NI01PIMEHLT2024,RA_LIC_OP,6432.7028407263315
NI01PIMEHLT2024,RA_LIC_UNWIND,170.03357716607073
NI01PIMEHLT2024,RA_LIC_INCLAIM,7999.499739679517
NI01PIMEHLT2024,RA_LIC_RELEASE_PY,-6586.185360517973
NI01PIMEHLT2024,RA_LIC_DEREC,0.0
NI01PIMEHLT2024,RA_LIC_TASSCHG_PY,509.93821235001064
NI01PIMEHLT2024,RA_LIC_FASSCHG_PY,0.0
NI01PIMEHLT2024,RA_LIC_CLO,8525.989009403957
NI01PIMEHLT2025,PVFC_LIC_UNWIND,0.0
NI01PIMEHLT2025,PVFC_LIC_EXP_CLAIM_CF_CY,0.0
NI01PIMEHLT2025,PVFC_LIC_EXP_ATTEXP_CY,0.0
NI01PIMEHLT2025,PVFC_LIC_EXP_CLAIM_CF_PY,0.0
NI01PIMEHLT2025,PVFC_LIC_EXP_ATTEXP_PY,0.0
NI01PIMEHLT2025,RA_LIC_OP,0.0
NI01PIMEHLT2025,RA_LIC_UNWIND,0.0
NI01PIMEHLT2025,RA_LIC_INCLAIM,0.0
NI01PIMEHLT2025,RA_LIC_RELEASE_PY,0.0
NI01PIMEHLT2025,RA_LIC_DEREC,0.0
NI01PIMEHLT2025,RA_LIC_TASSCHG_PY,0.0
NI01PIMEHLT2025,RA_LIC_FASSCHG_PY,0.0
NI01PIMEHLT2025,RA_LIC_CLO,0.0
NI01PIMEHLT2023,RA_LIC_RELEASE_CY,0.0
NI01PIMEHLT2024,RA_LIC_RELEASE_CY,0.0
NI01PIMEHLT2025,RA_LIC_RELEASE_CY,0.0
NI01PIMEHLT2023,RA_LIC_FEXPVAR_CY,0.0
NI01PIMEHLT2024,RA_LIC_FEXPVAR_CY,0.0
NI01PIMEHLT2025,RA_LIC_FEXPVAR_CY,0.0
NI01PIMEHLT2023,DA_LIC_OP,0.0
NI01PIMEHLT2024,DA_LIC_OP,0.0
NI01PIMEHLT2025,DA_LIC_OP,0.0
NI01PIMEHLT2023,DA_LIC_INCLAIM_INCEXP,0.0
NI01PIMEHLT2024,DA_LIC_INCLAIM_INCEXP,0.0
NI01PIMEHLT2025,DA_LIC_INCLAIM_INCEXP,0.0
NI01PIMEHLT2023,DA_LIC_CHG,0.0
NI01PIMEHLT2024,DA_LIC_CHG,0.0
NI01PIMEHLT2025,DA_LIC_CHG,0.0
NI01PIMEHLT2023,DA_LIC_CLO,0.0
NI01PIMEHLT2024,DA_LIC_CLO,0.0
NI01PIMEHLT2025,DA_LIC_CLO,0.0
NI01PCBCHLT2023,PVFC_LIC_UNWIND,0.0
NI01PCBCHLT2023,PVFC_LIC_EXP_CLAIM_CF_CY,0.0
NI01PCBCHLT2023,PVFC_LIC_EXP_ATTEXP_CY,0.0
NI01PCBCHLT2023,PVFC_LIC_EXP_CLAIM_CF_PY,-69761.1602189003
NI01PCBCHLT2023,PVFC_LIC_EXP_ATTEXP_PY,0.0
NI01PCBCHLT2023,RA_LIC_OP,1972.100423974811
NI01PCBCHLT2023,RA_LIC_UNWIND,47.779742538869975
NI01PCBCHLT2023,RA_LIC_INCLAIM,262.1664234487144
NI01PCBCHLT2023,RA_LIC_RELEASE_PY,-2016.696534861053
NI01PCBCHLT2023,RA_LIC_DEREC,0.0
NI01PCBCHLT2023,RA_LIC_TASSCHG_PY,181.03182337988133
NI01PCBCHLT2023,RA_LIC_FASSCHG_PY,0.0
NI01PCBCHLT2023,RA_LIC_CLO,446.38187848122374
NI01PCBCHLT2024,PVFC_LIC_UNWIND,0.0
NI01PCBCHLT2024,PVFC_LIC_EXP_CLAIM_CF_CY,0.0
NI01PCBCHLT2024,PVFC_LIC_EXP_ATTEXP_CY,0.0
NI01PCBCHLT2024,PVFC_LIC_EXP_CLAIM_CF_PY,-412194.6429842938
NI01PCBCHLT2024,PVFC_LIC_EXP_ATTEXP_PY,0.0
NI01PCBCHLT2024,RA_LIC_OP,11650.176263175092
NI01PCBCHLT2024,RA_LIC_UNWIND,282.2586596604625
NI01PCBCHLT2024,RA_LIC_INCLAIM,1548.747217095438
NI01PCBCHLT2024,RA_LIC_RELEASE_PY,-11913.627630134206
NI01PCBCHLT2024,RA_LIC_DEREC,0.0
NI01PCBCHLT2024,RA_LIC_TASSCHG_PY,1069.4448548257787
NI01PCBCHLT2024,RA_LIC_FASSCHG_PY,0.0
NI01PCBCHLT2024,RA_LIC_CLO,2636.999364622561
NI01PCBCHLT2025,PVFC_LIC_UNWIND,0.0
NI01PCBCHLT2025,PVFC_LIC_EXP_CLAIM_CF_CY,0.0
NI01PCBCHLT2025,PVFC_LIC_EXP_ATTEXP_CY,0.0
NI01PCBCHLT2025,PVFC_LIC_EXP_CLAIM_CF_PY,0.0
NI01PCBCHLT2025,PVFC_LIC_EXP_ATTEXP_PY,0.0
NI01PCBCHLT2025,RA_LIC_OP,0.0
NI01PCBCHLT2025,RA_LIC_UNWIND,0.0
NI01PCBCHLT2025,RA_LIC_INCLAIM,0.0
NI01PCBCHLT2025,RA_LIC_RELEASE_PY,0.0
NI01PCBCHLT2025,RA_LIC_DEREC,0.0
NI01PCBCHLT2025,RA_LIC_TASSCHG_PY,0.0
NI01PCBCHLT2025,RA_LIC_FASSCHG_PY,0.0
NI01PCBCHLT2025,RA_LIC_CLO,0.0
NI01PCBCHLT2023,RA_LIC_RELEASE_CY,0.0
NI01PCBCHLT2024,RA_LIC_RELEASE_CY,0.0
NI01PCBCHLT2025,RA_LIC_RELEASE_CY,0.0
NI01PCBCHLT2023,RA_LIC_FEXPVAR_CY,0.0
NI01PCBCHLT2024,RA_LIC_FEXPVAR_CY,0.0
NI01PCBCHLT2025,RA_LIC_FEXPVAR_CY,0.0
NI01PCBCHLT2023,DA_LIC_OP,0.0
NI01PCBCHLT2024,DA_LIC_OP,0.0
NI01PCBCHLT2025,DA_LIC_OP,0.0
NI01PCBCHLT2023,DA_LIC_INCLAIM_INCEXP,0.0
NI01PCBCHLT2024,DA_LIC_INCLAIM_INCEXP,0.0
NI01PCBCHLT2025,DA_LIC_INCLAIM_INCEXP,0.0
NI01PCBCHLT2023,DA_LIC_CHG,0.0
NI01PCBCHLT2024,DA_LIC_CHG,0.0
NI01PCBCHLT2025,DA_LIC_CHG,0.0
NI01PCBCHLT2023,DA_LIC_CLO,0.0
NI01PCBCHLT2024,DA_LIC_CLO,0.0
NI01PCBCHLT2025,DA_LIC_CLO,0.0
NI01PCBRHLT2023,PVFC_LIC_UNWIND,0.0
NI01PCBRHLT2023,PVFC_LIC_EXP_CLAIM_CF_CY,0.0
NI01PCBRHLT2023,PVFC_LIC_EXP_ATTEXP_CY,0.0
NI01PCBRHLT2023,PVFC_LIC_EXP_CLAIM_CF_PY,-44717.20318560958
NI01PCBRHLT2023,PVFC_LIC_EXP_ATTEXP_PY,0.0
NI01PCBRHLT2023,RA_LIC_OP,1264.1592761542738
NI01PCBRHLT2023,RA_LIC_UNWIND,30.708040145786036
NI01PCBRHLT2023,RA_LIC_INCLAIM,1172.7257076864146
NI01PCBRHLT2023,RA_LIC_RELEASE_PY,-1292.745977654254
NI01PCBRHLT2023,RA_LIC_DEREC,0.0
NI01PCBRHLT2023,RA_LIC_TASSCHG_PY,325.3043293213893
NI01PCBRHLT2023,RA_LIC_FASSCHG_PY,0.0
NI01PCBRHLT2023,RA_LIC_CLO,1500.15137565361
NI01PCBRHLT2024,PVFC_LIC_UNWIND,0.0
NI01PCBRHLT2024,PVFC_LIC_EXP_CLAIM_CF_CY,0.0
NI01PCBRHLT2024,PVFC_LIC_EXP_ATTEXP_CY,0.0
NI01PCBRHLT2024,PVFC_LIC_EXP_CLAIM_CF_PY,-419250.0816110579
NI01PCBRHLT2024,PVFC_LIC_EXP_ATTEXP_PY,0.0
NI01PCBRHLT2024,RA_LIC_OP,11849.589586503867
NI01PCBRHLT2024,RA_LIC_UNWIND,287.8416348297574
NI01PCBRHLT2024,RA_LIC_INCLAIM,10992.537566864683
NI01PCBRHLT2024,RA_LIC_RELEASE_PY,-12117.546865935577
NI01PCBRHLT2024,RA_LIC_DEREC,0.0
NI01PCBRHLT2024,RA_LIC_TASSCHG_PY,3049.2382296144633
NI01PCBRHLT2024,RA_LIC_FASSCHG_PY,0.0
NI01PCBRHLT2024,RA_LIC_CLO,14061.660151877195
NI01PCBRHLT2025,PVFC_LIC_UNWIND,0.0
NI01PCBRHLT2025,PVFC_LIC_EXP_CLAIM_CF_CY,0.0
NI01PCBRHLT2025,PVFC_LIC_EXP_ATTEXP_CY,0.0
NI01PCBRHLT2025,PVFC_LIC_EXP_CLAIM_CF_PY,0.0
NI01PCBRHLT2025,PVFC_LIC_EXP_ATTEXP_PY,0.0
NI01PCBRHLT2025,RA_LIC_OP,0.0
NI01PCBRHLT2025,RA_LIC_UNWIND,0.0
NI01PCBRHLT2025,RA_LIC_INCLAIM,0.0
NI01PCBRHLT2025,RA_LIC_RELEASE_PY,0.0
NI01PCBRHLT2025,RA_LIC_DEREC,0.0
NI01PCBRHLT2025,RA_LIC_TASSCHG_PY,0.0
NI01PCBRHLT2025,RA_LIC_FASSCHG_PY,0.0
NI01PCBRHLT2025,RA_LIC_CLO,0.0
NI01PCBRHLT2023,RA_LIC_RELEASE_CY,0.0
NI01PCBRHLT2024,RA_LIC_RELEASE_CY,0.0
NI01PCBRHLT2025,RA_LIC_RELEASE_CY,0.0
NI01PCBRHLT2023,RA_LIC_FEXPVAR_CY,0.0
NI01PCBRHLT2024,RA_LIC_FEXPVAR_CY,0.0
NI01PCBRHLT2025,RA_LIC_FEXPVAR_CY,0.0
NI01PCBRHLT2023,DA_LIC_OP,0.0
NI01PCBRHLT2024,DA_LIC_OP,0.0
NI01PCBRHLT2025,DA_LIC_OP,0.0
NI01PCBRHLT2023,DA_LIC_INCLAIM_INCEXP,0.0
NI01PCBRHLT2024,DA_LIC_INCLAIM_INCEXP,0.0
NI01PCBRHLT2025,DA_LIC_INCLAIM_INCEXP,0.0
NI01PCBRHLT2023,DA_LIC_CHG,0.0
NI01PCBRHLT2024,DA_LIC_CHG,0.0
NI01PCBRHLT2025,DA_LIC_CHG,0.0
NI01PCBRHLT2023,DA_LIC_CLO,0.0
NI01PCBRHLT2024,DA_LIC_CLO,0.0
NI01PCBRHLT2025,DA_LIC_CLO,0.0
NI01PCECHLT2023,PVFC_LIC_UNWIND,0.0
NI01PCECHLT2023,PVFC_LIC_EXP_CLAIM_CF_CY,0.0
NI01PCECHLT2023,PVFC_LIC_EXP_ATTEXP_CY,0.0
NI01PCECHLT2023,PVFC_LIC_EXP_CLAIM_CF_PY,-39802.48968090447
NI01PCECHLT2023,PVFC_LIC_EXP_ATTEXP_PY,0.0
NI01PCECHLT2023,RA_LIC_OP,1125.430231503618
NI01PCECHLT2023,RA_LIC_UNWIND,25.33469493326121
NI01PCECHLT2023,RA_LIC_INCLAIM,1189.3319474836953
NI01PCECHLT2023,RA_LIC_RELEASE_PY,-1150.6484030134993
NI01PCECHLT2023,RA_LIC_DEREC,0.0
NI01PCECHLT2023,RA_LIC_TASSCHG_PY,-0.11652342338027354
NI01PCECHLT2023,RA_LIC_FASSCHG_PY,0.0
NI01PCECHLT2023,RA_LIC_CLO,1189.331947483695
NI01PCECHLT2024,PVFC_LIC_UNWIND,0.0
NI01PCECHLT2024,PVFC_LIC_EXP_CLAIM_CF_CY,0.0
NI01PCECHLT2024,PVFC_LIC_EXP_ATTEXP_CY,0.0
NI01PCECHLT2024,PVFC_LIC_EXP_CLAIM_CF_PY,-8564.126026012575
NI01PCECHLT2024,PVFC_LIC_EXP_ATTEXP_PY,0.0
NI01PCECHLT2024,RA_LIC_OP,241.90702370203564
NI01PCECHLT2024,RA_LIC_UNWIND,5.445598026557509
NI01PCECHLT2024,RA_LIC_INCLAIM,255.64245881784953
NI01PCECHLT2024,RA_LIC_RELEASE_PY,-247.32757545406423
NI01PCECHLT2024,RA_LIC_DEREC,0.0
NI01PCECHLT2024,RA_LIC_TASSCHG_PY,-0.025046274529016463
NI01PCECHLT2024,RA_LIC_FASSCHG_PY,0.0
NI01PCECHLT2024,RA_LIC_CLO,255.6424588178495
NI01PCECHLT2025,PVFC_LIC_UNWIND,0.0
NI01PCECHLT2025,PVFC_LIC_EXP_CLAIM_CF_CY,0.0
NI01PCECHLT2025,PVFC_LIC_EXP_ATTEXP_CY,0.0
NI01PCECHLT2025,PVFC_LIC_EXP_CLAIM_CF_PY,0.0
NI01PCECHLT2025,PVFC_LIC_EXP_ATTEXP_PY,0.0
NI01PCECHLT2025,RA_LIC_OP,0.0
NI01PCECHLT2025,RA_LIC_UNWIND,0.0
NI01PCECHLT2025,RA_LIC_INCLAIM,0.0
NI01PCECHLT2025,RA_LIC_RELEASE_PY,0.0
NI01PCECHLT2025,RA_LIC_DEREC,0.0
NI01PCECHLT2025,RA_LIC_TASSCHG_PY,0.0
NI01PCECHLT2025,RA_LIC_FASSCHG_PY,0.0
NI01PCECHLT2025,RA_LIC_CLO,0.0
NI01PCECHLT2023,RA_LIC_RELEASE_CY,0.0
NI01PCECHLT2024,RA_LIC_RELEASE_CY,0.0
NI01PCECHLT2025,RA_LIC_RELEASE_CY,0.0
NI01PCECHLT2023,RA_LIC_FEXPVAR_CY,0.0
NI01PCECHLT2024,RA_LIC_FEXPVAR_CY,0.0
NI01PCECHLT2025,RA_LIC_FEXPVAR_CY,0.0
NI01PCECHLT2023,DA_LIC_OP,0.0
NI01PCECHLT2024,DA_LIC_OP,0.0
NI01PCECHLT2025,DA_LIC_OP,0.0
NI01PCECHLT2023,DA_LIC_INCLAIM_INCEXP,0.0
NI01PCECHLT2024,DA_LIC_INCLAIM_INCEXP,0.0
NI01PCECHLT2025,DA_LIC_INCLAIM_INCEXP,0.0
NI01PCECHLT2023,DA_LIC_CHG,0.0
NI01PCECHLT2024,DA_LIC_CHG,0.0
NI01PCECHLT2025,DA_LIC_CHG,0.0
NI01PCECHLT2023,DA_LIC_CLO,0.0
NI01PCECHLT2024,DA_LIC_CLO,0.0
NI01PCECHLT2025,DA_LIC_CLO,0.0
NI01PCGOHLT2023,PVFC_LIC_UNWIND,0.0
NI01PCGOHLT2023,PVFC_LIC_EXP_CLAIM_CF_CY,0.0
NI01PCGOHLT2023,PVFC_LIC_EXP_ATTEXP_CY,0.0
NI01PCGOHLT2023,PVFC_LIC_EXP_CLAIM_CF_PY,-278423.51236135175
NI01PCGOHLT2023,PVFC_LIC_EXP_ATTEXP_PY,0.0
NI01PCGOHLT2023,RA_LIC_OP,7915.768988495346
NI01PCGOHLT2023,RA_LIC_UNWIND,189.64452575633345
NI01PCGOHLT2023,RA_LIC_INCLAIM,9636.790194954825
NI01PCGOHLT2023,RA_LIC_RELEASE_PY,-8093.69653658593
NI01PCGOHLT2023,RA_LIC_DEREC,0.0
NI01PCGOHLT2023,RA_LIC_TASSCHG_PY,533.7370939651471
NI01PCGOHLT2023,RA_LIC_FASSCHG_PY,0.0
NI01PCGOHLT2023,RA_LIC_CLO,10182.244266585722
NI01PCGOHLT2024,PVFC_LIC_UNWIND,0.0
NI01PCGOHLT2024,PVFC_LIC_EXP_CLAIM_CF_CY,0.0
NI01PCGOHLT2024,PVFC_LIC_EXP_ATTEXP_CY,0.0
NI01PCGOHLT2024,PVFC_LIC_EXP_CLAIM_CF_PY,-2064528.427509629
NI01PCGOHLT2024,PVFC_LIC_EXP_ATTEXP_PY,0.0
NI01PCGOHLT2024,RA_LIC_OP,58676.86595607107
NI01PCGOHLT2024,RA_LIC_UNWIND,1405.7694752436482
NI01PCGOHLT2024,RA_LIC_INCLAIM,71434.20270828645
NI01PCGOHLT2024,RA_LIC_RELEASE_PY,-59995.78151618624
NI01PCGOHLT2024,RA_LIC_DEREC,0.0
NI01PCGOHLT2024,RA_LIC_TASSCHG_PY,3956.409031629518
NI01PCGOHLT2024,RA_LIC_FASSCHG_PY,0.0
NI01PCGOHLT2024,RA_LIC_CLO,75477.46565504446
NI01PCGOHLT2025,PVFC_LIC_UNWIND,0.0
NI01PCGOHLT2025,PVFC_LIC_EXP_CLAIM_CF_CY,0.0
NI01PCGOHLT2025,PVFC_LIC_EXP_ATTEXP_CY,0.0
NI01PCGOHLT2025,PVFC_LIC_EXP_CLAIM_CF_PY,0.0
NI01PCGOHLT2025,PVFC_LIC_EXP_ATTEXP_PY,0.0
NI01PCGOHLT2025,RA_LIC_OP,0.0
NI01PCGOHLT2025,RA_LIC_UNWIND,0.0
NI01PCGOHLT2025,RA_LIC_INCLAIM,0.0
NI01PCGOHLT2025,RA_LIC_RELEASE_PY,0.0
NI01PCGOHLT2025,RA_LIC_DEREC,0.0
NI01PCGOHLT2025,RA_LIC_TASSCHG_PY,0.0
NI01PCGOHLT2025,RA_LIC_FASSCHG_PY,0.0
NI01PCGOHLT2025,RA_LIC_CLO,0.0
NI01PCGOHLT2023,RA_LIC_RELEASE_CY,0.0
NI01PCGOHLT2024,RA_LIC_RELEASE_CY,0.0
NI01PCGOHLT2025,RA_LIC_RELEASE_CY,0.0
NI01PCGOHLT2023,RA_LIC_FEXPVAR_CY,0.0
NI01PCGOHLT2024,RA_LIC_FEXPVAR_CY,0.0
NI01PCGOHLT2025,RA_LIC_FEXPVAR_CY,0.0
NI01PCGOHLT2023,DA_LIC_OP,0.0
NI01PCGOHLT2024,DA_LIC_OP,0.0
NI01PCGOHLT2025,DA_LIC_OP,0.0
NI01PCGOHLT2023,DA_LIC_INCLAIM_INCEXP,0.0
NI01PCGOHLT2024,DA_LIC_INCLAIM_INCEXP,0.0
NI01PCGOHLT2025,DA_LIC_INCLAIM_INCEXP,0.0
NI01PCGOHLT2023,DA_LIC_CHG,0.0
NI01PCGOHLT2024,DA_LIC_CHG,0.0
NI01PCGOHLT2025,DA_LIC_CHG,0.0
NI01PCGOHLT2023,DA_LIC_CLO,0.0
NI01PCGOHLT2024,DA_LIC_CLO,0.0
NI01PCGOHLT2025,DA_LIC_CLO,0.0
NI01PIMEDQS2023,PVFC_LIC_UNWIND,0.0
NI01PIMEDQS2023,PVFC_LIC_EXP_CLAIM_CF_CY,0.0
NI01PIMEDQS2023,PVFC_LIC_EXP_ATTEXP_CY,0.0
NI01PIMEDQS2023,PVFC_LIC_EXP_CLAIM_CF_PY,33868.78377107155
NI01PIMEDQS2023,PVFC_LIC_EXP_ATTEXP_PY,0.0
NI01PIMEDQS2023,RA_LIC_OP,-191.67057715794937
NI01PIMEDQS2023,RA_LIC_UNWIND,-5.584860688792588
NI01PIMEDQS2023,RA_LIC_INCLAIM,-252.44680173368005
NI01PIMEDQS2023,RA_LIC_RELEASE_PY,196.6273451675376
NI01PIMEDQS2023,RA_LIC_DEREC,0.0
NI01PIMEDQS2023,RA_LIC_TASSCHG_PY,-1.306335103582853
NI01PIMEDQS2023,RA_LIC_FASSCHG_PY,0.0
NI01PIMEDQS2023,RA_LIC_CLO,-254.38122951646727
NI01PIMEDQS2024,PVFC_LIC_UNWIND,0.0
NI01PIMEDQS2024,PVFC_LIC_EXP_CLAIM_CF_CY,0.0
NI01PIMEDQS2024,PVFC_LIC_EXP_ATTEXP_CY,0.0
NI01PIMEDQS2024,PVFC_LIC_EXP_CLAIM_CF_PY,590409.2288507068
NI01PIMEDQS2024,PVFC_LIC_EXP_ATTEXP_PY,0.0
NI01PIMEDQS2024,RA_LIC_OP,-3329.433009815648
NI01PIMEDQS2024,RA_LIC_UNWIND,-97.01238347691077
NI01PIMEDQS2024,RA_LIC_INCLAIM,-4385.152522506719
NI01PIMEDQS2024,RA_LIC_RELEASE_PY,3415.5350463296904
NI01PIMEDQS2024,RA_LIC_DEREC,0.0
NI01PIMEDQS2024,RA_LIC_TASSCHG_PY,-22.69182511077605
NI01PIMEDQS2024,RA_LIC_FASSCHG_PY,0.0
NI01PIMEDQS2024,RA_LIC_CLO,-4418.754694580364
NI01PIMEDQS2025,PVFC_LIC_UNWIND,0.0
NI01PIMEDQS2025,PVFC_LIC_EXP_CLAIM_CF_CY,0.0
NI01PIMEDQS2025,PVFC_LIC_EXP_ATTEXP_CY,0.0
NI01PIMEDQS2025,PVFC_LIC_EXP_CLAIM_CF_PY,0.0
NI01PIMEDQS2025,PVFC_LIC_EXP_ATTEXP_PY,0.0
NI01PIMEDQS2025,RA_LIC_OP,0.0
NI01PIMEDQS2025,RA_LIC_UNWIND,0.0
NI01PIMEDQS2025,RA_LIC_INCLAIM,0.0
NI01PIMEDQS2025,RA_LIC_RELEASE_PY,0.0
NI01PIMEDQS2025,RA_LIC_DEREC,0.0
NI01PIMEDQS2025,RA_LIC_TASSCHG_PY,0.0
NI01PIMEDQS2025,RA_LIC_FASSCHG_PY,0.0
NI01PIMEDQS2025,RA_LIC_CLO,0.0
NI01PIMEDQS2023,RA_LIC_RELEASE_CY,0.0
NI01PIMEDQS2024,RA_LIC_RELEASE_CY,0.0
NI01PIMEDQS2025,RA_LIC_RELEASE_CY,0.0
NI01PIMEDQS2023,RA_LIC_FEXPVAR_CY,0.0
NI01PIMEDQS2024,RA_LIC_FEXPVAR_CY,0.0
NI01PIMEDQS2025,RA_LIC_FEXPVAR_CY,0.0
NI01PIMEDQS2023,DA_LIC_OP,12.605003392815021
NI01PIMEDQS2024,DA_LIC_OP,218.95647734337717
NI01PIMEDQS2025,DA_LIC_OP,0.0
NI01PIMEDQS2023,DA_LIC_INCLAIM_INCEXP,19.78216396434732
NI01PIMEDQS2024,DA_LIC_INCLAIM_INCEXP,343.62806584657847
NI01PIMEDQS2025,DA_LIC_INCLAIM_INCEXP,0.0
NI01PIMEDQS2023,DA_LIC_CHG,-12.045193615338958
NI01PIMEDQS2024,DA_LIC_CHG,-209.23224538256648
NI01PIMEDQS2025,DA_LIC_CHG,0.0
NI01PIMEDQS2023,DA_LIC_CLO,20.341973741823377
NI01PIMEDQS2024,DA_LIC_CLO,353.3522978073891
NI01PIMEDQS2025,DA_LIC_CLO,0.0
