GOC_ID,STEP_ID,1
NI01PCBCHLT2023,PVFC_LIC_UNWIND,0.0
NI01PCBCHLT2023,PVFC_LIC_EXP_CLAIM_CF_CY,0.0
NI01PCBCHLT2023,PVFC_LIC_EXP_ATTEXP_CY,0.0
NI01PCBCHLT2023,PVFC_LIC_EXP_CLAIM_CF_PY,-69625.12185977651
NI01PCBCHLT2023,PVFC_LIC_EXP_ATTEXP_PY,0.0
NI01PCBCHLT2023,RA_LIC_OP,1972.1004239748117
NI01PCBCHLT2023,RA_LIC_UNWIND,43.71430754190279
NI01PCBCHLT2023,RA_LIC_INCLAIM,593.4705458887372
NI01PCBCHLT2023,RA_LIC_RELEASE_PY,-1989.9377283687836
NI01PCBCHLT2023,RA_LIC_DEREC,0.0
NI01PCBCHLT2023,RA_LIC_TASSCHG_PY,1810.7026380294483
NI01PCBCHLT2023,RA_LIC_FASSCHG_PY,0.0
NI01PCBCHLT2023,RA_LIC_CLO,2430.050187066117
NI01PCBCHLT2024,PVFC_LIC_UNWIND,0.0
NI01PCBCHLT2024,PVFC_LIC_EXP_CLAIM_CF_CY,0.0
NI01PCBCHLT2024,PVFC_LIC_EXP_ATTEXP_CY,0.0
NI01PCBCHLT2024,PVFC_LIC_EXP_CLAIM_CF_PY,-406066.23401404324
NI01PCBCHLT2024,PVFC_LIC_EXP_ATTEXP_PY,0.0
NI01PCBCHLT2024,RA_LIC_OP,11650.176263175093
NI01PCBCHLT2024,RA_LIC_UNWIND,258.24211682858834
NI01PCBCHLT2024,RA_LIC_INCLAIM,3505.9251458762633
NI01PCBCHLT2024,RA_LIC_RELEASE_PY,-11755.550075645982
NI01PCBCHLT2024,RA_LIC_DEREC,0.0
NI01PCBCHLT2024,RA_LIC_TASSCHG_PY,10696.719414887482
NI01PCBCHLT2024,RA_LIC_FASSCHG_PY,0.0
NI01PCBCHLT2024,RA_LIC_CLO,14355.512865121449
NI01PCBCHLT2025,PVFC_LIC_UNWIND,0.0
NI01PCBCHLT2025,PVFC_LIC_EXP_CLAIM_CF_CY,0.0
NI01PCBCHLT2025,PVFC_LIC_EXP_ATTEXP_CY,0.0
NI01PCBCHLT2025,PVFC_LIC_EXP_CLAIM_CF_PY,0.0
NI01PCBCHLT2025,PVFC_LIC_EXP_ATTEXP_PY,0.0
NI01PCBCHLT2025,RA_LIC_OP,0.0
NI01PCBCHLT2025,RA_LIC_UNWIND,0.0
NI01PCBCHLT2025,RA_LIC_INCLAIM,0.0
NI01PCBCHLT2025,RA_LIC_RELEASE_PY,0.0
NI01PCBCHLT2025,RA_LIC_DEREC,0.0
NI01PCBCHLT2025,RA_LIC_TASSCHG_PY,0.0
NI01PCBCHLT2025,RA_LIC_FASSCHG_PY,0.0
NI01PCBCHLT2025,RA_LIC_CLO,0.0
NI01PCBCHLT2023,RA_LIC_RELEASE_CY,0.0
NI01PCBCHLT2024,RA_LIC_RELEASE_CY,0.0
NI01PCBCHLT2025,RA_LIC_RELEASE_CY,0.0
NI01PCBCHLT2023,RA_LIC_FEXPVAR_CY,0.0
NI01PCBCHLT2024,RA_LIC_FEXPVAR_CY,0.0
NI01PCBCHLT2025,RA_LIC_FEXPVAR_CY,0.0
NI01PCBCHLT2023,DA_LIC_OP,0.0
NI01PCBCHLT2024,DA_LIC_OP,0.0
NI01PCBCHLT2025,DA_LIC_OP,0.0
NI01PCBCHLT2023,DA_LIC_INCLAIM_INCEXP,0.0
NI01PCBCHLT2024,DA_LIC_INCLAIM_INCEXP,0.0
NI01PCBCHLT2025,DA_LIC_INCLAIM_INCEXP,0.0
NI01PCBCHLT2023,DA_LIC_CHG,0.0
NI01PCBCHLT2024,DA_LIC_CHG,0.0
NI01PCBCHLT2025,DA_LIC_CHG,0.0
NI01PCBCHLT2023,DA_LIC_CLO,0.0
NI01PCBCHLT2024,DA_LIC_CLO,0.0
NI01PCBCHLT2025,DA_LIC_CLO,0.0
NI01PCBRHLT2023,PVFC_LIC_UNWIND,0.0
NI01PCBRHLT2023,PVFC_LIC_EXP_CLAIM_CF_CY,0.0
NI01PCBRHLT2023,PVFC_LIC_EXP_ATTEXP_CY,0.0
NI01PCBRHLT2023,PVFC_LIC_EXP_CLAIM_CF_PY,-44638.416713795385
NI01PCBRHLT2023,PVFC_LIC_EXP_ATTEXP_PY,0.0
NI01PCBRHLT2023,RA_LIC_OP,1264.1592761542738
NI01PCBRHLT2023,RA_LIC_UNWIND,28.021822168860602
NI01PCBRHLT2023,RA_LIC_INCLAIM,796.1490962258948
NI01PCBRHLT2023,RA_LIC_RELEASE_PY,-1275.0795436410026
NI01PCBRHLT2023,RA_LIC_DEREC,0.0
NI01PCBRHLT2023,RA_LIC_TASSCHG_PY,362.03757441815526
NI01PCBRHLT2023,RA_LIC_FASSCHG_PY,0.0
NI01PCBRHLT2023,RA_LIC_CLO,1175.2882253261819
NI01PCBRHLT2024,PVFC_LIC_UNWIND,0.0
NI01PCBRHLT2024,PVFC_LIC_EXP_CLAIM_CF_CY,0.0
NI01PCBRHLT2024,PVFC_LIC_EXP_ATTEXP_CY,0.0
NI01PCBRHLT2024,PVFC_LIC_EXP_CLAIM_CF_PY,-413016.7741077834
NI01PCBRHLT2024,PVFC_LIC_EXP_ATTEXP_PY,0.0
NI01PCBRHLT2024,RA_LIC_OP,11849.589586503867
NI01PCBRHLT2024,RA_LIC_UNWIND,262.6623863229651
NI01PCBRHLT2024,RA_LIC_INCLAIM,7462.69890028599
NI01PCBRHLT2024,RA_LIC_RELEASE_PY,-11951.95064996593
NI01PCBRHLT2024,RA_LIC_DEREC,0.0
NI01PCBRHLT2024,RA_LIC_TASSCHG_PY,3393.557087837209
NI01PCBRHLT2024,RA_LIC_FASSCHG_PY,0.0
NI01PCBRHLT2024,RA_LIC_CLO,11016.557310984103
NI01PCBRHLT2025,PVFC_LIC_UNWIND,0.0
NI01PCBRHLT2025,PVFC_LIC_EXP_CLAIM_CF_CY,0.0
NI01PCBRHLT2025,PVFC_LIC_EXP_ATTEXP_CY,0.0
NI01PCBRHLT2025,PVFC_LIC_EXP_CLAIM_CF_PY,0.0
NI01PCBRHLT2025,PVFC_LIC_EXP_ATTEXP_PY,0.0
NI01PCBRHLT2025,RA_LIC_OP,0.0
NI01PCBRHLT2025,RA_LIC_UNWIND,0.0
NI01PCBRHLT2025,RA_LIC_INCLAIM,0.0
NI01PCBRHLT2025,RA_LIC_RELEASE_PY,0.0
NI01PCBRHLT2025,RA_LIC_DEREC,0.0
NI01PCBRHLT2025,RA_LIC_TASSCHG_PY,0.0
NI01PCBRHLT2025,RA_LIC_FASSCHG_PY,0.0
NI01PCBRHLT2025,RA_LIC_CLO,0.0
NI01PCBRHLT2023,RA_LIC_RELEASE_CY,0.0
NI01PCBRHLT2024,RA_LIC_RELEASE_CY,0.0
NI01PCBRHLT2025,RA_LIC_RELEASE_CY,0.0
NI01PCBRHLT2023,RA_LIC_FEXPVAR_CY,0.0
NI01PCBRHLT2024,RA_LIC_FEXPVAR_CY,0.0
NI01PCBRHLT2025,RA_LIC_FEXPVAR_CY,0.0
NI01PCBRHLT2023,DA_LIC_OP,0.0
NI01PCBRHLT2024,DA_LIC_OP,0.0
NI01PCBRHLT2025,DA_LIC_OP,0.0
NI01PCBRHLT2023,DA_LIC_INCLAIM_INCEXP,0.0
NI01PCBRHLT2024,DA_LIC_INCLAIM_INCEXP,0.0
NI01PCBRHLT2025,DA_LIC_INCLAIM_INCEXP,0.0
NI01PCBRHLT2023,DA_LIC_CHG,0.0
NI01PCBRHLT2024,DA_LIC_CHG,0.0
NI01PCBRHLT2025,DA_LIC_CHG,0.0
NI01PCBRHLT2023,DA_LIC_CLO,0.0
NI01PCBRHLT2024,DA_LIC_CLO,0.0
NI01PCBRHLT2025,DA_LIC_CLO,0.0
NI01PCECHLT2023,PVFC_LIC_UNWIND,0.0
NI01PCECHLT2023,PVFC_LIC_EXP_CLAIM_CF_CY,0.0
NI01PCECHLT2023,PVFC_LIC_EXP_ATTEXP_CY,0.0
NI01PCECHLT2023,PVFC_LIC_EXP_CLAIM_CF_PY,-39783.6741108486
NI01PCECHLT2023,PVFC_LIC_EXP_ATTEXP_PY,0.0
NI01PCECHLT2023,RA_LIC_OP,1125.4302315036175
NI01PCECHLT2023,RA_LIC_UNWIND,24.946702844749254
NI01PCECHLT2023,RA_LIC_INCLAIM,391.6497308275498
NI01PCECHLT2023,RA_LIC_RELEASE_PY,-1147.4609787940624
NI01PCECHLT2023,RA_LIC_DEREC,0.0
NI01PCECHLT2023,RA_LIC_TASSCHG_PY,923.0391969082109
NI01PCECHLT2023,RA_LIC_FASSCHG_PY,0.0
NI01PCECHLT2023,RA_LIC_CLO,1317.6048832900653
NI01PCECHLT2024,PVFC_LIC_UNWIND,0.0
NI01PCECHLT2024,PVFC_LIC_EXP_CLAIM_CF_CY,0.0
NI01PCECHLT2024,PVFC_LIC_EXP_ATTEXP_CY,0.0
NI01PCECHLT2024,PVFC_LIC_EXP_CLAIM_CF_PY,-8451.832503191476
NI01PCECHLT2024,PVFC_LIC_EXP_ATTEXP_PY,0.0
NI01PCECHLT2024,RA_LIC_OP,241.90702370203562
NI01PCECHLT2024,RA_LIC_UNWIND,5.362200576653868
NI01PCECHLT2024,RA_LIC_INCLAIM,84.18364645457935
NI01PCECHLT2024,RA_LIC_RELEASE_PY,-246.64245052617812
NI01PCECHLT2024,RA_LIC_DEREC,0.0
NI01PCECHLT2024,RA_LIC_TASSCHG_PY,198.40382694008406
NI01PCECHLT2024,RA_LIC_FASSCHG_PY,0.0
NI01PCECHLT2024,RA_LIC_CLO,283.2142471471748
NI01PCECHLT2025,PVFC_LIC_UNWIND,0.0
NI01PCECHLT2025,PVFC_LIC_EXP_CLAIM_CF_CY,0.0
NI01PCECHLT2025,PVFC_LIC_EXP_ATTEXP_CY,0.0
NI01PCECHLT2025,PVFC_LIC_EXP_CLAIM_CF_PY,0.0
NI01PCECHLT2025,PVFC_LIC_EXP_ATTEXP_PY,0.0
NI01PCECHLT2025,RA_LIC_OP,0.0
NI01PCECHLT2025,RA_LIC_UNWIND,0.0
NI01PCECHLT2025,RA_LIC_INCLAIM,0.0
NI01PCECHLT2025,RA_LIC_RELEASE_PY,0.0
NI01PCECHLT2025,RA_LIC_DEREC,0.0
NI01PCECHLT2025,RA_LIC_TASSCHG_PY,0.0
NI01PCECHLT2025,RA_LIC_FASSCHG_PY,0.0
NI01PCECHLT2025,RA_LIC_CLO,0.0
NI01PCECHLT2023,RA_LIC_RELEASE_CY,0.0
NI01PCECHLT2024,RA_LIC_RELEASE_CY,0.0
NI01PCECHLT2025,RA_LIC_RELEASE_CY,0.0
NI01PCECHLT2023,RA_LIC_FEXPVAR_CY,0.0
NI01PCECHLT2024,RA_LIC_FEXPVAR_CY,0.0
NI01PCECHLT2025,RA_LIC_FEXPVAR_CY,0.0
NI01PCECHLT2023,DA_LIC_OP,0.0
NI01PCECHLT2024,DA_LIC_OP,0.0
NI01PCECHLT2025,DA_LIC_OP,0.0
NI01PCECHLT2023,DA_LIC_INCLAIM_INCEXP,0.0
NI01PCECHLT2024,DA_LIC_INCLAIM_INCEXP,0.0
NI01PCECHLT2025,DA_LIC_INCLAIM_INCEXP,0.0
NI01PCECHLT2023,DA_LIC_CHG,0.0
NI01PCECHLT2024,DA_LIC_CHG,0.0
NI01PCECHLT2025,DA_LIC_CHG,0.0
NI01PCECHLT2023,DA_LIC_CLO,0.0
NI01PCECHLT2024,DA_LIC_CLO,0.0
NI01PCECHLT2025,DA_LIC_CLO,0.0
NI01PCGOHLT2023,PVFC_LIC_UNWIND,0.0
NI01PCGOHLT2023,PVFC_LIC_EXP_CLAIM_CF_CY,0.0
NI01PCGOHLT2023,PVFC_LIC_EXP_ATTEXP_CY,0.0
NI01PCGOHLT2023,PVFC_LIC_EXP_CLAIM_CF_PY,-278040.80513418774
NI01PCGOHLT2023,PVFC_LIC_EXP_ATTEXP_PY,0.0
NI01PCGOHLT2023,RA_LIC_OP,7872.645879562433
NI01PCGOHLT2023,RA_LIC_UNWIND,174.50798091409857
NI01PCGOHLT2023,RA_LIC_INCLAIM,4585.883875741905
NI01PCGOHLT2023,RA_LIC_RELEASE_PY,-7951.469505824813
NI01PCGOHLT2023,RA_LIC_DEREC,0.0
NI01PCGOHLT2023,RA_LIC_TASSCHG_PY,1556.2672320219858
NI01PCGOHLT2023,RA_LIC_FASSCHG_PY,0.0
NI01PCGOHLT2023,RA_LIC_CLO,6237.835462415612
NI01PCGOHLT2024,PVFC_LIC_UNWIND,0.0
NI01PCGOHLT2024,PVFC_LIC_EXP_CLAIM_CF_CY,0.0
NI01PCGOHLT2024,PVFC_LIC_EXP_ATTEXP_CY,0.0
NI01PCGOHLT2024,PVFC_LIC_EXP_CLAIM_CF_PY,-2034780.3668976235
NI01PCGOHLT2024,PVFC_LIC_EXP_ATTEXP_PY,0.0
NI01PCGOHLT2024,RA_LIC_OP,58357.20921948071
NI01PCGOHLT2024,RA_LIC_UNWIND,1293.56748778839
NI01PCGOHLT2024,RA_LIC_INCLAIM,33993.57584311767
NI01PCGOHLT2024,RA_LIC_RELEASE_PY,-58941.50158060079
NI01PCGOHLT2024,RA_LIC_DEREC,0.0
NI01PCGOHLT2024,RA_LIC_TASSCHG_PY,11536.072351012053
NI01PCGOHLT2024,RA_LIC_FASSCHG_PY,0.0
NI01PCGOHLT2024,RA_LIC_CLO,46238.92332079805
NI01PCGOHLT2025,PVFC_LIC_UNWIND,0.0
NI01PCGOHLT2025,PVFC_LIC_EXP_CLAIM_CF_CY,0.0
NI01PCGOHLT2025,PVFC_LIC_EXP_ATTEXP_CY,0.0
NI01PCGOHLT2025,PVFC_LIC_EXP_CLAIM_CF_PY,0.0
NI01PCGOHLT2025,PVFC_LIC_EXP_ATTEXP_PY,0.0
NI01PCGOHLT2025,RA_LIC_OP,0.0
NI01PCGOHLT2025,RA_LIC_UNWIND,0.0
NI01PCGOHLT2025,RA_LIC_INCLAIM,0.0
NI01PCGOHLT2025,RA_LIC_RELEASE_PY,0.0
NI01PCGOHLT2025,RA_LIC_DEREC,0.0
NI01PCGOHLT2025,RA_LIC_TASSCHG_PY,0.0
NI01PCGOHLT2025,RA_LIC_FASSCHG_PY,0.0
NI01PCGOHLT2025,RA_LIC_CLO,0.0
NI01PCGOHLT2023,RA_LIC_RELEASE_CY,0.0
NI01PCGOHLT2024,RA_LIC_RELEASE_CY,0.0
NI01PCGOHLT2025,RA_LIC_RELEASE_CY,0.0
NI01PCGOHLT2023,RA_LIC_FEXPVAR_CY,0.0
NI01PCGOHLT2024,RA_LIC_FEXPVAR_CY,0.0
NI01PCGOHLT2025,RA_LIC_FEXPVAR_CY,0.0
NI01PCGOHLT2023,DA_LIC_OP,0.0
NI01PCGOHLT2024,DA_LIC_OP,0.0
NI01PCGOHLT2025,DA_LIC_OP,0.0
NI01PCGOHLT2023,DA_LIC_INCLAIM_INCEXP,0.0
NI01PCGOHLT2024,DA_LIC_INCLAIM_INCEXP,0.0
NI01PCGOHLT2025,DA_LIC_INCLAIM_INCEXP,0.0
NI01PCGOHLT2023,DA_LIC_CHG,0.0
NI01PCGOHLT2024,DA_LIC_CHG,0.0
NI01PCGOHLT2025,DA_LIC_CHG,0.0
NI01PCGOHLT2023,DA_LIC_CLO,0.0
NI01PCGOHLT2024,DA_LIC_CLO,0.0
NI01PCGOHLT2025,DA_LIC_CLO,0.0
NI01PCPLHLT2023,PVFC_LIC_UNWIND,0.0
NI01PCPLHLT2023,PVFC_LIC_EXP_CLAIM_CF_CY,0.0
NI01PCPLHLT2023,PVFC_LIC_EXP_ATTEXP_CY,0.0
NI01PCPLHLT2023,PVFC_LIC_EXP_CLAIM_CF_PY,-198525.11026838436
NI01PCPLHLT2023,PVFC_LIC_EXP_ATTEXP_PY,0.0
NI01PCPLHLT2023,RA_LIC_OP,5623.813751181678
NI01PCPLHLT2023,RA_LIC_UNWIND,124.65953604027763
NI01PCPLHLT2023,RA_LIC_INCLAIM,5166.023650661213
NI01PCPLHLT2023,RA_LIC_RELEASE_PY,-5674.109850551897
NI01PCPLHLT2023,RA_LIC_DEREC,0.0
NI01PCPLHLT2023,RA_LIC_TASSCHG_PY,2181.3575184995893
NI01PCPLHLT2023,RA_LIC_FASSCHG_PY,0.0
NI01PCPLHLT2023,RA_LIC_CLO,7421.744605830861
NI01PCPLHLT2024,PVFC_LIC_UNWIND,0.0
NI01PCPLHLT2024,PVFC_LIC_EXP_CLAIM_CF_CY,0.0
NI01PCPLHLT2024,PVFC_LIC_EXP_ATTEXP_CY,0.0
NI01PCPLHLT2024,PVFC_LIC_EXP_CLAIM_CF_PY,-2255885.9550627046
NI01PCPLHLT2024,PVFC_LIC_EXP_ATTEXP_PY,0.0
NI01PCPLHLT2024,RA_LIC_OP,64697.211765563836
NI01PCPLHLT2024,RA_LIC_UNWIND,1434.1023295979764
NI01PCPLHLT2024,RA_LIC_INCLAIM,59430.72457591821
NI01PCPLHLT2024,RA_LIC_RELEASE_PY,-65275.82576949546
NI01PCPLHLT2024,RA_LIC_DEREC,0.0
NI01PCPLHLT2024,RA_LIC_TASSCHG_PY,25094.66983701567
NI01PCPLHLT2024,RA_LIC_FASSCHG_PY,0.0
NI01PCPLHLT2024,RA_LIC_CLO,85380.88273860025
NI01PCPLHLT2025,PVFC_LIC_UNWIND,0.0
NI01PCPLHLT2025,PVFC_LIC_EXP_CLAIM_CF_CY,0.0
NI01PCPLHLT2025,PVFC_LIC_EXP_ATTEXP_CY,0.0
NI01PCPLHLT2025,PVFC_LIC_EXP_CLAIM_CF_PY,0.0
NI01PCPLHLT2025,PVFC_LIC_EXP_ATTEXP_PY,0.0
NI01PCPLHLT2025,RA_LIC_OP,0.0
NI01PCPLHLT2025,RA_LIC_UNWIND,0.0
NI01PCPLHLT2025,RA_LIC_INCLAIM,0.0
NI01PCPLHLT2025,RA_LIC_RELEASE_PY,0.0
NI01PCPLHLT2025,RA_LIC_DEREC,0.0
NI01PCPLHLT2025,RA_LIC_TASSCHG_PY,0.0
NI01PCPLHLT2025,RA_LIC_FASSCHG_PY,0.0
NI01PCPLHLT2025,RA_LIC_CLO,0.0
NI01PCPLHLT2023,RA_LIC_RELEASE_CY,0.0
NI01PCPLHLT2024,RA_LIC_RELEASE_CY,0.0
NI01PCPLHLT2025,RA_LIC_RELEASE_CY,0.0
NI01PCPLHLT2023,RA_LIC_FEXPVAR_CY,0.0
NI01PCPLHLT2024,RA_LIC_FEXPVAR_CY,0.0
NI01PCPLHLT2025,RA_LIC_FEXPVAR_CY,0.0
NI01PCPLHLT2023,DA_LIC_OP,0.0
NI01PCPLHLT2024,DA_LIC_OP,0.0
NI01PCPLHLT2025,DA_LIC_OP,0.0
NI01PCPLHLT2023,DA_LIC_INCLAIM_INCEXP,0.0
NI01PCPLHLT2024,DA_LIC_INCLAIM_INCEXP,0.0
NI01PCPLHLT2025,DA_LIC_INCLAIM_INCEXP,0.0
NI01PCPLHLT2023,DA_LIC_CHG,0.0
NI01PCPLHLT2024,DA_LIC_CHG,0.0
NI01PCPLHLT2025,DA_LIC_CHG,0.0
NI01PCPLHLT2023,DA_LIC_CLO,0.0
NI01PCPLHLT2024,DA_LIC_CLO,0.0
NI01PCPLHLT2025,DA_LIC_CLO,0.0
NI01PCSIHLT2023,PVFC_LIC_UNWIND,0.0
NI01PCSIHLT2023,PVFC_LIC_EXP_CLAIM_CF_CY,0.0
NI01PCSIHLT2023,PVFC_LIC_EXP_ATTEXP_CY,0.0
NI01PCSIHLT2023,PVFC_LIC_EXP_CLAIM_CF_PY,-197059.8102514613
NI01PCSIHLT2023,PVFC_LIC_EXP_ATTEXP_PY,0.0
NI01PCSIHLT2023,RA_LIC_OP,4328.055716655244
NI01PCSIHLT2023,RA_LIC_UNWIND,95.93728410393021
NI01PCSIHLT2023,RA_LIC_INCLAIM,2490.9371801282286
NI01PCSIHLT2023,RA_LIC_RELEASE_PY,-4381.4503709682485
NI01PCSIHLT2023,RA_LIC_DEREC,0.0
NI01PCSIHLT2023,RA_LIC_TASSCHG_PY,1903.6536479736315
NI01PCSIHLT2023,RA_LIC_FASSCHG_PY,0.0
NI01PCSIHLT2023,RA_LIC_CLO,4437.133457892787
NI01PCSIHLT2024,PVFC_LIC_UNWIND,0.0
NI01PCSIHLT2024,PVFC_LIC_EXP_CLAIM_CF_CY,0.0
NI01PCSIHLT2024,PVFC_LIC_EXP_ATTEXP_CY,0.0
NI01PCSIHLT2024,PVFC_LIC_EXP_CLAIM_CF_PY,-696532.2982246653
NI01PCSIHLT2024,PVFC_LIC_EXP_ATTEXP_PY,0.0
NI01PCSIHLT2024,RA_LIC_OP,15449.442359209788
NI01PCSIHLT2024,RA_LIC_UNWIND,342.4580545853603
NI01PCSIHLT2024,RA_LIC_INCLAIM,8891.657802997057
NI01PCSIHLT2024,RA_LIC_RELEASE_PY,-15640.040098264812
NI01PCSIHLT2024,RA_LIC_DEREC,0.0
NI01PCSIHLT2024,RA_LIC_TASSCHG_PY,6795.288515600863
NI01PCSIHLT2024,RA_LIC_FASSCHG_PY,0.0
NI01PCSIHLT2024,RA_LIC_CLO,15838.806634128254
NI01PCSIHLT2025,PVFC_LIC_UNWIND,0.0
NI01PCSIHLT2025,PVFC_LIC_EXP_CLAIM_CF_CY,0.0
NI01PCSIHLT2025,PVFC_LIC_EXP_ATTEXP_CY,0.0
NI01PCSIHLT2025,PVFC_LIC_EXP_CLAIM_CF_PY,0.0
NI01PCSIHLT2025,PVFC_LIC_EXP_ATTEXP_PY,0.0
NI01PCSIHLT2025,RA_LIC_OP,0.0
NI01PCSIHLT2025,RA_LIC_UNWIND,0.0
NI01PCSIHLT2025,RA_LIC_INCLAIM,0.0
NI01PCSIHLT2025,RA_LIC_RELEASE_PY,0.0
NI01PCSIHLT2025,RA_LIC_DEREC,0.0
NI01PCSIHLT2025,RA_LIC_TASSCHG_PY,0.0
NI01PCSIHLT2025,RA_LIC_FASSCHG_PY,0.0
NI01PCSIHLT2025,RA_LIC_CLO,0.0
NI01PCSIHLT2023,RA_LIC_RELEASE_CY,0.0
NI01PCSIHLT2024,RA_LIC_RELEASE_CY,0.0
NI01PCSIHLT2025,RA_LIC_RELEASE_CY,0.0
NI01PCSIHLT2023,RA_LIC_FEXPVAR_CY,0.0
NI01PCSIHLT2024,RA_LIC_FEXPVAR_CY,0.0
NI01PCSIHLT2025,RA_LIC_FEXPVAR_CY,0.0
NI01PCSIHLT2023,DA_LIC_OP,0.0
NI01PCSIHLT2024,DA_LIC_OP,0.0
NI01PCSIHLT2025,DA_LIC_OP,0.0
NI01PCSIHLT2023,DA_LIC_INCLAIM_INCEXP,0.0
NI01PCSIHLT2024,DA_LIC_INCLAIM_INCEXP,0.0
NI01PCSIHLT2025,DA_LIC_INCLAIM_INCEXP,0.0
NI01PCSIHLT2023,DA_LIC_CHG,0.0
NI01PCSIHLT2024,DA_LIC_CHG,0.0
NI01PCSIHLT2025,DA_LIC_CHG,0.0
NI01PCSIHLT2023,DA_LIC_CLO,0.0
NI01PCSIHLT2024,DA_LIC_CLO,0.0
NI01PCSIHLT2025,DA_LIC_CLO,0.0
NI01PIMEHLT2023,PVFC_LIC_UNWIND,0.0
NI01PIMEHLT2023,PVFC_LIC_EXP_CLAIM_CF_CY,0.0
NI01PIMEHLT2023,PVFC_LIC_EXP_ATTEXP_CY,0.0
NI01PIMEHLT2023,PVFC_LIC_EXP_CLAIM_CF_PY,-33769.078080643165
NI01PIMEHLT2023,PVFC_LIC_EXP_ATTEXP_PY,0.0
NI01PIMEHLT2023,RA_LIC_OP,191.6705771579494
NI01PIMEHLT2023,RA_LIC_UNWIND,4.248640918462447
NI01PIMEHLT2023,RA_LIC_INCLAIM,421.18491331643855
NI01PIMEHLT2023,RA_LIC_RELEASE_PY,-187.51421704898544
NI01PIMEHLT2023,RA_LIC_DEREC,0.0
NI01PIMEHLT2023,RA_LIC_TASSCHG_PY,255.73088305638598
NI01PIMEHLT2023,RA_LIC_FASSCHG_PY,0.0
NI01PIMEHLT2023,RA_LIC_CLO,685.320797400251
NI01PIMEHLT2024,PVFC_LIC_UNWIND,0.0
NI01PIMEHLT2024,PVFC_LIC_EXP_CLAIM_CF_CY,0.0
NI01PIMEHLT2024,PVFC_LIC_EXP_ATTEXP_CY,0.0
NI01PIMEHLT2024,PVFC_LIC_EXP_CLAIM_CF_PY,-562615.691415116
NI01PIMEHLT2024,PVFC_LIC_EXP_ATTEXP_PY,0.0
NI01PIMEHLT2024,RA_LIC_OP,3329.433009815649
NI01PIMEHLT2024,RA_LIC_UNWIND,73.80144376111234
NI01PIMEHLT2024,RA_LIC_INCLAIM,7316.234835962841
NI01PIMEHLT2024,RA_LIC_RELEASE_PY,-3257.234539123603
NI01PIMEHLT2024,RA_LIC_DEREC,0.0
NI01PIMEHLT2024,RA_LIC_TASSCHG_PY,4442.198986939942
NI01PIMEHLT2024,RA_LIC_FASSCHG_PY,0.0
NI01PIMEHLT2024,RA_LIC_CLO,11904.43373735594
NI01PIMEHLT2025,PVFC_LIC_UNWIND,0.0
NI01PIMEHLT2025,PVFC_LIC_EXP_CLAIM_CF_CY,0.0
NI01PIMEHLT2025,PVFC_LIC_EXP_ATTEXP_CY,0.0
NI01PIMEHLT2025,PVFC_LIC_EXP_CLAIM_CF_PY,0.0
NI01PIMEHLT2025,PVFC_LIC_EXP_ATTEXP_PY,0.0
NI01PIMEHLT2025,RA_LIC_OP,0.0
NI01PIMEHLT2025,RA_LIC_UNWIND,0.0
NI01PIMEHLT2025,RA_LIC_INCLAIM,0.0
NI01PIMEHLT2025,RA_LIC_RELEASE_PY,0.0
NI01PIMEHLT2025,RA_LIC_DEREC,0.0
NI01PIMEHLT2025,RA_LIC_TASSCHG_PY,0.0
NI01PIMEHLT2025,RA_LIC_FASSCHG_PY,0.0
NI01PIMEHLT2025,RA_LIC_CLO,0.0
NI01PIMEHLT2023,RA_LIC_RELEASE_CY,0.0
NI01PIMEHLT2024,RA_LIC_RELEASE_CY,0.0
NI01PIMEHLT2025,RA_LIC_RELEASE_CY,0.0
NI01PIMEHLT2023,RA_LIC_FEXPVAR_CY,0.0
NI01PIMEHLT2024,RA_LIC_FEXPVAR_CY,0.0
NI01PIMEHLT2025,RA_LIC_FEXPVAR_CY,0.0
NI01PIMEHLT2023,DA_LIC_OP,0.0
NI01PIMEHLT2024,DA_LIC_OP,0.0
NI01PIMEHLT2025,DA_LIC_OP,0.0
NI01PIMEHLT2023,DA_LIC_INCLAIM_INCEXP,0.0
NI01PIMEHLT2024,DA_LIC_INCLAIM_INCEXP,0.0
NI01PIMEHLT2025,DA_LIC_INCLAIM_INCEXP,0.0
NI01PIMEHLT2023,DA_LIC_CHG,0.0
NI01PIMEHLT2024,DA_LIC_CHG,0.0
NI01PIMEHLT2025,DA_LIC_CHG,0.0
NI01PIMEHLT2023,DA_LIC_CLO,0.0
NI01PIMEHLT2024,DA_LIC_CLO,0.0
NI01PIMEHLT2025,DA_LIC_CLO,0.0
NI01PPBRHLT2023,PVFC_LIC_UNWIND,0.0
NI01PPBRHLT2023,PVFC_LIC_EXP_CLAIM_CF_CY,0.0
NI01PPBRHLT2023,PVFC_LIC_EXP_ATTEXP_CY,0.0
NI01PPBRHLT2023,PVFC_LIC_EXP_CLAIM_CF_PY,-2326.153370102189
NI01PPBRHLT2023,PVFC_LIC_EXP_ATTEXP_PY,0.0
NI01PPBRHLT2023,RA_LIC_OP,54.688634272490106
NI01PPBRHLT2023,RA_LIC_UNWIND,1.2122484983882325
NI01PPBRHLT2023,RA_LIC_INCLAIM,40.09256761668432
NI01PPBRHLT2023,RA_LIC_RELEASE_PY,-55.329732307836345
NI01PPBRHLT2023,RA_LIC_DEREC,0.0
NI01PPBRHLT2023,RA_LIC_TASSCHG_PY,14.216934995124117
NI01PPBRHLT2023,RA_LIC_FASSCHG_PY,0.0
NI01PPBRHLT2023,RA_LIC_CLO,54.88065307485043
NI01PPBRHLT2024,PVFC_LIC_UNWIND,0.0
NI01PPBRHLT2024,PVFC_LIC_EXP_CLAIM_CF_CY,0.0
NI01PPBRHLT2024,PVFC_LIC_EXP_ATTEXP_CY,0.0
NI01PPBRHLT2024,PVFC_LIC_EXP_CLAIM_CF_PY,-10879.859906111695
NI01PPBRHLT2024,PVFC_LIC_EXP_ATTEXP_PY,0.0
NI01PPBRHLT2024,RA_LIC_OP,258.80624168307594
NI01PPBRHLT2024,RA_LIC_UNWIND,5.736794893991885
NI01PPBRHLT2024,RA_LIC_INCLAIM,189.73241665898
NI01PPBRHLT2024,RA_LIC_RELEASE_PY,-261.8401476360324
NI01PPBRHLT2024,RA_LIC_DEREC,0.0
NI01PPBRHLT2024,RA_LIC_TASSCHG_PY,67.27963795928122
NI01PPBRHLT2024,RA_LIC_FASSCHG_PY,0.0
NI01PPBRHLT2024,RA_LIC_CLO,259.71494355929667
NI01PPBRHLT2025,PVFC_LIC_UNWIND,0.0
NI01PPBRHLT2025,PVFC_LIC_EXP_CLAIM_CF_CY,0.0
NI01PPBRHLT2025,PVFC_LIC_EXP_ATTEXP_CY,0.0
NI01PPBRHLT2025,PVFC_LIC_EXP_CLAIM_CF_PY,0.0
NI01PPBRHLT2025,PVFC_LIC_EXP_ATTEXP_PY,0.0
NI01PPBRHLT2025,RA_LIC_OP,0.0
NI01PPBRHLT2025,RA_LIC_UNWIND,0.0
NI01PPBRHLT2025,RA_LIC_INCLAIM,0.0
NI01PPBRHLT2025,RA_LIC_RELEASE_PY,0.0
NI01PPBRHLT2025,RA_LIC_DEREC,0.0
NI01PPBRHLT2025,RA_LIC_TASSCHG_PY,0.0
NI01PPBRHLT2025,RA_LIC_FASSCHG_PY,0.0
NI01PPBRHLT2025,RA_LIC_CLO,0.0
NI01PPBRHLT2023,RA_LIC_RELEASE_CY,0.0
NI01PPBRHLT2024,RA_LIC_RELEASE_CY,0.0
NI01PPBRHLT2025,RA_LIC_RELEASE_CY,0.0
NI01PPBRHLT2023,RA_LIC_FEXPVAR_CY,0.0
NI01PPBRHLT2024,RA_LIC_FEXPVAR_CY,0.0
NI01PPBRHLT2025,RA_LIC_FEXPVAR_CY,0.0
NI01PPBRHLT2023,DA_LIC_OP,0.0
NI01PPBRHLT2024,DA_LIC_OP,0.0
NI01PPBRHLT2025,DA_LIC_OP,0.0
NI01PPBRHLT2023,DA_LIC_INCLAIM_INCEXP,0.0
NI01PPBRHLT2024,DA_LIC_INCLAIM_INCEXP,0.0
NI01PPBRHLT2025,DA_LIC_INCLAIM_INCEXP,0.0
NI01PPBRHLT2023,DA_LIC_CHG,0.0
NI01PPBRHLT2024,DA_LIC_CHG,0.0
NI01PPBRHLT2025,DA_LIC_CHG,0.0
NI01PPBRHLT2023,DA_LIC_CLO,0.0
NI01PPBRHLT2024,DA_LIC_CLO,0.0
NI01PPBRHLT2025,DA_LIC_CLO,0.0
NI01PPGOHLT2023,PVFC_LIC_UNWIND,0.0
NI01PPGOHLT2023,PVFC_LIC_EXP_CLAIM_CF_CY,0.0
NI01PPGOHLT2023,PVFC_LIC_EXP_ATTEXP_CY,0.0
NI01PPGOHLT2023,PVFC_LIC_EXP_CLAIM_CF_PY,-1539.3409655769563
NI01PPGOHLT2023,PVFC_LIC_EXP_ATTEXP_PY,0.0
NI01PPGOHLT2023,RA_LIC_OP,43.56344185850599
NI01PPGOHLT2023,RA_LIC_UNWIND,0.9656433677694147
NI01PPGOHLT2023,RA_LIC_INCLAIM,72.59490027285679
NI01PPGOHLT2023,RA_LIC_RELEASE_PY,-44.07386247951445
NI01PPGOHLT2023,RA_LIC_DEREC,0.0
NI01PPGOHLT2023,RA_LIC_TASSCHG_PY,32.556711166609695
NI01PPGOHLT2023,RA_LIC_FASSCHG_PY,0.0
NI01PPGOHLT2023,RA_LIC_CLO,105.60683418622746
NI01PPGOHLT2024,PVFC_LIC_UNWIND,0.0
NI01PPGOHLT2024,PVFC_LIC_EXP_CLAIM_CF_CY,0.0
NI01PPGOHLT2024,PVFC_LIC_EXP_ATTEXP_CY,0.0
NI01PPGOHLT2024,PVFC_LIC_EXP_CLAIM_CF_PY,-70922.35900359308
NI01PPGOHLT2024,PVFC_LIC_EXP_ATTEXP_PY,0.0
NI01PPGOHLT2024,RA_LIC_OP,2026.9556158413586
NI01PPGOHLT2024,RA_LIC_UNWIND,44.930248017535874
NI01PPGOHLT2024,RA_LIC_INCLAIM,3377.7551660734844
NI01PPGOHLT2024,RA_LIC_RELEASE_PY,-2050.7048858727467
NI01PPGOHLT2024,RA_LIC_DEREC,0.0
NI01PPGOHLT2024,RA_LIC_TASSCHG_PY,1514.825406744107
NI01PPGOHLT2024,RA_LIC_FASSCHG_PY,0.0
NI01PPGOHLT2024,RA_LIC_CLO,4913.76155080374
NI01PPGOHLT2025,PVFC_LIC_UNWIND,0.0
NI01PPGOHLT2025,PVFC_LIC_EXP_CLAIM_CF_CY,0.0
NI01PPGOHLT2025,PVFC_LIC_EXP_ATTEXP_CY,0.0
NI01PPGOHLT2025,PVFC_LIC_EXP_CLAIM_CF_PY,0.0
NI01PPGOHLT2025,PVFC_LIC_EXP_ATTEXP_PY,0.0
NI01PPGOHLT2025,RA_LIC_OP,0.0
NI01PPGOHLT2025,RA_LIC_UNWIND,0.0
NI01PPGOHLT2025,RA_LIC_INCLAIM,0.0
NI01PPGOHLT2025,RA_LIC_RELEASE_PY,0.0
NI01PPGOHLT2025,RA_LIC_DEREC,0.0
NI01PPGOHLT2025,RA_LIC_TASSCHG_PY,0.0
NI01PPGOHLT2025,RA_LIC_FASSCHG_PY,0.0
NI01PPGOHLT2025,RA_LIC_CLO,0.0
NI01PPGOHLT2023,RA_LIC_RELEASE_CY,0.0
NI01PPGOHLT2024,RA_LIC_RELEASE_CY,0.0
NI01PPGOHLT2025,RA_LIC_RELEASE_CY,0.0
NI01PPGOHLT2023,RA_LIC_FEXPVAR_CY,0.0
NI01PPGOHLT2024,RA_LIC_FEXPVAR_CY,0.0
NI01PPGOHLT2025,RA_LIC_FEXPVAR_CY,0.0
NI01PPGOHLT2023,DA_LIC_OP,0.0
NI01PPGOHLT2024,DA_LIC_OP,0.0
NI01PPGOHLT2025,DA_LIC_OP,0.0
NI01PPGOHLT2023,DA_LIC_INCLAIM_INCEXP,0.0
NI01PPGOHLT2024,DA_LIC_INCLAIM_INCEXP,0.0
NI01PPGOHLT2025,DA_LIC_INCLAIM_INCEXP,0.0
NI01PPGOHLT2023,DA_LIC_CHG,0.0
NI01PPGOHLT2024,DA_LIC_CHG,0.0
NI01PPGOHLT2025,DA_LIC_CHG,0.0
NI01PPGOHLT2023,DA_LIC_CLO,0.0
NI01PPGOHLT2024,DA_LIC_CLO,0.0
NI01PPGOHLT2025,DA_LIC_CLO,0.0
NI01PPPLHLT2023,PVFC_LIC_UNWIND,0.0
NI01PPPLHLT2023,PVFC_LIC_EXP_CLAIM_CF_CY,0.0
NI01PPPLHLT2023,PVFC_LIC_EXP_ATTEXP_CY,0.0
NI01PPPLHLT2023,PVFC_LIC_EXP_CLAIM_CF_PY,-5418.054179450428
NI01PPPLHLT2023,PVFC_LIC_EXP_ATTEXP_PY,0.0
NI01PPPLHLT2023,RA_LIC_OP,153.22529401889005
NI01PPPLHLT2023,RA_LIC_UNWIND,3.3964485502416313
NI01PPPLHLT2023,RA_LIC_INCLAIM,124.75964975867063
NI01PPPLHLT2023,RA_LIC_RELEASE_PY,-155.36035791251493
NI01PPPLHLT2023,RA_LIC_DEREC,0.0
NI01PPPLHLT2023,RA_LIC_TASSCHG_PY,52.31791923915226
NI01PPPLHLT2023,RA_LIC_FASSCHG_PY,0.0
NI01PPPLHLT2023,RA_LIC_CLO,178.33895365443965
NI01PPPLHLT2024,PVFC_LIC_UNWIND,0.0
NI01PPPLHLT2024,PVFC_LIC_EXP_CLAIM_CF_CY,0.0
NI01PPPLHLT2024,PVFC_LIC_EXP_ATTEXP_CY,0.0
NI01PPPLHLT2024,PVFC_LIC_EXP_CLAIM_CF_PY,-40258.12984497234
NI01PPPLHLT2024,PVFC_LIC_EXP_ATTEXP_PY,0.0
NI01PPPLHLT2024,RA_LIC_OP,1151.7549332256588
NI01PPPLHLT2024,RA_LIC_UNWIND,25.530225921483098
NI01PPPLHLT2024,RA_LIC_INCLAIM,937.7860424228618
NI01PPPLHLT2024,RA_LIC_RELEASE_PY,-1167.8036566951096
NI01PPPLHLT2024,RA_LIC_DEREC,0.0
NI01PPPLHLT2024,RA_LIC_TASSCHG_PY,393.2602770686576
NI01PPPLHLT2024,RA_LIC_FASSCHG_PY,0.0
NI01PPPLHLT2024,RA_LIC_CLO,1340.5278219435518
NI01PPPLHLT2025,PVFC_LIC_UNWIND,0.0
NI01PPPLHLT2025,PVFC_LIC_EXP_CLAIM_CF_CY,0.0
NI01PPPLHLT2025,PVFC_LIC_EXP_ATTEXP_CY,0.0
NI01PPPLHLT2025,PVFC_LIC_EXP_CLAIM_CF_PY,0.0
NI01PPPLHLT2025,PVFC_LIC_EXP_ATTEXP_PY,0.0
NI01PPPLHLT2025,RA_LIC_OP,0.0
NI01PPPLHLT2025,RA_LIC_UNWIND,0.0
NI01PPPLHLT2025,RA_LIC_INCLAIM,0.0
NI01PPPLHLT2025,RA_LIC_RELEASE_PY,0.0
NI01PPPLHLT2025,RA_LIC_DEREC,0.0
NI01PPPLHLT2025,RA_LIC_TASSCHG_PY,0.0
NI01PPPLHLT2025,RA_LIC_FASSCHG_PY,0.0
NI01PPPLHLT2025,RA_LIC_CLO,0.0
NI01PPPLHLT2023,RA_LIC_RELEASE_CY,0.0
NI01PPPLHLT2024,RA_LIC_RELEASE_CY,0.0
NI01PPPLHLT2025,RA_LIC_RELEASE_CY,0.0
NI01PPPLHLT2023,RA_LIC_FEXPVAR_CY,0.0
NI01PPPLHLT2024,RA_LIC_FEXPVAR_CY,0.0
NI01PPPLHLT2025,RA_LIC_FEXPVAR_CY,0.0
NI01PPPLHLT2023,DA_LIC_OP,0.0
NI01PPPLHLT2024,DA_LIC_OP,0.0
NI01PPPLHLT2025,DA_LIC_OP,0.0
NI01PPPLHLT2023,DA_LIC_INCLAIM_INCEXP,0.0
NI01PPPLHLT2024,DA_LIC_INCLAIM_INCEXP,0.0
NI01PPPLHLT2025,DA_LIC_INCLAIM_INCEXP,0.0
NI01PPPLHLT2023,DA_LIC_CHG,0.0
NI01PPPLHLT2024,DA_LIC_CHG,0.0
NI01PPPLHLT2025,DA_LIC_CHG,0.0
NI01PPPLHLT2023,DA_LIC_CLO,0.0
NI01PPPLHLT2024,DA_LIC_CLO,0.0
NI01PPPLHLT2025,DA_LIC_CLO,0.0
NI01PPSIHLT2023,PVFC_LIC_UNWIND,0.0
NI01PPSIHLT2023,PVFC_LIC_EXP_CLAIM_CF_CY,0.0
NI01PPSIHLT2023,PVFC_LIC_EXP_ATTEXP_CY,0.0
NI01PPSIHLT2023,PVFC_LIC_EXP_CLAIM_CF_PY,0.0
NI01PPSIHLT2023,PVFC_LIC_EXP_ATTEXP_PY,0.0
NI01PPSIHLT2023,RA_LIC_OP,0.0
NI01PPSIHLT2023,RA_LIC_UNWIND,0.0
NI01PPSIHLT2023,RA_LIC_INCLAIM,0.0
NI01PPSIHLT2023,RA_LIC_RELEASE_PY,0.0
NI01PPSIHLT2023,RA_LIC_DEREC,0.0
NI01PPSIHLT2023,RA_LIC_TASSCHG_PY,0.0
NI01PPSIHLT2023,RA_LIC_FASSCHG_PY,0.0
NI01PPSIHLT2023,RA_LIC_CLO,0.0
NI01PPSIHLT2024,PVFC_LIC_UNWIND,0.0
NI01PPSIHLT2024,PVFC_LIC_EXP_CLAIM_CF_CY,0.0
NI01PPSIHLT2024,PVFC_LIC_EXP_ATTEXP_CY,0.0
NI01PPSIHLT2024,PVFC_LIC_EXP_CLAIM_CF_PY,-30581.74391147129
NI01PPSIHLT2024,PVFC_LIC_EXP_ATTEXP_PY,0.0
NI01PPSIHLT2024,RA_LIC_OP,875.2923393833696
NI01PPSIHLT2024,RA_LIC_UNWIND,19.402053793871495
NI01PPSIHLT2024,RA_LIC_INCLAIM,1573.6443956828307
NI01PPSIHLT2024,RA_LIC_RELEASE_PY,-883.7495199010198
NI01PPSIHLT2024,RA_LIC_DEREC,0.0
NI01PPSIHLT2024,RA_LIC_TASSCHG_PY,629.4633970941283
NI01PPSIHLT2024,RA_LIC_FASSCHG_PY,0.0
NI01PPSIHLT2024,RA_LIC_CLO,2214.0526660531805
NI01PPSIHLT2025,PVFC_LIC_UNWIND,0.0
NI01PPSIHLT2025,PVFC_LIC_EXP_CLAIM_CF_CY,0.0
NI01PPSIHLT2025,PVFC_LIC_EXP_ATTEXP_CY,0.0
NI01PPSIHLT2025,PVFC_LIC_EXP_CLAIM_CF_PY,0.0
NI01PPSIHLT2025,PVFC_LIC_EXP_ATTEXP_PY,0.0
NI01PPSIHLT2025,RA_LIC_OP,0.0
NI01PPSIHLT2025,RA_LIC_UNWIND,0.0
NI01PPSIHLT2025,RA_LIC_INCLAIM,0.0
NI01PPSIHLT2025,RA_LIC_RELEASE_PY,0.0
NI01PPSIHLT2025,RA_LIC_DEREC,0.0
NI01PPSIHLT2025,RA_LIC_TASSCHG_PY,0.0
NI01PPSIHLT2025,RA_LIC_FASSCHG_PY,0.0
NI01PPSIHLT2025,RA_LIC_CLO,0.0
NI01PPSIHLT2023,RA_LIC_RELEASE_CY,0.0
NI01PPSIHLT2024,RA_LIC_RELEASE_CY,0.0
NI01PPSIHLT2025,RA_LIC_RELEASE_CY,0.0
NI01PPSIHLT2023,RA_LIC_FEXPVAR_CY,0.0
NI01PPSIHLT2024,RA_LIC_FEXPVAR_CY,0.0
NI01PPSIHLT2025,RA_LIC_FEXPVAR_CY,0.0
NI01PPSIHLT2023,DA_LIC_OP,0.0
NI01PPSIHLT2024,DA_LIC_OP,0.0
NI01PPSIHLT2025,DA_LIC_OP,0.0
NI01PPSIHLT2023,DA_LIC_INCLAIM_INCEXP,0.0
NI01PPSIHLT2024,DA_LIC_INCLAIM_INCEXP,0.0
NI01PPSIHLT2025,DA_LIC_INCLAIM_INCEXP,0.0
NI01PPSIHLT2023,DA_LIC_CHG,0.0
NI01PPSIHLT2024,DA_LIC_CHG,0.0
NI01PPSIHLT2025,DA_LIC_CHG,0.0
NI01PPSIHLT2023,DA_LIC_CLO,0.0
NI01PPSIHLT2024,DA_LIC_CLO,0.0
NI01PPSIHLT2025,DA_LIC_CLO,0.0
NI01PIMEDQS2023,PVFC_LIC_UNWIND,0.0
NI01PIMEDQS2023,PVFC_LIC_EXP_CLAIM_CF_CY,0.0
NI01PIMEDQS2023,PVFC_LIC_EXP_ATTEXP_CY,0.0
NI01PIMEDQS2023,PVFC_LIC_EXP_CLAIM_CF_PY,33769.078080643165
NI01PIMEDQS2023,PVFC_LIC_EXP_ATTEXP_PY,0.0
NI01PIMEDQS2023,RA_LIC_OP,-191.6705771579494
NI01PIMEDQS2023,RA_LIC_UNWIND,-4.248640918462447
NI01PIMEDQS2023,RA_LIC_INCLAIM,-214.87355682857645
NI01PIMEDQS2023,RA_LIC_RELEASE_PY,187.51421704898544
NI01PIMEDQS2023,RA_LIC_DEREC,0.0
NI01PIMEDQS2023,RA_LIC_TASSCHG_PY,-50.17288627588137
NI01PIMEDQS2023,RA_LIC_FASSCHG_PY,0.0
NI01PIMEDQS2023,RA_LIC_CLO,-273.4514441318843
NI01PIMEDQS2024,PVFC_LIC_UNWIND,0.0
NI01PIMEDQS2024,PVFC_LIC_EXP_CLAIM_CF_CY,0.0
NI01PIMEDQS2024,PVFC_LIC_EXP_ATTEXP_CY,0.0
NI01PIMEDQS2024,PVFC_LIC_EXP_CLAIM_CF_PY,562615.691415116
NI01PIMEDQS2024,PVFC_LIC_EXP_ATTEXP_PY,0.0
NI01PIMEDQS2024,RA_LIC_OP,-3329.433009815649
NI01PIMEDQS2024,RA_LIC_UNWIND,-73.80144376111234
NI01PIMEDQS2024,RA_LIC_INCLAIM,-3732.482698437422
NI01PIMEDQS2024,RA_LIC_RELEASE_PY,3257.234539123603
NI01PIMEDQS2024,RA_LIC_DEREC,0.0
NI01PIMEDQS2024,RA_LIC_TASSCHG_PY,-871.5331598703739
NI01PIMEDQS2024,RA_LIC_FASSCHG_PY,0.0
NI01PIMEDQS2024,RA_LIC_CLO,-4750.015772760952
NI01PIMEDQS2025,PVFC_LIC_UNWIND,0.0
NI01PIMEDQS2025,PVFC_LIC_EXP_CLAIM_CF_CY,0.0
NI01PIMEDQS2025,PVFC_LIC_EXP_ATTEXP_CY,0.0
NI01PIMEDQS2025,PVFC_LIC_EXP_CLAIM_CF_PY,0.0
NI01PIMEDQS2025,PVFC_LIC_EXP_ATTEXP_PY,0.0
NI01PIMEDQS2025,RA_LIC_OP,0.0
NI01PIMEDQS2025,RA_LIC_UNWIND,0.0
NI01PIMEDQS2025,RA_LIC_INCLAIM,0.0
NI01PIMEDQS2025,RA_LIC_RELEASE_PY,0.0
NI01PIMEDQS2025,RA_LIC_DEREC,0.0
NI01PIMEDQS2025,RA_LIC_TASSCHG_PY,0.0
NI01PIMEDQS2025,RA_LIC_FASSCHG_PY,0.0
NI01PIMEDQS2025,RA_LIC_CLO,0.0
NI01PIMEDQS2023,RA_LIC_RELEASE_CY,0.0
NI01PIMEDQS2024,RA_LIC_RELEASE_CY,0.0
NI01PIMEDQS2025,RA_LIC_RELEASE_CY,0.0
NI01PIMEDQS2023,RA_LIC_FEXPVAR_CY,0.0
NI01PIMEDQS2024,RA_LIC_FEXPVAR_CY,0.0
NI01PIMEDQS2025,RA_LIC_FEXPVAR_CY,0.0
NI01PIMEDQS2023,DA_LIC_OP,12.605003392815021
NI01PIMEDQS2024,DA_LIC_OP,218.95647734337717
NI01PIMEDQS2025,DA_LIC_OP,0.0
NI01PIMEDQS2023,DA_LIC_INCLAIM_INCEXP,11.744803386886385
NI01PIMEDQS2024,DA_LIC_INCLAIM_INCEXP,204.01428675132658
NI01PIMEDQS2025,DA_LIC_INCLAIM_INCEXP,0.0
NI01PIMEDQS2023,DA_LIC_CHG,-8.982261225686164
NI01PIMEDQS2024,DA_LIC_CHG,-156.02727070072035
NI01PIMEDQS2025,DA_LIC_CHG,0.0
NI01PIMEDQS2023,DA_LIC_CLO,15.36754555401524
NI01PIMEDQS2024,DA_LIC_CLO,266.9434933939834
NI01PIMEDQS2025,DA_LIC_CLO,0.0
