GOC_ID,STEP_ID,1
NI01PCBCHLT2023,PVFC_LIC_UNWIND,0.0
NI01PCBCHLT2023,PVFC_LIC_EXP_CLAIM_CF_CY,0.0
NI01PCBCHLT2023,PVFC_LIC_EXP_ATTEXP_CY,0.0
NI01PCBCHLT2023,PVFC_LIC_EXP_CLAIM_CF_PY,-69734.47765088601
NI01PCBCHLT2023,PVFC_LIC_EXP_ATTEXP_PY,0.0
NI01PCBCHLT2023,RA_LIC_OP,0.0
NI01PCBCHLT2023,RA_LIC_UNWIND,0.0
NI01PCBCHLT2023,RA_LIC_INCLAIM,0.0
NI01PCBCHLT2023,RA_LIC_RELEASE_PY,0.0
NI01PCBCHLT2023,RA_LIC_DEREC,0.0
NI01PCBCHLT2023,RA_LIC_TASSCHG_PY,0.0
NI01PCBCHLT2023,RA_LIC_FASSCHG_PY,0.0
NI01PCBCHLT2023,RA_LIC_CLO,0.0
NI01PCBCHLT2024,PVFC_LIC_UNWIND,0.0
NI01PCBCHLT2024,PVFC_LIC_EXP_CLAIM_CF_CY,0.0
NI01PCBCHLT2024,PVFC_LIC_EXP_ATTEXP_CY,0.0
NI01PCBCHLT2024,PVFC_LIC_EXP_CLAIM_CF_PY,-411367.65123617527
NI01PCBCHLT2024,PVFC_LIC_EXP_ATTEXP_PY,0.0
NI01PCBCHLT2024,RA_LIC_OP,1913.3254795000398
NI01PCBCHLT2024,RA_LIC_UNWIND,19.564099475177983
NI01PCBCHLT2024,RA_LIC_INCLAIM,0.0
NI01PCBCHLT2024,RA_LIC_RELEASE_PY,-1927.0930195830806
NI01PCBCHLT2024,RA_LIC_DEREC,0.0
NI01PCBCHLT2024,RA_LIC_TASSCHG_PY,-5.796559392137094
NI01PCBCHLT2024,RA_LIC_FASSCHG_PY,0.0
NI01PCBCHLT2024,RA_LIC_CLO,0.0
NI01PCBCHLT2025,PVFC_LIC_UNWIND,0.0
NI01PCBCHLT2025,PVFC_LIC_EXP_CLAIM_CF_CY,0.0
NI01PCBCHLT2025,PVFC_LIC_EXP_ATTEXP_CY,0.0
NI01PCBCHLT2025,PVFC_LIC_EXP_CLAIM_CF_PY,0.0
NI01PCBCHLT2025,PVFC_LIC_EXP_ATTEXP_PY,0.0
NI01PCBCHLT2025,RA_LIC_OP,0.0
NI01PCBCHLT2025,RA_LIC_UNWIND,0.0
NI01PCBCHLT2025,RA_LIC_INCLAIM,0.0
NI01PCBCHLT2025,RA_LIC_RELEASE_PY,0.0
NI01PCBCHLT2025,RA_LIC_DEREC,0.0
NI01PCBCHLT2025,RA_LIC_TASSCHG_PY,0.0
NI01PCBCHLT2025,RA_LIC_FASSCHG_PY,0.0
NI01PCBCHLT2025,RA_LIC_CLO,0.0
NI01PCBCHLT2023,RA_LIC_RELEASE_CY,0.0
NI01PCBCHLT2024,RA_LIC_RELEASE_CY,0.0
NI01PCBCHLT2025,RA_LIC_RELEASE_CY,0.0
NI01PCBCHLT2023,RA_LIC_FEXPVAR_CY,0.0
NI01PCBCHLT2024,RA_LIC_FEXPVAR_CY,0.0
NI01PCBCHLT2025,RA_LIC_FEXPVAR_CY,0.0
NI01PCBCHLT2023,DA_LIC_OP,0.0
NI01PCBCHLT2024,DA_LIC_OP,0.0
NI01PCBCHLT2025,DA_LIC_OP,0.0
NI01PCBCHLT2023,DA_LIC_INCLAIM_INCEXP,0.0
NI01PCBCHLT2024,DA_LIC_INCLAIM_INCEXP,0.0
NI01PCBCHLT2025,DA_LIC_INCLAIM_INCEXP,0.0
NI01PCBCHLT2023,DA_LIC_CHG,0.0
NI01PCBCHLT2024,DA_LIC_CHG,0.0
NI01PCBCHLT2025,DA_LIC_CHG,0.0
NI01PCBCHLT2023,DA_LIC_CLO,0.0
NI01PCBCHLT2024,DA_LIC_CLO,0.0
NI01PCBCHLT2025,DA_LIC_CLO,0.0
NI01PCBRHLT2023,PVFC_LIC_UNWIND,0.0
NI01PCBRHLT2023,PVFC_LIC_EXP_CLAIM_CF_CY,0.0
NI01PCBRHLT2023,PVFC_LIC_EXP_ATTEXP_CY,0.0
NI01PCBRHLT2023,PVFC_LIC_EXP_CLAIM_CF_PY,-52292.46233361396
NI01PCBRHLT2023,PVFC_LIC_EXP_ATTEXP_PY,0.0
NI01PCBRHLT2023,RA_LIC_OP,0.0
NI01PCBRHLT2023,RA_LIC_UNWIND,0.0
NI01PCBRHLT2023,RA_LIC_INCLAIM,0.0
NI01PCBRHLT2023,RA_LIC_RELEASE_PY,0.0
NI01PCBRHLT2023,RA_LIC_DEREC,0.0
NI01PCBRHLT2023,RA_LIC_TASSCHG_PY,0.0
NI01PCBRHLT2023,RA_LIC_FASSCHG_PY,0.0
NI01PCBRHLT2023,RA_LIC_CLO,0.0
NI01PCBRHLT2024,PVFC_LIC_UNWIND,0.0
NI01PCBRHLT2024,PVFC_LIC_EXP_CLAIM_CF_CY,0.0
NI01PCBRHLT2024,PVFC_LIC_EXP_ATTEXP_CY,0.0
NI01PCBRHLT2024,PVFC_LIC_EXP_CLAIM_CF_PY,-418408.9344399541
NI01PCBRHLT2024,PVFC_LIC_EXP_ATTEXP_PY,0.0
NI01PCBRHLT2024,RA_LIC_OP,1434.660166598416
NI01PCBRHLT2024,RA_LIC_UNWIND,14.669659978468978
NI01PCBRHLT2024,RA_LIC_INCLAIM,0.0
NI01PCBRHLT2024,RA_LIC_RELEASE_PY,-1444.8463563242167
NI01PCBRHLT2024,RA_LIC_DEREC,0.0
NI01PCBRHLT2024,RA_LIC_TASSCHG_PY,-4.483470252668365
NI01PCBRHLT2024,RA_LIC_FASSCHG_PY,0.0
NI01PCBRHLT2024,RA_LIC_CLO,0.0
NI01PCBRHLT2025,PVFC_LIC_UNWIND,0.0
NI01PCBRHLT2025,PVFC_LIC_EXP_CLAIM_CF_CY,0.0
NI01PCBRHLT2025,PVFC_LIC_EXP_ATTEXP_CY,0.0
NI01PCBRHLT2025,PVFC_LIC_EXP_CLAIM_CF_PY,0.0
NI01PCBRHLT2025,PVFC_LIC_EXP_ATTEXP_PY,0.0
NI01PCBRHLT2025,RA_LIC_OP,0.0
NI01PCBRHLT2025,RA_LIC_UNWIND,0.0
NI01PCBRHLT2025,RA_LIC_INCLAIM,0.0
NI01PCBRHLT2025,RA_LIC_RELEASE_PY,0.0
NI01PCBRHLT2025,RA_LIC_DEREC,0.0
NI01PCBRHLT2025,RA_LIC_TASSCHG_PY,0.0
NI01PCBRHLT2025,RA_LIC_FASSCHG_PY,0.0
NI01PCBRHLT2025,RA_LIC_CLO,0.0
NI01PCBRHLT2023,RA_LIC_RELEASE_CY,0.0
NI01PCBRHLT2024,RA_LIC_RELEASE_CY,0.0
NI01PCBRHLT2025,RA_LIC_RELEASE_CY,0.0
NI01PCBRHLT2023,RA_LIC_FEXPVAR_CY,0.0
NI01PCBRHLT2024,RA_LIC_FEXPVAR_CY,0.0
NI01PCBRHLT2025,RA_LIC_FEXPVAR_CY,0.0
NI01PCBRHLT2023,DA_LIC_OP,0.0
NI01PCBRHLT2024,DA_LIC_OP,0.0
NI01PCBRHLT2025,DA_LIC_OP,0.0
NI01PCBRHLT2023,DA_LIC_INCLAIM_INCEXP,0.0
NI01PCBRHLT2024,DA_LIC_INCLAIM_INCEXP,0.0
NI01PCBRHLT2025,DA_LIC_INCLAIM_INCEXP,0.0
NI01PCBRHLT2023,DA_LIC_CHG,0.0
NI01PCBRHLT2024,DA_LIC_CHG,0.0
NI01PCBRHLT2025,DA_LIC_CHG,0.0
NI01PCBRHLT2023,DA_LIC_CLO,0.0
NI01PCBRHLT2024,DA_LIC_CLO,0.0
NI01PCBRHLT2025,DA_LIC_CLO,0.0
NI01PCECHLT2023,PVFC_LIC_UNWIND,0.0
NI01PCECHLT2023,PVFC_LIC_EXP_CLAIM_CF_CY,0.0
NI01PCECHLT2023,PVFC_LIC_EXP_ATTEXP_CY,0.0
NI01PCECHLT2023,PVFC_LIC_EXP_CLAIM_CF_PY,-39802.48968090447
NI01PCECHLT2023,PVFC_LIC_EXP_ATTEXP_PY,0.0
NI01PCECHLT2023,RA_LIC_OP,0.0
NI01PCECHLT2023,RA_LIC_UNWIND,0.0
NI01PCECHLT2023,RA_LIC_INCLAIM,0.0
NI01PCECHLT2023,RA_LIC_RELEASE_PY,0.0
NI01PCECHLT2023,RA_LIC_DEREC,0.0
NI01PCECHLT2023,RA_LIC_TASSCHG_PY,0.0
NI01PCECHLT2023,RA_LIC_FASSCHG_PY,0.0
NI01PCECHLT2023,RA_LIC_CLO,0.0
NI01PCECHLT2024,PVFC_LIC_UNWIND,0.0
NI01PCECHLT2024,PVFC_LIC_EXP_CLAIM_CF_CY,0.0
NI01PCECHLT2024,PVFC_LIC_EXP_ATTEXP_CY,0.0
NI01PCECHLT2024,PVFC_LIC_EXP_CLAIM_CF_PY,-8557.815285027518
NI01PCECHLT2024,PVFC_LIC_EXP_ATTEXP_PY,0.0
NI01PCECHLT2024,RA_LIC_OP,1091.7648398718554
NI01PCECHLT2024,RA_LIC_UNWIND,11.1634931743734
NI01PCECHLT2024,RA_LIC_INCLAIM,0.0
NI01PCECHLT2024,RA_LIC_RELEASE_PY,-1102.6987725073054
NI01PCECHLT2024,RA_LIC_DEREC,0.0
NI01PCECHLT2024,RA_LIC_TASSCHG_PY,-0.22956053892317746
NI01PCECHLT2024,RA_LIC_FASSCHG_PY,0.0
NI01PCECHLT2024,RA_LIC_CLO,0.0
NI01PCECHLT2025,PVFC_LIC_UNWIND,0.0
NI01PCECHLT2025,PVFC_LIC_EXP_CLAIM_CF_CY,0.0
NI01PCECHLT2025,PVFC_LIC_EXP_ATTEXP_CY,0.0
NI01PCECHLT2025,PVFC_LIC_EXP_CLAIM_CF_PY,0.0
NI01PCECHLT2025,PVFC_LIC_EXP_ATTEXP_PY,0.0
NI01PCECHLT2025,RA_LIC_OP,0.0
NI01PCECHLT2025,RA_LIC_UNWIND,0.0
NI01PCECHLT2025,RA_LIC_INCLAIM,0.0
NI01PCECHLT2025,RA_LIC_RELEASE_PY,0.0
NI01PCECHLT2025,RA_LIC_DEREC,0.0
NI01PCECHLT2025,RA_LIC_TASSCHG_PY,0.0
NI01PCECHLT2025,RA_LIC_FASSCHG_PY,0.0
NI01PCECHLT2025,RA_LIC_CLO,0.0
NI01PCECHLT2023,RA_LIC_RELEASE_CY,0.0
NI01PCECHLT2024,RA_LIC_RELEASE_CY,0.0
NI01PCECHLT2025,RA_LIC_RELEASE_CY,0.0
NI01PCECHLT2023,RA_LIC_FEXPVAR_CY,0.0
NI01PCECHLT2024,RA_LIC_FEXPVAR_CY,0.0
NI01PCECHLT2025,RA_LIC_FEXPVAR_CY,0.0
NI01PCECHLT2023,DA_LIC_OP,0.0
NI01PCECHLT2024,DA_LIC_OP,0.0
NI01PCECHLT2025,DA_LIC_OP,0.0
NI01PCECHLT2023,DA_LIC_INCLAIM_INCEXP,0.0
NI01PCECHLT2024,DA_LIC_INCLAIM_INCEXP,0.0
NI01PCECHLT2025,DA_LIC_INCLAIM_INCEXP,0.0
NI01PCECHLT2023,DA_LIC_CHG,0.0
NI01PCECHLT2024,DA_LIC_CHG,0.0
NI01PCECHLT2025,DA_LIC_CHG,0.0
NI01PCECHLT2023,DA_LIC_CLO,0.0
NI01PCECHLT2024,DA_LIC_CLO,0.0
NI01PCECHLT2025,DA_LIC_CLO,0.0
NI01PCGOHLT2023,PVFC_LIC_UNWIND,0.0
NI01PCGOHLT2023,PVFC_LIC_EXP_CLAIM_CF_CY,0.0
NI01PCGOHLT2023,PVFC_LIC_EXP_ATTEXP_CY,0.0
NI01PCGOHLT2023,PVFC_LIC_EXP_CLAIM_CF_PY,-456337.48117833544
NI01PCGOHLT2023,PVFC_LIC_EXP_ATTEXP_PY,0.0
NI01PCGOHLT2023,RA_LIC_OP,0.0
NI01PCGOHLT2023,RA_LIC_UNWIND,0.0
NI01PCGOHLT2023,RA_LIC_INCLAIM,0.0
NI01PCGOHLT2023,RA_LIC_RELEASE_PY,0.0
NI01PCGOHLT2023,RA_LIC_DEREC,0.0
NI01PCGOHLT2023,RA_LIC_TASSCHG_PY,0.0
NI01PCGOHLT2023,RA_LIC_FASSCHG_PY,0.0
NI01PCGOHLT2023,RA_LIC_CLO,0.0
NI01PCGOHLT2024,PVFC_LIC_UNWIND,0.0
NI01PCGOHLT2024,PVFC_LIC_EXP_CLAIM_CF_CY,0.0
NI01PCGOHLT2024,PVFC_LIC_EXP_ATTEXP_CY,0.0
NI01PCGOHLT2024,PVFC_LIC_EXP_CLAIM_CF_PY,-2061886.300559227
NI01PCGOHLT2024,PVFC_LIC_EXP_ATTEXP_PY,0.0
NI01PCGOHLT2024,RA_LIC_OP,12521.090715901153
NI01PCGOHLT2024,RA_LIC_UNWIND,128.03041977343975
NI01PCGOHLT2024,RA_LIC_INCLAIM,0.0
NI01PCGOHLT2024,RA_LIC_RELEASE_PY,-12620.446569144899
NI01PCGOHLT2024,RA_LIC_DEREC,0.0
NI01PCGOHLT2024,RA_LIC_TASSCHG_PY,-28.674566529693713
NI01PCGOHLT2024,RA_LIC_FASSCHG_PY,0.0
NI01PCGOHLT2024,RA_LIC_CLO,0.0
NI01PCGOHLT2025,PVFC_LIC_UNWIND,0.0
NI01PCGOHLT2025,PVFC_LIC_EXP_CLAIM_CF_CY,0.0
NI01PCGOHLT2025,PVFC_LIC_EXP_ATTEXP_CY,0.0
NI01PCGOHLT2025,PVFC_LIC_EXP_CLAIM_CF_PY,0.0
NI01PCGOHLT2025,PVFC_LIC_EXP_ATTEXP_PY,0.0
NI01PCGOHLT2025,RA_LIC_OP,0.0
NI01PCGOHLT2025,RA_LIC_UNWIND,0.0
NI01PCGOHLT2025,RA_LIC_INCLAIM,0.0
NI01PCGOHLT2025,RA_LIC_RELEASE_PY,0.0
NI01PCGOHLT2025,RA_LIC_DEREC,0.0
NI01PCGOHLT2025,RA_LIC_TASSCHG_PY,0.0
NI01PCGOHLT2025,RA_LIC_FASSCHG_PY,0.0
NI01PCGOHLT2025,RA_LIC_CLO,0.0
NI01PCGOHLT2023,RA_LIC_RELEASE_CY,0.0
NI01PCGOHLT2024,RA_LIC_RELEASE_CY,0.0
NI01PCGOHLT2025,RA_LIC_RELEASE_CY,0.0
NI01PCGOHLT2023,RA_LIC_FEXPVAR_CY,0.0
NI01PCGOHLT2024,RA_LIC_FEXPVAR_CY,0.0
NI01PCGOHLT2025,RA_LIC_FEXPVAR_CY,0.0
NI01PCGOHLT2023,DA_LIC_OP,0.0
NI01PCGOHLT2024,DA_LIC_OP,0.0
NI01PCGOHLT2025,DA_LIC_OP,0.0
NI01PCGOHLT2023,DA_LIC_INCLAIM_INCEXP,0.0
NI01PCGOHLT2024,DA_LIC_INCLAIM_INCEXP,0.0
NI01PCGOHLT2025,DA_LIC_INCLAIM_INCEXP,0.0
NI01PCGOHLT2023,DA_LIC_CHG,0.0
NI01PCGOHLT2024,DA_LIC_CHG,0.0
NI01PCGOHLT2025,DA_LIC_CHG,0.0
NI01PCGOHLT2023,DA_LIC_CLO,0.0
NI01PCGOHLT2024,DA_LIC_CLO,0.0
NI01PCGOHLT2025,DA_LIC_CLO,0.0
NI01PCPLHLT2023,PVFC_LIC_UNWIND,0.0
NI01PCPLHLT2023,PVFC_LIC_EXP_CLAIM_CF_CY,0.0
NI01PCPLHLT2023,PVFC_LIC_EXP_ATTEXP_CY,0.0
NI01PCPLHLT2023,PVFC_LIC_EXP_CLAIM_CF_PY,-273736.1316765533
NI01PCPLHLT2023,PVFC_LIC_EXP_ATTEXP_PY,0.0
NI01PCPLHLT2023,RA_LIC_OP,0.0
NI01PCPLHLT2023,RA_LIC_UNWIND,0.0
NI01PCPLHLT2023,RA_LIC_INCLAIM,0.0
NI01PCPLHLT2023,RA_LIC_RELEASE_PY,0.0
NI01PCPLHLT2023,RA_LIC_DEREC,0.0
NI01PCPLHLT2023,RA_LIC_TASSCHG_PY,0.0
NI01PCPLHLT2023,RA_LIC_FASSCHG_PY,0.0
NI01PCPLHLT2023,RA_LIC_CLO,0.0
NI01PCPLHLT2024,PVFC_LIC_UNWIND,0.0
NI01PCPLHLT2024,PVFC_LIC_EXP_CLAIM_CF_CY,0.0
NI01PCPLHLT2024,PVFC_LIC_EXP_ATTEXP_CY,0.0
NI01PCPLHLT2024,PVFC_LIC_EXP_CLAIM_CF_PY,-2285015.941591347
NI01PCPLHLT2024,PVFC_LIC_EXP_ATTEXP_PY,0.0
NI01PCPLHLT2024,RA_LIC_OP,7512.099140509519
NI01PCPLHLT2024,RA_LIC_UNWIND,76.81257393317573
NI01PCPLHLT2024,RA_LIC_INCLAIM,0.0
NI01PCPLHLT2024,RA_LIC_RELEASE_PY,-7567.581402702882
NI01PCPLHLT2024,RA_LIC_DEREC,0.0
NI01PCPLHLT2024,RA_LIC_TASSCHG_PY,-21.330311739814153
NI01PCPLHLT2024,RA_LIC_FASSCHG_PY,0.0
NI01PCPLHLT2024,RA_LIC_CLO,0.0
NI01PCPLHLT2025,PVFC_LIC_UNWIND,0.0
NI01PCPLHLT2025,PVFC_LIC_EXP_CLAIM_CF_CY,0.0
NI01PCPLHLT2025,PVFC_LIC_EXP_ATTEXP_CY,0.0
NI01PCPLHLT2025,PVFC_LIC_EXP_CLAIM_CF_PY,0.0
NI01PCPLHLT2025,PVFC_LIC_EXP_ATTEXP_PY,0.0
NI01PCPLHLT2025,RA_LIC_OP,0.0
NI01PCPLHLT2025,RA_LIC_UNWIND,0.0
NI01PCPLHLT2025,RA_LIC_INCLAIM,0.0
NI01PCPLHLT2025,RA_LIC_RELEASE_PY,0.0
NI01PCPLHLT2025,RA_LIC_DEREC,0.0
NI01PCPLHLT2025,RA_LIC_TASSCHG_PY,0.0
NI01PCPLHLT2025,RA_LIC_FASSCHG_PY,0.0
NI01PCPLHLT2025,RA_LIC_CLO,0.0
NI01PCPLHLT2023,RA_LIC_RELEASE_CY,0.0
NI01PCPLHLT2024,RA_LIC_RELEASE_CY,0.0
NI01PCPLHLT2025,RA_LIC_RELEASE_CY,0.0
NI01PCPLHLT2023,RA_LIC_FEXPVAR_CY,0.0
NI01PCPLHLT2024,RA_LIC_FEXPVAR_CY,0.0
NI01PCPLHLT2025,RA_LIC_FEXPVAR_CY,0.0
NI01PCPLHLT2023,DA_LIC_OP,0.0
NI01PCPLHLT2024,DA_LIC_OP,0.0
NI01PCPLHLT2025,DA_LIC_OP,0.0
NI01PCPLHLT2023,DA_LIC_INCLAIM_INCEXP,0.0
NI01PCPLHLT2024,DA_LIC_INCLAIM_INCEXP,0.0
NI01PCPLHLT2025,DA_LIC_INCLAIM_INCEXP,0.0
NI01PCPLHLT2023,DA_LIC_CHG,0.0
NI01PCPLHLT2024,DA_LIC_CHG,0.0
NI01PCPLHLT2025,DA_LIC_CHG,0.0
NI01PCPLHLT2023,DA_LIC_CLO,0.0
NI01PCPLHLT2024,DA_LIC_CLO,0.0
NI01PCPLHLT2025,DA_LIC_CLO,0.0
NI01PCSIHLT2023,PVFC_LIC_UNWIND,0.0
NI01PCSIHLT2023,PVFC_LIC_EXP_CLAIM_CF_CY,0.0
NI01PCSIHLT2023,PVFC_LIC_EXP_ATTEXP_CY,0.0
NI01PCSIHLT2023,PVFC_LIC_EXP_CLAIM_CF_PY,-198815.5308185632
NI01PCSIHLT2023,PVFC_LIC_EXP_ATTEXP_PY,0.0
NI01PCSIHLT2023,RA_LIC_OP,0.0
NI01PCSIHLT2023,RA_LIC_UNWIND,0.0
NI01PCSIHLT2023,RA_LIC_INCLAIM,0.0
NI01PCSIHLT2023,RA_LIC_RELEASE_PY,0.0
NI01PCSIHLT2023,RA_LIC_DEREC,0.0
NI01PCSIHLT2023,RA_LIC_TASSCHG_PY,0.0
NI01PCSIHLT2023,RA_LIC_FASSCHG_PY,0.0
NI01PCSIHLT2023,RA_LIC_CLO,0.0
NI01PCSIHLT2024,PVFC_LIC_UNWIND,0.0
NI01PCSIHLT2024,PVFC_LIC_EXP_CLAIM_CF_CY,0.0
NI01PCSIHLT2024,PVFC_LIC_EXP_ATTEXP_CY,0.0
NI01PCSIHLT2024,PVFC_LIC_EXP_CLAIM_CF_PY,-703746.2603414037
NI01PCSIHLT2024,PVFC_LIC_EXP_ATTEXP_PY,0.0
NI01PCSIHLT2024,RA_LIC_OP,5455.13616284861
NI01PCSIHLT2024,RA_LIC_UNWIND,55.77975503075128
NI01PCSIHLT2024,RA_LIC_INCLAIM,0.0
NI01PCSIHLT2024,RA_LIC_RELEASE_PY,-5498.090210857865
NI01PCSIHLT2024,RA_LIC_DEREC,0.0
NI01PCSIHLT2024,RA_LIC_TASSCHG_PY,-12.825707021497324
NI01PCSIHLT2024,RA_LIC_FASSCHG_PY,0.0
NI01PCSIHLT2024,RA_LIC_CLO,0.0
NI01PCSIHLT2025,PVFC_LIC_UNWIND,0.0
NI01PCSIHLT2025,PVFC_LIC_EXP_CLAIM_CF_CY,0.0
NI01PCSIHLT2025,PVFC_LIC_EXP_ATTEXP_CY,0.0
NI01PCSIHLT2025,PVFC_LIC_EXP_CLAIM_CF_PY,0.0
NI01PCSIHLT2025,PVFC_LIC_EXP_ATTEXP_PY,0.0
NI01PCSIHLT2025,RA_LIC_OP,0.0
NI01PCSIHLT2025,RA_LIC_UNWIND,0.0
NI01PCSIHLT2025,RA_LIC_INCLAIM,0.0
NI01PCSIHLT2025,RA_LIC_RELEASE_PY,0.0
NI01PCSIHLT2025,RA_LIC_DEREC,0.0
NI01PCSIHLT2025,RA_LIC_TASSCHG_PY,0.0
NI01PCSIHLT2025,RA_LIC_FASSCHG_PY,0.0
NI01PCSIHLT2025,RA_LIC_CLO,0.0
NI01PCSIHLT2023,RA_LIC_RELEASE_CY,0.0
NI01PCSIHLT2024,RA_LIC_RELEASE_CY,0.0
NI01PCSIHLT2025,RA_LIC_RELEASE_CY,0.0
NI01PCSIHLT2023,RA_LIC_FEXPVAR_CY,0.0
NI01PCSIHLT2024,RA_LIC_FEXPVAR_CY,0.0
NI01PCSIHLT2025,RA_LIC_FEXPVAR_CY,0.0
NI01PCSIHLT2023,DA_LIC_OP,0.0
NI01PCSIHLT2024,DA_LIC_OP,0.0
NI01PCSIHLT2025,DA_LIC_OP,0.0
NI01PCSIHLT2023,DA_LIC_INCLAIM_INCEXP,0.0
NI01PCSIHLT2024,DA_LIC_INCLAIM_INCEXP,0.0
NI01PCSIHLT2025,DA_LIC_INCLAIM_INCEXP,0.0
NI01PCSIHLT2023,DA_LIC_CHG,0.0
NI01PCSIHLT2024,DA_LIC_CHG,0.0
NI01PCSIHLT2025,DA_LIC_CHG,0.0
NI01PCSIHLT2023,DA_LIC_CLO,0.0
NI01PCSIHLT2024,DA_LIC_CLO,0.0
NI01PCSIHLT2025,DA_LIC_CLO,0.0
NI01PIMEHLT2023,PVFC_LIC_UNWIND,0.0
NI01PIMEHLT2023,PVFC_LIC_EXP_CLAIM_CF_CY,0.0
NI01PIMEHLT2023,PVFC_LIC_EXP_ATTEXP_CY,0.0
NI01PIMEHLT2023,PVFC_LIC_EXP_CLAIM_CF_PY,-84587.00058166146
NI01PIMEHLT2023,PVFC_LIC_EXP_ATTEXP_PY,0.0
NI01PIMEHLT2023,RA_LIC_OP,0.0
NI01PIMEHLT2023,RA_LIC_UNWIND,0.0
NI01PIMEHLT2023,RA_LIC_INCLAIM,0.0
NI01PIMEHLT2023,RA_LIC_RELEASE_PY,0.0
NI01PIMEHLT2023,RA_LIC_DEREC,0.0
NI01PIMEHLT2023,RA_LIC_TASSCHG_PY,0.0
NI01PIMEHLT2023,RA_LIC_FASSCHG_PY,0.0
NI01PIMEHLT2023,RA_LIC_CLO,0.0
NI01PIMEHLT2024,PVFC_LIC_UNWIND,0.0
NI01PIMEHLT2024,PVFC_LIC_EXP_CLAIM_CF_CY,0.0
NI01PIMEHLT2024,PVFC_LIC_EXP_ATTEXP_CY,0.0
NI01PIMEHLT2024,PVFC_LIC_EXP_CLAIM_CF_PY,-227321.58991379652
NI01PIMEHLT2024,PVFC_LIC_EXP_ATTEXP_PY,0.0
NI01PIMEHLT2024,RA_LIC_OP,2322.48636543751
NI01PIMEHLT2024,RA_LIC_UNWIND,23.74784362095867
NI01PIMEHLT2024,RA_LIC_INCLAIM,0.0
NI01PIMEHLT2024,RA_LIC_RELEASE_PY,-2335.974655974431
NI01PIMEHLT2024,RA_LIC_DEREC,0.0
NI01PIMEHLT2024,RA_LIC_TASSCHG_PY,-10.259553084037442
NI01PIMEHLT2024,RA_LIC_FASSCHG_PY,0.0
NI01PIMEHLT2024,RA_LIC_CLO,0.0
NI01PIMEHLT2025,PVFC_LIC_UNWIND,0.0
NI01PIMEHLT2025,PVFC_LIC_EXP_CLAIM_CF_CY,0.0
NI01PIMEHLT2025,PVFC_LIC_EXP_ATTEXP_CY,0.0
NI01PIMEHLT2025,PVFC_LIC_EXP_CLAIM_CF_PY,0.0
NI01PIMEHLT2025,PVFC_LIC_EXP_ATTEXP_PY,0.0
NI01PIMEHLT2025,RA_LIC_OP,0.0
NI01PIMEHLT2025,RA_LIC_UNWIND,0.0
NI01PIMEHLT2025,RA_LIC_INCLAIM,0.0
NI01PIMEHLT2025,RA_LIC_RELEASE_PY,0.0
NI01PIMEHLT2025,RA_LIC_DEREC,0.0
NI01PIMEHLT2025,RA_LIC_TASSCHG_PY,0.0
NI01PIMEHLT2025,RA_LIC_FASSCHG_PY,0.0
NI01PIMEHLT2025,RA_LIC_CLO,0.0
NI01PIMEHLT2023,RA_LIC_RELEASE_CY,0.0
NI01PIMEHLT2024,RA_LIC_RELEASE_CY,0.0
NI01PIMEHLT2025,RA_LIC_RELEASE_CY,0.0
NI01PIMEHLT2023,RA_LIC_FEXPVAR_CY,0.0
NI01PIMEHLT2024,RA_LIC_FEXPVAR_CY,0.0
NI01PIMEHLT2025,RA_LIC_FEXPVAR_CY,0.0
NI01PIMEHLT2023,DA_LIC_OP,0.0
NI01PIMEHLT2024,DA_LIC_OP,0.0
NI01PIMEHLT2025,DA_LIC_OP,0.0
NI01PIMEHLT2023,DA_LIC_INCLAIM_INCEXP,0.0
NI01PIMEHLT2024,DA_LIC_INCLAIM_INCEXP,0.0
NI01PIMEHLT2025,DA_LIC_INCLAIM_INCEXP,0.0
NI01PIMEHLT2023,DA_LIC_CHG,0.0
NI01PIMEHLT2024,DA_LIC_CHG,0.0
NI01PIMEHLT2025,DA_LIC_CHG,0.0
NI01PIMEHLT2023,DA_LIC_CLO,0.0
NI01PIMEHLT2024,DA_LIC_CLO,0.0
NI01PIMEHLT2025,DA_LIC_CLO,0.0
NI01PPBRHLT2023,PVFC_LIC_UNWIND,0.0
NI01PPBRHLT2023,PVFC_LIC_EXP_CLAIM_CF_CY,0.0
NI01PPBRHLT2023,PVFC_LIC_EXP_ATTEXP_CY,0.0
NI01PPBRHLT2023,PVFC_LIC_EXP_CLAIM_CF_PY,-2327.202093838927
NI01PPBRHLT2023,PVFC_LIC_EXP_ATTEXP_PY,0.0
NI01PPBRHLT2023,RA_LIC_OP,0.0
NI01PPBRHLT2023,RA_LIC_UNWIND,0.0
NI01PPBRHLT2023,RA_LIC_INCLAIM,0.0
NI01PPBRHLT2023,RA_LIC_RELEASE_PY,0.0
NI01PPBRHLT2023,RA_LIC_DEREC,0.0
NI01PPBRHLT2023,RA_LIC_TASSCHG_PY,0.0
NI01PPBRHLT2023,RA_LIC_FASSCHG_PY,0.0
NI01PPBRHLT2023,RA_LIC_CLO,0.0
NI01PPBRHLT2024,PVFC_LIC_UNWIND,0.0
NI01PPBRHLT2024,PVFC_LIC_EXP_CLAIM_CF_CY,0.0
NI01PPBRHLT2024,PVFC_LIC_EXP_ATTEXP_CY,0.0
NI01PPBRHLT2024,PVFC_LIC_EXP_CLAIM_CF_PY,-11016.289232935287
NI01PPBRHLT2024,PVFC_LIC_EXP_ATTEXP_PY,0.0
NI01PPBRHLT2024,RA_LIC_OP,63.834347874008444
NI01PPBRHLT2024,RA_LIC_UNWIND,0.6527177655453378
NI01PPBRHLT2024,RA_LIC_INCLAIM,0.0
NI01PPBRHLT2024,RA_LIC_RELEASE_PY,-64.42447224169774
NI01PPBRHLT2024,RA_LIC_DEREC,0.0
NI01PPBRHLT2024,RA_LIC_TASSCHG_PY,-0.06259339785603882
NI01PPBRHLT2024,RA_LIC_FASSCHG_PY,0.0
NI01PPBRHLT2024,RA_LIC_CLO,0.0
NI01PPBRHLT2025,PVFC_LIC_UNWIND,0.0
NI01PPBRHLT2025,PVFC_LIC_EXP_CLAIM_CF_CY,0.0
NI01PPBRHLT2025,PVFC_LIC_EXP_ATTEXP_CY,0.0
NI01PPBRHLT2025,PVFC_LIC_EXP_CLAIM_CF_PY,0.0
NI01PPBRHLT2025,PVFC_LIC_EXP_ATTEXP_PY,0.0
NI01PPBRHLT2025,RA_LIC_OP,0.0
NI01PPBRHLT2025,RA_LIC_UNWIND,0.0
NI01PPBRHLT2025,RA_LIC_INCLAIM,0.0
NI01PPBRHLT2025,RA_LIC_RELEASE_PY,0.0
NI01PPBRHLT2025,RA_LIC_DEREC,0.0
NI01PPBRHLT2025,RA_LIC_TASSCHG_PY,0.0
NI01PPBRHLT2025,RA_LIC_FASSCHG_PY,0.0
NI01PPBRHLT2025,RA_LIC_CLO,0.0
NI01PPBRHLT2023,RA_LIC_RELEASE_CY,0.0
NI01PPBRHLT2024,RA_LIC_RELEASE_CY,0.0
NI01PPBRHLT2025,RA_LIC_RELEASE_CY,0.0
NI01PPBRHLT2023,RA_LIC_FEXPVAR_CY,0.0
NI01PPBRHLT2024,RA_LIC_FEXPVAR_CY,0.0
NI01PPBRHLT2025,RA_LIC_FEXPVAR_CY,0.0
NI01PPBRHLT2023,DA_LIC_OP,0.0
NI01PPBRHLT2024,DA_LIC_OP,0.0
NI01PPBRHLT2025,DA_LIC_OP,0.0
NI01PPBRHLT2023,DA_LIC_INCLAIM_INCEXP,0.0
NI01PPBRHLT2024,DA_LIC_INCLAIM_INCEXP,0.0
NI01PPBRHLT2025,DA_LIC_INCLAIM_INCEXP,0.0
NI01PPBRHLT2023,DA_LIC_CHG,0.0
NI01PPBRHLT2024,DA_LIC_CHG,0.0
NI01PPBRHLT2025,DA_LIC_CHG,0.0
NI01PPBRHLT2023,DA_LIC_CLO,0.0
NI01PPBRHLT2024,DA_LIC_CLO,0.0
NI01PPBRHLT2025,DA_LIC_CLO,0.0
NI01PPGOHLT2023,PVFC_LIC_UNWIND,0.0
NI01PPGOHLT2023,PVFC_LIC_EXP_CLAIM_CF_CY,0.0
NI01PPGOHLT2023,PVFC_LIC_EXP_ATTEXP_CY,0.0
NI01PPGOHLT2023,PVFC_LIC_EXP_CLAIM_CF_PY,-4387.450667360393
NI01PPGOHLT2023,PVFC_LIC_EXP_ATTEXP_PY,0.0
NI01PPGOHLT2023,RA_LIC_OP,0.0
NI01PPGOHLT2023,RA_LIC_UNWIND,0.0
NI01PPGOHLT2023,RA_LIC_INCLAIM,0.0
NI01PPGOHLT2023,RA_LIC_RELEASE_PY,0.0
NI01PPGOHLT2023,RA_LIC_DEREC,0.0
NI01PPGOHLT2023,RA_LIC_TASSCHG_PY,0.0
NI01PPGOHLT2023,RA_LIC_FASSCHG_PY,0.0
NI01PPGOHLT2023,RA_LIC_CLO,0.0
NI01PPGOHLT2024,PVFC_LIC_UNWIND,0.0
NI01PPGOHLT2024,PVFC_LIC_EXP_CLAIM_CF_CY,0.0
NI01PPGOHLT2024,PVFC_LIC_EXP_ATTEXP_CY,0.0
NI01PPGOHLT2024,PVFC_LIC_EXP_CLAIM_CF_PY,-71622.41466761826
NI01PPGOHLT2024,PVFC_LIC_EXP_ATTEXP_PY,0.0
NI01PPGOHLT2024,RA_LIC_OP,120.35312627692988
NI01PPGOHLT2024,RA_LIC_UNWIND,1.2306325086131034
NI01PPGOHLT2024,RA_LIC_INCLAIM,0.0
NI01PPGOHLT2024,RA_LIC_RELEASE_PY,-121.33127173339213
NI01PPGOHLT2024,RA_LIC_DEREC,0.0
NI01PPGOHLT2024,RA_LIC_TASSCHG_PY,-0.2524870521508699
NI01PPGOHLT2024,RA_LIC_FASSCHG_PY,0.0
NI01PPGOHLT2024,RA_LIC_CLO,0.0
NI01PPGOHLT2025,PVFC_LIC_UNWIND,0.0
NI01PPGOHLT2025,PVFC_LIC_EXP_CLAIM_CF_CY,0.0
NI01PPGOHLT2025,PVFC_LIC_EXP_ATTEXP_CY,0.0
NI01PPGOHLT2025,PVFC_LIC_EXP_CLAIM_CF_PY,0.0
NI01PPGOHLT2025,PVFC_LIC_EXP_ATTEXP_PY,0.0
NI01PPGOHLT2025,RA_LIC_OP,0.0
NI01PPGOHLT2025,RA_LIC_UNWIND,0.0
NI01PPGOHLT2025,RA_LIC_INCLAIM,0.0
NI01PPGOHLT2025,RA_LIC_RELEASE_PY,0.0
NI01PPGOHLT2025,RA_LIC_DEREC,0.0
NI01PPGOHLT2025,RA_LIC_TASSCHG_PY,0.0
NI01PPGOHLT2025,RA_LIC_FASSCHG_PY,0.0
NI01PPGOHLT2025,RA_LIC_CLO,0.0
NI01PPGOHLT2023,RA_LIC_RELEASE_CY,0.0
NI01PPGOHLT2024,RA_LIC_RELEASE_CY,0.0
NI01PPGOHLT2025,RA_LIC_RELEASE_CY,0.0
NI01PPGOHLT2023,RA_LIC_FEXPVAR_CY,0.0
NI01PPGOHLT2024,RA_LIC_FEXPVAR_CY,0.0
NI01PPGOHLT2025,RA_LIC_FEXPVAR_CY,0.0
NI01PPGOHLT2023,DA_LIC_OP,0.0
NI01PPGOHLT2024,DA_LIC_OP,0.0
NI01PPGOHLT2025,DA_LIC_OP,0.0
NI01PPGOHLT2023,DA_LIC_INCLAIM_INCEXP,0.0
NI01PPGOHLT2024,DA_LIC_INCLAIM_INCEXP,0.0
NI01PPGOHLT2025,DA_LIC_INCLAIM_INCEXP,0.0
NI01PPGOHLT2023,DA_LIC_CHG,0.0
NI01PPGOHLT2024,DA_LIC_CHG,0.0
NI01PPGOHLT2025,DA_LIC_CHG,0.0
NI01PPGOHLT2023,DA_LIC_CLO,0.0
NI01PPGOHLT2024,DA_LIC_CLO,0.0
NI01PPGOHLT2025,DA_LIC_CLO,0.0
NI01PPPLHLT2023,PVFC_LIC_UNWIND,0.0
NI01PPPLHLT2023,PVFC_LIC_EXP_CLAIM_CF_CY,0.0
NI01PPPLHLT2023,PVFC_LIC_EXP_ATTEXP_CY,0.0
NI01PPPLHLT2023,PVFC_LIC_EXP_CLAIM_CF_PY,-19396.783019489572
NI01PPPLHLT2023,PVFC_LIC_EXP_ATTEXP_PY,0.0
NI01PPPLHLT2023,RA_LIC_OP,0.0
NI01PPPLHLT2023,RA_LIC_UNWIND,0.0
NI01PPPLHLT2023,RA_LIC_INCLAIM,0.0
NI01PPPLHLT2023,RA_LIC_RELEASE_PY,0.0
NI01PPPLHLT2023,RA_LIC_DEREC,0.0
NI01PPPLHLT2023,RA_LIC_TASSCHG_PY,0.0
NI01PPPLHLT2023,RA_LIC_FASSCHG_PY,0.0
NI01PPPLHLT2023,RA_LIC_CLO,0.0
NI01PPPLHLT2024,PVFC_LIC_UNWIND,0.0
NI01PPPLHLT2024,PVFC_LIC_EXP_CLAIM_CF_CY,0.0
NI01PPPLHLT2024,PVFC_LIC_EXP_ATTEXP_CY,0.0
NI01PPPLHLT2024,PVFC_LIC_EXP_CLAIM_CF_PY,-40733.447252001184
NI01PPPLHLT2024,PVFC_LIC_EXP_ATTEXP_PY,0.0
NI01PPPLHLT2024,RA_LIC_OP,532.056402679587
NI01PPPLHLT2024,RA_LIC_UNWIND,5.440373057253645
NI01PPPLHLT2024,RA_LIC_INCLAIM,0.0
NI01PPPLHLT2024,RA_LIC_RELEASE_PY,-536.9909125043343
NI01PPPLHLT2024,RA_LIC_DEREC,0.0
NI01PPPLHLT2024,RA_LIC_TASSCHG_PY,-0.5058632325061805
NI01PPPLHLT2024,RA_LIC_FASSCHG_PY,0.0
NI01PPPLHLT2024,RA_LIC_CLO,0.0
NI01PPPLHLT2025,PVFC_LIC_UNWIND,0.0
NI01PPPLHLT2025,PVFC_LIC_EXP_CLAIM_CF_CY,0.0
NI01PPPLHLT2025,PVFC_LIC_EXP_ATTEXP_CY,0.0
NI01PPPLHLT2025,PVFC_LIC_EXP_CLAIM_CF_PY,0.0
NI01PPPLHLT2025,PVFC_LIC_EXP_ATTEXP_PY,0.0
NI01PPPLHLT2025,RA_LIC_OP,0.0
NI01PPPLHLT2025,RA_LIC_UNWIND,0.0
NI01PPPLHLT2025,RA_LIC_INCLAIM,0.0
NI01PPPLHLT2025,RA_LIC_RELEASE_PY,0.0
NI01PPPLHLT2025,RA_LIC_DEREC,0.0
NI01PPPLHLT2025,RA_LIC_TASSCHG_PY,0.0
NI01PPPLHLT2025,RA_LIC_FASSCHG_PY,0.0
NI01PPPLHLT2025,RA_LIC_CLO,0.0
NI01PPPLHLT2023,RA_LIC_RELEASE_CY,0.0
NI01PPPLHLT2024,RA_LIC_RELEASE_CY,0.0
NI01PPPLHLT2025,RA_LIC_RELEASE_CY,0.0
NI01PPPLHLT2023,RA_LIC_FEXPVAR_CY,0.0
NI01PPPLHLT2024,RA_LIC_FEXPVAR_CY,0.0
NI01PPPLHLT2025,RA_LIC_FEXPVAR_CY,0.0
NI01PPPLHLT2023,DA_LIC_OP,0.0
NI01PPPLHLT2024,DA_LIC_OP,0.0
NI01PPPLHLT2025,DA_LIC_OP,0.0
NI01PPPLHLT2023,DA_LIC_INCLAIM_INCEXP,0.0
NI01PPPLHLT2024,DA_LIC_INCLAIM_INCEXP,0.0
NI01PPPLHLT2025,DA_LIC_INCLAIM_INCEXP,0.0
NI01PPPLHLT2023,DA_LIC_CHG,0.0
NI01PPPLHLT2024,DA_LIC_CHG,0.0
NI01PPPLHLT2025,DA_LIC_CHG,0.0
NI01PPPLHLT2023,DA_LIC_CLO,0.0
NI01PPPLHLT2024,DA_LIC_CLO,0.0
NI01PPPLHLT2025,DA_LIC_CLO,0.0
NI01PPSIHLT2023,PVFC_LIC_UNWIND,0.0
NI01PPSIHLT2023,PVFC_LIC_EXP_CLAIM_CF_CY,0.0
NI01PPSIHLT2023,PVFC_LIC_EXP_ATTEXP_CY,0.0
NI01PPSIHLT2023,PVFC_LIC_EXP_CLAIM_CF_PY,0.0
NI01PPSIHLT2023,PVFC_LIC_EXP_ATTEXP_PY,0.0
NI01PPSIHLT2023,RA_LIC_OP,0.0
NI01PPSIHLT2023,RA_LIC_UNWIND,0.0
NI01PPSIHLT2023,RA_LIC_INCLAIM,0.0
NI01PPSIHLT2023,RA_LIC_RELEASE_PY,0.0
NI01PPSIHLT2023,RA_LIC_DEREC,0.0
NI01PPSIHLT2023,RA_LIC_TASSCHG_PY,0.0
NI01PPSIHLT2023,RA_LIC_FASSCHG_PY,0.0
NI01PPSIHLT2023,RA_LIC_CLO,0.0
NI01PPSIHLT2024,PVFC_LIC_UNWIND,0.0
NI01PPSIHLT2024,PVFC_LIC_EXP_CLAIM_CF_CY,0.0
NI01PPSIHLT2024,PVFC_LIC_EXP_ATTEXP_CY,0.0
NI01PPSIHLT2024,PVFC_LIC_EXP_CLAIM_CF_PY,-30956.816105591235
NI01PPSIHLT2024,PVFC_LIC_EXP_ATTEXP_PY,0.0
NI01PPSIHLT2024,RA_LIC_OP,0.0
NI01PPSIHLT2024,RA_LIC_UNWIND,0.0
NI01PPSIHLT2024,RA_LIC_INCLAIM,0.0
NI01PPSIHLT2024,RA_LIC_RELEASE_PY,0.0
NI01PPSIHLT2024,RA_LIC_DEREC,0.0
NI01PPSIHLT2024,RA_LIC_TASSCHG_PY,0.0
NI01PPSIHLT2024,RA_LIC_FASSCHG_PY,0.0
NI01PPSIHLT2024,RA_LIC_CLO,0.0
NI01PPSIHLT2025,PVFC_LIC_UNWIND,0.0
NI01PPSIHLT2025,PVFC_LIC_EXP_CLAIM_CF_CY,0.0
NI01PPSIHLT2025,PVFC_LIC_EXP_ATTEXP_CY,0.0
NI01PPSIHLT2025,PVFC_LIC_EXP_CLAIM_CF_PY,0.0
NI01PPSIHLT2025,PVFC_LIC_EXP_ATTEXP_PY,0.0
NI01PPSIHLT2025,RA_LIC_OP,0.0
NI01PPSIHLT2025,RA_LIC_UNWIND,0.0
NI01PPSIHLT2025,RA_LIC_INCLAIM,0.0
NI01PPSIHLT2025,RA_LIC_RELEASE_PY,0.0
NI01PPSIHLT2025,RA_LIC_DEREC,0.0
NI01PPSIHLT2025,RA_LIC_TASSCHG_PY,0.0
NI01PPSIHLT2025,RA_LIC_FASSCHG_PY,0.0
NI01PPSIHLT2025,RA_LIC_CLO,0.0
NI01PPSIHLT2023,RA_LIC_RELEASE_CY,0.0
NI01PPSIHLT2024,RA_LIC_RELEASE_CY,0.0
NI01PPSIHLT2025,RA_LIC_RELEASE_CY,0.0
NI01PPSIHLT2023,RA_LIC_FEXPVAR_CY,0.0
NI01PPSIHLT2024,RA_LIC_FEXPVAR_CY,0.0
NI01PPSIHLT2025,RA_LIC_FEXPVAR_CY,0.0
NI01PPSIHLT2023,DA_LIC_OP,0.0
NI01PPSIHLT2024,DA_LIC_OP,0.0
NI01PPSIHLT2025,DA_LIC_OP,0.0
NI01PPSIHLT2023,DA_LIC_INCLAIM_INCEXP,0.0
NI01PPSIHLT2024,DA_LIC_INCLAIM_INCEXP,0.0
NI01PPSIHLT2025,DA_LIC_INCLAIM_INCEXP,0.0
NI01PPSIHLT2023,DA_LIC_CHG,0.0
NI01PPSIHLT2024,DA_LIC_CHG,0.0
NI01PPSIHLT2025,DA_LIC_CHG,0.0
NI01PPSIHLT2023,DA_LIC_CLO,0.0
NI01PPSIHLT2024,DA_LIC_CLO,0.0
NI01PPSIHLT2025,DA_LIC_CLO,0.0
NI01PIMEDQS2023,PVFC_LIC_UNWIND,0.0
NI01PIMEDQS2023,PVFC_LIC_EXP_CLAIM_CF_CY,0.0
NI01PIMEDQS2023,PVFC_LIC_EXP_ATTEXP_CY,0.0
NI01PIMEDQS2023,PVFC_LIC_EXP_CLAIM_CF_PY,33834.80021231199
NI01PIMEDQS2023,PVFC_LIC_EXP_ATTEXP_PY,0.0
NI01PIMEDQS2023,RA_LIC_OP,0.0
NI01PIMEDQS2023,RA_LIC_UNWIND,0.0
NI01PIMEDQS2023,RA_LIC_INCLAIM,0.0
NI01PIMEDQS2023,RA_LIC_RELEASE_PY,0.0
NI01PIMEDQS2023,RA_LIC_DEREC,0.0
NI01PIMEDQS2023,RA_LIC_TASSCHG_PY,0.0
NI01PIMEDQS2023,RA_LIC_FASSCHG_PY,0.0
NI01PIMEDQS2023,RA_LIC_CLO,0.0
NI01PIMEDQS2024,PVFC_LIC_UNWIND,0.0
NI01PIMEDQS2024,PVFC_LIC_EXP_CLAIM_CF_CY,0.0
NI01PIMEDQS2024,PVFC_LIC_EXP_ATTEXP_CY,0.0
NI01PIMEDQS2024,PVFC_LIC_EXP_CLAIM_CF_PY,588705.2221722922
NI01PIMEDQS2024,PVFC_LIC_EXP_ATTEXP_PY,0.0
NI01PIMEDQS2024,RA_LIC_OP,-185.97762750858257
NI01PIMEDQS2024,RA_LIC_UNWIND,-1.9016549163847642
NI01PIMEDQS2024,RA_LIC_INCLAIM,0.0
NI01PIMEDQS2024,RA_LIC_RELEASE_PY,186.87475769989322
NI01PIMEDQS2024,RA_LIC_DEREC,0.0
NI01PIMEDQS2024,RA_LIC_TASSCHG_PY,1.0045247250740856
NI01PIMEDQS2024,RA_LIC_FASSCHG_PY,0.0
NI01PIMEDQS2024,RA_LIC_CLO,0.0
NI01PIMEDQS2025,PVFC_LIC_UNWIND,0.0
NI01PIMEDQS2025,PVFC_LIC_EXP_CLAIM_CF_CY,0.0
NI01PIMEDQS2025,PVFC_LIC_EXP_ATTEXP_CY,0.0
NI01PIMEDQS2025,PVFC_LIC_EXP_CLAIM_CF_PY,0.0
NI01PIMEDQS2025,PVFC_LIC_EXP_ATTEXP_PY,0.0
NI01PIMEDQS2025,RA_LIC_OP,0.0
NI01PIMEDQS2025,RA_LIC_UNWIND,0.0
NI01PIMEDQS2025,RA_LIC_INCLAIM,0.0
NI01PIMEDQS2025,RA_LIC_RELEASE_PY,0.0
NI01PIMEDQS2025,RA_LIC_DEREC,0.0
NI01PIMEDQS2025,RA_LIC_TASSCHG_PY,0.0
NI01PIMEDQS2025,RA_LIC_FASSCHG_PY,0.0
NI01PIMEDQS2025,RA_LIC_CLO,0.0
NI01PIMEDQS2023,RA_LIC_RELEASE_CY,0.0
NI01PIMEDQS2024,RA_LIC_RELEASE_CY,0.0
NI01PIMEDQS2025,RA_LIC_RELEASE_CY,0.0
NI01PIMEDQS2023,RA_LIC_FEXPVAR_CY,0.0
NI01PIMEDQS2024,RA_LIC_FEXPVAR_CY,0.0
NI01PIMEDQS2025,RA_LIC_FEXPVAR_CY,0.0
NI01PIMEDQS2023,DA_LIC_OP,0.0
NI01PIMEDQS2024,DA_LIC_OP,13.284690207063262
NI01PIMEDQS2025,DA_LIC_OP,0.0
NI01PIMEDQS2023,DA_LIC_INCLAIM_INCEXP,0.0
NI01PIMEDQS2024,DA_LIC_INCLAIM_INCEXP,0.0
NI01PIMEDQS2025,DA_LIC_INCLAIM_INCEXP,0.0
NI01PIMEDQS2023,DA_LIC_CHG,0.0
NI01PIMEDQS2024,DA_LIC_CHG,0.0
NI01PIMEDQS2025,DA_LIC_CHG,0.0
NI01PIMEDQS2023,DA_LIC_CLO,0.0
NI01PIMEDQS2024,DA_LIC_CLO,12.815132466593916
NI01PIMEDQS2025,DA_LIC_CLO,0.0
