GOC_ID,STEP_ID,1
NI02PPUBLSH2012,PVFC_LIC_UNWIND,0.0
NI02PPUBLSH2012,PVFC_LIC_EXP_CLAIM_CF_CY,0.0
NI02PPUBLSH2012,PVFC_LIC_EXP_ATTEXP_CY,0.0
NI02PPUBLSH2012,PVFC_LIC_EXP_CLAIM_CF_PY,-641.8437540000014
NI02PPUBLSH2012,PVFC_LIC_EXP_ATTEXP_PY,0.0
NI02PPUBLSH2012,RA_LIC_OP,0.0
NI02PPUBLSH2012,RA_LIC_UNWIND,0.0
NI02PPUBLSH2012,RA_LIC_INCLAIM,0.0
NI02PPUBLSH2012,RA_LIC_RELEASE_PY,0.0
NI02PPUBLSH2012,RA_LIC_DEREC,0.0
NI02PPUBLSH2012,RA_LIC_TASSCHG_PY,0.0
NI02PPUBLSH2012,RA_LIC_FASSCHG_PY,0.0
NI02PPUBLSH2012,RA_LIC_CLO,0.0
NI02PPUBLSH2013,PVFC_LIC_UNWIND,0.0
NI02PPUBLSH2013,PVFC_LIC_EXP_CLAIM_CF_CY,0.0
NI02PPUBLSH2013,PVFC_LIC_EXP_ATTEXP_CY,0.0
NI02PPUBLSH2013,PVFC_LIC_EXP_CLAIM_CF_PY,-663.4800000000032
NI02PPUBLSH2013,PVFC_LIC_EXP_ATTEXP_PY,0.0
NI02PPUBLSH2013,RA_LIC_OP,0.0
NI02PPUBLSH2013,RA_LIC_UNWIND,0.0
NI02PPUBLSH2013,RA_LIC_INCLAIM,0.0
NI02PPUBLSH2013,RA_LIC_RELEASE_PY,0.0
NI02PPUBLSH2013,RA_LIC_DEREC,0.0
NI02PPUBLSH2013,RA_LIC_TASSCHG_PY,0.0
NI02PPUBLSH2013,RA_LIC_FASSCHG_PY,0.0
NI02PPUBLSH2013,RA_LIC_CLO,0.0
NI02PPUBLSH2014,PVFC_LIC_UNWIND,0.0
NI02PPUBLSH2014,PVFC_LIC_EXP_CLAIM_CF_CY,0.0
NI02PPUBLSH2014,PVFC_LIC_EXP_ATTEXP_CY,0.0
NI02PPUBLSH2014,PVFC_LIC_EXP_CLAIM_CF_PY,-2295.77534
NI02PPUBLSH2014,PVFC_LIC_EXP_ATTEXP_PY,0.0
NI02PPUBLSH2014,RA_LIC_OP,0.0
NI02PPUBLSH2014,RA_LIC_UNWIND,0.0
NI02PPUBLSH2014,RA_LIC_INCLAIM,0.0
NI02PPUBLSH2014,RA_LIC_RELEASE_PY,0.0
NI02PPUBLSH2014,RA_LIC_DEREC,0.0
NI02PPUBLSH2014,RA_LIC_TASSCHG_PY,0.0
NI02PPUBLSH2014,RA_LIC_FASSCHG_PY,0.0
NI02PPUBLSH2014,RA_LIC_CLO,0.0
NI02PPUBLSH2015,PVFC_LIC_UNWIND,0.0
NI02PPUBLSH2015,PVFC_LIC_EXP_CLAIM_CF_CY,0.0
NI02PPUBLSH2015,PVFC_LIC_EXP_ATTEXP_CY,0.0
NI02PPUBLSH2015,PVFC_LIC_EXP_CLAIM_CF_PY,-1022.7788880000007
NI02PPUBLSH2015,PVFC_LIC_EXP_ATTEXP_PY,0.0
NI02PPUBLSH2015,RA_LIC_OP,0.0
NI02PPUBLSH2015,RA_LIC_UNWIND,0.0
NI02PPUBLSH2015,RA_LIC_INCLAIM,0.0
NI02PPUBLSH2015,RA_LIC_RELEASE_PY,0.0
NI02PPUBLSH2015,RA_LIC_DEREC,0.0
NI02PPUBLSH2015,RA_LIC_TASSCHG_PY,0.0
NI02PPUBLSH2015,RA_LIC_FASSCHG_PY,0.0
NI02PPUBLSH2015,RA_LIC_CLO,0.0
NI02PPUBLSH2016,PVFC_LIC_UNWIND,0.0
NI02PPUBLSH2016,PVFC_LIC_EXP_CLAIM_CF_CY,0.0
NI02PPUBLSH2016,PVFC_LIC_EXP_ATTEXP_CY,0.0
NI02PPUBLSH2016,PVFC_LIC_EXP_CLAIM_CF_PY,-4736.910422999994
NI02PPUBLSH2016,PVFC_LIC_EXP_ATTEXP_PY,0.0
NI02PPUBLSH2016,RA_LIC_OP,0.0
NI02PPUBLSH2016,RA_LIC_UNWIND,0.0
NI02PPUBLSH2016,RA_LIC_INCLAIM,0.0
NI02PPUBLSH2016,RA_LIC_RELEASE_PY,0.0
NI02PPUBLSH2016,RA_LIC_DEREC,0.0
NI02PPUBLSH2016,RA_LIC_TASSCHG_PY,0.0
NI02PPUBLSH2016,RA_LIC_FASSCHG_PY,0.0
NI02PPUBLSH2016,RA_LIC_CLO,0.0
NI02PPUBLSH2017,PVFC_LIC_UNWIND,0.0
NI02PPUBLSH2017,PVFC_LIC_EXP_CLAIM_CF_CY,0.0
NI02PPUBLSH2017,PVFC_LIC_EXP_ATTEXP_CY,0.0
NI02PPUBLSH2017,PVFC_LIC_EXP_CLAIM_CF_PY,-42795.69188
NI02PPUBLSH2017,PVFC_LIC_EXP_ATTEXP_PY,0.0
NI02PPUBLSH2017,RA_LIC_OP,0.0
NI02PPUBLSH2017,RA_LIC_UNWIND,0.0
NI02PPUBLSH2017,RA_LIC_INCLAIM,0.0
NI02PPUBLSH2017,RA_LIC_RELEASE_PY,0.0
NI02PPUBLSH2017,RA_LIC_DEREC,0.0
NI02PPUBLSH2017,RA_LIC_TASSCHG_PY,0.0
NI02PPUBLSH2017,RA_LIC_FASSCHG_PY,0.0
NI02PPUBLSH2017,RA_LIC_CLO,0.0
NI02PPUBLSH2018,PVFC_LIC_UNWIND,0.0
NI02PPUBLSH2018,PVFC_LIC_EXP_CLAIM_CF_CY,0.0
NI02PPUBLSH2018,PVFC_LIC_EXP_ATTEXP_CY,0.0
NI02PPUBLSH2018,PVFC_LIC_EXP_CLAIM_CF_PY,-2771.1120171565854
NI02PPUBLSH2018,PVFC_LIC_EXP_ATTEXP_PY,0.0
NI02PPUBLSH2018,RA_LIC_OP,0.0
NI02PPUBLSH2018,RA_LIC_UNWIND,0.0
NI02PPUBLSH2018,RA_LIC_INCLAIM,0.0
NI02PPUBLSH2018,RA_LIC_RELEASE_PY,0.0
NI02PPUBLSH2018,RA_LIC_DEREC,0.0
NI02PPUBLSH2018,RA_LIC_TASSCHG_PY,0.0
NI02PPUBLSH2018,RA_LIC_FASSCHG_PY,0.0
NI02PPUBLSH2018,RA_LIC_CLO,0.0
NI02PPUBLSH2019,PVFC_LIC_UNWIND,0.0
NI02PPUBLSH2019,PVFC_LIC_EXP_CLAIM_CF_CY,0.0
NI02PPUBLSH2019,PVFC_LIC_EXP_ATTEXP_CY,0.0
NI02PPUBLSH2019,PVFC_LIC_EXP_CLAIM_CF_PY,-41121.32575075443
NI02PPUBLSH2019,PVFC_LIC_EXP_ATTEXP_PY,0.0
NI02PPUBLSH2019,RA_LIC_OP,0.0
NI02PPUBLSH2019,RA_LIC_UNWIND,0.0
NI02PPUBLSH2019,RA_LIC_INCLAIM,0.0
NI02PPUBLSH2019,RA_LIC_RELEASE_PY,0.0
NI02PPUBLSH2019,RA_LIC_DEREC,0.0
NI02PPUBLSH2019,RA_LIC_TASSCHG_PY,0.0
NI02PPUBLSH2019,RA_LIC_FASSCHG_PY,0.0
NI02PPUBLSH2019,RA_LIC_CLO,0.0
NI02PPUBLSH2020,PVFC_LIC_UNWIND,0.0
NI02PPUBLSH2020,PVFC_LIC_EXP_CLAIM_CF_CY,0.0
NI02PPUBLSH2020,PVFC_LIC_EXP_ATTEXP_CY,0.0
NI02PPUBLSH2020,PVFC_LIC_EXP_CLAIM_CF_PY,-24877.914733744503
NI02PPUBLSH2020,PVFC_LIC_EXP_ATTEXP_PY,0.0
NI02PPUBLSH2020,RA_LIC_OP,0.0
NI02PPUBLSH2020,RA_LIC_UNWIND,0.0
NI02PPUBLSH2020,RA_LIC_INCLAIM,0.0
NI02PPUBLSH2020,RA_LIC_RELEASE_PY,0.0
NI02PPUBLSH2020,RA_LIC_DEREC,0.0
NI02PPUBLSH2020,RA_LIC_TASSCHG_PY,0.0
NI02PPUBLSH2020,RA_LIC_FASSCHG_PY,0.0
NI02PPUBLSH2020,RA_LIC_CLO,0.0
NI02PPUBLSH2021,PVFC_LIC_UNWIND,0.0
NI02PPUBLSH2021,PVFC_LIC_EXP_CLAIM_CF_CY,0.0
NI02PPUBLSH2021,PVFC_LIC_EXP_ATTEXP_CY,0.0
NI02PPUBLSH2021,PVFC_LIC_EXP_CLAIM_CF_PY,-53028.74372427887
NI02PPUBLSH2021,PVFC_LIC_EXP_ATTEXP_PY,0.0
NI02PPUBLSH2021,RA_LIC_OP,0.0
NI02PPUBLSH2021,RA_LIC_UNWIND,0.0
NI02PPUBLSH2021,RA_LIC_INCLAIM,0.0
NI02PPUBLSH2021,RA_LIC_RELEASE_PY,0.0
NI02PPUBLSH2021,RA_LIC_DEREC,0.0
NI02PPUBLSH2021,RA_LIC_TASSCHG_PY,0.0
NI02PPUBLSH2021,RA_LIC_FASSCHG_PY,0.0
NI02PPUBLSH2021,RA_LIC_CLO,0.0
NI02PPUBLSH2022,PVFC_LIC_UNWIND,0.0
NI02PPUBLSH2022,PVFC_LIC_EXP_CLAIM_CF_CY,0.0
NI02PPUBLSH2022,PVFC_LIC_EXP_ATTEXP_CY,0.0
NI02PPUBLSH2022,PVFC_LIC_EXP_CLAIM_CF_PY,-782486.439137236
NI02PPUBLSH2022,PVFC_LIC_EXP_ATTEXP_PY,0.0
NI02PPUBLSH2022,RA_LIC_OP,0.0
NI02PPUBLSH2022,RA_LIC_UNWIND,0.0
NI02PPUBLSH2022,RA_LIC_INCLAIM,0.0
NI02PPUBLSH2022,RA_LIC_RELEASE_PY,0.0
NI02PPUBLSH2022,RA_LIC_DEREC,0.0
NI02PPUBLSH2022,RA_LIC_TASSCHG_PY,0.0
NI02PPUBLSH2022,RA_LIC_FASSCHG_PY,0.0
NI02PPUBLSH2022,RA_LIC_CLO,0.0
NI02PPUBLSH2023,PVFC_LIC_UNWIND,0.0
NI02PPUBLSH2023,PVFC_LIC_EXP_CLAIM_CF_CY,0.0
NI02PPUBLSH2023,PVFC_LIC_EXP_ATTEXP_CY,0.0
NI02PPUBLSH2023,PVFC_LIC_EXP_CLAIM_CF_PY,-690466.9946612573
NI02PPUBLSH2023,PVFC_LIC_EXP_ATTEXP_PY,0.0
NI02PPUBLSH2023,RA_LIC_OP,6653.2240955283405
NI02PPUBLSH2023,RA_LIC_UNWIND,99.1968570117761
NI02PPUBLSH2023,RA_LIC_INCLAIM,2782.0651048981354
NI02PPUBLSH2023,RA_LIC_RELEASE_PY,-5459.977518244862
NI02PPUBLSH2023,RA_LIC_DEREC,0.0
NI02PPUBLSH2023,RA_LIC_TASSCHG_PY,1347.4228650021696
NI02PPUBLSH2023,RA_LIC_FASSCHG_PY,0.0
NI02PPUBLSH2023,RA_LIC_CLO,5421.931404195561
NI02PPUBLSH2024,PVFC_LIC_UNWIND,0.0
NI02PPUBLSH2024,PVFC_LIC_EXP_CLAIM_CF_CY,-218525.38209000003
NI02PPUBLSH2024,PVFC_LIC_EXP_ATTEXP_CY,0.0
NI02PPUBLSH2024,PVFC_LIC_EXP_CLAIM_CF_PY,0.0
NI02PPUBLSH2024,PVFC_LIC_EXP_ATTEXP_PY,0.0
NI02PPUBLSH2024,RA_LIC_OP,0.0
NI02PPUBLSH2024,RA_LIC_UNWIND,0.0
NI02PPUBLSH2024,RA_LIC_INCLAIM,0.0
NI02PPUBLSH2024,RA_LIC_RELEASE_PY,0.0
NI02PPUBLSH2024,RA_LIC_DEREC,0.0
NI02PPUBLSH2024,RA_LIC_TASSCHG_PY,0.0
NI02PPUBLSH2024,RA_LIC_FASSCHG_PY,0.0
NI02PPUBLSH2024,RA_LIC_CLO,0.0
NI02PPUBLSH2012,RA_LIC_RELEASE_CY,0.0
NI02PPUBLSH2013,RA_LIC_RELEASE_CY,0.0
NI02PPUBLSH2014,RA_LIC_RELEASE_CY,0.0
NI02PPUBLSH2015,RA_LIC_RELEASE_CY,0.0
NI02PPUBLSH2016,RA_LIC_RELEASE_CY,0.0
NI02PPUBLSH2017,RA_LIC_RELEASE_CY,0.0
NI02PPUBLSH2018,RA_LIC_RELEASE_CY,0.0
NI02PPUBLSH2019,RA_LIC_RELEASE_CY,0.0
NI02PPUBLSH2020,RA_LIC_RELEASE_CY,0.0
NI02PPUBLSH2021,RA_LIC_RELEASE_CY,0.0
NI02PPUBLSH2022,RA_LIC_RELEASE_CY,0.0
NI02PPUBLSH2023,RA_LIC_RELEASE_CY,0.0
NI02PPUBLSH2024,RA_LIC_RELEASE_CY,0.0
NI02PPUBLSH2012,RA_LIC_FEXPVAR_CY,0.0
NI02PPUBLSH2013,RA_LIC_FEXPVAR_CY,0.0
NI02PPUBLSH2014,RA_LIC_FEXPVAR_CY,0.0
NI02PPUBLSH2015,RA_LIC_FEXPVAR_CY,0.0
NI02PPUBLSH2016,RA_LIC_FEXPVAR_CY,0.0
NI02PPUBLSH2017,RA_LIC_FEXPVAR_CY,0.0
NI02PPUBLSH2018,RA_LIC_FEXPVAR_CY,0.0
NI02PPUBLSH2019,RA_LIC_FEXPVAR_CY,0.0
NI02PPUBLSH2020,RA_LIC_FEXPVAR_CY,0.0
NI02PPUBLSH2021,RA_LIC_FEXPVAR_CY,0.0
NI02PPUBLSH2022,RA_LIC_FEXPVAR_CY,0.0
NI02PPUBLSH2023,RA_LIC_FEXPVAR_CY,0.0
NI02PPUBLSH2024,RA_LIC_FEXPVAR_CY,0.0
NI02PPUBLSH2012,DA_LIC_OP,0.0
NI02PPUBLSH2013,DA_LIC_OP,0.0
NI02PPUBLSH2014,DA_LIC_OP,0.0
NI02PPUBLSH2015,DA_LIC_OP,0.0
NI02PPUBLSH2016,DA_LIC_OP,0.0
NI02PPUBLSH2017,DA_LIC_OP,0.0
NI02PPUBLSH2018,DA_LIC_OP,0.0
NI02PPUBLSH2019,DA_LIC_OP,0.0
NI02PPUBLSH2020,DA_LIC_OP,0.0
NI02PPUBLSH2021,DA_LIC_OP,0.0
NI02PPUBLSH2022,DA_LIC_OP,0.0
NI02PPUBLSH2023,DA_LIC_OP,0.0
NI02PPUBLSH2024,DA_LIC_OP,0.0
NI02PPUBLSH2012,DA_LIC_INCLAIM_INCEXP,0.0
NI02PPUBLSH2013,DA_LIC_INCLAIM_INCEXP,0.0
NI02PPUBLSH2014,DA_LIC_INCLAIM_INCEXP,0.0
NI02PPUBLSH2015,DA_LIC_INCLAIM_INCEXP,0.0
NI02PPUBLSH2016,DA_LIC_INCLAIM_INCEXP,0.0
NI02PPUBLSH2017,DA_LIC_INCLAIM_INCEXP,0.0
NI02PPUBLSH2018,DA_LIC_INCLAIM_INCEXP,0.0
NI02PPUBLSH2019,DA_LIC_INCLAIM_INCEXP,0.0
NI02PPUBLSH2020,DA_LIC_INCLAIM_INCEXP,0.0
NI02PPUBLSH2021,DA_LIC_INCLAIM_INCEXP,0.0
NI02PPUBLSH2022,DA_LIC_INCLAIM_INCEXP,0.0
NI02PPUBLSH2023,DA_LIC_INCLAIM_INCEXP,0.0
NI02PPUBLSH2024,DA_LIC_INCLAIM_INCEXP,0.0
NI02PPUBLSH2012,DA_LIC_CHG,0.0
NI02PPUBLSH2013,DA_LIC_CHG,0.0
NI02PPUBLSH2014,DA_LIC_CHG,0.0
NI02PPUBLSH2015,DA_LIC_CHG,0.0
NI02PPUBLSH2016,DA_LIC_CHG,0.0
NI02PPUBLSH2017,DA_LIC_CHG,0.0
NI02PPUBLSH2018,DA_LIC_CHG,0.0
NI02PPUBLSH2019,DA_LIC_CHG,0.0
NI02PPUBLSH2020,DA_LIC_CHG,0.0
NI02PPUBLSH2021,DA_LIC_CHG,0.0
NI02PPUBLSH2022,DA_LIC_CHG,0.0
NI02PPUBLSH2023,DA_LIC_CHG,0.0
NI02PPUBLSH2024,DA_LIC_CHG,0.0
NI02PPUBLSH2012,DA_LIC_CLO,0.0
NI02PPUBLSH2013,DA_LIC_CLO,0.0
NI02PPUBLSH2014,DA_LIC_CLO,0.0
NI02PPUBLSH2015,DA_LIC_CLO,0.0
NI02PPUBLSH2016,DA_LIC_CLO,0.0
NI02PPUBLSH2017,DA_LIC_CLO,0.0
NI02PPUBLSH2018,DA_LIC_CLO,0.0
NI02PPUBLSH2019,DA_LIC_CLO,0.0
NI02PPUBLSH2020,DA_LIC_CLO,0.0
NI02PPUBLSH2021,DA_LIC_CLO,0.0
NI02PPUBLSH2022,DA_LIC_CLO,0.0
NI02PPUBLSH2023,DA_LIC_CLO,0.0
NI02PPUBLSH2024,DA_LIC_CLO,0.0
NI02PPUBLSH2012,PVFC_LIC_UNWIND,0.0
NI02PPUBLSH2012,PVFC_LIC_EXP_CLAIM_CF_CY,0.0
NI02PPUBLSH2012,PVFC_LIC_EXP_ATTEXP_CY,0.0
NI02PPUBLSH2012,PVFC_LIC_EXP_CLAIM_CF_PY,-123.99438999999984
NI02PPUBLSH2012,PVFC_LIC_EXP_ATTEXP_PY,0.0
NI02PPUBLSH2012,RA_LIC_OP,0.0
NI02PPUBLSH2012,RA_LIC_UNWIND,0.0
NI02PPUBLSH2012,RA_LIC_INCLAIM,0.0
NI02PPUBLSH2012,RA_LIC_RELEASE_PY,0.0
NI02PPUBLSH2012,RA_LIC_DEREC,0.0
NI02PPUBLSH2012,RA_LIC_TASSCHG_PY,0.0
NI02PPUBLSH2012,RA_LIC_FASSCHG_PY,0.0
NI02PPUBLSH2012,RA_LIC_CLO,0.0
NI02PPUBLSH2013,PVFC_LIC_UNWIND,0.0
NI02PPUBLSH2013,PVFC_LIC_EXP_CLAIM_CF_CY,0.0
NI02PPUBLSH2013,PVFC_LIC_EXP_ATTEXP_CY,0.0
NI02PPUBLSH2013,PVFC_LIC_EXP_CLAIM_CF_PY,0.0
NI02PPUBLSH2013,PVFC_LIC_EXP_ATTEXP_PY,0.0
NI02PPUBLSH2013,RA_LIC_OP,0.0
NI02PPUBLSH2013,RA_LIC_UNWIND,0.0
NI02PPUBLSH2013,RA_LIC_INCLAIM,0.0
NI02PPUBLSH2013,RA_LIC_RELEASE_PY,0.0
NI02PPUBLSH2013,RA_LIC_DEREC,0.0
NI02PPUBLSH2013,RA_LIC_TASSCHG_PY,0.0
NI02PPUBLSH2013,RA_LIC_FASSCHG_PY,0.0
NI02PPUBLSH2013,RA_LIC_CLO,0.0
NI02PPUBLSH2014,PVFC_LIC_UNWIND,0.0
NI02PPUBLSH2014,PVFC_LIC_EXP_CLAIM_CF_CY,0.0
NI02PPUBLSH2014,PVFC_LIC_EXP_ATTEXP_CY,0.0
NI02PPUBLSH2014,PVFC_LIC_EXP_CLAIM_CF_PY,-4382.646347999998
NI02PPUBLSH2014,PVFC_LIC_EXP_ATTEXP_PY,0.0
NI02PPUBLSH2014,RA_LIC_OP,0.0
NI02PPUBLSH2014,RA_LIC_UNWIND,0.0
NI02PPUBLSH2014,RA_LIC_INCLAIM,0.0
NI02PPUBLSH2014,RA_LIC_RELEASE_PY,0.0
NI02PPUBLSH2014,RA_LIC_DEREC,0.0
NI02PPUBLSH2014,RA_LIC_TASSCHG_PY,0.0
NI02PPUBLSH2014,RA_LIC_FASSCHG_PY,0.0
NI02PPUBLSH2014,RA_LIC_CLO,0.0
NI02PPUBLSH2015,PVFC_LIC_UNWIND,0.0
NI02PPUBLSH2015,PVFC_LIC_EXP_CLAIM_CF_CY,0.0
NI02PPUBLSH2015,PVFC_LIC_EXP_ATTEXP_CY,0.0
NI02PPUBLSH2015,PVFC_LIC_EXP_CLAIM_CF_PY,0.0
NI02PPUBLSH2015,PVFC_LIC_EXP_ATTEXP_PY,0.0
NI02PPUBLSH2015,RA_LIC_OP,0.0
NI02PPUBLSH2015,RA_LIC_UNWIND,0.0
NI02PPUBLSH2015,RA_LIC_INCLAIM,0.0
NI02PPUBLSH2015,RA_LIC_RELEASE_PY,0.0
NI02PPUBLSH2015,RA_LIC_DEREC,0.0
NI02PPUBLSH2015,RA_LIC_TASSCHG_PY,0.0
NI02PPUBLSH2015,RA_LIC_FASSCHG_PY,0.0
NI02PPUBLSH2015,RA_LIC_CLO,0.0
NI02PPUBLSH2016,PVFC_LIC_UNWIND,0.0
NI02PPUBLSH2016,PVFC_LIC_EXP_CLAIM_CF_CY,0.0
NI02PPUBLSH2016,PVFC_LIC_EXP_ATTEXP_CY,0.0
NI02PPUBLSH2016,PVFC_LIC_EXP_CLAIM_CF_PY,0.0
NI02PPUBLSH2016,PVFC_LIC_EXP_ATTEXP_PY,0.0
NI02PPUBLSH2016,RA_LIC_OP,0.0
NI02PPUBLSH2016,RA_LIC_UNWIND,0.0
NI02PPUBLSH2016,RA_LIC_INCLAIM,0.0
NI02PPUBLSH2016,RA_LIC_RELEASE_PY,0.0
NI02PPUBLSH2016,RA_LIC_DEREC,0.0
NI02PPUBLSH2016,RA_LIC_TASSCHG_PY,0.0
NI02PPUBLSH2016,RA_LIC_FASSCHG_PY,0.0
NI02PPUBLSH2016,RA_LIC_CLO,0.0
NI02PPUBLSH2017,PVFC_LIC_UNWIND,0.0
NI02PPUBLSH2017,PVFC_LIC_EXP_CLAIM_CF_CY,0.0
NI02PPUBLSH2017,PVFC_LIC_EXP_ATTEXP_CY,0.0
NI02PPUBLSH2017,PVFC_LIC_EXP_CLAIM_CF_PY,-5162.186877549593
NI02PPUBLSH2017,PVFC_LIC_EXP_ATTEXP_PY,0.0
NI02PPUBLSH2017,RA_LIC_OP,0.0
NI02PPUBLSH2017,RA_LIC_UNWIND,0.0
NI02PPUBLSH2017,RA_LIC_INCLAIM,0.0
NI02PPUBLSH2017,RA_LIC_RELEASE_PY,0.0
NI02PPUBLSH2017,RA_LIC_DEREC,0.0
NI02PPUBLSH2017,RA_LIC_TASSCHG_PY,0.0
NI02PPUBLSH2017,RA_LIC_FASSCHG_PY,0.0
NI02PPUBLSH2017,RA_LIC_CLO,0.0
NI02PPUBLSH2018,PVFC_LIC_UNWIND,0.0
NI02PPUBLSH2018,PVFC_LIC_EXP_CLAIM_CF_CY,0.0
NI02PPUBLSH2018,PVFC_LIC_EXP_ATTEXP_CY,0.0
NI02PPUBLSH2018,PVFC_LIC_EXP_CLAIM_CF_PY,-2238.095385243725
NI02PPUBLSH2018,PVFC_LIC_EXP_ATTEXP_PY,0.0
NI02PPUBLSH2018,RA_LIC_OP,0.0
NI02PPUBLSH2018,RA_LIC_UNWIND,0.0
NI02PPUBLSH2018,RA_LIC_INCLAIM,0.0
NI02PPUBLSH2018,RA_LIC_RELEASE_PY,0.0
NI02PPUBLSH2018,RA_LIC_DEREC,0.0
NI02PPUBLSH2018,RA_LIC_TASSCHG_PY,0.0
NI02PPUBLSH2018,RA_LIC_FASSCHG_PY,0.0
NI02PPUBLSH2018,RA_LIC_CLO,0.0
NI02PPUBLSH2019,PVFC_LIC_UNWIND,0.0
NI02PPUBLSH2019,PVFC_LIC_EXP_CLAIM_CF_CY,0.0
NI02PPUBLSH2019,PVFC_LIC_EXP_ATTEXP_CY,0.0
NI02PPUBLSH2019,PVFC_LIC_EXP_CLAIM_CF_PY,-7115.077435165911
NI02PPUBLSH2019,PVFC_LIC_EXP_ATTEXP_PY,0.0
NI02PPUBLSH2019,RA_LIC_OP,0.0
NI02PPUBLSH2019,RA_LIC_UNWIND,0.0
NI02PPUBLSH2019,RA_LIC_INCLAIM,0.0
NI02PPUBLSH2019,RA_LIC_RELEASE_PY,0.0
NI02PPUBLSH2019,RA_LIC_DEREC,0.0
NI02PPUBLSH2019,RA_LIC_TASSCHG_PY,0.0
NI02PPUBLSH2019,RA_LIC_FASSCHG_PY,0.0
NI02PPUBLSH2019,RA_LIC_CLO,0.0
NI02PPUBLSH2020,PVFC_LIC_UNWIND,0.0
NI02PPUBLSH2020,PVFC_LIC_EXP_CLAIM_CF_CY,0.0
NI02PPUBLSH2020,PVFC_LIC_EXP_ATTEXP_CY,0.0
NI02PPUBLSH2020,PVFC_LIC_EXP_CLAIM_CF_PY,-41193.23698212901
NI02PPUBLSH2020,PVFC_LIC_EXP_ATTEXP_PY,0.0
NI02PPUBLSH2020,RA_LIC_OP,0.0
NI02PPUBLSH2020,RA_LIC_UNWIND,0.0
NI02PPUBLSH2020,RA_LIC_INCLAIM,0.0
NI02PPUBLSH2020,RA_LIC_RELEASE_PY,0.0
NI02PPUBLSH2020,RA_LIC_DEREC,0.0
NI02PPUBLSH2020,RA_LIC_TASSCHG_PY,0.0
NI02PPUBLSH2020,RA_LIC_FASSCHG_PY,0.0
NI02PPUBLSH2020,RA_LIC_CLO,0.0
NI02PPUBLSH2021,PVFC_LIC_UNWIND,0.0
NI02PPUBLSH2021,PVFC_LIC_EXP_CLAIM_CF_CY,0.0
NI02PPUBLSH2021,PVFC_LIC_EXP_ATTEXP_CY,0.0
NI02PPUBLSH2021,PVFC_LIC_EXP_CLAIM_CF_PY,-189277.07040251943
NI02PPUBLSH2021,PVFC_LIC_EXP_ATTEXP_PY,0.0
NI02PPUBLSH2021,RA_LIC_OP,0.0
NI02PPUBLSH2021,RA_LIC_UNWIND,0.0
NI02PPUBLSH2021,RA_LIC_INCLAIM,0.0
NI02PPUBLSH2021,RA_LIC_RELEASE_PY,0.0
NI02PPUBLSH2021,RA_LIC_DEREC,0.0
NI02PPUBLSH2021,RA_LIC_TASSCHG_PY,0.0
NI02PPUBLSH2021,RA_LIC_FASSCHG_PY,0.0
NI02PPUBLSH2021,RA_LIC_CLO,0.0
NI02PPUBLSH2022,PVFC_LIC_UNWIND,0.0
NI02PPUBLSH2022,PVFC_LIC_EXP_CLAIM_CF_CY,0.0
NI02PPUBLSH2022,PVFC_LIC_EXP_ATTEXP_CY,0.0
NI02PPUBLSH2022,PVFC_LIC_EXP_CLAIM_CF_PY,-19593.419539831284
NI02PPUBLSH2022,PVFC_LIC_EXP_ATTEXP_PY,0.0
NI02PPUBLSH2022,RA_LIC_OP,0.0
NI02PPUBLSH2022,RA_LIC_UNWIND,0.0
NI02PPUBLSH2022,RA_LIC_INCLAIM,0.0
NI02PPUBLSH2022,RA_LIC_RELEASE_PY,0.0
NI02PPUBLSH2022,RA_LIC_DEREC,0.0
NI02PPUBLSH2022,RA_LIC_TASSCHG_PY,0.0
NI02PPUBLSH2022,RA_LIC_FASSCHG_PY,0.0
NI02PPUBLSH2022,RA_LIC_CLO,0.0
NI02PPUBLSH2023,PVFC_LIC_UNWIND,0.0
NI02PPUBLSH2023,PVFC_LIC_EXP_CLAIM_CF_CY,0.0
NI02PPUBLSH2023,PVFC_LIC_EXP_ATTEXP_CY,0.0
NI02PPUBLSH2023,PVFC_LIC_EXP_CLAIM_CF_PY,-32471.680418174943
NI02PPUBLSH2023,PVFC_LIC_EXP_ATTEXP_PY,0.0
NI02PPUBLSH2023,RA_LIC_OP,2722.030026170116
NI02PPUBLSH2023,RA_LIC_UNWIND,57.7855103725623
NI02PPUBLSH2023,RA_LIC_INCLAIM,212.3483395376348
NI02PPUBLSH2023,RA_LIC_RELEASE_PY,-1347.0295082200892
NI02PPUBLSH2023,RA_LIC_DEREC,0.0
NI02PPUBLSH2023,RA_LIC_TASSCHG_PY,35.62832883441572
NI02PPUBLSH2023,RA_LIC_FASSCHG_PY,0.0
NI02PPUBLSH2023,RA_LIC_CLO,1680.7626966946395
NI02PPUBLSH2024,PVFC_LIC_UNWIND,0.0
NI02PPUBLSH2024,PVFC_LIC_EXP_CLAIM_CF_CY,-19087.584974999998
NI02PPUBLSH2024,PVFC_LIC_EXP_ATTEXP_CY,0.0
NI02PPUBLSH2024,PVFC_LIC_EXP_CLAIM_CF_PY,0.0
NI02PPUBLSH2024,PVFC_LIC_EXP_ATTEXP_PY,0.0
NI02PPUBLSH2024,RA_LIC_OP,0.0
NI02PPUBLSH2024,RA_LIC_UNWIND,0.0
NI02PPUBLSH2024,RA_LIC_INCLAIM,0.0
NI02PPUBLSH2024,RA_LIC_RELEASE_PY,0.0
NI02PPUBLSH2024,RA_LIC_DEREC,0.0
NI02PPUBLSH2024,RA_LIC_TASSCHG_PY,0.0
NI02PPUBLSH2024,RA_LIC_FASSCHG_PY,0.0
NI02PPUBLSH2024,RA_LIC_CLO,0.0
NI02PPUBLSH2012,RA_LIC_RELEASE_CY,0.0
NI02PPUBLSH2013,RA_LIC_RELEASE_CY,0.0
NI02PPUBLSH2014,RA_LIC_RELEASE_CY,0.0
NI02PPUBLSH2015,RA_LIC_RELEASE_CY,0.0
NI02PPUBLSH2016,RA_LIC_RELEASE_CY,0.0
NI02PPUBLSH2017,RA_LIC_RELEASE_CY,0.0
NI02PPUBLSH2018,RA_LIC_RELEASE_CY,0.0
NI02PPUBLSH2019,RA_LIC_RELEASE_CY,0.0
NI02PPUBLSH2020,RA_LIC_RELEASE_CY,0.0
NI02PPUBLSH2021,RA_LIC_RELEASE_CY,0.0
NI02PPUBLSH2022,RA_LIC_RELEASE_CY,0.0
NI02PPUBLSH2023,RA_LIC_RELEASE_CY,0.0
NI02PPUBLSH2024,RA_LIC_RELEASE_CY,0.0
NI02PPUBLSH2012,RA_LIC_FEXPVAR_CY,0.0
NI02PPUBLSH2013,RA_LIC_FEXPVAR_CY,0.0
NI02PPUBLSH2014,RA_LIC_FEXPVAR_CY,0.0
NI02PPUBLSH2015,RA_LIC_FEXPVAR_CY,0.0
NI02PPUBLSH2016,RA_LIC_FEXPVAR_CY,0.0
NI02PPUBLSH2017,RA_LIC_FEXPVAR_CY,0.0
NI02PPUBLSH2018,RA_LIC_FEXPVAR_CY,0.0
NI02PPUBLSH2019,RA_LIC_FEXPVAR_CY,0.0
NI02PPUBLSH2020,RA_LIC_FEXPVAR_CY,0.0
NI02PPUBLSH2021,RA_LIC_FEXPVAR_CY,0.0
NI02PPUBLSH2022,RA_LIC_FEXPVAR_CY,0.0
NI02PPUBLSH2023,RA_LIC_FEXPVAR_CY,0.0
NI02PPUBLSH2024,RA_LIC_FEXPVAR_CY,0.0
NI02PPUBLSH2012,DA_LIC_OP,0.0
NI02PPUBLSH2013,DA_LIC_OP,0.0
NI02PPUBLSH2014,DA_LIC_OP,0.0
NI02PPUBLSH2015,DA_LIC_OP,0.0
NI02PPUBLSH2016,DA_LIC_OP,0.0
NI02PPUBLSH2017,DA_LIC_OP,0.0
NI02PPUBLSH2018,DA_LIC_OP,0.0
NI02PPUBLSH2019,DA_LIC_OP,0.0
NI02PPUBLSH2020,DA_LIC_OP,0.0
NI02PPUBLSH2021,DA_LIC_OP,0.0
NI02PPUBLSH2022,DA_LIC_OP,0.0
NI02PPUBLSH2023,DA_LIC_OP,0.0
NI02PPUBLSH2024,DA_LIC_OP,0.0
NI02PPUBLSH2012,DA_LIC_INCLAIM_INCEXP,0.0
NI02PPUBLSH2013,DA_LIC_INCLAIM_INCEXP,0.0
NI02PPUBLSH2014,DA_LIC_INCLAIM_INCEXP,0.0
NI02PPUBLSH2015,DA_LIC_INCLAIM_INCEXP,0.0
NI02PPUBLSH2016,DA_LIC_INCLAIM_INCEXP,0.0
NI02PPUBLSH2017,DA_LIC_INCLAIM_INCEXP,0.0
NI02PPUBLSH2018,DA_LIC_INCLAIM_INCEXP,0.0
NI02PPUBLSH2019,DA_LIC_INCLAIM_INCEXP,0.0
NI02PPUBLSH2020,DA_LIC_INCLAIM_INCEXP,0.0
NI02PPUBLSH2021,DA_LIC_INCLAIM_INCEXP,0.0
NI02PPUBLSH2022,DA_LIC_INCLAIM_INCEXP,0.0
NI02PPUBLSH2023,DA_LIC_INCLAIM_INCEXP,0.0
NI02PPUBLSH2024,DA_LIC_INCLAIM_INCEXP,0.0
NI02PPUBLSH2012,DA_LIC_CHG,0.0
NI02PPUBLSH2013,DA_LIC_CHG,0.0
NI02PPUBLSH2014,DA_LIC_CHG,0.0
NI02PPUBLSH2015,DA_LIC_CHG,0.0
NI02PPUBLSH2016,DA_LIC_CHG,0.0
NI02PPUBLSH2017,DA_LIC_CHG,0.0
NI02PPUBLSH2018,DA_LIC_CHG,0.0
NI02PPUBLSH2019,DA_LIC_CHG,0.0
NI02PPUBLSH2020,DA_LIC_CHG,0.0
NI02PPUBLSH2021,DA_LIC_CHG,0.0
NI02PPUBLSH2022,DA_LIC_CHG,0.0
NI02PPUBLSH2023,DA_LIC_CHG,0.0
NI02PPUBLSH2024,DA_LIC_CHG,0.0
NI02PPUBLSH2012,DA_LIC_CLO,0.0
NI02PPUBLSH2013,DA_LIC_CLO,0.0
NI02PPUBLSH2014,DA_LIC_CLO,0.0
NI02PPUBLSH2015,DA_LIC_CLO,0.0
NI02PPUBLSH2016,DA_LIC_CLO,0.0
NI02PPUBLSH2017,DA_LIC_CLO,0.0
NI02PPUBLSH2018,DA_LIC_CLO,0.0
NI02PPUBLSH2019,DA_LIC_CLO,0.0
NI02PPUBLSH2020,DA_LIC_CLO,0.0
NI02PPUBLSH2021,DA_LIC_CLO,0.0
NI02PPUBLSH2022,DA_LIC_CLO,0.0
NI02PPUBLSH2023,DA_LIC_CLO,0.0
NI02PPUBLSH2024,DA_LIC_CLO,0.0
NI02PPRIVPF2012,PVFC_LIC_UNWIND,0.0
NI02PPRIVPF2012,PVFC_LIC_EXP_CLAIM_CF_CY,0.0
NI02PPRIVPF2012,PVFC_LIC_EXP_ATTEXP_CY,0.0
NI02PPRIVPF2012,PVFC_LIC_EXP_CLAIM_CF_PY,0.0
NI02PPRIVPF2012,PVFC_LIC_EXP_ATTEXP_PY,0.0
NI02PPRIVPF2012,RA_LIC_OP,0.0
NI02PPRIVPF2012,RA_LIC_UNWIND,0.0
NI02PPRIVPF2012,RA_LIC_INCLAIM,0.0
NI02PPRIVPF2012,RA_LIC_RELEASE_PY,0.0
NI02PPRIVPF2012,RA_LIC_DEREC,0.0
NI02PPRIVPF2012,RA_LIC_TASSCHG_PY,0.0
NI02PPRIVPF2012,RA_LIC_FASSCHG_PY,0.0
NI02PPRIVPF2012,RA_LIC_CLO,0.0
NI02PPRIVPF2013,PVFC_LIC_UNWIND,0.0
NI02PPRIVPF2013,PVFC_LIC_EXP_CLAIM_CF_CY,0.0
NI02PPRIVPF2013,PVFC_LIC_EXP_ATTEXP_CY,0.0
NI02PPRIVPF2013,PVFC_LIC_EXP_CLAIM_CF_PY,0.0
NI02PPRIVPF2013,PVFC_LIC_EXP_ATTEXP_PY,0.0
NI02PPRIVPF2013,RA_LIC_OP,0.0
NI02PPRIVPF2013,RA_LIC_UNWIND,0.0
NI02PPRIVPF2013,RA_LIC_INCLAIM,0.0
NI02PPRIVPF2013,RA_LIC_RELEASE_PY,0.0
NI02PPRIVPF2013,RA_LIC_DEREC,0.0
NI02PPRIVPF2013,RA_LIC_TASSCHG_PY,0.0
NI02PPRIVPF2013,RA_LIC_FASSCHG_PY,0.0
NI02PPRIVPF2013,RA_LIC_CLO,0.0
NI02PPRIVPF2014,PVFC_LIC_UNWIND,0.0
NI02PPRIVPF2014,PVFC_LIC_EXP_CLAIM_CF_CY,0.0
NI02PPRIVPF2014,PVFC_LIC_EXP_ATTEXP_CY,0.0
NI02PPRIVPF2014,PVFC_LIC_EXP_CLAIM_CF_PY,0.0
NI02PPRIVPF2014,PVFC_LIC_EXP_ATTEXP_PY,0.0
NI02PPRIVPF2014,RA_LIC_OP,0.0
NI02PPRIVPF2014,RA_LIC_UNWIND,0.0
NI02PPRIVPF2014,RA_LIC_INCLAIM,0.0
NI02PPRIVPF2014,RA_LIC_RELEASE_PY,0.0
NI02PPRIVPF2014,RA_LIC_DEREC,0.0
NI02PPRIVPF2014,RA_LIC_TASSCHG_PY,0.0
NI02PPRIVPF2014,RA_LIC_FASSCHG_PY,0.0
NI02PPRIVPF2014,RA_LIC_CLO,0.0
NI02PPRIVPF2015,PVFC_LIC_UNWIND,0.0
NI02PPRIVPF2015,PVFC_LIC_EXP_CLAIM_CF_CY,0.0
NI02PPRIVPF2015,PVFC_LIC_EXP_ATTEXP_CY,0.0
NI02PPRIVPF2015,PVFC_LIC_EXP_CLAIM_CF_PY,0.0
NI02PPRIVPF2015,PVFC_LIC_EXP_ATTEXP_PY,0.0
NI02PPRIVPF2015,RA_LIC_OP,0.0
NI02PPRIVPF2015,RA_LIC_UNWIND,0.0
NI02PPRIVPF2015,RA_LIC_INCLAIM,0.0
NI02PPRIVPF2015,RA_LIC_RELEASE_PY,0.0
NI02PPRIVPF2015,RA_LIC_DEREC,0.0
NI02PPRIVPF2015,RA_LIC_TASSCHG_PY,0.0
NI02PPRIVPF2015,RA_LIC_FASSCHG_PY,0.0
NI02PPRIVPF2015,RA_LIC_CLO,0.0
NI02PPRIVPF2016,PVFC_LIC_UNWIND,0.0
NI02PPRIVPF2016,PVFC_LIC_EXP_CLAIM_CF_CY,0.0
NI02PPRIVPF2016,PVFC_LIC_EXP_ATTEXP_CY,0.0
NI02PPRIVPF2016,PVFC_LIC_EXP_CLAIM_CF_PY,0.0
NI02PPRIVPF2016,PVFC_LIC_EXP_ATTEXP_PY,0.0
NI02PPRIVPF2016,RA_LIC_OP,0.0
NI02PPRIVPF2016,RA_LIC_UNWIND,0.0
NI02PPRIVPF2016,RA_LIC_INCLAIM,0.0
NI02PPRIVPF2016,RA_LIC_RELEASE_PY,0.0
NI02PPRIVPF2016,RA_LIC_DEREC,0.0
NI02PPRIVPF2016,RA_LIC_TASSCHG_PY,0.0
NI02PPRIVPF2016,RA_LIC_FASSCHG_PY,0.0
NI02PPRIVPF2016,RA_LIC_CLO,0.0
NI02PPRIVPF2017,PVFC_LIC_UNWIND,0.0
NI02PPRIVPF2017,PVFC_LIC_EXP_CLAIM_CF_CY,0.0
NI02PPRIVPF2017,PVFC_LIC_EXP_ATTEXP_CY,0.0
NI02PPRIVPF2017,PVFC_LIC_EXP_CLAIM_CF_PY,0.0
NI02PPRIVPF2017,PVFC_LIC_EXP_ATTEXP_PY,0.0
NI02PPRIVPF2017,RA_LIC_OP,0.0
NI02PPRIVPF2017,RA_LIC_UNWIND,0.0
NI02PPRIVPF2017,RA_LIC_INCLAIM,0.0
NI02PPRIVPF2017,RA_LIC_RELEASE_PY,0.0
NI02PPRIVPF2017,RA_LIC_DEREC,0.0
NI02PPRIVPF2017,RA_LIC_TASSCHG_PY,0.0
NI02PPRIVPF2017,RA_LIC_FASSCHG_PY,0.0
NI02PPRIVPF2017,RA_LIC_CLO,0.0
NI02PPRIVPF2018,PVFC_LIC_UNWIND,0.0
NI02PPRIVPF2018,PVFC_LIC_EXP_CLAIM_CF_CY,0.0
NI02PPRIVPF2018,PVFC_LIC_EXP_ATTEXP_CY,0.0
NI02PPRIVPF2018,PVFC_LIC_EXP_CLAIM_CF_PY,2.1241133253534654
NI02PPRIVPF2018,PVFC_LIC_EXP_ATTEXP_PY,0.0
NI02PPRIVPF2018,RA_LIC_OP,0.0
NI02PPRIVPF2018,RA_LIC_UNWIND,0.0
NI02PPRIVPF2018,RA_LIC_INCLAIM,0.0
NI02PPRIVPF2018,RA_LIC_RELEASE_PY,0.0
NI02PPRIVPF2018,RA_LIC_DEREC,0.0
NI02PPRIVPF2018,RA_LIC_TASSCHG_PY,0.0
NI02PPRIVPF2018,RA_LIC_FASSCHG_PY,0.0
NI02PPRIVPF2018,RA_LIC_CLO,0.0
NI02PPRIVPF2019,PVFC_LIC_UNWIND,0.0
NI02PPRIVPF2019,PVFC_LIC_EXP_CLAIM_CF_CY,0.0
NI02PPRIVPF2019,PVFC_LIC_EXP_ATTEXP_CY,0.0
NI02PPRIVPF2019,PVFC_LIC_EXP_CLAIM_CF_PY,25.073972882972917
NI02PPRIVPF2019,PVFC_LIC_EXP_ATTEXP_PY,0.0
NI02PPRIVPF2019,RA_LIC_OP,0.0
NI02PPRIVPF2019,RA_LIC_UNWIND,0.0
NI02PPRIVPF2019,RA_LIC_INCLAIM,0.0
NI02PPRIVPF2019,RA_LIC_RELEASE_PY,0.0
NI02PPRIVPF2019,RA_LIC_DEREC,0.0
NI02PPRIVPF2019,RA_LIC_TASSCHG_PY,0.0
NI02PPRIVPF2019,RA_LIC_FASSCHG_PY,0.0
NI02PPRIVPF2019,RA_LIC_CLO,0.0
NI02PPRIVPF2020,PVFC_LIC_UNWIND,0.0
NI02PPRIVPF2020,PVFC_LIC_EXP_CLAIM_CF_CY,0.0
NI02PPRIVPF2020,PVFC_LIC_EXP_ATTEXP_CY,0.0
NI02PPRIVPF2020,PVFC_LIC_EXP_CLAIM_CF_PY,2525.1495055635023
NI02PPRIVPF2020,PVFC_LIC_EXP_ATTEXP_PY,0.0
NI02PPRIVPF2020,RA_LIC_OP,0.0
NI02PPRIVPF2020,RA_LIC_UNWIND,0.0
NI02PPRIVPF2020,RA_LIC_INCLAIM,0.0
NI02PPRIVPF2020,RA_LIC_RELEASE_PY,0.0
NI02PPRIVPF2020,RA_LIC_DEREC,0.0
NI02PPRIVPF2020,RA_LIC_TASSCHG_PY,0.0
NI02PPRIVPF2020,RA_LIC_FASSCHG_PY,0.0
NI02PPRIVPF2020,RA_LIC_CLO,0.0
NI02PPRIVPF2021,PVFC_LIC_UNWIND,0.0
NI02PPRIVPF2021,PVFC_LIC_EXP_CLAIM_CF_CY,0.0
NI02PPRIVPF2021,PVFC_LIC_EXP_ATTEXP_CY,0.0
NI02PPRIVPF2021,PVFC_LIC_EXP_CLAIM_CF_PY,15299.831282882787
NI02PPRIVPF2021,PVFC_LIC_EXP_ATTEXP_PY,0.0
NI02PPRIVPF2021,RA_LIC_OP,0.0
NI02PPRIVPF2021,RA_LIC_UNWIND,0.0
NI02PPRIVPF2021,RA_LIC_INCLAIM,0.0
NI02PPRIVPF2021,RA_LIC_RELEASE_PY,0.0
NI02PPRIVPF2021,RA_LIC_DEREC,0.0
NI02PPRIVPF2021,RA_LIC_TASSCHG_PY,0.0
NI02PPRIVPF2021,RA_LIC_FASSCHG_PY,0.0
NI02PPRIVPF2021,RA_LIC_CLO,0.0
NI02PPRIVPF2022,PVFC_LIC_UNWIND,0.0
NI02PPRIVPF2022,PVFC_LIC_EXP_CLAIM_CF_CY,0.0
NI02PPRIVPF2022,PVFC_LIC_EXP_ATTEXP_CY,0.0
NI02PPRIVPF2022,PVFC_LIC_EXP_CLAIM_CF_PY,115535.55674138879
NI02PPRIVPF2022,PVFC_LIC_EXP_ATTEXP_PY,0.0
NI02PPRIVPF2022,RA_LIC_OP,0.0
NI02PPRIVPF2022,RA_LIC_UNWIND,0.0
NI02PPRIVPF2022,RA_LIC_INCLAIM,0.0
NI02PPRIVPF2022,RA_LIC_RELEASE_PY,0.0
NI02PPRIVPF2022,RA_LIC_DEREC,0.0
NI02PPRIVPF2022,RA_LIC_TASSCHG_PY,0.0
NI02PPRIVPF2022,RA_LIC_FASSCHG_PY,0.0
NI02PPRIVPF2022,RA_LIC_CLO,0.0
NI02PPRIVPF2023,PVFC_LIC_UNWIND,0.0
NI02PPRIVPF2023,PVFC_LIC_EXP_CLAIM_CF_CY,0.0
NI02PPRIVPF2023,PVFC_LIC_EXP_ATTEXP_CY,0.0
NI02PPRIVPF2023,PVFC_LIC_EXP_CLAIM_CF_PY,158866.1106681669
NI02PPRIVPF2023,PVFC_LIC_EXP_ATTEXP_PY,0.0
NI02PPRIVPF2023,RA_LIC_OP,-3495.0053057245027
NI02PPRIVPF2023,RA_LIC_UNWIND,-48.54623702390066
NI02PPRIVPF2023,RA_LIC_INCLAIM,-2563.589674619202
NI02PPRIVPF2023,RA_LIC_RELEASE_PY,3049.0222322340614
NI02PPRIVPF2023,RA_LIC_DEREC,0.0
NI02PPRIVPF2023,RA_LIC_TASSCHG_PY,-2439.380365897035
NI02PPRIVPF2023,RA_LIC_FASSCHG_PY,0.0
NI02PPRIVPF2023,RA_LIC_CLO,-5497.4993510305785
NI02PPRIVPF2024,PVFC_LIC_UNWIND,0.0
NI02PPRIVPF2024,PVFC_LIC_EXP_CLAIM_CF_CY,0.0
NI02PPRIVPF2024,PVFC_LIC_EXP_ATTEXP_CY,0.0
NI02PPRIVPF2024,PVFC_LIC_EXP_CLAIM_CF_PY,0.0
NI02PPRIVPF2024,PVFC_LIC_EXP_ATTEXP_PY,0.0
NI02PPRIVPF2024,RA_LIC_OP,0.0
NI02PPRIVPF2024,RA_LIC_UNWIND,0.0
NI02PPRIVPF2024,RA_LIC_INCLAIM,0.0
NI02PPRIVPF2024,RA_LIC_RELEASE_PY,0.0
NI02PPRIVPF2024,RA_LIC_DEREC,0.0
NI02PPRIVPF2024,RA_LIC_TASSCHG_PY,0.0
NI02PPRIVPF2024,RA_LIC_FASSCHG_PY,0.0
NI02PPRIVPF2024,RA_LIC_CLO,0.0
NI02PPRIVPF2012,RA_LIC_RELEASE_CY,0.0
NI02PPRIVPF2013,RA_LIC_RELEASE_CY,0.0
NI02PPRIVPF2014,RA_LIC_RELEASE_CY,0.0
NI02PPRIVPF2015,RA_LIC_RELEASE_CY,0.0
NI02PPRIVPF2016,RA_LIC_RELEASE_CY,0.0
NI02PPRIVPF2017,RA_LIC_RELEASE_CY,0.0
NI02PPRIVPF2018,RA_LIC_RELEASE_CY,0.0
NI02PPRIVPF2019,RA_LIC_RELEASE_CY,0.0
NI02PPRIVPF2020,RA_LIC_RELEASE_CY,0.0
NI02PPRIVPF2021,RA_LIC_RELEASE_CY,0.0
NI02PPRIVPF2022,RA_LIC_RELEASE_CY,0.0
NI02PPRIVPF2023,RA_LIC_RELEASE_CY,0.0
NI02PPRIVPF2024,RA_LIC_RELEASE_CY,0.0
NI02PPRIVPF2012,RA_LIC_FEXPVAR_CY,0.0
NI02PPRIVPF2013,RA_LIC_FEXPVAR_CY,0.0
NI02PPRIVPF2014,RA_LIC_FEXPVAR_CY,0.0
NI02PPRIVPF2015,RA_LIC_FEXPVAR_CY,0.0
NI02PPRIVPF2016,RA_LIC_FEXPVAR_CY,0.0
NI02PPRIVPF2017,RA_LIC_FEXPVAR_CY,0.0
NI02PPRIVPF2018,RA_LIC_FEXPVAR_CY,0.0
NI02PPRIVPF2019,RA_LIC_FEXPVAR_CY,0.0
NI02PPRIVPF2020,RA_LIC_FEXPVAR_CY,0.0
NI02PPRIVPF2021,RA_LIC_FEXPVAR_CY,0.0
NI02PPRIVPF2022,RA_LIC_FEXPVAR_CY,0.0
NI02PPRIVPF2023,RA_LIC_FEXPVAR_CY,0.0
NI02PPRIVPF2024,RA_LIC_FEXPVAR_CY,0.0
NI02PPRIVPF2012,DA_LIC_OP,0.0
NI02PPRIVPF2013,DA_LIC_OP,0.0
NI02PPRIVPF2014,DA_LIC_OP,0.0
NI02PPRIVPF2015,DA_LIC_OP,0.0
NI02PPRIVPF2016,DA_LIC_OP,0.0
NI02PPRIVPF2017,DA_LIC_OP,0.0
NI02PPRIVPF2018,DA_LIC_OP,0.0
NI02PPRIVPF2019,DA_LIC_OP,0.0
NI02PPRIVPF2020,DA_LIC_OP,0.0
NI02PPRIVPF2021,DA_LIC_OP,0.0
NI02PPRIVPF2022,DA_LIC_OP,654.5977145624361
NI02PPRIVPF2023,DA_LIC_OP,0.0
NI02PPRIVPF2024,DA_LIC_OP,0.0
NI02PPRIVPF2012,DA_LIC_INCLAIM_INCEXP,0.0
NI02PPRIVPF2013,DA_LIC_INCLAIM_INCEXP,0.0
NI02PPRIVPF2014,DA_LIC_INCLAIM_INCEXP,0.0
NI02PPRIVPF2015,DA_LIC_INCLAIM_INCEXP,0.0
NI02PPRIVPF2016,DA_LIC_INCLAIM_INCEXP,0.0
NI02PPRIVPF2017,DA_LIC_INCLAIM_INCEXP,0.0
NI02PPRIVPF2018,DA_LIC_INCLAIM_INCEXP,0.0
NI02PPRIVPF2019,DA_LIC_INCLAIM_INCEXP,0.0
NI02PPRIVPF2020,DA_LIC_INCLAIM_INCEXP,0.0
NI02PPRIVPF2021,DA_LIC_INCLAIM_INCEXP,0.0
NI02PPRIVPF2022,DA_LIC_INCLAIM_INCEXP,0.0
NI02PPRIVPF2023,DA_LIC_INCLAIM_INCEXP,0.0
NI02PPRIVPF2024,DA_LIC_INCLAIM_INCEXP,0.0
NI02PPRIVPF2012,DA_LIC_CHG,0.0
NI02PPRIVPF2013,DA_LIC_CHG,0.0
NI02PPRIVPF2014,DA_LIC_CHG,0.0
NI02PPRIVPF2015,DA_LIC_CHG,0.0
NI02PPRIVPF2016,DA_LIC_CHG,0.0
NI02PPRIVPF2017,DA_LIC_CHG,0.0
NI02PPRIVPF2018,DA_LIC_CHG,0.0
NI02PPRIVPF2019,DA_LIC_CHG,0.0
NI02PPRIVPF2020,DA_LIC_CHG,0.0
NI02PPRIVPF2021,DA_LIC_CHG,0.0
NI02PPRIVPF2022,DA_LIC_CHG,-654.5977145624361
NI02PPRIVPF2023,DA_LIC_CHG,0.0
NI02PPRIVPF2024,DA_LIC_CHG,0.0
NI02PPRIVPF2012,DA_LIC_CLO,0.0
NI02PPRIVPF2013,DA_LIC_CLO,0.0
NI02PPRIVPF2014,DA_LIC_CLO,0.0
NI02PPRIVPF2015,DA_LIC_CLO,0.0
NI02PPRIVPF2016,DA_LIC_CLO,0.0
NI02PPRIVPF2017,DA_LIC_CLO,0.0
NI02PPRIVPF2018,DA_LIC_CLO,0.0
NI02PPRIVPF2019,DA_LIC_CLO,0.0
NI02PPRIVPF2020,DA_LIC_CLO,0.0
NI02PPRIVPF2021,DA_LIC_CLO,0.0
NI02PPRIVPF2022,DA_LIC_CLO,0.0
NI02PPRIVPF2023,DA_LIC_CLO,0.0
NI02PPRIVPF2024,DA_LIC_CLO,0.0
NI02PPRIVQS2012,PVFC_LIC_UNWIND,0.0
NI02PPRIVQS2012,PVFC_LIC_EXP_CLAIM_CF_CY,0.0
NI02PPRIVQS2012,PVFC_LIC_EXP_ATTEXP_CY,0.0
NI02PPRIVQS2012,PVFC_LIC_EXP_CLAIM_CF_PY,0.0
NI02PPRIVQS2012,PVFC_LIC_EXP_ATTEXP_PY,0.0
NI02PPRIVQS2012,RA_LIC_OP,0.0
NI02PPRIVQS2012,RA_LIC_UNWIND,0.0
NI02PPRIVQS2012,RA_LIC_INCLAIM,0.0
NI02PPRIVQS2012,RA_LIC_RELEASE_PY,0.0
NI02PPRIVQS2012,RA_LIC_DEREC,0.0
NI02PPRIVQS2012,RA_LIC_TASSCHG_PY,0.0
NI02PPRIVQS2012,RA_LIC_FASSCHG_PY,0.0
NI02PPRIVQS2012,RA_LIC_CLO,0.0
NI02PPRIVQS2013,PVFC_LIC_UNWIND,0.0
NI02PPRIVQS2013,PVFC_LIC_EXP_CLAIM_CF_CY,0.0
NI02PPRIVQS2013,PVFC_LIC_EXP_ATTEXP_CY,0.0
NI02PPRIVQS2013,PVFC_LIC_EXP_CLAIM_CF_PY,0.0
NI02PPRIVQS2013,PVFC_LIC_EXP_ATTEXP_PY,0.0
NI02PPRIVQS2013,RA_LIC_OP,0.0
NI02PPRIVQS2013,RA_LIC_UNWIND,0.0
NI02PPRIVQS2013,RA_LIC_INCLAIM,0.0
NI02PPRIVQS2013,RA_LIC_RELEASE_PY,0.0
NI02PPRIVQS2013,RA_LIC_DEREC,0.0
NI02PPRIVQS2013,RA_LIC_TASSCHG_PY,0.0
NI02PPRIVQS2013,RA_LIC_FASSCHG_PY,0.0
NI02PPRIVQS2013,RA_LIC_CLO,0.0
NI02PPRIVQS2014,PVFC_LIC_UNWIND,0.0
NI02PPRIVQS2014,PVFC_LIC_EXP_CLAIM_CF_CY,0.0
NI02PPRIVQS2014,PVFC_LIC_EXP_ATTEXP_CY,0.0
NI02PPRIVQS2014,PVFC_LIC_EXP_CLAIM_CF_PY,0.0
NI02PPRIVQS2014,PVFC_LIC_EXP_ATTEXP_PY,0.0
NI02PPRIVQS2014,RA_LIC_OP,0.0
NI02PPRIVQS2014,RA_LIC_UNWIND,0.0
NI02PPRIVQS2014,RA_LIC_INCLAIM,0.0
NI02PPRIVQS2014,RA_LIC_RELEASE_PY,0.0
NI02PPRIVQS2014,RA_LIC_DEREC,0.0
NI02PPRIVQS2014,RA_LIC_TASSCHG_PY,0.0
NI02PPRIVQS2014,RA_LIC_FASSCHG_PY,0.0
NI02PPRIVQS2014,RA_LIC_CLO,0.0
NI02PPRIVQS2015,PVFC_LIC_UNWIND,0.0
NI02PPRIVQS2015,PVFC_LIC_EXP_CLAIM_CF_CY,0.0
NI02PPRIVQS2015,PVFC_LIC_EXP_ATTEXP_CY,0.0
NI02PPRIVQS2015,PVFC_LIC_EXP_CLAIM_CF_PY,0.0
NI02PPRIVQS2015,PVFC_LIC_EXP_ATTEXP_PY,0.0
NI02PPRIVQS2015,RA_LIC_OP,0.0
NI02PPRIVQS2015,RA_LIC_UNWIND,0.0
NI02PPRIVQS2015,RA_LIC_INCLAIM,0.0
NI02PPRIVQS2015,RA_LIC_RELEASE_PY,0.0
NI02PPRIVQS2015,RA_LIC_DEREC,0.0
NI02PPRIVQS2015,RA_LIC_TASSCHG_PY,0.0
NI02PPRIVQS2015,RA_LIC_FASSCHG_PY,0.0
NI02PPRIVQS2015,RA_LIC_CLO,0.0
NI02PPRIVQS2016,PVFC_LIC_UNWIND,0.0
NI02PPRIVQS2016,PVFC_LIC_EXP_CLAIM_CF_CY,0.0
NI02PPRIVQS2016,PVFC_LIC_EXP_ATTEXP_CY,0.0
NI02PPRIVQS2016,PVFC_LIC_EXP_CLAIM_CF_PY,0.0
NI02PPRIVQS2016,PVFC_LIC_EXP_ATTEXP_PY,0.0
NI02PPRIVQS2016,RA_LIC_OP,0.0
NI02PPRIVQS2016,RA_LIC_UNWIND,0.0
NI02PPRIVQS2016,RA_LIC_INCLAIM,0.0
NI02PPRIVQS2016,RA_LIC_RELEASE_PY,0.0
NI02PPRIVQS2016,RA_LIC_DEREC,0.0
NI02PPRIVQS2016,RA_LIC_TASSCHG_PY,0.0
NI02PPRIVQS2016,RA_LIC_FASSCHG_PY,0.0
NI02PPRIVQS2016,RA_LIC_CLO,0.0
NI02PPRIVQS2017,PVFC_LIC_UNWIND,0.0
NI02PPRIVQS2017,PVFC_LIC_EXP_CLAIM_CF_CY,0.0
NI02PPRIVQS2017,PVFC_LIC_EXP_ATTEXP_CY,0.0
NI02PPRIVQS2017,PVFC_LIC_EXP_CLAIM_CF_PY,0.0
NI02PPRIVQS2017,PVFC_LIC_EXP_ATTEXP_PY,0.0
NI02PPRIVQS2017,RA_LIC_OP,0.0
NI02PPRIVQS2017,RA_LIC_UNWIND,0.0
NI02PPRIVQS2017,RA_LIC_INCLAIM,0.0
NI02PPRIVQS2017,RA_LIC_RELEASE_PY,0.0
NI02PPRIVQS2017,RA_LIC_DEREC,0.0
NI02PPRIVQS2017,RA_LIC_TASSCHG_PY,0.0
NI02PPRIVQS2017,RA_LIC_FASSCHG_PY,0.0
NI02PPRIVQS2017,RA_LIC_CLO,0.0
NI02PPRIVQS2018,PVFC_LIC_UNWIND,0.0
NI02PPRIVQS2018,PVFC_LIC_EXP_CLAIM_CF_CY,0.0
NI02PPRIVQS2018,PVFC_LIC_EXP_ATTEXP_CY,0.0
NI02PPRIVQS2018,PVFC_LIC_EXP_CLAIM_CF_PY,0.3137693977189139
NI02PPRIVQS2018,PVFC_LIC_EXP_ATTEXP_PY,0.0
NI02PPRIVQS2018,RA_LIC_OP,0.0
NI02PPRIVQS2018,RA_LIC_UNWIND,0.0
NI02PPRIVQS2018,RA_LIC_INCLAIM,0.0
NI02PPRIVQS2018,RA_LIC_RELEASE_PY,0.0
NI02PPRIVQS2018,RA_LIC_DEREC,0.0
NI02PPRIVQS2018,RA_LIC_TASSCHG_PY,0.0
NI02PPRIVQS2018,RA_LIC_FASSCHG_PY,0.0
NI02PPRIVQS2018,RA_LIC_CLO,0.0
NI02PPRIVQS2019,PVFC_LIC_UNWIND,0.0
NI02PPRIVQS2019,PVFC_LIC_EXP_CLAIM_CF_CY,0.0
NI02PPRIVQS2019,PVFC_LIC_EXP_ATTEXP_CY,0.0
NI02PPRIVQS2019,PVFC_LIC_EXP_CLAIM_CF_PY,3.703872705850854
NI02PPRIVQS2019,PVFC_LIC_EXP_ATTEXP_PY,0.0
NI02PPRIVQS2019,RA_LIC_OP,0.0
NI02PPRIVQS2019,RA_LIC_UNWIND,0.0
NI02PPRIVQS2019,RA_LIC_INCLAIM,0.0
NI02PPRIVQS2019,RA_LIC_RELEASE_PY,0.0
NI02PPRIVQS2019,RA_LIC_DEREC,0.0
NI02PPRIVQS2019,RA_LIC_TASSCHG_PY,0.0
NI02PPRIVQS2019,RA_LIC_FASSCHG_PY,0.0
NI02PPRIVQS2019,RA_LIC_CLO,0.0
NI02PPRIVQS2020,PVFC_LIC_UNWIND,0.0
NI02PPRIVQS2020,PVFC_LIC_EXP_CLAIM_CF_CY,0.0
NI02PPRIVQS2020,PVFC_LIC_EXP_ATTEXP_CY,0.0
NI02PPRIVQS2020,PVFC_LIC_EXP_CLAIM_CF_PY,373.00958948554563
NI02PPRIVQS2020,PVFC_LIC_EXP_ATTEXP_PY,0.0
NI02PPRIVQS2020,RA_LIC_OP,0.0
NI02PPRIVQS2020,RA_LIC_UNWIND,0.0
NI02PPRIVQS2020,RA_LIC_INCLAIM,0.0
NI02PPRIVQS2020,RA_LIC_RELEASE_PY,0.0
NI02PPRIVQS2020,RA_LIC_DEREC,0.0
NI02PPRIVQS2020,RA_LIC_TASSCHG_PY,0.0
NI02PPRIVQS2020,RA_LIC_FASSCHG_PY,0.0
NI02PPRIVQS2020,RA_LIC_CLO,0.0
NI02PPRIVQS2021,PVFC_LIC_UNWIND,0.0
NI02PPRIVQS2021,PVFC_LIC_EXP_CLAIM_CF_CY,0.0
NI02PPRIVQS2021,PVFC_LIC_EXP_ATTEXP_CY,0.0
NI02PPRIVQS2021,PVFC_LIC_EXP_CLAIM_CF_PY,780.6296475716603
NI02PPRIVQS2021,PVFC_LIC_EXP_ATTEXP_PY,0.0
NI02PPRIVQS2021,RA_LIC_OP,0.0
NI02PPRIVQS2021,RA_LIC_UNWIND,0.0
NI02PPRIVQS2021,RA_LIC_INCLAIM,0.0
NI02PPRIVQS2021,RA_LIC_RELEASE_PY,0.0
NI02PPRIVQS2021,RA_LIC_DEREC,0.0
NI02PPRIVQS2021,RA_LIC_TASSCHG_PY,0.0
NI02PPRIVQS2021,RA_LIC_FASSCHG_PY,0.0
NI02PPRIVQS2021,RA_LIC_CLO,0.0
NI02PPRIVQS2022,PVFC_LIC_UNWIND,0.0
NI02PPRIVQS2022,PVFC_LIC_EXP_CLAIM_CF_CY,0.0
NI02PPRIVQS2022,PVFC_LIC_EXP_ATTEXP_CY,0.0
NI02PPRIVQS2022,PVFC_LIC_EXP_CLAIM_CF_PY,12698.89391012272
NI02PPRIVQS2022,PVFC_LIC_EXP_ATTEXP_PY,0.0
NI02PPRIVQS2022,RA_LIC_OP,0.0
NI02PPRIVQS2022,RA_LIC_UNWIND,0.0
NI02PPRIVQS2022,RA_LIC_INCLAIM,0.0
NI02PPRIVQS2022,RA_LIC_RELEASE_PY,0.0
NI02PPRIVQS2022,RA_LIC_DEREC,0.0
NI02PPRIVQS2022,RA_LIC_TASSCHG_PY,0.0
NI02PPRIVQS2022,RA_LIC_FASSCHG_PY,0.0
NI02PPRIVQS2022,RA_LIC_CLO,0.0
NI02PPRIVQS2023,PVFC_LIC_UNWIND,0.0
NI02PPRIVQS2023,PVFC_LIC_EXP_CLAIM_CF_CY,0.0
NI02PPRIVQS2023,PVFC_LIC_EXP_ATTEXP_CY,0.0
NI02PPRIVQS2023,PVFC_LIC_EXP_CLAIM_CF_PY,12127.582897654425
NI02PPRIVQS2023,PVFC_LIC_EXP_ATTEXP_PY,0.0
NI02PPRIVQS2023,RA_LIC_OP,-450.9816522632143
NI02PPRIVQS2023,RA_LIC_UNWIND,-6.205528549519904
NI02PPRIVQS2023,RA_LIC_INCLAIM,-364.17620268394444
NI02PPRIVQS2023,RA_LIC_RELEASE_PY,396.0722344952145
NI02PPRIVQS2023,RA_LIC_DEREC,0.0
NI02PPRIVQS2023,RA_LIC_TASSCHG_PY,-284.03066890949066
NI02PPRIVQS2023,RA_LIC_FASSCHG_PY,0.0
NI02PPRIVQS2023,RA_LIC_CLO,-709.3218179109547
NI02PPRIVQS2024,PVFC_LIC_UNWIND,0.0
NI02PPRIVQS2024,PVFC_LIC_EXP_CLAIM_CF_CY,0.0
NI02PPRIVQS2024,PVFC_LIC_EXP_ATTEXP_CY,0.0
NI02PPRIVQS2024,PVFC_LIC_EXP_CLAIM_CF_PY,0.0
NI02PPRIVQS2024,PVFC_LIC_EXP_ATTEXP_PY,0.0
NI02PPRIVQS2024,RA_LIC_OP,0.0
NI02PPRIVQS2024,RA_LIC_UNWIND,0.0
NI02PPRIVQS2024,RA_LIC_INCLAIM,0.0
NI02PPRIVQS2024,RA_LIC_RELEASE_PY,0.0
NI02PPRIVQS2024,RA_LIC_DEREC,0.0
NI02PPRIVQS2024,RA_LIC_TASSCHG_PY,0.0
NI02PPRIVQS2024,RA_LIC_FASSCHG_PY,0.0
NI02PPRIVQS2024,RA_LIC_CLO,0.0
NI02PPRIVQS2012,RA_LIC_RELEASE_CY,0.0
NI02PPRIVQS2013,RA_LIC_RELEASE_CY,0.0
NI02PPRIVQS2014,RA_LIC_RELEASE_CY,0.0
NI02PPRIVQS2015,RA_LIC_RELEASE_CY,0.0
NI02PPRIVQS2016,RA_LIC_RELEASE_CY,0.0
NI02PPRIVQS2017,RA_LIC_RELEASE_CY,0.0
NI02PPRIVQS2018,RA_LIC_RELEASE_CY,0.0
NI02PPRIVQS2019,RA_LIC_RELEASE_CY,0.0
NI02PPRIVQS2020,RA_LIC_RELEASE_CY,0.0
NI02PPRIVQS2021,RA_LIC_RELEASE_CY,0.0
NI02PPRIVQS2022,RA_LIC_RELEASE_CY,0.0
NI02PPRIVQS2023,RA_LIC_RELEASE_CY,0.0
NI02PPRIVQS2024,RA_LIC_RELEASE_CY,0.0
NI02PPRIVQS2012,RA_LIC_FEXPVAR_CY,0.0
NI02PPRIVQS2013,RA_LIC_FEXPVAR_CY,0.0
NI02PPRIVQS2014,RA_LIC_FEXPVAR_CY,0.0
NI02PPRIVQS2015,RA_LIC_FEXPVAR_CY,0.0
NI02PPRIVQS2016,RA_LIC_FEXPVAR_CY,0.0
NI02PPRIVQS2017,RA_LIC_FEXPVAR_CY,0.0
NI02PPRIVQS2018,RA_LIC_FEXPVAR_CY,0.0
NI02PPRIVQS2019,RA_LIC_FEXPVAR_CY,0.0
NI02PPRIVQS2020,RA_LIC_FEXPVAR_CY,0.0
NI02PPRIVQS2021,RA_LIC_FEXPVAR_CY,0.0
NI02PPRIVQS2022,RA_LIC_FEXPVAR_CY,0.0
NI02PPRIVQS2023,RA_LIC_FEXPVAR_CY,0.0
NI02PPRIVQS2024,RA_LIC_FEXPVAR_CY,0.0
NI02PPRIVQS2012,DA_LIC_OP,0.0
NI02PPRIVQS2013,DA_LIC_OP,0.0
NI02PPRIVQS2014,DA_LIC_OP,0.0
NI02PPRIVQS2015,DA_LIC_OP,0.0
NI02PPRIVQS2016,DA_LIC_OP,0.0
NI02PPRIVQS2017,DA_LIC_OP,0.0
NI02PPRIVQS2018,DA_LIC_OP,0.0
NI02PPRIVQS2019,DA_LIC_OP,0.0
NI02PPRIVQS2020,DA_LIC_OP,0.0
NI02PPRIVQS2021,DA_LIC_OP,0.0
NI02PPRIVQS2022,DA_LIC_OP,50.360693789305145
NI02PPRIVQS2023,DA_LIC_OP,0.0
NI02PPRIVQS2024,DA_LIC_OP,0.0
NI02PPRIVQS2012,DA_LIC_INCLAIM_INCEXP,0.0
NI02PPRIVQS2013,DA_LIC_INCLAIM_INCEXP,0.0
NI02PPRIVQS2014,DA_LIC_INCLAIM_INCEXP,0.0
NI02PPRIVQS2015,DA_LIC_INCLAIM_INCEXP,0.0
NI02PPRIVQS2016,DA_LIC_INCLAIM_INCEXP,0.0
NI02PPRIVQS2017,DA_LIC_INCLAIM_INCEXP,0.0
NI02PPRIVQS2018,DA_LIC_INCLAIM_INCEXP,0.0
NI02PPRIVQS2019,DA_LIC_INCLAIM_INCEXP,0.0
NI02PPRIVQS2020,DA_LIC_INCLAIM_INCEXP,0.0
NI02PPRIVQS2021,DA_LIC_INCLAIM_INCEXP,0.0
NI02PPRIVQS2022,DA_LIC_INCLAIM_INCEXP,0.0
NI02PPRIVQS2023,DA_LIC_INCLAIM_INCEXP,0.0
NI02PPRIVQS2024,DA_LIC_INCLAIM_INCEXP,0.0
NI02PPRIVQS2012,DA_LIC_CHG,0.0
NI02PPRIVQS2013,DA_LIC_CHG,0.0
NI02PPRIVQS2014,DA_LIC_CHG,0.0
NI02PPRIVQS2015,DA_LIC_CHG,0.0
NI02PPRIVQS2016,DA_LIC_CHG,0.0
NI02PPRIVQS2017,DA_LIC_CHG,0.0
NI02PPRIVQS2018,DA_LIC_CHG,0.0
NI02PPRIVQS2019,DA_LIC_CHG,0.0
NI02PPRIVQS2020,DA_LIC_CHG,0.0
NI02PPRIVQS2021,DA_LIC_CHG,0.0
NI02PPRIVQS2022,DA_LIC_CHG,-50.360693789305145
NI02PPRIVQS2023,DA_LIC_CHG,0.0
NI02PPRIVQS2024,DA_LIC_CHG,0.0
NI02PPRIVQS2012,DA_LIC_CLO,0.0
NI02PPRIVQS2013,DA_LIC_CLO,0.0
NI02PPRIVQS2014,DA_LIC_CLO,0.0
NI02PPRIVQS2015,DA_LIC_CLO,0.0
NI02PPRIVQS2016,DA_LIC_CLO,0.0
NI02PPRIVQS2017,DA_LIC_CLO,0.0
NI02PPRIVQS2018,DA_LIC_CLO,0.0
NI02PPRIVQS2019,DA_LIC_CLO,0.0
NI02PPRIVQS2020,DA_LIC_CLO,0.0
NI02PPRIVQS2021,DA_LIC_CLO,0.0
NI02PPRIVQS2022,DA_LIC_CLO,0.0
NI02PPRIVQS2023,DA_LIC_CLO,0.0
NI02PPRIVQS2024,DA_LIC_CLO,0.0
NI02PPRIVST2012,PVFC_LIC_UNWIND,0.0
NI02PPRIVST2012,PVFC_LIC_EXP_CLAIM_CF_CY,0.0
NI02PPRIVST2012,PVFC_LIC_EXP_ATTEXP_CY,0.0
NI02PPRIVST2012,PVFC_LIC_EXP_CLAIM_CF_PY,0.0
NI02PPRIVST2012,PVFC_LIC_EXP_ATTEXP_PY,0.0
NI02PPRIVST2012,RA_LIC_OP,0.0
NI02PPRIVST2012,RA_LIC_UNWIND,0.0
NI02PPRIVST2012,RA_LIC_INCLAIM,0.0
NI02PPRIVST2012,RA_LIC_RELEASE_PY,0.0
NI02PPRIVST2012,RA_LIC_DEREC,0.0
NI02PPRIVST2012,RA_LIC_TASSCHG_PY,0.0
NI02PPRIVST2012,RA_LIC_FASSCHG_PY,0.0
NI02PPRIVST2012,RA_LIC_CLO,0.0
NI02PPRIVST2013,PVFC_LIC_UNWIND,0.0
NI02PPRIVST2013,PVFC_LIC_EXP_CLAIM_CF_CY,0.0
NI02PPRIVST2013,PVFC_LIC_EXP_ATTEXP_CY,0.0
NI02PPRIVST2013,PVFC_LIC_EXP_CLAIM_CF_PY,0.0
NI02PPRIVST2013,PVFC_LIC_EXP_ATTEXP_PY,0.0
NI02PPRIVST2013,RA_LIC_OP,0.0
NI02PPRIVST2013,RA_LIC_UNWIND,0.0
NI02PPRIVST2013,RA_LIC_INCLAIM,0.0
NI02PPRIVST2013,RA_LIC_RELEASE_PY,0.0
NI02PPRIVST2013,RA_LIC_DEREC,0.0
NI02PPRIVST2013,RA_LIC_TASSCHG_PY,0.0
NI02PPRIVST2013,RA_LIC_FASSCHG_PY,0.0
NI02PPRIVST2013,RA_LIC_CLO,0.0
NI02PPRIVST2014,PVFC_LIC_UNWIND,0.0
NI02PPRIVST2014,PVFC_LIC_EXP_CLAIM_CF_CY,0.0
NI02PPRIVST2014,PVFC_LIC_EXP_ATTEXP_CY,0.0
NI02PPRIVST2014,PVFC_LIC_EXP_CLAIM_CF_PY,0.0
NI02PPRIVST2014,PVFC_LIC_EXP_ATTEXP_PY,0.0
NI02PPRIVST2014,RA_LIC_OP,0.0
NI02PPRIVST2014,RA_LIC_UNWIND,0.0
NI02PPRIVST2014,RA_LIC_INCLAIM,0.0
NI02PPRIVST2014,RA_LIC_RELEASE_PY,0.0
NI02PPRIVST2014,RA_LIC_DEREC,0.0
NI02PPRIVST2014,RA_LIC_TASSCHG_PY,0.0
NI02PPRIVST2014,RA_LIC_FASSCHG_PY,0.0
NI02PPRIVST2014,RA_LIC_CLO,0.0
NI02PPRIVST2015,PVFC_LIC_UNWIND,0.0
NI02PPRIVST2015,PVFC_LIC_EXP_CLAIM_CF_CY,0.0
NI02PPRIVST2015,PVFC_LIC_EXP_ATTEXP_CY,0.0
NI02PPRIVST2015,PVFC_LIC_EXP_CLAIM_CF_PY,0.0
NI02PPRIVST2015,PVFC_LIC_EXP_ATTEXP_PY,0.0
NI02PPRIVST2015,RA_LIC_OP,0.0
NI02PPRIVST2015,RA_LIC_UNWIND,0.0
NI02PPRIVST2015,RA_LIC_INCLAIM,0.0
NI02PPRIVST2015,RA_LIC_RELEASE_PY,0.0
NI02PPRIVST2015,RA_LIC_DEREC,0.0
NI02PPRIVST2015,RA_LIC_TASSCHG_PY,0.0
NI02PPRIVST2015,RA_LIC_FASSCHG_PY,0.0
NI02PPRIVST2015,RA_LIC_CLO,0.0
NI02PPRIVST2016,PVFC_LIC_UNWIND,0.0
NI02PPRIVST2016,PVFC_LIC_EXP_CLAIM_CF_CY,0.0
NI02PPRIVST2016,PVFC_LIC_EXP_ATTEXP_CY,0.0
NI02PPRIVST2016,PVFC_LIC_EXP_CLAIM_CF_PY,0.0
NI02PPRIVST2016,PVFC_LIC_EXP_ATTEXP_PY,0.0
NI02PPRIVST2016,RA_LIC_OP,0.0
NI02PPRIVST2016,RA_LIC_UNWIND,0.0
NI02PPRIVST2016,RA_LIC_INCLAIM,0.0
NI02PPRIVST2016,RA_LIC_RELEASE_PY,0.0
NI02PPRIVST2016,RA_LIC_DEREC,0.0
NI02PPRIVST2016,RA_LIC_TASSCHG_PY,0.0
NI02PPRIVST2016,RA_LIC_FASSCHG_PY,0.0
NI02PPRIVST2016,RA_LIC_CLO,0.0
NI02PPRIVST2017,PVFC_LIC_UNWIND,0.0
NI02PPRIVST2017,PVFC_LIC_EXP_CLAIM_CF_CY,0.0
NI02PPRIVST2017,PVFC_LIC_EXP_ATTEXP_CY,0.0
NI02PPRIVST2017,PVFC_LIC_EXP_CLAIM_CF_PY,0.0
NI02PPRIVST2017,PVFC_LIC_EXP_ATTEXP_PY,0.0
NI02PPRIVST2017,RA_LIC_OP,0.0
NI02PPRIVST2017,RA_LIC_UNWIND,0.0
NI02PPRIVST2017,RA_LIC_INCLAIM,0.0
NI02PPRIVST2017,RA_LIC_RELEASE_PY,0.0
NI02PPRIVST2017,RA_LIC_DEREC,0.0
NI02PPRIVST2017,RA_LIC_TASSCHG_PY,0.0
NI02PPRIVST2017,RA_LIC_FASSCHG_PY,0.0
NI02PPRIVST2017,RA_LIC_CLO,0.0
NI02PPRIVST2018,PVFC_LIC_UNWIND,0.0
NI02PPRIVST2018,PVFC_LIC_EXP_CLAIM_CF_CY,0.0
NI02PPRIVST2018,PVFC_LIC_EXP_ATTEXP_CY,0.0
NI02PPRIVST2018,PVFC_LIC_EXP_CLAIM_CF_PY,71145.43678570888
NI02PPRIVST2018,PVFC_LIC_EXP_ATTEXP_PY,0.0
NI02PPRIVST2018,RA_LIC_OP,0.0
NI02PPRIVST2018,RA_LIC_UNWIND,0.0
NI02PPRIVST2018,RA_LIC_INCLAIM,0.0
NI02PPRIVST2018,RA_LIC_RELEASE_PY,0.0
NI02PPRIVST2018,RA_LIC_DEREC,0.0
NI02PPRIVST2018,RA_LIC_TASSCHG_PY,0.0
NI02PPRIVST2018,RA_LIC_FASSCHG_PY,0.0
NI02PPRIVST2018,RA_LIC_CLO,0.0
NI02PPRIVST2019,PVFC_LIC_UNWIND,0.0
NI02PPRIVST2019,PVFC_LIC_EXP_CLAIM_CF_CY,0.0
NI02PPRIVST2019,PVFC_LIC_EXP_ATTEXP_CY,0.0
NI02PPRIVST2019,PVFC_LIC_EXP_CLAIM_CF_PY,5.156011635426713
NI02PPRIVST2019,PVFC_LIC_EXP_ATTEXP_PY,0.0
NI02PPRIVST2019,RA_LIC_OP,0.0
NI02PPRIVST2019,RA_LIC_UNWIND,0.0
NI02PPRIVST2019,RA_LIC_INCLAIM,0.0
NI02PPRIVST2019,RA_LIC_RELEASE_PY,0.0
NI02PPRIVST2019,RA_LIC_DEREC,0.0
NI02PPRIVST2019,RA_LIC_TASSCHG_PY,0.0
NI02PPRIVST2019,RA_LIC_FASSCHG_PY,0.0
NI02PPRIVST2019,RA_LIC_CLO,0.0
NI02PPRIVST2020,PVFC_LIC_UNWIND,0.0
NI02PPRIVST2020,PVFC_LIC_EXP_CLAIM_CF_CY,0.0
NI02PPRIVST2020,PVFC_LIC_EXP_ATTEXP_CY,0.0
NI02PPRIVST2020,PVFC_LIC_EXP_CLAIM_CF_PY,519.2515877975907
NI02PPRIVST2020,PVFC_LIC_EXP_ATTEXP_PY,0.0
NI02PPRIVST2020,RA_LIC_OP,0.0
NI02PPRIVST2020,RA_LIC_UNWIND,0.0
NI02PPRIVST2020,RA_LIC_INCLAIM,0.0
NI02PPRIVST2020,RA_LIC_RELEASE_PY,0.0
NI02PPRIVST2020,RA_LIC_DEREC,0.0
NI02PPRIVST2020,RA_LIC_TASSCHG_PY,0.0
NI02PPRIVST2020,RA_LIC_FASSCHG_PY,0.0
NI02PPRIVST2020,RA_LIC_CLO,0.0
NI02PPRIVST2021,PVFC_LIC_UNWIND,0.0
NI02PPRIVST2021,PVFC_LIC_EXP_CLAIM_CF_CY,0.0
NI02PPRIVST2021,PVFC_LIC_EXP_ATTEXP_CY,0.0
NI02PPRIVST2021,PVFC_LIC_EXP_CLAIM_CF_PY,1086.6830114006102
NI02PPRIVST2021,PVFC_LIC_EXP_ATTEXP_PY,0.0
NI02PPRIVST2021,RA_LIC_OP,0.0
NI02PPRIVST2021,RA_LIC_UNWIND,0.0
NI02PPRIVST2021,RA_LIC_INCLAIM,0.0
NI02PPRIVST2021,RA_LIC_RELEASE_PY,0.0
NI02PPRIVST2021,RA_LIC_DEREC,0.0
NI02PPRIVST2021,RA_LIC_TASSCHG_PY,0.0
NI02PPRIVST2021,RA_LIC_FASSCHG_PY,0.0
NI02PPRIVST2021,RA_LIC_CLO,0.0
NI02PPRIVST2022,PVFC_LIC_UNWIND,0.0
NI02PPRIVST2022,PVFC_LIC_EXP_CLAIM_CF_CY,0.0
NI02PPRIVST2022,PVFC_LIC_EXP_ATTEXP_CY,0.0
NI02PPRIVST2022,PVFC_LIC_EXP_CLAIM_CF_PY,17677.617444631127
NI02PPRIVST2022,PVFC_LIC_EXP_ATTEXP_PY,0.0
NI02PPRIVST2022,RA_LIC_OP,0.0
NI02PPRIVST2022,RA_LIC_UNWIND,0.0
NI02PPRIVST2022,RA_LIC_INCLAIM,0.0
NI02PPRIVST2022,RA_LIC_RELEASE_PY,0.0
NI02PPRIVST2022,RA_LIC_DEREC,0.0
NI02PPRIVST2022,RA_LIC_TASSCHG_PY,0.0
NI02PPRIVST2022,RA_LIC_FASSCHG_PY,0.0
NI02PPRIVST2022,RA_LIC_CLO,0.0
NI02PPRIVST2023,PVFC_LIC_UNWIND,0.0
NI02PPRIVST2023,PVFC_LIC_EXP_CLAIM_CF_CY,0.0
NI02PPRIVST2023,PVFC_LIC_EXP_ATTEXP_CY,0.0
NI02PPRIVST2023,PVFC_LIC_EXP_CLAIM_CF_PY,16882.318453097025
NI02PPRIVST2023,PVFC_LIC_EXP_ATTEXP_PY,0.0
NI02PPRIVST2023,RA_LIC_OP,-234.500352300064
NI02PPRIVST2023,RA_LIC_UNWIND,-2.7036948601384334
NI02PPRIVST2023,RA_LIC_INCLAIM,-73.66068884896248
NI02PPRIVST2023,RA_LIC_RELEASE_PY,225.47735064378236
NI02PPRIVST2023,RA_LIC_DEREC,0.0
NI02PPRIVST2023,RA_LIC_TASSCHG_PY,-285.59252790204886
NI02PPRIVST2023,RA_LIC_FASSCHG_PY,0.0
NI02PPRIVST2023,RA_LIC_CLO,-370.9799132674314
NI02PPRIVST2024,PVFC_LIC_UNWIND,0.0
NI02PPRIVST2024,PVFC_LIC_EXP_CLAIM_CF_CY,0.0
NI02PPRIVST2024,PVFC_LIC_EXP_ATTEXP_CY,0.0
NI02PPRIVST2024,PVFC_LIC_EXP_CLAIM_CF_PY,0.0
NI02PPRIVST2024,PVFC_LIC_EXP_ATTEXP_PY,0.0
NI02PPRIVST2024,RA_LIC_OP,0.0
NI02PPRIVST2024,RA_LIC_UNWIND,0.0
NI02PPRIVST2024,RA_LIC_INCLAIM,0.0
NI02PPRIVST2024,RA_LIC_RELEASE_PY,0.0
NI02PPRIVST2024,RA_LIC_DEREC,0.0
NI02PPRIVST2024,RA_LIC_TASSCHG_PY,0.0
NI02PPRIVST2024,RA_LIC_FASSCHG_PY,0.0
NI02PPRIVST2024,RA_LIC_CLO,0.0
NI02PPRIVST2012,RA_LIC_RELEASE_CY,0.0
NI02PPRIVST2013,RA_LIC_RELEASE_CY,0.0
NI02PPRIVST2014,RA_LIC_RELEASE_CY,0.0
NI02PPRIVST2015,RA_LIC_RELEASE_CY,0.0
NI02PPRIVST2016,RA_LIC_RELEASE_CY,0.0
NI02PPRIVST2017,RA_LIC_RELEASE_CY,0.0
NI02PPRIVST2018,RA_LIC_RELEASE_CY,0.0
NI02PPRIVST2019,RA_LIC_RELEASE_CY,0.0
NI02PPRIVST2020,RA_LIC_RELEASE_CY,0.0
NI02PPRIVST2021,RA_LIC_RELEASE_CY,0.0
NI02PPRIVST2022,RA_LIC_RELEASE_CY,0.0
NI02PPRIVST2023,RA_LIC_RELEASE_CY,0.0
NI02PPRIVST2024,RA_LIC_RELEASE_CY,0.0
NI02PPRIVST2012,RA_LIC_FEXPVAR_CY,0.0
NI02PPRIVST2013,RA_LIC_FEXPVAR_CY,0.0
NI02PPRIVST2014,RA_LIC_FEXPVAR_CY,0.0
NI02PPRIVST2015,RA_LIC_FEXPVAR_CY,0.0
NI02PPRIVST2016,RA_LIC_FEXPVAR_CY,0.0
NI02PPRIVST2017,RA_LIC_FEXPVAR_CY,0.0
NI02PPRIVST2018,RA_LIC_FEXPVAR_CY,0.0
NI02PPRIVST2019,RA_LIC_FEXPVAR_CY,0.0
NI02PPRIVST2020,RA_LIC_FEXPVAR_CY,0.0
NI02PPRIVST2021,RA_LIC_FEXPVAR_CY,0.0
NI02PPRIVST2022,RA_LIC_FEXPVAR_CY,0.0
NI02PPRIVST2023,RA_LIC_FEXPVAR_CY,0.0
NI02PPRIVST2024,RA_LIC_FEXPVAR_CY,0.0
NI02PPRIVST2012,DA_LIC_OP,0.0
NI02PPRIVST2013,DA_LIC_OP,0.0
NI02PPRIVST2014,DA_LIC_OP,0.0
NI02PPRIVST2015,DA_LIC_OP,0.0
NI02PPRIVST2016,DA_LIC_OP,0.0
NI02PPRIVST2017,DA_LIC_OP,0.0
NI02PPRIVST2018,DA_LIC_OP,0.0
NI02PPRIVST2019,DA_LIC_OP,0.0
NI02PPRIVST2020,DA_LIC_OP,0.0
NI02PPRIVST2021,DA_LIC_OP,0.0
NI02PPRIVST2022,DA_LIC_OP,67.19317644027073
NI02PPRIVST2023,DA_LIC_OP,0.0
NI02PPRIVST2024,DA_LIC_OP,0.0
NI02PPRIVST2012,DA_LIC_INCLAIM_INCEXP,0.0
NI02PPRIVST2013,DA_LIC_INCLAIM_INCEXP,0.0
NI02PPRIVST2014,DA_LIC_INCLAIM_INCEXP,0.0
NI02PPRIVST2015,DA_LIC_INCLAIM_INCEXP,0.0
NI02PPRIVST2016,DA_LIC_INCLAIM_INCEXP,0.0
NI02PPRIVST2017,DA_LIC_INCLAIM_INCEXP,0.0
NI02PPRIVST2018,DA_LIC_INCLAIM_INCEXP,0.0
NI02PPRIVST2019,DA_LIC_INCLAIM_INCEXP,0.0
NI02PPRIVST2020,DA_LIC_INCLAIM_INCEXP,0.0
NI02PPRIVST2021,DA_LIC_INCLAIM_INCEXP,0.0
NI02PPRIVST2022,DA_LIC_INCLAIM_INCEXP,15.836855842306003
NI02PPRIVST2023,DA_LIC_INCLAIM_INCEXP,0.0
NI02PPRIVST2024,DA_LIC_INCLAIM_INCEXP,0.0
NI02PPRIVST2012,DA_LIC_CHG,0.0
NI02PPRIVST2013,DA_LIC_CHG,0.0
NI02PPRIVST2014,DA_LIC_CHG,0.0
NI02PPRIVST2015,DA_LIC_CHG,0.0
NI02PPRIVST2016,DA_LIC_CHG,0.0
NI02PPRIVST2017,DA_LIC_CHG,0.0
NI02PPRIVST2018,DA_LIC_CHG,0.0
NI02PPRIVST2019,DA_LIC_CHG,0.0
NI02PPRIVST2020,DA_LIC_CHG,0.0
NI02PPRIVST2021,DA_LIC_CHG,0.0
NI02PPRIVST2022,DA_LIC_CHG,-3.2703192169793547
NI02PPRIVST2023,DA_LIC_CHG,0.0
NI02PPRIVST2024,DA_LIC_CHG,0.0
NI02PPRIVST2012,DA_LIC_CLO,0.0
NI02PPRIVST2013,DA_LIC_CLO,0.0
NI02PPRIVST2014,DA_LIC_CLO,0.0
NI02PPRIVST2015,DA_LIC_CLO,0.0
NI02PPRIVST2016,DA_LIC_CLO,0.0
NI02PPRIVST2017,DA_LIC_CLO,0.0
NI02PPRIVST2018,DA_LIC_CLO,0.0
NI02PPRIVST2019,DA_LIC_CLO,0.0
NI02PPRIVST2020,DA_LIC_CLO,0.0
NI02PPRIVST2021,DA_LIC_CLO,0.0
NI02PPRIVST2022,DA_LIC_CLO,79.75971306559738
NI02PPRIVST2023,DA_LIC_CLO,0.0
NI02PPRIVST2024,DA_LIC_CLO,0.0
NI02PPUBLPF2012,PVFC_LIC_UNWIND,0.0
NI02PPUBLPF2012,PVFC_LIC_EXP_CLAIM_CF_CY,0.0
NI02PPUBLPF2012,PVFC_LIC_EXP_ATTEXP_CY,0.0
NI02PPUBLPF2012,PVFC_LIC_EXP_CLAIM_CF_PY,0.0
NI02PPUBLPF2012,PVFC_LIC_EXP_ATTEXP_PY,0.0
NI02PPUBLPF2012,RA_LIC_OP,0.0
NI02PPUBLPF2012,RA_LIC_UNWIND,0.0
NI02PPUBLPF2012,RA_LIC_INCLAIM,0.0
NI02PPUBLPF2012,RA_LIC_RELEASE_PY,0.0
NI02PPUBLPF2012,RA_LIC_DEREC,0.0
NI02PPUBLPF2012,RA_LIC_TASSCHG_PY,0.0
NI02PPUBLPF2012,RA_LIC_FASSCHG_PY,0.0
NI02PPUBLPF2012,RA_LIC_CLO,0.0
NI02PPUBLPF2013,PVFC_LIC_UNWIND,0.0
NI02PPUBLPF2013,PVFC_LIC_EXP_CLAIM_CF_CY,0.0
NI02PPUBLPF2013,PVFC_LIC_EXP_ATTEXP_CY,0.0
NI02PPUBLPF2013,PVFC_LIC_EXP_CLAIM_CF_PY,0.0
NI02PPUBLPF2013,PVFC_LIC_EXP_ATTEXP_PY,0.0
NI02PPUBLPF2013,RA_LIC_OP,0.0
NI02PPUBLPF2013,RA_LIC_UNWIND,0.0
NI02PPUBLPF2013,RA_LIC_INCLAIM,0.0
NI02PPUBLPF2013,RA_LIC_RELEASE_PY,0.0
NI02PPUBLPF2013,RA_LIC_DEREC,0.0
NI02PPUBLPF2013,RA_LIC_TASSCHG_PY,0.0
NI02PPUBLPF2013,RA_LIC_FASSCHG_PY,0.0
NI02PPUBLPF2013,RA_LIC_CLO,0.0
NI02PPUBLPF2014,PVFC_LIC_UNWIND,0.0
NI02PPUBLPF2014,PVFC_LIC_EXP_CLAIM_CF_CY,0.0
NI02PPUBLPF2014,PVFC_LIC_EXP_ATTEXP_CY,0.0
NI02PPUBLPF2014,PVFC_LIC_EXP_CLAIM_CF_PY,0.0
NI02PPUBLPF2014,PVFC_LIC_EXP_ATTEXP_PY,0.0
NI02PPUBLPF2014,RA_LIC_OP,0.0
NI02PPUBLPF2014,RA_LIC_UNWIND,0.0
NI02PPUBLPF2014,RA_LIC_INCLAIM,0.0
NI02PPUBLPF2014,RA_LIC_RELEASE_PY,0.0
NI02PPUBLPF2014,RA_LIC_DEREC,0.0
NI02PPUBLPF2014,RA_LIC_TASSCHG_PY,0.0
NI02PPUBLPF2014,RA_LIC_FASSCHG_PY,0.0
NI02PPUBLPF2014,RA_LIC_CLO,0.0
NI02PPUBLPF2015,PVFC_LIC_UNWIND,0.0
NI02PPUBLPF2015,PVFC_LIC_EXP_CLAIM_CF_CY,0.0
NI02PPUBLPF2015,PVFC_LIC_EXP_ATTEXP_CY,0.0
NI02PPUBLPF2015,PVFC_LIC_EXP_CLAIM_CF_PY,0.0
NI02PPUBLPF2015,PVFC_LIC_EXP_ATTEXP_PY,0.0
NI02PPUBLPF2015,RA_LIC_OP,0.0
NI02PPUBLPF2015,RA_LIC_UNWIND,0.0
NI02PPUBLPF2015,RA_LIC_INCLAIM,0.0
NI02PPUBLPF2015,RA_LIC_RELEASE_PY,0.0
NI02PPUBLPF2015,RA_LIC_DEREC,0.0
NI02PPUBLPF2015,RA_LIC_TASSCHG_PY,0.0
NI02PPUBLPF2015,RA_LIC_FASSCHG_PY,0.0
NI02PPUBLPF2015,RA_LIC_CLO,0.0
NI02PPUBLPF2016,PVFC_LIC_UNWIND,0.0
NI02PPUBLPF2016,PVFC_LIC_EXP_CLAIM_CF_CY,0.0
NI02PPUBLPF2016,PVFC_LIC_EXP_ATTEXP_CY,0.0
NI02PPUBLPF2016,PVFC_LIC_EXP_CLAIM_CF_PY,0.0
NI02PPUBLPF2016,PVFC_LIC_EXP_ATTEXP_PY,0.0
NI02PPUBLPF2016,RA_LIC_OP,0.0
NI02PPUBLPF2016,RA_LIC_UNWIND,0.0
NI02PPUBLPF2016,RA_LIC_INCLAIM,0.0
NI02PPUBLPF2016,RA_LIC_RELEASE_PY,0.0
NI02PPUBLPF2016,RA_LIC_DEREC,0.0
NI02PPUBLPF2016,RA_LIC_TASSCHG_PY,0.0
NI02PPUBLPF2016,RA_LIC_FASSCHG_PY,0.0
NI02PPUBLPF2016,RA_LIC_CLO,0.0
NI02PPUBLPF2017,PVFC_LIC_UNWIND,0.0
NI02PPUBLPF2017,PVFC_LIC_EXP_CLAIM_CF_CY,0.0
NI02PPUBLPF2017,PVFC_LIC_EXP_ATTEXP_CY,0.0
NI02PPUBLPF2017,PVFC_LIC_EXP_CLAIM_CF_PY,48.718050331794565
NI02PPUBLPF2017,PVFC_LIC_EXP_ATTEXP_PY,0.0
NI02PPUBLPF2017,RA_LIC_OP,0.0
NI02PPUBLPF2017,RA_LIC_UNWIND,0.0
NI02PPUBLPF2017,RA_LIC_INCLAIM,0.0
NI02PPUBLPF2017,RA_LIC_RELEASE_PY,0.0
NI02PPUBLPF2017,RA_LIC_DEREC,0.0
NI02PPUBLPF2017,RA_LIC_TASSCHG_PY,0.0
NI02PPUBLPF2017,RA_LIC_FASSCHG_PY,0.0
NI02PPUBLPF2017,RA_LIC_CLO,0.0
NI02PPUBLPF2018,PVFC_LIC_UNWIND,0.0
NI02PPUBLPF2018,PVFC_LIC_EXP_CLAIM_CF_CY,0.0
NI02PPUBLPF2018,PVFC_LIC_EXP_ATTEXP_CY,0.0
NI02PPUBLPF2018,PVFC_LIC_EXP_CLAIM_CF_PY,95.06069453708822
NI02PPUBLPF2018,PVFC_LIC_EXP_ATTEXP_PY,0.0
NI02PPUBLPF2018,RA_LIC_OP,0.0
NI02PPUBLPF2018,RA_LIC_UNWIND,0.0
NI02PPUBLPF2018,RA_LIC_INCLAIM,0.0
NI02PPUBLPF2018,RA_LIC_RELEASE_PY,0.0
NI02PPUBLPF2018,RA_LIC_DEREC,0.0
NI02PPUBLPF2018,RA_LIC_TASSCHG_PY,0.0
NI02PPUBLPF2018,RA_LIC_FASSCHG_PY,0.0
NI02PPUBLPF2018,RA_LIC_CLO,0.0
NI02PPUBLPF2019,PVFC_LIC_UNWIND,0.0
NI02PPUBLPF2019,PVFC_LIC_EXP_CLAIM_CF_CY,0.0
NI02PPUBLPF2019,PVFC_LIC_EXP_ATTEXP_CY,0.0
NI02PPUBLPF2019,PVFC_LIC_EXP_CLAIM_CF_PY,1312.0067622655074
NI02PPUBLPF2019,PVFC_LIC_EXP_ATTEXP_PY,0.0
NI02PPUBLPF2019,RA_LIC_OP,0.0
NI02PPUBLPF2019,RA_LIC_UNWIND,0.0
NI02PPUBLPF2019,RA_LIC_INCLAIM,0.0
NI02PPUBLPF2019,RA_LIC_RELEASE_PY,0.0
NI02PPUBLPF2019,RA_LIC_DEREC,0.0
NI02PPUBLPF2019,RA_LIC_TASSCHG_PY,0.0
NI02PPUBLPF2019,RA_LIC_FASSCHG_PY,0.0
NI02PPUBLPF2019,RA_LIC_CLO,0.0
NI02PPUBLPF2020,PVFC_LIC_UNWIND,0.0
NI02PPUBLPF2020,PVFC_LIC_EXP_CLAIM_CF_CY,0.0
NI02PPUBLPF2020,PVFC_LIC_EXP_ATTEXP_CY,0.0
NI02PPUBLPF2020,PVFC_LIC_EXP_CLAIM_CF_PY,7656.414920209547
NI02PPUBLPF2020,PVFC_LIC_EXP_ATTEXP_PY,0.0
NI02PPUBLPF2020,RA_LIC_OP,0.0
NI02PPUBLPF2020,RA_LIC_UNWIND,0.0
NI02PPUBLPF2020,RA_LIC_INCLAIM,0.0
NI02PPUBLPF2020,RA_LIC_RELEASE_PY,0.0
NI02PPUBLPF2020,RA_LIC_DEREC,0.0
NI02PPUBLPF2020,RA_LIC_TASSCHG_PY,0.0
NI02PPUBLPF2020,RA_LIC_FASSCHG_PY,0.0
NI02PPUBLPF2020,RA_LIC_CLO,0.0
NI02PPUBLPF2021,PVFC_LIC_UNWIND,0.0
NI02PPUBLPF2021,PVFC_LIC_EXP_CLAIM_CF_CY,0.0
NI02PPUBLPF2021,PVFC_LIC_EXP_ATTEXP_CY,0.0
NI02PPUBLPF2021,PVFC_LIC_EXP_CLAIM_CF_PY,40150.332062997775
NI02PPUBLPF2021,PVFC_LIC_EXP_ATTEXP_PY,0.0
NI02PPUBLPF2021,RA_LIC_OP,0.0
NI02PPUBLPF2021,RA_LIC_UNWIND,0.0
NI02PPUBLPF2021,RA_LIC_INCLAIM,0.0
NI02PPUBLPF2021,RA_LIC_RELEASE_PY,0.0
NI02PPUBLPF2021,RA_LIC_DEREC,0.0
NI02PPUBLPF2021,RA_LIC_TASSCHG_PY,0.0
NI02PPUBLPF2021,RA_LIC_FASSCHG_PY,0.0
NI02PPUBLPF2021,RA_LIC_CLO,0.0
NI02PPUBLPF2022,PVFC_LIC_UNWIND,0.0
NI02PPUBLPF2022,PVFC_LIC_EXP_CLAIM_CF_CY,0.0
NI02PPUBLPF2022,PVFC_LIC_EXP_ATTEXP_CY,0.0
NI02PPUBLPF2022,PVFC_LIC_EXP_CLAIM_CF_PY,9597.991466674639
NI02PPUBLPF2022,PVFC_LIC_EXP_ATTEXP_PY,0.0
NI02PPUBLPF2022,RA_LIC_OP,0.0
NI02PPUBLPF2022,RA_LIC_UNWIND,0.0
NI02PPUBLPF2022,RA_LIC_INCLAIM,0.0
NI02PPUBLPF2022,RA_LIC_RELEASE_PY,0.0
NI02PPUBLPF2022,RA_LIC_DEREC,0.0
NI02PPUBLPF2022,RA_LIC_TASSCHG_PY,0.0
NI02PPUBLPF2022,RA_LIC_FASSCHG_PY,0.0
NI02PPUBLPF2022,RA_LIC_CLO,0.0
NI02PPUBLPF2023,PVFC_LIC_UNWIND,0.0
NI02PPUBLPF2023,PVFC_LIC_EXP_CLAIM_CF_CY,0.0
NI02PPUBLPF2023,PVFC_LIC_EXP_ATTEXP_CY,0.0
NI02PPUBLPF2023,PVFC_LIC_EXP_CLAIM_CF_PY,12964.550249824762
NI02PPUBLPF2023,PVFC_LIC_EXP_ATTEXP_PY,0.0
NI02PPUBLPF2023,RA_LIC_OP,-354.12963191513325
NI02PPUBLPF2023,RA_LIC_UNWIND,-4.2320617609728615
NI02PPUBLPF2023,RA_LIC_INCLAIM,-79.87275660694773
NI02PPUBLPF2023,RA_LIC_RELEASE_PY,334.4350992861847
NI02PPUBLPF2023,RA_LIC_DEREC,0.0
NI02PPUBLPF2023,RA_LIC_TASSCHG_PY,-324.4305881514539
NI02PPUBLPF2023,RA_LIC_FASSCHG_PY,0.0
NI02PPUBLPF2023,RA_LIC_CLO,-428.22993914832296
NI02PPUBLPF2024,PVFC_LIC_UNWIND,0.0
NI02PPUBLPF2024,PVFC_LIC_EXP_CLAIM_CF_CY,11262.07294
NI02PPUBLPF2024,PVFC_LIC_EXP_ATTEXP_CY,0.0
NI02PPUBLPF2024,PVFC_LIC_EXP_CLAIM_CF_PY,0.0
NI02PPUBLPF2024,PVFC_LIC_EXP_ATTEXP_PY,0.0
NI02PPUBLPF2024,RA_LIC_OP,0.0
NI02PPUBLPF2024,RA_LIC_UNWIND,0.0
NI02PPUBLPF2024,RA_LIC_INCLAIM,0.0
NI02PPUBLPF2024,RA_LIC_RELEASE_PY,0.0
NI02PPUBLPF2024,RA_LIC_DEREC,0.0
NI02PPUBLPF2024,RA_LIC_TASSCHG_PY,0.0
NI02PPUBLPF2024,RA_LIC_FASSCHG_PY,0.0
NI02PPUBLPF2024,RA_LIC_CLO,0.0
NI02PPUBLPF2012,RA_LIC_RELEASE_CY,0.0
NI02PPUBLPF2013,RA_LIC_RELEASE_CY,0.0
NI02PPUBLPF2014,RA_LIC_RELEASE_CY,0.0
NI02PPUBLPF2015,RA_LIC_RELEASE_CY,0.0
NI02PPUBLPF2016,RA_LIC_RELEASE_CY,0.0
NI02PPUBLPF2017,RA_LIC_RELEASE_CY,0.0
NI02PPUBLPF2018,RA_LIC_RELEASE_CY,0.0
NI02PPUBLPF2019,RA_LIC_RELEASE_CY,0.0
NI02PPUBLPF2020,RA_LIC_RELEASE_CY,0.0
NI02PPUBLPF2021,RA_LIC_RELEASE_CY,0.0
NI02PPUBLPF2022,RA_LIC_RELEASE_CY,0.0
NI02PPUBLPF2023,RA_LIC_RELEASE_CY,0.0
NI02PPUBLPF2024,RA_LIC_RELEASE_CY,0.0
NI02PPUBLPF2012,RA_LIC_FEXPVAR_CY,0.0
NI02PPUBLPF2013,RA_LIC_FEXPVAR_CY,0.0
NI02PPUBLPF2014,RA_LIC_FEXPVAR_CY,0.0
NI02PPUBLPF2015,RA_LIC_FEXPVAR_CY,0.0
NI02PPUBLPF2016,RA_LIC_FEXPVAR_CY,0.0
NI02PPUBLPF2017,RA_LIC_FEXPVAR_CY,0.0
NI02PPUBLPF2018,RA_LIC_FEXPVAR_CY,0.0
NI02PPUBLPF2019,RA_LIC_FEXPVAR_CY,0.0
NI02PPUBLPF2020,RA_LIC_FEXPVAR_CY,0.0
NI02PPUBLPF2021,RA_LIC_FEXPVAR_CY,0.0
NI02PPUBLPF2022,RA_LIC_FEXPVAR_CY,0.0
NI02PPUBLPF2023,RA_LIC_FEXPVAR_CY,0.0
NI02PPUBLPF2024,RA_LIC_FEXPVAR_CY,0.0
NI02PPUBLPF2012,DA_LIC_OP,0.0
NI02PPUBLPF2013,DA_LIC_OP,0.0
NI02PPUBLPF2014,DA_LIC_OP,0.0
NI02PPUBLPF2015,DA_LIC_OP,0.0
NI02PPUBLPF2016,DA_LIC_OP,0.0
NI02PPUBLPF2017,DA_LIC_OP,0.0
NI02PPUBLPF2018,DA_LIC_OP,0.0
NI02PPUBLPF2019,DA_LIC_OP,0.0
NI02PPUBLPF2020,DA_LIC_OP,0.0
NI02PPUBLPF2021,DA_LIC_OP,0.0
NI02PPUBLPF2022,DA_LIC_OP,52.007485024822685
NI02PPUBLPF2023,DA_LIC_OP,0.0
NI02PPUBLPF2024,DA_LIC_OP,0.0
NI02PPUBLPF2012,DA_LIC_INCLAIM_INCEXP,0.0
NI02PPUBLPF2013,DA_LIC_INCLAIM_INCEXP,0.0
NI02PPUBLPF2014,DA_LIC_INCLAIM_INCEXP,0.0
NI02PPUBLPF2015,DA_LIC_INCLAIM_INCEXP,0.0
NI02PPUBLPF2016,DA_LIC_INCLAIM_INCEXP,0.0
NI02PPUBLPF2017,DA_LIC_INCLAIM_INCEXP,0.0
NI02PPUBLPF2018,DA_LIC_INCLAIM_INCEXP,0.0
NI02PPUBLPF2019,DA_LIC_INCLAIM_INCEXP,0.0
NI02PPUBLPF2020,DA_LIC_INCLAIM_INCEXP,0.0
NI02PPUBLPF2021,DA_LIC_INCLAIM_INCEXP,0.0
NI02PPUBLPF2022,DA_LIC_INCLAIM_INCEXP,0.0
NI02PPUBLPF2023,DA_LIC_INCLAIM_INCEXP,0.0
NI02PPUBLPF2024,DA_LIC_INCLAIM_INCEXP,0.0
NI02PPUBLPF2012,DA_LIC_CHG,0.0
NI02PPUBLPF2013,DA_LIC_CHG,0.0
NI02PPUBLPF2014,DA_LIC_CHG,0.0
NI02PPUBLPF2015,DA_LIC_CHG,0.0
NI02PPUBLPF2016,DA_LIC_CHG,0.0
NI02PPUBLPF2017,DA_LIC_CHG,0.0
NI02PPUBLPF2018,DA_LIC_CHG,0.0
NI02PPUBLPF2019,DA_LIC_CHG,0.0
NI02PPUBLPF2020,DA_LIC_CHG,0.0
NI02PPUBLPF2021,DA_LIC_CHG,0.0
NI02PPUBLPF2022,DA_LIC_CHG,-52.007485024822685
NI02PPUBLPF2023,DA_LIC_CHG,0.0
NI02PPUBLPF2024,DA_LIC_CHG,0.0
NI02PPUBLPF2012,DA_LIC_CLO,0.0
NI02PPUBLPF2013,DA_LIC_CLO,0.0
NI02PPUBLPF2014,DA_LIC_CLO,0.0
NI02PPUBLPF2015,DA_LIC_CLO,0.0
NI02PPUBLPF2016,DA_LIC_CLO,0.0
NI02PPUBLPF2017,DA_LIC_CLO,0.0
NI02PPUBLPF2018,DA_LIC_CLO,0.0
NI02PPUBLPF2019,DA_LIC_CLO,0.0
NI02PPUBLPF2020,DA_LIC_CLO,0.0
NI02PPUBLPF2021,DA_LIC_CLO,0.0
NI02PPUBLPF2022,DA_LIC_CLO,0.0
NI02PPUBLPF2023,DA_LIC_CLO,0.0
NI02PPUBLPF2024,DA_LIC_CLO,0.0
NI02PPUBLQS2012,PVFC_LIC_UNWIND,0.0
NI02PPUBLQS2012,PVFC_LIC_EXP_CLAIM_CF_CY,0.0
NI02PPUBLQS2012,PVFC_LIC_EXP_ATTEXP_CY,0.0
NI02PPUBLQS2012,PVFC_LIC_EXP_CLAIM_CF_PY,0.0
NI02PPUBLQS2012,PVFC_LIC_EXP_ATTEXP_PY,0.0
NI02PPUBLQS2012,RA_LIC_OP,0.0
NI02PPUBLQS2012,RA_LIC_UNWIND,0.0
NI02PPUBLQS2012,RA_LIC_INCLAIM,0.0
NI02PPUBLQS2012,RA_LIC_RELEASE_PY,0.0
NI02PPUBLQS2012,RA_LIC_DEREC,0.0
NI02PPUBLQS2012,RA_LIC_TASSCHG_PY,0.0
NI02PPUBLQS2012,RA_LIC_FASSCHG_PY,0.0
NI02PPUBLQS2012,RA_LIC_CLO,0.0
NI02PPUBLQS2013,PVFC_LIC_UNWIND,0.0
NI02PPUBLQS2013,PVFC_LIC_EXP_CLAIM_CF_CY,0.0
NI02PPUBLQS2013,PVFC_LIC_EXP_ATTEXP_CY,0.0
NI02PPUBLQS2013,PVFC_LIC_EXP_CLAIM_CF_PY,0.0
NI02PPUBLQS2013,PVFC_LIC_EXP_ATTEXP_PY,0.0
NI02PPUBLQS2013,RA_LIC_OP,0.0
NI02PPUBLQS2013,RA_LIC_UNWIND,0.0
NI02PPUBLQS2013,RA_LIC_INCLAIM,0.0
NI02PPUBLQS2013,RA_LIC_RELEASE_PY,0.0
NI02PPUBLQS2013,RA_LIC_DEREC,0.0
NI02PPUBLQS2013,RA_LIC_TASSCHG_PY,0.0
NI02PPUBLQS2013,RA_LIC_FASSCHG_PY,0.0
NI02PPUBLQS2013,RA_LIC_CLO,0.0
NI02PPUBLQS2014,PVFC_LIC_UNWIND,0.0
NI02PPUBLQS2014,PVFC_LIC_EXP_CLAIM_CF_CY,0.0
NI02PPUBLQS2014,PVFC_LIC_EXP_ATTEXP_CY,0.0
NI02PPUBLQS2014,PVFC_LIC_EXP_CLAIM_CF_PY,0.0
NI02PPUBLQS2014,PVFC_LIC_EXP_ATTEXP_PY,0.0
NI02PPUBLQS2014,RA_LIC_OP,0.0
NI02PPUBLQS2014,RA_LIC_UNWIND,0.0
NI02PPUBLQS2014,RA_LIC_INCLAIM,0.0
NI02PPUBLQS2014,RA_LIC_RELEASE_PY,0.0
NI02PPUBLQS2014,RA_LIC_DEREC,0.0
NI02PPUBLQS2014,RA_LIC_TASSCHG_PY,0.0
NI02PPUBLQS2014,RA_LIC_FASSCHG_PY,0.0
NI02PPUBLQS2014,RA_LIC_CLO,0.0
NI02PPUBLQS2015,PVFC_LIC_UNWIND,0.0
NI02PPUBLQS2015,PVFC_LIC_EXP_CLAIM_CF_CY,0.0
NI02PPUBLQS2015,PVFC_LIC_EXP_ATTEXP_CY,0.0
NI02PPUBLQS2015,PVFC_LIC_EXP_CLAIM_CF_PY,0.0
NI02PPUBLQS2015,PVFC_LIC_EXP_ATTEXP_PY,0.0
NI02PPUBLQS2015,RA_LIC_OP,0.0
NI02PPUBLQS2015,RA_LIC_UNWIND,0.0
NI02PPUBLQS2015,RA_LIC_INCLAIM,0.0
NI02PPUBLQS2015,RA_LIC_RELEASE_PY,0.0
NI02PPUBLQS2015,RA_LIC_DEREC,0.0
NI02PPUBLQS2015,RA_LIC_TASSCHG_PY,0.0
NI02PPUBLQS2015,RA_LIC_FASSCHG_PY,0.0
NI02PPUBLQS2015,RA_LIC_CLO,0.0
NI02PPUBLQS2016,PVFC_LIC_UNWIND,0.0
NI02PPUBLQS2016,PVFC_LIC_EXP_CLAIM_CF_CY,0.0
NI02PPUBLQS2016,PVFC_LIC_EXP_ATTEXP_CY,0.0
NI02PPUBLQS2016,PVFC_LIC_EXP_CLAIM_CF_PY,0.0
NI02PPUBLQS2016,PVFC_LIC_EXP_ATTEXP_PY,0.0
NI02PPUBLQS2016,RA_LIC_OP,0.0
NI02PPUBLQS2016,RA_LIC_UNWIND,0.0
NI02PPUBLQS2016,RA_LIC_INCLAIM,0.0
NI02PPUBLQS2016,RA_LIC_RELEASE_PY,0.0
NI02PPUBLQS2016,RA_LIC_DEREC,0.0
NI02PPUBLQS2016,RA_LIC_TASSCHG_PY,0.0
NI02PPUBLQS2016,RA_LIC_FASSCHG_PY,0.0
NI02PPUBLQS2016,RA_LIC_CLO,0.0
NI02PPUBLQS2017,PVFC_LIC_UNWIND,0.0
NI02PPUBLQS2017,PVFC_LIC_EXP_CLAIM_CF_CY,0.0
NI02PPUBLQS2017,PVFC_LIC_EXP_ATTEXP_CY,0.0
NI02PPUBLQS2017,PVFC_LIC_EXP_CLAIM_CF_PY,7.196524370046588
NI02PPUBLQS2017,PVFC_LIC_EXP_ATTEXP_PY,0.0
NI02PPUBLQS2017,RA_LIC_OP,0.0
NI02PPUBLQS2017,RA_LIC_UNWIND,0.0
NI02PPUBLQS2017,RA_LIC_INCLAIM,0.0
NI02PPUBLQS2017,RA_LIC_RELEASE_PY,0.0
NI02PPUBLQS2017,RA_LIC_DEREC,0.0
NI02PPUBLQS2017,RA_LIC_TASSCHG_PY,0.0
NI02PPUBLQS2017,RA_LIC_FASSCHG_PY,0.0
NI02PPUBLQS2017,RA_LIC_CLO,0.0
NI02PPUBLQS2018,PVFC_LIC_UNWIND,0.0
NI02PPUBLQS2018,PVFC_LIC_EXP_CLAIM_CF_CY,0.0
NI02PPUBLQS2018,PVFC_LIC_EXP_ATTEXP_CY,0.0
NI02PPUBLQS2018,PVFC_LIC_EXP_CLAIM_CF_PY,14.042158916676636
NI02PPUBLQS2018,PVFC_LIC_EXP_ATTEXP_PY,0.0
NI02PPUBLQS2018,RA_LIC_OP,0.0
NI02PPUBLQS2018,RA_LIC_UNWIND,0.0
NI02PPUBLQS2018,RA_LIC_INCLAIM,0.0
NI02PPUBLQS2018,RA_LIC_RELEASE_PY,0.0
NI02PPUBLQS2018,RA_LIC_DEREC,0.0
NI02PPUBLQS2018,RA_LIC_TASSCHG_PY,0.0
NI02PPUBLQS2018,RA_LIC_FASSCHG_PY,0.0
NI02PPUBLQS2018,RA_LIC_CLO,0.0
NI02PPUBLQS2019,PVFC_LIC_UNWIND,0.0
NI02PPUBLQS2019,PVFC_LIC_EXP_CLAIM_CF_CY,0.0
NI02PPUBLQS2019,PVFC_LIC_EXP_ATTEXP_CY,0.0
NI02PPUBLQS2019,PVFC_LIC_EXP_CLAIM_CF_PY,193.8067836049597
NI02PPUBLQS2019,PVFC_LIC_EXP_ATTEXP_PY,0.0
NI02PPUBLQS2019,RA_LIC_OP,0.0
NI02PPUBLQS2019,RA_LIC_UNWIND,0.0
NI02PPUBLQS2019,RA_LIC_INCLAIM,0.0
NI02PPUBLQS2019,RA_LIC_RELEASE_PY,0.0
NI02PPUBLQS2019,RA_LIC_DEREC,0.0
NI02PPUBLQS2019,RA_LIC_TASSCHG_PY,0.0
NI02PPUBLQS2019,RA_LIC_FASSCHG_PY,0.0
NI02PPUBLQS2019,RA_LIC_CLO,0.0
NI02PPUBLQS2020,PVFC_LIC_UNWIND,0.0
NI02PPUBLQS2020,PVFC_LIC_EXP_CLAIM_CF_CY,0.0
NI02PPUBLQS2020,PVFC_LIC_EXP_ATTEXP_CY,0.0
NI02PPUBLQS2020,PVFC_LIC_EXP_CLAIM_CF_PY,1130.9889493774963
NI02PPUBLQS2020,PVFC_LIC_EXP_ATTEXP_PY,0.0
NI02PPUBLQS2020,RA_LIC_OP,0.0
NI02PPUBLQS2020,RA_LIC_UNWIND,0.0
NI02PPUBLQS2020,RA_LIC_INCLAIM,0.0
NI02PPUBLQS2020,RA_LIC_RELEASE_PY,0.0
NI02PPUBLQS2020,RA_LIC_DEREC,0.0
NI02PPUBLQS2020,RA_LIC_TASSCHG_PY,0.0
NI02PPUBLQS2020,RA_LIC_FASSCHG_PY,0.0
NI02PPUBLQS2020,RA_LIC_CLO,0.0
NI02PPUBLQS2021,PVFC_LIC_UNWIND,0.0
NI02PPUBLQS2021,PVFC_LIC_EXP_CLAIM_CF_CY,0.0
NI02PPUBLQS2021,PVFC_LIC_EXP_ATTEXP_CY,0.0
NI02PPUBLQS2021,PVFC_LIC_EXP_CLAIM_CF_PY,5930.919673282891
NI02PPUBLQS2021,PVFC_LIC_EXP_ATTEXP_PY,0.0
NI02PPUBLQS2021,RA_LIC_OP,0.0
NI02PPUBLQS2021,RA_LIC_UNWIND,0.0
NI02PPUBLQS2021,RA_LIC_INCLAIM,0.0
NI02PPUBLQS2021,RA_LIC_RELEASE_PY,0.0
NI02PPUBLQS2021,RA_LIC_DEREC,0.0
NI02PPUBLQS2021,RA_LIC_TASSCHG_PY,0.0
NI02PPUBLQS2021,RA_LIC_FASSCHG_PY,0.0
NI02PPUBLQS2021,RA_LIC_CLO,0.0
NI02PPUBLQS2022,PVFC_LIC_UNWIND,0.0
NI02PPUBLQS2022,PVFC_LIC_EXP_CLAIM_CF_CY,0.0
NI02PPUBLQS2022,PVFC_LIC_EXP_ATTEXP_CY,0.0
NI02PPUBLQS2022,PVFC_LIC_EXP_CLAIM_CF_PY,1417.7944113733363
NI02PPUBLQS2022,PVFC_LIC_EXP_ATTEXP_PY,0.0
NI02PPUBLQS2022,RA_LIC_OP,0.0
NI02PPUBLQS2022,RA_LIC_UNWIND,0.0
NI02PPUBLQS2022,RA_LIC_INCLAIM,0.0
NI02PPUBLQS2022,RA_LIC_RELEASE_PY,0.0
NI02PPUBLQS2022,RA_LIC_DEREC,0.0
NI02PPUBLQS2022,RA_LIC_TASSCHG_PY,0.0
NI02PPUBLQS2022,RA_LIC_FASSCHG_PY,0.0
NI02PPUBLQS2022,RA_LIC_CLO,0.0
NI02PPUBLQS2023,PVFC_LIC_UNWIND,0.0
NI02PPUBLQS2023,PVFC_LIC_EXP_CLAIM_CF_CY,0.0
NI02PPUBLQS2023,PVFC_LIC_EXP_ATTEXP_CY,0.0
NI02PPUBLQS2023,PVFC_LIC_EXP_CLAIM_CF_PY,1915.0951481871596
NI02PPUBLQS2023,PVFC_LIC_EXP_ATTEXP_PY,0.0
NI02PPUBLQS2023,RA_LIC_OP,-52.31125853510751
NI02PPUBLQS2023,RA_LIC_UNWIND,-0.6251509531058991
NI02PPUBLQS2023,RA_LIC_INCLAIM,-11.79862977910607
NI02PPUBLQS2023,RA_LIC_RELEASE_PY,49.402025036319316
NI02PPUBLQS2023,RA_LIC_DEREC,0.0
NI02PPUBLQS2023,RA_LIC_TASSCHG_PY,-47.9241804242884
NI02PPUBLQS2023,RA_LIC_FASSCHG_PY,0.0
NI02PPUBLQS2023,RA_LIC_CLO,-63.257194655288586
NI02PPUBLQS2024,PVFC_LIC_UNWIND,0.0
NI02PPUBLQS2024,PVFC_LIC_EXP_CLAIM_CF_CY,0.0
NI02PPUBLQS2024,PVFC_LIC_EXP_ATTEXP_CY,0.0
NI02PPUBLQS2024,PVFC_LIC_EXP_CLAIM_CF_PY,0.0
NI02PPUBLQS2024,PVFC_LIC_EXP_ATTEXP_PY,0.0
NI02PPUBLQS2024,RA_LIC_OP,0.0
NI02PPUBLQS2024,RA_LIC_UNWIND,0.0
NI02PPUBLQS2024,RA_LIC_INCLAIM,0.0
NI02PPUBLQS2024,RA_LIC_RELEASE_PY,0.0
NI02PPUBLQS2024,RA_LIC_DEREC,0.0
NI02PPUBLQS2024,RA_LIC_TASSCHG_PY,0.0
NI02PPUBLQS2024,RA_LIC_FASSCHG_PY,0.0
NI02PPUBLQS2024,RA_LIC_CLO,0.0
NI02PPUBLQS2012,RA_LIC_RELEASE_CY,0.0
NI02PPUBLQS2013,RA_LIC_RELEASE_CY,0.0
NI02PPUBLQS2014,RA_LIC_RELEASE_CY,0.0
NI02PPUBLQS2015,RA_LIC_RELEASE_CY,0.0
NI02PPUBLQS2016,RA_LIC_RELEASE_CY,0.0
NI02PPUBLQS2017,RA_LIC_RELEASE_CY,0.0
NI02PPUBLQS2018,RA_LIC_RELEASE_CY,0.0
NI02PPUBLQS2019,RA_LIC_RELEASE_CY,0.0
NI02PPUBLQS2020,RA_LIC_RELEASE_CY,0.0
NI02PPUBLQS2021,RA_LIC_RELEASE_CY,0.0
NI02PPUBLQS2022,RA_LIC_RELEASE_CY,0.0
NI02PPUBLQS2023,RA_LIC_RELEASE_CY,0.0
NI02PPUBLQS2024,RA_LIC_RELEASE_CY,0.0
NI02PPUBLQS2012,RA_LIC_FEXPVAR_CY,0.0
NI02PPUBLQS2013,RA_LIC_FEXPVAR_CY,0.0
NI02PPUBLQS2014,RA_LIC_FEXPVAR_CY,0.0
NI02PPUBLQS2015,RA_LIC_FEXPVAR_CY,0.0
NI02PPUBLQS2016,RA_LIC_FEXPVAR_CY,0.0
NI02PPUBLQS2017,RA_LIC_FEXPVAR_CY,0.0
NI02PPUBLQS2018,RA_LIC_FEXPVAR_CY,0.0
NI02PPUBLQS2019,RA_LIC_FEXPVAR_CY,0.0
NI02PPUBLQS2020,RA_LIC_FEXPVAR_CY,0.0
NI02PPUBLQS2021,RA_LIC_FEXPVAR_CY,0.0
NI02PPUBLQS2022,RA_LIC_FEXPVAR_CY,0.0
NI02PPUBLQS2023,RA_LIC_FEXPVAR_CY,0.0
NI02PPUBLQS2024,RA_LIC_FEXPVAR_CY,0.0
NI02PPUBLQS2012,DA_LIC_OP,0.0
NI02PPUBLQS2013,DA_LIC_OP,0.0
NI02PPUBLQS2014,DA_LIC_OP,0.0
NI02PPUBLQS2015,DA_LIC_OP,0.0
NI02PPUBLQS2016,DA_LIC_OP,0.0
NI02PPUBLQS2017,DA_LIC_OP,0.0
NI02PPUBLQS2018,DA_LIC_OP,0.0
NI02PPUBLQS2019,DA_LIC_OP,0.0
NI02PPUBLQS2020,DA_LIC_OP,0.0
NI02PPUBLQS2021,DA_LIC_OP,0.0
NI02PPUBLQS2022,DA_LIC_OP,7.682432504112544
NI02PPUBLQS2023,DA_LIC_OP,0.0
NI02PPUBLQS2024,DA_LIC_OP,0.0
NI02PPUBLQS2012,DA_LIC_INCLAIM_INCEXP,0.0
NI02PPUBLQS2013,DA_LIC_INCLAIM_INCEXP,0.0
NI02PPUBLQS2014,DA_LIC_INCLAIM_INCEXP,0.0
NI02PPUBLQS2015,DA_LIC_INCLAIM_INCEXP,0.0
NI02PPUBLQS2016,DA_LIC_INCLAIM_INCEXP,0.0
NI02PPUBLQS2017,DA_LIC_INCLAIM_INCEXP,0.0
NI02PPUBLQS2018,DA_LIC_INCLAIM_INCEXP,0.0
NI02PPUBLQS2019,DA_LIC_INCLAIM_INCEXP,0.0
NI02PPUBLQS2020,DA_LIC_INCLAIM_INCEXP,0.0
NI02PPUBLQS2021,DA_LIC_INCLAIM_INCEXP,0.0
NI02PPUBLQS2022,DA_LIC_INCLAIM_INCEXP,0.0
NI02PPUBLQS2023,DA_LIC_INCLAIM_INCEXP,0.0
NI02PPUBLQS2024,DA_LIC_INCLAIM_INCEXP,0.0
NI02PPUBLQS2012,DA_LIC_CHG,0.0
NI02PPUBLQS2013,DA_LIC_CHG,0.0
NI02PPUBLQS2014,DA_LIC_CHG,0.0
NI02PPUBLQS2015,DA_LIC_CHG,0.0
NI02PPUBLQS2016,DA_LIC_CHG,0.0
NI02PPUBLQS2017,DA_LIC_CHG,0.0
NI02PPUBLQS2018,DA_LIC_CHG,0.0
NI02PPUBLQS2019,DA_LIC_CHG,0.0
NI02PPUBLQS2020,DA_LIC_CHG,0.0
NI02PPUBLQS2021,DA_LIC_CHG,0.0
NI02PPUBLQS2022,DA_LIC_CHG,-7.682432504112544
NI02PPUBLQS2023,DA_LIC_CHG,0.0
NI02PPUBLQS2024,DA_LIC_CHG,0.0
NI02PPUBLQS2012,DA_LIC_CLO,0.0
NI02PPUBLQS2013,DA_LIC_CLO,0.0
NI02PPUBLQS2014,DA_LIC_CLO,0.0
NI02PPUBLQS2015,DA_LIC_CLO,0.0
NI02PPUBLQS2016,DA_LIC_CLO,0.0
NI02PPUBLQS2017,DA_LIC_CLO,0.0
NI02PPUBLQS2018,DA_LIC_CLO,0.0
NI02PPUBLQS2019,DA_LIC_CLO,0.0
NI02PPUBLQS2020,DA_LIC_CLO,0.0
NI02PPUBLQS2021,DA_LIC_CLO,0.0
NI02PPUBLQS2022,DA_LIC_CLO,0.0
NI02PPUBLQS2023,DA_LIC_CLO,0.0
NI02PPUBLQS2024,DA_LIC_CLO,0.0
NI02PPUBLST2012,PVFC_LIC_UNWIND,0.0
NI02PPUBLST2012,PVFC_LIC_EXP_CLAIM_CF_CY,0.0
NI02PPUBLST2012,PVFC_LIC_EXP_ATTEXP_CY,0.0
NI02PPUBLST2012,PVFC_LIC_EXP_CLAIM_CF_PY,0.0
NI02PPUBLST2012,PVFC_LIC_EXP_ATTEXP_PY,0.0
NI02PPUBLST2012,RA_LIC_OP,0.0
NI02PPUBLST2012,RA_LIC_UNWIND,0.0
NI02PPUBLST2012,RA_LIC_INCLAIM,0.0
NI02PPUBLST2012,RA_LIC_RELEASE_PY,0.0
NI02PPUBLST2012,RA_LIC_DEREC,0.0
NI02PPUBLST2012,RA_LIC_TASSCHG_PY,0.0
NI02PPUBLST2012,RA_LIC_FASSCHG_PY,0.0
NI02PPUBLST2012,RA_LIC_CLO,0.0
NI02PPUBLST2013,PVFC_LIC_UNWIND,0.0
NI02PPUBLST2013,PVFC_LIC_EXP_CLAIM_CF_CY,0.0
NI02PPUBLST2013,PVFC_LIC_EXP_ATTEXP_CY,0.0
NI02PPUBLST2013,PVFC_LIC_EXP_CLAIM_CF_PY,0.0
NI02PPUBLST2013,PVFC_LIC_EXP_ATTEXP_PY,0.0
NI02PPUBLST2013,RA_LIC_OP,0.0
NI02PPUBLST2013,RA_LIC_UNWIND,0.0
NI02PPUBLST2013,RA_LIC_INCLAIM,0.0
NI02PPUBLST2013,RA_LIC_RELEASE_PY,0.0
NI02PPUBLST2013,RA_LIC_DEREC,0.0
NI02PPUBLST2013,RA_LIC_TASSCHG_PY,0.0
NI02PPUBLST2013,RA_LIC_FASSCHG_PY,0.0
NI02PPUBLST2013,RA_LIC_CLO,0.0
NI02PPUBLST2014,PVFC_LIC_UNWIND,0.0
NI02PPUBLST2014,PVFC_LIC_EXP_CLAIM_CF_CY,0.0
NI02PPUBLST2014,PVFC_LIC_EXP_ATTEXP_CY,0.0
NI02PPUBLST2014,PVFC_LIC_EXP_CLAIM_CF_PY,0.0
NI02PPUBLST2014,PVFC_LIC_EXP_ATTEXP_PY,0.0
NI02PPUBLST2014,RA_LIC_OP,0.0
NI02PPUBLST2014,RA_LIC_UNWIND,0.0
NI02PPUBLST2014,RA_LIC_INCLAIM,0.0
NI02PPUBLST2014,RA_LIC_RELEASE_PY,0.0
NI02PPUBLST2014,RA_LIC_DEREC,0.0
NI02PPUBLST2014,RA_LIC_TASSCHG_PY,0.0
NI02PPUBLST2014,RA_LIC_FASSCHG_PY,0.0
NI02PPUBLST2014,RA_LIC_CLO,0.0
NI02PPUBLST2015,PVFC_LIC_UNWIND,0.0
NI02PPUBLST2015,PVFC_LIC_EXP_CLAIM_CF_CY,0.0
NI02PPUBLST2015,PVFC_LIC_EXP_ATTEXP_CY,0.0
NI02PPUBLST2015,PVFC_LIC_EXP_CLAIM_CF_PY,0.0
NI02PPUBLST2015,PVFC_LIC_EXP_ATTEXP_PY,0.0
NI02PPUBLST2015,RA_LIC_OP,0.0
NI02PPUBLST2015,RA_LIC_UNWIND,0.0
NI02PPUBLST2015,RA_LIC_INCLAIM,0.0
NI02PPUBLST2015,RA_LIC_RELEASE_PY,0.0
NI02PPUBLST2015,RA_LIC_DEREC,0.0
NI02PPUBLST2015,RA_LIC_TASSCHG_PY,0.0
NI02PPUBLST2015,RA_LIC_FASSCHG_PY,0.0
NI02PPUBLST2015,RA_LIC_CLO,0.0
NI02PPUBLST2016,PVFC_LIC_UNWIND,0.0
NI02PPUBLST2016,PVFC_LIC_EXP_CLAIM_CF_CY,0.0
NI02PPUBLST2016,PVFC_LIC_EXP_ATTEXP_CY,0.0
NI02PPUBLST2016,PVFC_LIC_EXP_CLAIM_CF_PY,0.0
NI02PPUBLST2016,PVFC_LIC_EXP_ATTEXP_PY,0.0
NI02PPUBLST2016,RA_LIC_OP,0.0
NI02PPUBLST2016,RA_LIC_UNWIND,0.0
NI02PPUBLST2016,RA_LIC_INCLAIM,0.0
NI02PPUBLST2016,RA_LIC_RELEASE_PY,0.0
NI02PPUBLST2016,RA_LIC_DEREC,0.0
NI02PPUBLST2016,RA_LIC_TASSCHG_PY,0.0
NI02PPUBLST2016,RA_LIC_FASSCHG_PY,0.0
NI02PPUBLST2016,RA_LIC_CLO,0.0
NI02PPUBLST2017,PVFC_LIC_UNWIND,0.0
NI02PPUBLST2017,PVFC_LIC_EXP_CLAIM_CF_CY,0.0
NI02PPUBLST2017,PVFC_LIC_EXP_ATTEXP_CY,0.0
NI02PPUBLST2017,PVFC_LIC_EXP_CLAIM_CF_PY,10.017990987643367
NI02PPUBLST2017,PVFC_LIC_EXP_ATTEXP_PY,0.0
NI02PPUBLST2017,RA_LIC_OP,0.0
NI02PPUBLST2017,RA_LIC_UNWIND,0.0
NI02PPUBLST2017,RA_LIC_INCLAIM,0.0
NI02PPUBLST2017,RA_LIC_RELEASE_PY,0.0
NI02PPUBLST2017,RA_LIC_DEREC,0.0
NI02PPUBLST2017,RA_LIC_TASSCHG_PY,0.0
NI02PPUBLST2017,RA_LIC_FASSCHG_PY,0.0
NI02PPUBLST2017,RA_LIC_CLO,0.0
NI02PPUBLST2018,PVFC_LIC_UNWIND,0.0
NI02PPUBLST2018,PVFC_LIC_EXP_CLAIM_CF_CY,0.0
NI02PPUBLST2018,PVFC_LIC_EXP_ATTEXP_CY,0.0
NI02PPUBLST2018,PVFC_LIC_EXP_CLAIM_CF_PY,19.547522420661487
NI02PPUBLST2018,PVFC_LIC_EXP_ATTEXP_PY,0.0
NI02PPUBLST2018,RA_LIC_OP,0.0
NI02PPUBLST2018,RA_LIC_UNWIND,0.0
NI02PPUBLST2018,RA_LIC_INCLAIM,0.0
NI02PPUBLST2018,RA_LIC_RELEASE_PY,0.0
NI02PPUBLST2018,RA_LIC_DEREC,0.0
NI02PPUBLST2018,RA_LIC_TASSCHG_PY,0.0
NI02PPUBLST2018,RA_LIC_FASSCHG_PY,0.0
NI02PPUBLST2018,RA_LIC_CLO,0.0
NI02PPUBLST2019,PVFC_LIC_UNWIND,0.0
NI02PPUBLST2019,PVFC_LIC_EXP_CLAIM_CF_CY,0.0
NI02PPUBLST2019,PVFC_LIC_EXP_ATTEXP_CY,0.0
NI02PPUBLST2019,PVFC_LIC_EXP_CLAIM_CF_PY,269.79059774740495
NI02PPUBLST2019,PVFC_LIC_EXP_ATTEXP_PY,0.0
NI02PPUBLST2019,RA_LIC_OP,0.0
NI02PPUBLST2019,RA_LIC_UNWIND,0.0
NI02PPUBLST2019,RA_LIC_INCLAIM,0.0
NI02PPUBLST2019,RA_LIC_RELEASE_PY,0.0
NI02PPUBLST2019,RA_LIC_DEREC,0.0
NI02PPUBLST2019,RA_LIC_TASSCHG_PY,0.0
NI02PPUBLST2019,RA_LIC_FASSCHG_PY,0.0
NI02PPUBLST2019,RA_LIC_CLO,0.0
NI02PPUBLST2020,PVFC_LIC_UNWIND,0.0
NI02PPUBLST2020,PVFC_LIC_EXP_CLAIM_CF_CY,0.0
NI02PPUBLST2020,PVFC_LIC_EXP_ATTEXP_CY,0.0
NI02PPUBLST2020,PVFC_LIC_EXP_CLAIM_CF_PY,1574.4040483134852
NI02PPUBLST2020,PVFC_LIC_EXP_ATTEXP_PY,0.0
NI02PPUBLST2020,RA_LIC_OP,0.0
NI02PPUBLST2020,RA_LIC_UNWIND,0.0
NI02PPUBLST2020,RA_LIC_INCLAIM,0.0
NI02PPUBLST2020,RA_LIC_RELEASE_PY,0.0
NI02PPUBLST2020,RA_LIC_DEREC,0.0
NI02PPUBLST2020,RA_LIC_TASSCHG_PY,0.0
NI02PPUBLST2020,RA_LIC_FASSCHG_PY,0.0
NI02PPUBLST2020,RA_LIC_CLO,0.0
NI02PPUBLST2021,PVFC_LIC_UNWIND,0.0
NI02PPUBLST2021,PVFC_LIC_EXP_CLAIM_CF_CY,0.0
NI02PPUBLST2021,PVFC_LIC_EXP_ATTEXP_CY,0.0
NI02PPUBLST2021,PVFC_LIC_EXP_CLAIM_CF_PY,8256.193793032362
NI02PPUBLST2021,PVFC_LIC_EXP_ATTEXP_PY,0.0
NI02PPUBLST2021,RA_LIC_OP,0.0
NI02PPUBLST2021,RA_LIC_UNWIND,0.0
NI02PPUBLST2021,RA_LIC_INCLAIM,0.0
NI02PPUBLST2021,RA_LIC_RELEASE_PY,0.0
NI02PPUBLST2021,RA_LIC_DEREC,0.0
NI02PPUBLST2021,RA_LIC_TASSCHG_PY,0.0
NI02PPUBLST2021,RA_LIC_FASSCHG_PY,0.0
NI02PPUBLST2021,RA_LIC_CLO,0.0
NI02PPUBLST2022,PVFC_LIC_UNWIND,0.0
NI02PPUBLST2022,PVFC_LIC_EXP_CLAIM_CF_CY,0.0
NI02PPUBLST2022,PVFC_LIC_EXP_ATTEXP_CY,0.0
NI02PPUBLST2022,PVFC_LIC_EXP_CLAIM_CF_PY,1973.6543510624242
NI02PPUBLST2022,PVFC_LIC_EXP_ATTEXP_PY,0.0
NI02PPUBLST2022,RA_LIC_OP,0.0
NI02PPUBLST2022,RA_LIC_UNWIND,0.0
NI02PPUBLST2022,RA_LIC_INCLAIM,0.0
NI02PPUBLST2022,RA_LIC_RELEASE_PY,0.0
NI02PPUBLST2022,RA_LIC_DEREC,0.0
NI02PPUBLST2022,RA_LIC_TASSCHG_PY,0.0
NI02PPUBLST2022,RA_LIC_FASSCHG_PY,0.0
NI02PPUBLST2022,RA_LIC_CLO,0.0
NI02PPUBLST2023,PVFC_LIC_UNWIND,0.0
NI02PPUBLST2023,PVFC_LIC_EXP_CLAIM_CF_CY,0.0
NI02PPUBLST2023,PVFC_LIC_EXP_ATTEXP_CY,0.0
NI02PPUBLST2023,PVFC_LIC_EXP_CLAIM_CF_PY,2665.926626313123
NI02PPUBLST2023,PVFC_LIC_EXP_ATTEXP_PY,0.0
NI02PPUBLST2023,RA_LIC_OP,-72.82039073447847
NI02PPUBLST2023,RA_LIC_UNWIND,-0.8702473988969812
NI02PPUBLST2023,RA_LIC_INCLAIM,-16.42439609953828
NI02PPUBLST2023,RA_LIC_RELEASE_PY,68.77056425252887
NI02PPUBLST2023,RA_LIC_DEREC,0.0
NI02PPUBLST2023,RA_LIC_TASSCHG_PY,-66.71331644189351
NI02PPUBLST2023,RA_LIC_FASSCHG_PY,0.0
NI02PPUBLST2023,RA_LIC_CLO,-88.05778642227837
NI02PPUBLST2024,PVFC_LIC_UNWIND,0.0
NI02PPUBLST2024,PVFC_LIC_EXP_CLAIM_CF_CY,0.0
NI02PPUBLST2024,PVFC_LIC_EXP_ATTEXP_CY,0.0
NI02PPUBLST2024,PVFC_LIC_EXP_CLAIM_CF_PY,0.0
NI02PPUBLST2024,PVFC_LIC_EXP_ATTEXP_PY,0.0
NI02PPUBLST2024,RA_LIC_OP,0.0
NI02PPUBLST2024,RA_LIC_UNWIND,0.0
NI02PPUBLST2024,RA_LIC_INCLAIM,0.0
NI02PPUBLST2024,RA_LIC_RELEASE_PY,0.0
NI02PPUBLST2024,RA_LIC_DEREC,0.0
NI02PPUBLST2024,RA_LIC_TASSCHG_PY,0.0
NI02PPUBLST2024,RA_LIC_FASSCHG_PY,0.0
NI02PPUBLST2024,RA_LIC_CLO,0.0
NI02PPUBLST2012,RA_LIC_RELEASE_CY,0.0
NI02PPUBLST2013,RA_LIC_RELEASE_CY,0.0
NI02PPUBLST2014,RA_LIC_RELEASE_CY,0.0
NI02PPUBLST2015,RA_LIC_RELEASE_CY,0.0
NI02PPUBLST2016,RA_LIC_RELEASE_CY,0.0
NI02PPUBLST2017,RA_LIC_RELEASE_CY,0.0
NI02PPUBLST2018,RA_LIC_RELEASE_CY,0.0
NI02PPUBLST2019,RA_LIC_RELEASE_CY,0.0
NI02PPUBLST2020,RA_LIC_RELEASE_CY,0.0
NI02PPUBLST2021,RA_LIC_RELEASE_CY,0.0
NI02PPUBLST2022,RA_LIC_RELEASE_CY,0.0
NI02PPUBLST2023,RA_LIC_RELEASE_CY,0.0
NI02PPUBLST2024,RA_LIC_RELEASE_CY,0.0
NI02PPUBLST2012,RA_LIC_FEXPVAR_CY,0.0
NI02PPUBLST2013,RA_LIC_FEXPVAR_CY,0.0
NI02PPUBLST2014,RA_LIC_FEXPVAR_CY,0.0
NI02PPUBLST2015,RA_LIC_FEXPVAR_CY,0.0
NI02PPUBLST2016,RA_LIC_FEXPVAR_CY,0.0
NI02PPUBLST2017,RA_LIC_FEXPVAR_CY,0.0
NI02PPUBLST2018,RA_LIC_FEXPVAR_CY,0.0
NI02PPUBLST2019,RA_LIC_FEXPVAR_CY,0.0
NI02PPUBLST2020,RA_LIC_FEXPVAR_CY,0.0
NI02PPUBLST2021,RA_LIC_FEXPVAR_CY,0.0
NI02PPUBLST2022,RA_LIC_FEXPVAR_CY,0.0
NI02PPUBLST2023,RA_LIC_FEXPVAR_CY,0.0
NI02PPUBLST2024,RA_LIC_FEXPVAR_CY,0.0
NI02PPUBLST2012,DA_LIC_OP,0.0
NI02PPUBLST2013,DA_LIC_OP,0.0
NI02PPUBLST2014,DA_LIC_OP,0.0
NI02PPUBLST2015,DA_LIC_OP,0.0
NI02PPUBLST2016,DA_LIC_OP,0.0
NI02PPUBLST2017,DA_LIC_OP,0.0
NI02PPUBLST2018,DA_LIC_OP,0.0
NI02PPUBLST2019,DA_LIC_OP,0.0
NI02PPUBLST2020,DA_LIC_OP,0.0
NI02PPUBLST2021,DA_LIC_OP,0.0
NI02PPUBLST2022,DA_LIC_OP,10.694404080629786
NI02PPUBLST2023,DA_LIC_OP,0.0
NI02PPUBLST2024,DA_LIC_OP,0.0
NI02PPUBLST2012,DA_LIC_INCLAIM_INCEXP,0.0
NI02PPUBLST2013,DA_LIC_INCLAIM_INCEXP,0.0
NI02PPUBLST2014,DA_LIC_INCLAIM_INCEXP,0.0
NI02PPUBLST2015,DA_LIC_INCLAIM_INCEXP,0.0
NI02PPUBLST2016,DA_LIC_INCLAIM_INCEXP,0.0
NI02PPUBLST2017,DA_LIC_INCLAIM_INCEXP,0.0
NI02PPUBLST2018,DA_LIC_INCLAIM_INCEXP,0.0
NI02PPUBLST2019,DA_LIC_INCLAIM_INCEXP,0.0
NI02PPUBLST2020,DA_LIC_INCLAIM_INCEXP,0.0
NI02PPUBLST2021,DA_LIC_INCLAIM_INCEXP,0.0
NI02PPUBLST2022,DA_LIC_INCLAIM_INCEXP,0.0
NI02PPUBLST2023,DA_LIC_INCLAIM_INCEXP,0.0
NI02PPUBLST2024,DA_LIC_INCLAIM_INCEXP,0.0
NI02PPUBLST2012,DA_LIC_CHG,0.0
NI02PPUBLST2013,DA_LIC_CHG,0.0
NI02PPUBLST2014,DA_LIC_CHG,0.0
NI02PPUBLST2015,DA_LIC_CHG,0.0
NI02PPUBLST2016,DA_LIC_CHG,0.0
NI02PPUBLST2017,DA_LIC_CHG,0.0
NI02PPUBLST2018,DA_LIC_CHG,0.0
NI02PPUBLST2019,DA_LIC_CHG,0.0
NI02PPUBLST2020,DA_LIC_CHG,0.0
NI02PPUBLST2021,DA_LIC_CHG,0.0
NI02PPUBLST2022,DA_LIC_CHG,-10.694404080629786
NI02PPUBLST2023,DA_LIC_CHG,0.0
NI02PPUBLST2024,DA_LIC_CHG,0.0
NI02PPUBLST2012,DA_LIC_CLO,0.0
NI02PPUBLST2013,DA_LIC_CLO,0.0
NI02PPUBLST2014,DA_LIC_CLO,0.0
NI02PPUBLST2015,DA_LIC_CLO,0.0
NI02PPUBLST2016,DA_LIC_CLO,0.0
NI02PPUBLST2017,DA_LIC_CLO,0.0
NI02PPUBLST2018,DA_LIC_CLO,0.0
NI02PPUBLST2019,DA_LIC_CLO,0.0
NI02PPUBLST2020,DA_LIC_CLO,0.0
NI02PPUBLST2021,DA_LIC_CLO,0.0
NI02PPUBLST2022,DA_LIC_CLO,0.0
NI02PPUBLST2023,DA_LIC_CLO,0.0
NI02PPUBLST2024,DA_LIC_CLO,0.0
