GOC_ID,VARIABLE_NAME,1
NI01PCBCHLT2022,ACTUARIAL_ACTUAL_CLAIMS_CF_CY,0.0
NI01PCBCHLT2022,ACTUARIAL_ACTUAL_CLAIMS_CF_PY,0.0
NI01PCBCHLT2022,ACTUARIAL_ACTUAL_EXPENSE_CF_PY,0.0
NI01PCBCHLT2022,ACTUARIAL_ACTUAL_EXPENSE_CLHANDL_CF_CY,0.0
NI01PCBCHLT2022,ACTUARIAL_ACTUAL_EXPENSE_NCLHANDL_CF_CY,0.0
NI01PCBCHLT2022,INVESTMENT_INCOME_OCI,0.0
NI01PCBCHLT2022,INVESTMENT_INCOME_PNL,0.0
NI01PCBCHLT2022,NON_ATTRIBUTABLE_EXPENSE,0.0
NI01PCBCHLT2023,ACTUARIAL_ACTUAL_CLAIMS_CF_CY,0.0
NI01PCBCHLT2023,ACTUARIAL_ACTUAL_CLAIMS_CF_PY,-5686.106093777591
NI01PCBCHLT2023,ACTUARIAL_ACTUAL_EXPENSE_CF_PY,0.0
NI01PCBCHLT2023,ACTUARIAL_ACTUAL_EXPENSE_CLHANDL_CF_CY,0.0
NI01PCBCHLT2023,ACTUARIAL_ACTUAL_EXPENSE_NCLHANDL_CF_CY,0.0
NI01PCBCHLT2023,INVESTMENT_INCOME_OCI,0.0
NI01PCBCHLT2023,INVESTMENT_INCOME_PNL,0.0
NI01PCBCHLT2023,NON_ATTRIBUTABLE_EXPENSE,0.0
NI01PCBCHLT2024,ACTUARIAL_ACTUAL_CLAIMS_CF_CY,-5507.464366809168
NI01PCBCHLT2024,ACTUARIAL_ACTUAL_CLAIMS_CF_PY,0.0
NI01PCBCHLT2024,ACTUARIAL_ACTUAL_EXPENSE_CF_PY,0.0
NI01PCBCHLT2024,ACTUARIAL_ACTUAL_EXPENSE_CLHANDL_CF_CY,0.0
NI01PCBCHLT2024,ACTUARIAL_ACTUAL_EXPENSE_NCLHANDL_CF_CY,0.0
NI01PCBCHLT2024,INVESTMENT_INCOME_OCI,0.0
NI01PCBCHLT2024,INVESTMENT_INCOME_PNL,0.0
NI01PCBCHLT2024,NON_ATTRIBUTABLE_EXPENSE,0.0
NI01PCBRHLT2022,ACTUARIAL_ACTUAL_CLAIMS_CF_CY,0.0
NI01PCBRHLT2022,ACTUARIAL_ACTUAL_CLAIMS_CF_PY,0.0
NI01PCBRHLT2022,ACTUARIAL_ACTUAL_EXPENSE_CF_PY,0.0
NI01PCBRHLT2022,ACTUARIAL_ACTUAL_EXPENSE_CLHANDL_CF_CY,0.0
NI01PCBRHLT2022,ACTUARIAL_ACTUAL_EXPENSE_NCLHANDL_CF_CY,0.0
NI01PCBRHLT2022,INVESTMENT_INCOME_OCI,0.0
NI01PCBRHLT2022,INVESTMENT_INCOME_PNL,0.0
NI01PCBRHLT2022,NON_ATTRIBUTABLE_EXPENSE,0.0
NI01PCBRHLT2023,ACTUARIAL_ACTUAL_CLAIMS_CF_CY,0.0
NI01PCBRHLT2023,ACTUARIAL_ACTUAL_CLAIMS_CF_PY,-316989.36790782335
NI01PCBRHLT2023,ACTUARIAL_ACTUAL_EXPENSE_CF_PY,0.0
NI01PCBRHLT2023,ACTUARIAL_ACTUAL_EXPENSE_CLHANDL_CF_CY,0.0
NI01PCBRHLT2023,ACTUARIAL_ACTUAL_EXPENSE_NCLHANDL_CF_CY,0.0
NI01PCBRHLT2023,INVESTMENT_INCOME_OCI,0.0
NI01PCBRHLT2023,INVESTMENT_INCOME_PNL,0.0
NI01PCBRHLT2023,NON_ATTRIBUTABLE_EXPENSE,0.0
NI01PCBRHLT2024,ACTUARIAL_ACTUAL_CLAIMS_CF_CY,-307030.43868987384
NI01PCBRHLT2024,ACTUARIAL_ACTUAL_CLAIMS_CF_PY,0.0
NI01PCBRHLT2024,ACTUARIAL_ACTUAL_EXPENSE_CF_PY,0.0
NI01PCBRHLT2024,ACTUARIAL_ACTUAL_EXPENSE_CLHANDL_CF_CY,0.0
NI01PCBRHLT2024,ACTUARIAL_ACTUAL_EXPENSE_NCLHANDL_CF_CY,0.0
NI01PCBRHLT2024,INVESTMENT_INCOME_OCI,0.0
NI01PCBRHLT2024,INVESTMENT_INCOME_PNL,0.0
NI01PCBRHLT2024,NON_ATTRIBUTABLE_EXPENSE,0.0
NI01PCECHLT2022,ACTUARIAL_ACTUAL_CLAIMS_CF_CY,0.0
NI01PCECHLT2022,ACTUARIAL_ACTUAL_CLAIMS_CF_PY,0.0
NI01PCECHLT2022,ACTUARIAL_ACTUAL_EXPENSE_CF_PY,0.0
NI01PCECHLT2022,ACTUARIAL_ACTUAL_EXPENSE_CLHANDL_CF_CY,0.0
NI01PCECHLT2022,ACTUARIAL_ACTUAL_EXPENSE_NCLHANDL_CF_CY,0.0
NI01PCECHLT2022,INVESTMENT_INCOME_OCI,0.0
NI01PCECHLT2022,INVESTMENT_INCOME_PNL,0.0
NI01PCECHLT2022,NON_ATTRIBUTABLE_EXPENSE,0.0
NI01PCECHLT2023,ACTUARIAL_ACTUAL_CLAIMS_CF_CY,0.0
NI01PCECHLT2023,ACTUARIAL_ACTUAL_CLAIMS_CF_PY,-3814.817205269803
NI01PCECHLT2023,ACTUARIAL_ACTUAL_EXPENSE_CF_PY,0.0
NI01PCECHLT2023,ACTUARIAL_ACTUAL_EXPENSE_CLHANDL_CF_CY,0.0
NI01PCECHLT2023,ACTUARIAL_ACTUAL_EXPENSE_NCLHANDL_CF_CY,0.0
NI01PCECHLT2023,INVESTMENT_INCOME_OCI,0.0
NI01PCECHLT2023,INVESTMENT_INCOME_PNL,0.0
NI01PCECHLT2023,NON_ATTRIBUTABLE_EXPENSE,0.0
NI01PCECHLT2024,ACTUARIAL_ACTUAL_CLAIMS_CF_CY,-3694.96619961164
NI01PCECHLT2024,ACTUARIAL_ACTUAL_CLAIMS_CF_PY,0.0
NI01PCECHLT2024,ACTUARIAL_ACTUAL_EXPENSE_CF_PY,0.0
NI01PCECHLT2024,ACTUARIAL_ACTUAL_EXPENSE_CLHANDL_CF_CY,0.0
NI01PCECHLT2024,ACTUARIAL_ACTUAL_EXPENSE_NCLHANDL_CF_CY,0.0
NI01PCECHLT2024,INVESTMENT_INCOME_OCI,0.0
NI01PCECHLT2024,INVESTMENT_INCOME_PNL,0.0
NI01PCECHLT2024,NON_ATTRIBUTABLE_EXPENSE,0.0
NI01PCGOHLT2022,ACTUARIAL_ACTUAL_CLAIMS_CF_CY,0.0
NI01PCGOHLT2022,ACTUARIAL_ACTUAL_CLAIMS_CF_PY,0.0
NI01PCGOHLT2022,ACTUARIAL_ACTUAL_EXPENSE_CF_PY,0.0
NI01PCGOHLT2022,ACTUARIAL_ACTUAL_EXPENSE_CLHANDL_CF_CY,0.0
NI01PCGOHLT2022,ACTUARIAL_ACTUAL_EXPENSE_NCLHANDL_CF_CY,0.0
NI01PCGOHLT2022,INVESTMENT_INCOME_OCI,0.0
NI01PCGOHLT2022,INVESTMENT_INCOME_PNL,0.0
NI01PCGOHLT2022,NON_ATTRIBUTABLE_EXPENSE,0.0
NI01PCGOHLT2023,ACTUARIAL_ACTUAL_CLAIMS_CF_CY,0.0
NI01PCGOHLT2023,ACTUARIAL_ACTUAL_CLAIMS_CF_PY,-1448023.8076134555
NI01PCGOHLT2023,ACTUARIAL_ACTUAL_EXPENSE_CF_PY,0.0
NI01PCGOHLT2023,ACTUARIAL_ACTUAL_EXPENSE_CLHANDL_CF_CY,0.0
NI01PCGOHLT2023,ACTUARIAL_ACTUAL_EXPENSE_NCLHANDL_CF_CY,0.0
NI01PCGOHLT2023,INVESTMENT_INCOME_OCI,0.0
NI01PCGOHLT2023,INVESTMENT_INCOME_PNL,0.0
NI01PCGOHLT2023,NON_ATTRIBUTABLE_EXPENSE,0.0
NI01PCGOHLT2024,ACTUARIAL_ACTUAL_CLAIMS_CF_CY,-1402530.9044883212
NI01PCGOHLT2024,ACTUARIAL_ACTUAL_CLAIMS_CF_PY,0.0
NI01PCGOHLT2024,ACTUARIAL_ACTUAL_EXPENSE_CF_PY,0.0
NI01PCGOHLT2024,ACTUARIAL_ACTUAL_EXPENSE_CLHANDL_CF_CY,0.0
NI01PCGOHLT2024,ACTUARIAL_ACTUAL_EXPENSE_NCLHANDL_CF_CY,0.0
NI01PCGOHLT2024,INVESTMENT_INCOME_OCI,0.0
NI01PCGOHLT2024,INVESTMENT_INCOME_PNL,0.0
NI01PCGOHLT2024,NON_ATTRIBUTABLE_EXPENSE,0.0
NI01PCPLHLT2022,ACTUARIAL_ACTUAL_CLAIMS_CF_CY,0.0
NI01PCPLHLT2022,ACTUARIAL_ACTUAL_CLAIMS_CF_PY,0.0
NI01PCPLHLT2022,ACTUARIAL_ACTUAL_EXPENSE_CF_PY,0.0
NI01PCPLHLT2022,ACTUARIAL_ACTUAL_EXPENSE_CLHANDL_CF_CY,0.0
NI01PCPLHLT2022,ACTUARIAL_ACTUAL_EXPENSE_NCLHANDL_CF_CY,0.0
NI01PCPLHLT2022,INVESTMENT_INCOME_OCI,0.0
NI01PCPLHLT2022,INVESTMENT_INCOME_PNL,0.0
NI01PCPLHLT2022,NON_ATTRIBUTABLE_EXPENSE,0.0
NI01PCPLHLT2023,ACTUARIAL_ACTUAL_CLAIMS_CF_CY,0.0
NI01PCPLHLT2023,ACTUARIAL_ACTUAL_CLAIMS_CF_PY,-1179184.9164164446
NI01PCPLHLT2023,ACTUARIAL_ACTUAL_EXPENSE_CF_PY,0.0
NI01PCPLHLT2023,ACTUARIAL_ACTUAL_EXPENSE_CLHANDL_CF_CY,0.0
NI01PCPLHLT2023,ACTUARIAL_ACTUAL_EXPENSE_NCLHANDL_CF_CY,0.0
NI01PCPLHLT2023,INVESTMENT_INCOME_OCI,0.0
NI01PCPLHLT2023,INVESTMENT_INCOME_PNL,0.0
NI01PCPLHLT2023,NON_ATTRIBUTABLE_EXPENSE,0.0
NI01PCPLHLT2024,ACTUARIAL_ACTUAL_CLAIMS_CF_CY,-1142138.1877044584
NI01PCPLHLT2024,ACTUARIAL_ACTUAL_CLAIMS_CF_PY,0.0
NI01PCPLHLT2024,ACTUARIAL_ACTUAL_EXPENSE_CF_PY,0.0
NI01PCPLHLT2024,ACTUARIAL_ACTUAL_EXPENSE_CLHANDL_CF_CY,0.0
NI01PCPLHLT2024,ACTUARIAL_ACTUAL_EXPENSE_NCLHANDL_CF_CY,0.0
NI01PCPLHLT2024,INVESTMENT_INCOME_OCI,0.0
NI01PCPLHLT2024,INVESTMENT_INCOME_PNL,0.0
NI01PCPLHLT2024,NON_ATTRIBUTABLE_EXPENSE,0.0
NI01PCSIHLT2022,ACTUARIAL_ACTUAL_CLAIMS_CF_CY,0.0
NI01PCSIHLT2022,ACTUARIAL_ACTUAL_CLAIMS_CF_PY,0.0
NI01PCSIHLT2022,ACTUARIAL_ACTUAL_EXPENSE_CF_PY,0.0
NI01PCSIHLT2022,ACTUARIAL_ACTUAL_EXPENSE_CLHANDL_CF_CY,0.0
NI01PCSIHLT2022,ACTUARIAL_ACTUAL_EXPENSE_NCLHANDL_CF_CY,0.0
NI01PCSIHLT2022,INVESTMENT_INCOME_OCI,0.0
NI01PCSIHLT2022,INVESTMENT_INCOME_PNL,0.0
NI01PCSIHLT2022,NON_ATTRIBUTABLE_EXPENSE,0.0
NI01PCSIHLT2023,ACTUARIAL_ACTUAL_CLAIMS_CF_CY,0.0
NI01PCSIHLT2023,ACTUARIAL_ACTUAL_CLAIMS_CF_PY,-546974.954296179
NI01PCSIHLT2023,ACTUARIAL_ACTUAL_EXPENSE_CF_PY,0.0
NI01PCSIHLT2023,ACTUARIAL_ACTUAL_EXPENSE_CLHANDL_CF_CY,0.0
NI01PCSIHLT2023,ACTUARIAL_ACTUAL_EXPENSE_NCLHANDL_CF_CY,0.0
NI01PCSIHLT2023,INVESTMENT_INCOME_OCI,0.0
NI01PCSIHLT2023,INVESTMENT_INCOME_PNL,0.0
NI01PCSIHLT2023,NON_ATTRIBUTABLE_EXPENSE,0.0
NI01PCSIHLT2024,ACTUARIAL_ACTUAL_CLAIMS_CF_CY,-529790.5140426157
NI01PCSIHLT2024,ACTUARIAL_ACTUAL_CLAIMS_CF_PY,0.0
NI01PCSIHLT2024,ACTUARIAL_ACTUAL_EXPENSE_CF_PY,0.0
NI01PCSIHLT2024,ACTUARIAL_ACTUAL_EXPENSE_CLHANDL_CF_CY,0.0
NI01PCSIHLT2024,ACTUARIAL_ACTUAL_EXPENSE_NCLHANDL_CF_CY,0.0
NI01PCSIHLT2024,INVESTMENT_INCOME_OCI,0.0
NI01PCSIHLT2024,INVESTMENT_INCOME_PNL,0.0
NI01PCSIHLT2024,NON_ATTRIBUTABLE_EXPENSE,0.0
NI01PIMEHLT2022,ACTUARIAL_ACTUAL_CLAIMS_CF_CY,0.0
NI01PIMEHLT2022,ACTUARIAL_ACTUAL_CLAIMS_CF_PY,0.0
NI01PIMEHLT2022,ACTUARIAL_ACTUAL_EXPENSE_CF_PY,0.0
NI01PIMEHLT2022,ACTUARIAL_ACTUAL_EXPENSE_CLHANDL_CF_CY,0.0
NI01PIMEHLT2022,ACTUARIAL_ACTUAL_EXPENSE_NCLHANDL_CF_CY,0.0
NI01PIMEHLT2022,INVESTMENT_INCOME_OCI,0.0
NI01PIMEHLT2022,INVESTMENT_INCOME_PNL,0.0
NI01PIMEHLT2022,NON_ATTRIBUTABLE_EXPENSE,0.0
NI01PIMEHLT2023,ACTUARIAL_ACTUAL_CLAIMS_CF_CY,0.0
NI01PIMEHLT2023,ACTUARIAL_ACTUAL_CLAIMS_CF_PY,-82280.33224672492
NI01PIMEHLT2023,ACTUARIAL_ACTUAL_EXPENSE_CF_PY,0.0
NI01PIMEHLT2023,ACTUARIAL_ACTUAL_EXPENSE_CLHANDL_CF_CY,0.0
NI01PIMEHLT2023,ACTUARIAL_ACTUAL_EXPENSE_NCLHANDL_CF_CY,0.0
NI01PIMEHLT2023,INVESTMENT_INCOME_OCI,0.0
NI01PIMEHLT2023,INVESTMENT_INCOME_PNL,0.0
NI01PIMEHLT2023,NON_ATTRIBUTABLE_EXPENSE,0.0
NI01PIMEHLT2024,ACTUARIAL_ACTUAL_CLAIMS_CF_CY,-79695.31177653432
NI01PIMEHLT2024,ACTUARIAL_ACTUAL_CLAIMS_CF_PY,0.0
NI01PIMEHLT2024,ACTUARIAL_ACTUAL_EXPENSE_CF_PY,0.0
NI01PIMEHLT2024,ACTUARIAL_ACTUAL_EXPENSE_CLHANDL_CF_CY,0.0
NI01PIMEHLT2024,ACTUARIAL_ACTUAL_EXPENSE_NCLHANDL_CF_CY,0.0
NI01PIMEHLT2024,INVESTMENT_INCOME_OCI,0.0
NI01PIMEHLT2024,INVESTMENT_INCOME_PNL,0.0
NI01PIMEHLT2024,NON_ATTRIBUTABLE_EXPENSE,0.0
NI01PPBRHLT2022,ACTUARIAL_ACTUAL_CLAIMS_CF_CY,0.0
NI01PPBRHLT2022,ACTUARIAL_ACTUAL_CLAIMS_CF_PY,0.0
NI01PPBRHLT2022,ACTUARIAL_ACTUAL_EXPENSE_CF_PY,0.0
NI01PPBRHLT2022,ACTUARIAL_ACTUAL_EXPENSE_CLHANDL_CF_CY,0.0
NI01PPBRHLT2022,ACTUARIAL_ACTUAL_EXPENSE_NCLHANDL_CF_CY,0.0
NI01PPBRHLT2022,INVESTMENT_INCOME_OCI,0.0
NI01PPBRHLT2022,INVESTMENT_INCOME_PNL,0.0
NI01PPBRHLT2022,NON_ATTRIBUTABLE_EXPENSE,0.0
NI01PPBRHLT2023,ACTUARIAL_ACTUAL_CLAIMS_CF_CY,0.0
NI01PPBRHLT2023,ACTUARIAL_ACTUAL_CLAIMS_CF_PY,-9614.281385296033
NI01PPBRHLT2023,ACTUARIAL_ACTUAL_EXPENSE_CF_PY,0.0
NI01PPBRHLT2023,ACTUARIAL_ACTUAL_EXPENSE_CLHANDL_CF_CY,0.0
NI01PPBRHLT2023,ACTUARIAL_ACTUAL_EXPENSE_NCLHANDL_CF_CY,0.0
NI01PPBRHLT2023,INVESTMENT_INCOME_OCI,0.0
NI01PPBRHLT2023,INVESTMENT_INCOME_PNL,0.0
NI01PPBRHLT2023,NON_ATTRIBUTABLE_EXPENSE,0.0
NI01PPBRHLT2024,ACTUARIAL_ACTUAL_CLAIMS_CF_CY,-9312.227255122634
NI01PPBRHLT2024,ACTUARIAL_ACTUAL_CLAIMS_CF_PY,0.0
NI01PPBRHLT2024,ACTUARIAL_ACTUAL_EXPENSE_CF_PY,0.0
NI01PPBRHLT2024,ACTUARIAL_ACTUAL_EXPENSE_CLHANDL_CF_CY,0.0
NI01PPBRHLT2024,ACTUARIAL_ACTUAL_EXPENSE_NCLHANDL_CF_CY,0.0
NI01PPBRHLT2024,INVESTMENT_INCOME_OCI,0.0
NI01PPBRHLT2024,INVESTMENT_INCOME_PNL,0.0
NI01PPBRHLT2024,NON_ATTRIBUTABLE_EXPENSE,0.0
NI01PPGOHLT2022,ACTUARIAL_ACTUAL_CLAIMS_CF_CY,0.0
NI01PPGOHLT2022,ACTUARIAL_ACTUAL_CLAIMS_CF_PY,0.0
NI01PPGOHLT2022,ACTUARIAL_ACTUAL_EXPENSE_CF_PY,0.0
NI01PPGOHLT2022,ACTUARIAL_ACTUAL_EXPENSE_CLHANDL_CF_CY,0.0
NI01PPGOHLT2022,ACTUARIAL_ACTUAL_EXPENSE_NCLHANDL_CF_CY,0.0
NI01PPGOHLT2022,INVESTMENT_INCOME_OCI,0.0
NI01PPGOHLT2022,INVESTMENT_INCOME_PNL,0.0
NI01PPGOHLT2022,NON_ATTRIBUTABLE_EXPENSE,0.0
NI01PPGOHLT2023,ACTUARIAL_ACTUAL_CLAIMS_CF_CY,0.0
NI01PPGOHLT2023,ACTUARIAL_ACTUAL_CLAIMS_CF_PY,-34861.76630005397
NI01PPGOHLT2023,ACTUARIAL_ACTUAL_EXPENSE_CF_PY,0.0
NI01PPGOHLT2023,ACTUARIAL_ACTUAL_EXPENSE_CLHANDL_CF_CY,0.0
NI01PPGOHLT2023,ACTUARIAL_ACTUAL_EXPENSE_NCLHANDL_CF_CY,0.0
NI01PPGOHLT2023,INVESTMENT_INCOME_OCI,0.0
NI01PPGOHLT2023,INVESTMENT_INCOME_PNL,0.0
NI01PPGOHLT2023,NON_ATTRIBUTABLE_EXPENSE,0.0
NI01PPGOHLT2024,ACTUARIAL_ACTUAL_CLAIMS_CF_CY,-33766.506022756934
NI01PPGOHLT2024,ACTUARIAL_ACTUAL_CLAIMS_CF_PY,0.0
NI01PPGOHLT2024,ACTUARIAL_ACTUAL_EXPENSE_CF_PY,0.0
NI01PPGOHLT2024,ACTUARIAL_ACTUAL_EXPENSE_CLHANDL_CF_CY,0.0
NI01PPGOHLT2024,ACTUARIAL_ACTUAL_EXPENSE_NCLHANDL_CF_CY,0.0
NI01PPGOHLT2024,INVESTMENT_INCOME_OCI,0.0
NI01PPGOHLT2024,INVESTMENT_INCOME_PNL,0.0
NI01PPGOHLT2024,NON_ATTRIBUTABLE_EXPENSE,0.0
NI01PPPLHLT2022,ACTUARIAL_ACTUAL_CLAIMS_CF_CY,0.0
NI01PPPLHLT2022,ACTUARIAL_ACTUAL_CLAIMS_CF_PY,0.0
NI01PPPLHLT2022,ACTUARIAL_ACTUAL_EXPENSE_CF_PY,0.0
NI01PPPLHLT2022,ACTUARIAL_ACTUAL_EXPENSE_CLHANDL_CF_CY,0.0
NI01PPPLHLT2022,ACTUARIAL_ACTUAL_EXPENSE_NCLHANDL_CF_CY,0.0
NI01PPPLHLT2022,INVESTMENT_INCOME_OCI,0.0
NI01PPPLHLT2022,INVESTMENT_INCOME_PNL,0.0
NI01PPPLHLT2022,NON_ATTRIBUTABLE_EXPENSE,0.0
NI01PPPLHLT2023,ACTUARIAL_ACTUAL_CLAIMS_CF_CY,0.0
NI01PPPLHLT2023,ACTUARIAL_ACTUAL_CLAIMS_CF_PY,-22365.893108002212
NI01PPPLHLT2023,ACTUARIAL_ACTUAL_EXPENSE_CF_PY,0.0
NI01PPPLHLT2023,ACTUARIAL_ACTUAL_EXPENSE_CLHANDL_CF_CY,0.0
NI01PPPLHLT2023,ACTUARIAL_ACTUAL_EXPENSE_NCLHANDL_CF_CY,0.0
NI01PPPLHLT2023,INVESTMENT_INCOME_OCI,0.0
NI01PPPLHLT2023,INVESTMENT_INCOME_PNL,0.0
NI01PPPLHLT2023,NON_ATTRIBUTABLE_EXPENSE,0.0
NI01PPPLHLT2024,ACTUARIAL_ACTUAL_CLAIMS_CF_CY,-21663.218605608214
NI01PPPLHLT2024,ACTUARIAL_ACTUAL_CLAIMS_CF_PY,0.0
NI01PPPLHLT2024,ACTUARIAL_ACTUAL_EXPENSE_CF_PY,0.0
NI01PPPLHLT2024,ACTUARIAL_ACTUAL_EXPENSE_CLHANDL_CF_CY,0.0
NI01PPPLHLT2024,ACTUARIAL_ACTUAL_EXPENSE_NCLHANDL_CF_CY,0.0
NI01PPPLHLT2024,INVESTMENT_INCOME_OCI,0.0
NI01PPPLHLT2024,INVESTMENT_INCOME_PNL,0.0
NI01PPPLHLT2024,NON_ATTRIBUTABLE_EXPENSE,0.0
NI01PPSIHLT2022,ACTUARIAL_ACTUAL_CLAIMS_CF_CY,0.0
NI01PPSIHLT2022,ACTUARIAL_ACTUAL_CLAIMS_CF_PY,0.0
NI01PPSIHLT2022,ACTUARIAL_ACTUAL_EXPENSE_CF_PY,0.0
NI01PPSIHLT2022,ACTUARIAL_ACTUAL_EXPENSE_CLHANDL_CF_CY,0.0
NI01PPSIHLT2022,ACTUARIAL_ACTUAL_EXPENSE_NCLHANDL_CF_CY,0.0
NI01PPSIHLT2022,INVESTMENT_INCOME_OCI,0.0
NI01PPSIHLT2022,INVESTMENT_INCOME_PNL,0.0
NI01PPSIHLT2022,NON_ATTRIBUTABLE_EXPENSE,0.0
NI01PPSIHLT2023,ACTUARIAL_ACTUAL_CLAIMS_CF_CY,0.0
NI01PPSIHLT2023,ACTUARIAL_ACTUAL_CLAIMS_CF_PY,-18644.626943479114
NI01PPSIHLT2023,ACTUARIAL_ACTUAL_EXPENSE_CF_PY,0.0
NI01PPSIHLT2023,ACTUARIAL_ACTUAL_EXPENSE_CLHANDL_CF_CY,0.0
NI01PPSIHLT2023,ACTUARIAL_ACTUAL_EXPENSE_NCLHANDL_CF_CY,0.0
NI01PPSIHLT2023,INVESTMENT_INCOME_OCI,0.0
NI01PPSIHLT2023,INVESTMENT_INCOME_PNL,0.0
NI01PPSIHLT2023,NON_ATTRIBUTABLE_EXPENSE,0.0
NI01PPSIHLT2024,ACTUARIAL_ACTUAL_CLAIMS_CF_CY,-18058.864331784276
NI01PPSIHLT2024,ACTUARIAL_ACTUAL_CLAIMS_CF_PY,0.0
NI01PPSIHLT2024,ACTUARIAL_ACTUAL_EXPENSE_CF_PY,0.0
NI01PPSIHLT2024,ACTUARIAL_ACTUAL_EXPENSE_CLHANDL_CF_CY,0.0
NI01PPSIHLT2024,ACTUARIAL_ACTUAL_EXPENSE_NCLHANDL_CF_CY,0.0
NI01PPSIHLT2024,INVESTMENT_INCOME_OCI,0.0
NI01PPSIHLT2024,INVESTMENT_INCOME_PNL,0.0
NI01PPSIHLT2024,NON_ATTRIBUTABLE_EXPENSE,0.0
NI01PAMIHQS2022,ACTUARIAL_ACTUAL_CLAIMS_CF_CY,0.0
NI01PAMIHQS2022,ACTUARIAL_ACTUAL_CLAIMS_CF_PY,0.0
NI01PAMIHQS2022,ACTUARIAL_ACTUAL_EXPENSE_CF_PY,0.0
NI01PAMIHQS2022,ACTUARIAL_ACTUAL_EXPENSE_CLHANDL_CF_CY,0.0
NI01PAMIHQS2022,ACTUARIAL_ACTUAL_EXPENSE_NCLHANDL_CF_CY,0.0
NI01PAMIHQS2022,INVESTMENT_INCOME_OCI,0.0
NI01PAMIHQS2022,INVESTMENT_INCOME_PNL,0.0
NI01PAMIHQS2022,NON_ATTRIBUTABLE_EXPENSE,0.0
NI01PAMIHQS2023,ACTUARIAL_ACTUAL_CLAIMS_CF_CY,0.0
NI01PAMIHQS2023,ACTUARIAL_ACTUAL_CLAIMS_CF_PY,-4530.970434707939
NI01PAMIHQS2023,ACTUARIAL_ACTUAL_EXPENSE_CF_PY,0.0
NI01PAMIHQS2023,ACTUARIAL_ACTUAL_EXPENSE_CLHANDL_CF_CY,0.0
NI01PAMIHQS2023,ACTUARIAL_ACTUAL_EXPENSE_NCLHANDL_CF_CY,0.0
NI01PAMIHQS2023,INVESTMENT_INCOME_OCI,0.0
NI01PAMIHQS2023,INVESTMENT_INCOME_PNL,0.0
NI01PAMIHQS2023,NON_ATTRIBUTABLE_EXPENSE,0.0
NI01PAMIHQS2024,ACTUARIAL_ACTUAL_CLAIMS_CF_CY,0.0
NI01PAMIHQS2024,ACTUARIAL_ACTUAL_CLAIMS_CF_PY,0.0
NI01PAMIHQS2024,ACTUARIAL_ACTUAL_EXPENSE_CF_PY,0.0
NI01PAMIHQS2024,ACTUARIAL_ACTUAL_EXPENSE_CLHANDL_CF_CY,0.0
NI01PAMIHQS2024,ACTUARIAL_ACTUAL_EXPENSE_NCLHANDL_CF_CY,0.0
NI01PAMIHQS2024,INVESTMENT_INCOME_OCI,0.0
NI01PAMIHQS2024,INVESTMENT_INCOME_PNL,0.0
NI01PAMIHQS2024,NON_ATTRIBUTABLE_EXPENSE,0.0
NI01PIMEDQS2022,ACTUARIAL_ACTUAL_CLAIMS_CF_CY,0.0
NI01PIMEDQS2022,ACTUARIAL_ACTUAL_CLAIMS_CF_PY,0.0
NI01PIMEDQS2022,ACTUARIAL_ACTUAL_EXPENSE_CF_PY,0.0
NI01PIMEDQS2022,ACTUARIAL_ACTUAL_EXPENSE_CLHANDL_CF_CY,0.0
NI01PIMEDQS2022,ACTUARIAL_ACTUAL_EXPENSE_NCLHANDL_CF_CY,0.0
NI01PIMEDQS2022,INVESTMENT_INCOME_OCI,0.0
NI01PIMEDQS2022,INVESTMENT_INCOME_PNL,0.0
NI01PIMEDQS2022,NON_ATTRIBUTABLE_EXPENSE,0.0
NI01PIMEDQS2023,ACTUARIAL_ACTUAL_CLAIMS_CF_CY,0.0
NI01PIMEDQS2023,ACTUARIAL_ACTUAL_CLAIMS_CF_PY,445.573
NI01PIMEDQS2023,ACTUARIAL_ACTUAL_EXPENSE_CF_PY,0.0
NI01PIMEDQS2023,ACTUARIAL_ACTUAL_EXPENSE_CLHANDL_CF_CY,0.0
NI01PIMEDQS2023,ACTUARIAL_ACTUAL_EXPENSE_NCLHANDL_CF_CY,0.0
NI01PIMEDQS2023,INVESTMENT_INCOME_OCI,0.0
NI01PIMEDQS2023,INVESTMENT_INCOME_PNL,0.0
NI01PIMEDQS2023,NON_ATTRIBUTABLE_EXPENSE,0.0
NI01PIMEDQS2024,ACTUARIAL_ACTUAL_CLAIMS_CF_CY,0.0
NI01PIMEDQS2024,ACTUARIAL_ACTUAL_CLAIMS_CF_PY,0.0
NI01PIMEDQS2024,ACTUARIAL_ACTUAL_EXPENSE_CF_PY,0.0
NI01PIMEDQS2024,ACTUARIAL_ACTUAL_EXPENSE_CLHANDL_CF_CY,0.0
NI01PIMEDQS2024,ACTUARIAL_ACTUAL_EXPENSE_NCLHANDL_CF_CY,0.0
NI01PIMEDQS2024,INVESTMENT_INCOME_OCI,0.0
NI01PIMEDQS2024,INVESTMENT_INCOME_PNL,0.0
NI01PIMEDQS2024,NON_ATTRIBUTABLE_EXPENSE,0.0
