GOC_ID,STEP_ID,1
NI01PCBCHLT2022,PVFC_LIC_UNWIND,0.0
NI01PCBCHLT2022,PVFC_LIC_EXP_CLAIM_CF_CY,0.0
NI01PCBCHLT2022,PVFC_LIC_EXP_ATTEXP_CY,0.0
NI01PCBCHLT2022,PVFC_LIC_EXP_CLAIM_CF_PY,-5148.962194199048
NI01PCBCHLT2022,PVFC_LIC_EXP_ATTEXP_PY,0.0
NI01PCBCHLT2022,RA_LIC_OP,147.46126450363624
NI01PCBCHLT2022,RA_LIC_UNWIND,2.8196712140143365
NI01PCBCHLT2022,RA_LIC_INCLAIM,686.8522090788933
NI01PCBCHLT2022,RA_LIC_RELEASE_PY,-150.27255512763466
NI01PCBCHLT2022,RA_LIC_DEREC,0.0
NI01PCBCHLT2022,RA_LIC_TASSCHG_PY,118.20371884969123
NI01PCBCHLT2022,RA_LIC_FASSCHG_PY,0.0
NI01PCBCHLT2022,RA_LIC_CLO,805.0643085186005
NI01PCBCHLT2023,PVFC_LIC_UNWIND,0.0
NI01PCBCHLT2023,PVFC_LIC_EXP_CLAIM_CF_CY,0.0
NI01PCBCHLT2023,PVFC_LIC_EXP_ATTEXP_CY,0.0
NI01PCBCHLT2023,PVFC_LIC_EXP_CLAIM_CF_PY,-78832.10049276067
NI01PCBCHLT2023,PVFC_LIC_EXP_ATTEXP_PY,0.0
NI01PCBCHLT2023,RA_LIC_OP,2236.812329402227
NI01PCBCHLT2023,RA_LIC_UNWIND,42.77106504950855
NI01PCBCHLT2023,RA_LIC_INCLAIM,10418.732640848468
NI01PCBCHLT2023,RA_LIC_RELEASE_PY,-2279.4562708498975
NI01PCBCHLT2023,RA_LIC_DEREC,0.0
NI01PCBCHLT2023,RA_LIC_TASSCHG_PY,1793.0100938315493
NI01PCBCHLT2023,RA_LIC_FASSCHG_PY,0.0
NI01PCBCHLT2023,RA_LIC_CLO,12211.869858281854
NI01PCBCHLT2024,PVFC_LIC_UNWIND,0.0
NI01PCBCHLT2024,PVFC_LIC_EXP_CLAIM_CF_CY,0.0
NI01PCBCHLT2024,PVFC_LIC_EXP_ATTEXP_CY,0.0
NI01PCBCHLT2024,PVFC_LIC_EXP_CLAIM_CF_PY,0.0
NI01PCBCHLT2024,PVFC_LIC_EXP_ATTEXP_PY,0.0
NI01PCBCHLT2024,RA_LIC_OP,0.0
NI01PCBCHLT2024,RA_LIC_UNWIND,0.0
NI01PCBCHLT2024,RA_LIC_INCLAIM,0.0
NI01PCBCHLT2024,RA_LIC_RELEASE_PY,0.0
NI01PCBCHLT2024,RA_LIC_DEREC,0.0
NI01PCBCHLT2024,RA_LIC_TASSCHG_PY,0.0
NI01PCBCHLT2024,RA_LIC_FASSCHG_PY,0.0
NI01PCBCHLT2024,RA_LIC_CLO,0.0
NI01PCBCHLT2022,RA_LIC_RELEASE_CY,0.0
NI01PCBCHLT2023,RA_LIC_RELEASE_CY,0.0
NI01PCBCHLT2024,RA_LIC_RELEASE_CY,0.0
NI01PCBCHLT2022,RA_LIC_FEXPVAR_CY,0.0
NI01PCBCHLT2023,RA_LIC_FEXPVAR_CY,0.0
NI01PCBCHLT2024,RA_LIC_FEXPVAR_CY,0.0
NI01PCBCHLT2022,DA_LIC_OP,0.0
NI01PCBCHLT2023,DA_LIC_OP,0.0
NI01PCBCHLT2024,DA_LIC_OP,0.0
NI01PCBCHLT2022,DA_LIC_INCLAIM_INCEXP,0.0
NI01PCBCHLT2023,DA_LIC_INCLAIM_INCEXP,0.0
NI01PCBCHLT2024,DA_LIC_INCLAIM_INCEXP,0.0
NI01PCBCHLT2022,DA_LIC_CHG,0.0
NI01PCBCHLT2023,DA_LIC_CHG,0.0
NI01PCBCHLT2024,DA_LIC_CHG,0.0
NI01PCBCHLT2022,DA_LIC_CLO,0.0
NI01PCBCHLT2023,DA_LIC_CLO,0.0
NI01PCBCHLT2024,DA_LIC_CLO,0.0
NI01PCBRHLT2022,PVFC_LIC_UNWIND,0.0
NI01PCBRHLT2022,PVFC_LIC_EXP_CLAIM_CF_CY,0.0
NI01PCBRHLT2022,PVFC_LIC_EXP_ATTEXP_CY,0.0
NI01PCBRHLT2022,PVFC_LIC_EXP_CLAIM_CF_PY,-23440.892418794014
NI01PCBRHLT2022,PVFC_LIC_EXP_ATTEXP_PY,0.0
NI01PCBRHLT2022,RA_LIC_OP,670.0740982674747
NI01PCBRHLT2022,RA_LIC_UNWIND,12.89254787833535
NI01PCBRHLT2022,RA_LIC_INCLAIM,652.127955464031
NI01PCBRHLT2022,RA_LIC_RELEASE_PY,-679.6229303133123
NI01PCBRHLT2022,RA_LIC_DEREC,0.0
NI01PCBRHLT2022,RA_LIC_TASSCHG_PY,79.34562259399016
NI01PCBRHLT2022,RA_LIC_FASSCHG_PY,0.0
NI01PCBRHLT2022,RA_LIC_CLO,734.8172938905191
NI01PCBRHLT2023,PVFC_LIC_UNWIND,0.0
NI01PCBRHLT2023,PVFC_LIC_EXP_CLAIM_CF_CY,0.0
NI01PCBRHLT2023,PVFC_LIC_EXP_ATTEXP_CY,0.0
NI01PCBRHLT2023,PVFC_LIC_EXP_CLAIM_CF_PY,-383699.4762805608
NI01PCBRHLT2023,PVFC_LIC_EXP_ATTEXP_PY,0.0
NI01PCBRHLT2023,RA_LIC_OP,10943.754521000352
NI01PCBRHLT2023,RA_LIC_UNWIND,210.5630996565184
NI01PCBRHLT2023,RA_LIC_INCLAIM,10650.655322049808
NI01PCBRHLT2023,RA_LIC_RELEASE_PY,-11099.707532976343
NI01PCBRHLT2023,RA_LIC_DEREC,0.0
NI01PCBRHLT2023,RA_LIC_TASSCHG_PY,1295.8850643976855
NI01PCBRHLT2023,RA_LIC_FASSCHG_PY,0.0
NI01PCBRHLT2023,RA_LIC_CLO,12001.150474128022
NI01PCBRHLT2024,PVFC_LIC_UNWIND,0.0
NI01PCBRHLT2024,PVFC_LIC_EXP_CLAIM_CF_CY,0.0
NI01PCBRHLT2024,PVFC_LIC_EXP_ATTEXP_CY,0.0
NI01PCBRHLT2024,PVFC_LIC_EXP_CLAIM_CF_PY,0.0
NI01PCBRHLT2024,PVFC_LIC_EXP_ATTEXP_PY,0.0
NI01PCBRHLT2024,RA_LIC_OP,0.0
NI01PCBRHLT2024,RA_LIC_UNWIND,0.0
NI01PCBRHLT2024,RA_LIC_INCLAIM,0.0
NI01PCBRHLT2024,RA_LIC_RELEASE_PY,0.0
NI01PCBRHLT2024,RA_LIC_DEREC,0.0
NI01PCBRHLT2024,RA_LIC_TASSCHG_PY,0.0
NI01PCBRHLT2024,RA_LIC_FASSCHG_PY,0.0
NI01PCBRHLT2024,RA_LIC_CLO,0.0
NI01PCBRHLT2022,RA_LIC_RELEASE_CY,0.0
NI01PCBRHLT2023,RA_LIC_RELEASE_CY,0.0
NI01PCBRHLT2024,RA_LIC_RELEASE_CY,0.0
NI01PCBRHLT2022,RA_LIC_FEXPVAR_CY,0.0
NI01PCBRHLT2023,RA_LIC_FEXPVAR_CY,0.0
NI01PCBRHLT2024,RA_LIC_FEXPVAR_CY,0.0
NI01PCBRHLT2022,DA_LIC_OP,0.0
NI01PCBRHLT2023,DA_LIC_OP,0.0
NI01PCBRHLT2024,DA_LIC_OP,0.0
NI01PCBRHLT2022,DA_LIC_INCLAIM_INCEXP,0.0
NI01PCBRHLT2023,DA_LIC_INCLAIM_INCEXP,0.0
NI01PCBRHLT2024,DA_LIC_INCLAIM_INCEXP,0.0
NI01PCBRHLT2022,DA_LIC_CHG,0.0
NI01PCBRHLT2023,DA_LIC_CHG,0.0
NI01PCBRHLT2024,DA_LIC_CHG,0.0
NI01PCBRHLT2022,DA_LIC_CLO,0.0
NI01PCBRHLT2023,DA_LIC_CLO,0.0
NI01PCBRHLT2024,DA_LIC_CLO,0.0
NI01PCECHLT2022,PVFC_LIC_UNWIND,0.0
NI01PCECHLT2022,PVFC_LIC_EXP_CLAIM_CF_CY,0.0
NI01PCECHLT2022,PVFC_LIC_EXP_ATTEXP_CY,0.0
NI01PCECHLT2022,PVFC_LIC_EXP_CLAIM_CF_PY,-3351.6192929214208
NI01PCECHLT2022,PVFC_LIC_EXP_ATTEXP_PY,0.0
NI01PCECHLT2022,RA_LIC_OP,95.9685934301488
NI01PCECHLT2022,RA_LIC_UNWIND,3.200254993458188
NI01PCECHLT2022,RA_LIC_INCLAIM,13.48241131592467
NI01PCECHLT2022,RA_LIC_RELEASE_PY,-99.12022309692497
NI01PCECHLT2022,RA_LIC_DEREC,0.0
NI01PCECHLT2022,RA_LIC_TASSCHG_PY,67.94839763931584
NI01PCECHLT2022,RA_LIC_FASSCHG_PY,0.0
NI01PCECHLT2022,RA_LIC_CLO,81.47943428192254
NI01PCECHLT2023,PVFC_LIC_UNWIND,0.0
NI01PCECHLT2023,PVFC_LIC_EXP_CLAIM_CF_CY,0.0
NI01PCECHLT2023,PVFC_LIC_EXP_ATTEXP_CY,0.0
NI01PCECHLT2023,PVFC_LIC_EXP_CLAIM_CF_PY,-51600.151951187465
NI01PCECHLT2023,PVFC_LIC_EXP_ATTEXP_PY,0.0
NI01PCECHLT2023,RA_LIC_OP,1443.3375209427081
NI01PCECHLT2023,RA_LIC_UNWIND,48.13083055139761
NI01PCECHLT2023,RA_LIC_INCLAIM,202.77123410400344
NI01PCECHLT2023,RA_LIC_RELEASE_PY,-1490.7370418441487
NI01PCECHLT2023,RA_LIC_DEREC,0.0
NI01PCECHLT2023,RA_LIC_TASSCHG_PY,1021.9225717019806
NI01PCECHLT2023,RA_LIC_FASSCHG_PY,0.0
NI01PCECHLT2023,RA_LIC_CLO,1225.425115455941
NI01PCECHLT2024,PVFC_LIC_UNWIND,0.0
NI01PCECHLT2024,PVFC_LIC_EXP_CLAIM_CF_CY,0.0
NI01PCECHLT2024,PVFC_LIC_EXP_ATTEXP_CY,0.0
NI01PCECHLT2024,PVFC_LIC_EXP_CLAIM_CF_PY,0.0
NI01PCECHLT2024,PVFC_LIC_EXP_ATTEXP_PY,0.0
NI01PCECHLT2024,RA_LIC_OP,0.0
NI01PCECHLT2024,RA_LIC_UNWIND,0.0
NI01PCECHLT2024,RA_LIC_INCLAIM,0.0
NI01PCECHLT2024,RA_LIC_RELEASE_PY,0.0
NI01PCECHLT2024,RA_LIC_DEREC,0.0
NI01PCECHLT2024,RA_LIC_TASSCHG_PY,0.0
NI01PCECHLT2024,RA_LIC_FASSCHG_PY,0.0
NI01PCECHLT2024,RA_LIC_CLO,0.0
NI01PCECHLT2022,RA_LIC_RELEASE_CY,0.0
NI01PCECHLT2023,RA_LIC_RELEASE_CY,0.0
NI01PCECHLT2024,RA_LIC_RELEASE_CY,0.0
NI01PCECHLT2022,RA_LIC_FEXPVAR_CY,0.0
NI01PCECHLT2023,RA_LIC_FEXPVAR_CY,0.0
NI01PCECHLT2024,RA_LIC_FEXPVAR_CY,0.0
NI01PCECHLT2022,DA_LIC_OP,0.0
NI01PCECHLT2023,DA_LIC_OP,0.0
NI01PCECHLT2024,DA_LIC_OP,0.0
NI01PCECHLT2022,DA_LIC_INCLAIM_INCEXP,0.0
NI01PCECHLT2023,DA_LIC_INCLAIM_INCEXP,0.0
NI01PCECHLT2024,DA_LIC_INCLAIM_INCEXP,0.0
NI01PCECHLT2022,DA_LIC_CHG,0.0
NI01PCECHLT2023,DA_LIC_CHG,0.0
NI01PCECHLT2024,DA_LIC_CHG,0.0
NI01PCECHLT2022,DA_LIC_CLO,0.0
NI01PCECHLT2023,DA_LIC_CLO,0.0
NI01PCECHLT2024,DA_LIC_CLO,0.0
NI01PCGOHLT2022,PVFC_LIC_UNWIND,0.0
NI01PCGOHLT2022,PVFC_LIC_EXP_CLAIM_CF_CY,0.0
NI01PCGOHLT2022,PVFC_LIC_EXP_ATTEXP_CY,0.0
NI01PCGOHLT2022,PVFC_LIC_EXP_CLAIM_CF_PY,-110678.09959659178
NI01PCGOHLT2022,PVFC_LIC_EXP_ATTEXP_PY,0.0
NI01PCGOHLT2022,RA_LIC_OP,3206.3414123958673
NI01PCGOHLT2022,RA_LIC_UNWIND,66.75099615795206
NI01PCGOHLT2022,RA_LIC_INCLAIM,3228.505821007341
NI01PCGOHLT2022,RA_LIC_RELEASE_PY,-3239.677140242101
NI01PCGOHLT2022,RA_LIC_DEREC,0.0
NI01PCGOHLT2022,RA_LIC_TASSCHG_PY,693.0269840186337
NI01PCGOHLT2022,RA_LIC_FASSCHG_PY,0.0
NI01PCGOHLT2022,RA_LIC_CLO,3954.948073337693
NI01PCGOHLT2023,PVFC_LIC_UNWIND,0.0
NI01PCGOHLT2023,PVFC_LIC_EXP_CLAIM_CF_CY,0.0
NI01PCGOHLT2023,PVFC_LIC_EXP_ATTEXP_CY,0.0
NI01PCGOHLT2023,PVFC_LIC_EXP_CLAIM_CF_PY,-1817397.2612254766
NI01PCGOHLT2023,PVFC_LIC_EXP_ATTEXP_PY,0.0
NI01PCGOHLT2023,RA_LIC_OP,52003.33197942142
NI01PCGOHLT2023,RA_LIC_UNWIND,1082.6277575241843
NI01PCGOHLT2023,RA_LIC_INCLAIM,52362.81431486264
NI01PCGOHLT2023,RA_LIC_RELEASE_PY,-52544.00082874022
NI01PCGOHLT2023,RA_LIC_DEREC,0.0
NI01PCGOHLT2023,RA_LIC_TASSCHG_PY,11240.135620394934
NI01PCGOHLT2023,RA_LIC_FASSCHG_PY,0.0
NI01PCGOHLT2023,RA_LIC_CLO,64144.90884346296
NI01PCGOHLT2024,PVFC_LIC_UNWIND,0.0
NI01PCGOHLT2024,PVFC_LIC_EXP_CLAIM_CF_CY,0.0
NI01PCGOHLT2024,PVFC_LIC_EXP_ATTEXP_CY,0.0
NI01PCGOHLT2024,PVFC_LIC_EXP_CLAIM_CF_PY,0.0
NI01PCGOHLT2024,PVFC_LIC_EXP_ATTEXP_PY,0.0
NI01PCGOHLT2024,RA_LIC_OP,0.0
NI01PCGOHLT2024,RA_LIC_UNWIND,0.0
NI01PCGOHLT2024,RA_LIC_INCLAIM,0.0
NI01PCGOHLT2024,RA_LIC_RELEASE_PY,0.0
NI01PCGOHLT2024,RA_LIC_DEREC,0.0
NI01PCGOHLT2024,RA_LIC_TASSCHG_PY,0.0
NI01PCGOHLT2024,RA_LIC_FASSCHG_PY,0.0
NI01PCGOHLT2024,RA_LIC_CLO,0.0
NI01PCGOHLT2022,RA_LIC_RELEASE_CY,0.0
NI01PCGOHLT2023,RA_LIC_RELEASE_CY,0.0
NI01PCGOHLT2024,RA_LIC_RELEASE_CY,0.0
NI01PCGOHLT2022,RA_LIC_FEXPVAR_CY,0.0
NI01PCGOHLT2023,RA_LIC_FEXPVAR_CY,0.0
NI01PCGOHLT2024,RA_LIC_FEXPVAR_CY,0.0
NI01PCGOHLT2022,DA_LIC_OP,0.0
NI01PCGOHLT2023,DA_LIC_OP,0.0
NI01PCGOHLT2024,DA_LIC_OP,0.0
NI01PCGOHLT2022,DA_LIC_INCLAIM_INCEXP,0.0
NI01PCGOHLT2023,DA_LIC_INCLAIM_INCEXP,0.0
NI01PCGOHLT2024,DA_LIC_INCLAIM_INCEXP,0.0
NI01PCGOHLT2022,DA_LIC_CHG,0.0
NI01PCGOHLT2023,DA_LIC_CHG,0.0
NI01PCGOHLT2024,DA_LIC_CHG,0.0
NI01PCGOHLT2022,DA_LIC_CLO,0.0
NI01PCGOHLT2023,DA_LIC_CLO,0.0
NI01PCGOHLT2024,DA_LIC_CLO,0.0
NI01PCPLHLT2022,PVFC_LIC_UNWIND,0.0
NI01PCPLHLT2022,PVFC_LIC_EXP_CLAIM_CF_CY,0.0
NI01PCPLHLT2022,PVFC_LIC_EXP_ATTEXP_CY,0.0
NI01PCPLHLT2022,PVFC_LIC_EXP_CLAIM_CF_PY,-91167.38202432706
NI01PCPLHLT2022,PVFC_LIC_EXP_ATTEXP_PY,0.0
NI01PCPLHLT2022,RA_LIC_OP,2627.243548878258
NI01PCPLHLT2022,RA_LIC_UNWIND,56.34846696669236
NI01PCPLHLT2022,RA_LIC_INCLAIM,3648.7340694033805
NI01PCPLHLT2022,RA_LIC_RELEASE_PY,-2651.2287005603407
NI01PCPLHLT2022,RA_LIC_DEREC,0.0
NI01PCPLHLT2022,RA_LIC_TASSCHG_PY,411.3109221172336
NI01PCPLHLT2022,RA_LIC_FASSCHG_PY,0.0
NI01PCPLHLT2022,RA_LIC_CLO,4092.4083068052237
NI01PCPLHLT2023,PVFC_LIC_UNWIND,0.0
NI01PCPLHLT2023,PVFC_LIC_EXP_CLAIM_CF_CY,0.0
NI01PCPLHLT2023,PVFC_LIC_EXP_ATTEXP_CY,0.0
NI01PCPLHLT2023,PVFC_LIC_EXP_CLAIM_CF_PY,-1458804.4073323382
NI01PCPLHLT2023,PVFC_LIC_EXP_ATTEXP_PY,0.0
NI01PCPLHLT2023,RA_LIC_OP,41811.084650676945
NI01PCPLHLT2023,RA_LIC_UNWIND,896.7537567220118
NI01PCPLHLT2023,RA_LIC_INCLAIM,58067.524462576184
NI01PCPLHLT2023,RA_LIC_RELEASE_PY,-42192.79467819499
NI01PCPLHLT2023,RA_LIC_DEREC,0.0
NI01PCPLHLT2023,RA_LIC_TASSCHG_PY,6545.779050341306
NI01PCPLHLT2023,RA_LIC_FASSCHG_PY,0.0
NI01PCPLHLT2023,RA_LIC_CLO,65128.347242121476
NI01PCPLHLT2024,PVFC_LIC_UNWIND,0.0
NI01PCPLHLT2024,PVFC_LIC_EXP_CLAIM_CF_CY,0.0
NI01PCPLHLT2024,PVFC_LIC_EXP_ATTEXP_CY,0.0
NI01PCPLHLT2024,PVFC_LIC_EXP_CLAIM_CF_PY,0.0
NI01PCPLHLT2024,PVFC_LIC_EXP_ATTEXP_PY,0.0
NI01PCPLHLT2024,RA_LIC_OP,0.0
NI01PCPLHLT2024,RA_LIC_UNWIND,0.0
NI01PCPLHLT2024,RA_LIC_INCLAIM,0.0
NI01PCPLHLT2024,RA_LIC_RELEASE_PY,0.0
NI01PCPLHLT2024,RA_LIC_DEREC,0.0
NI01PCPLHLT2024,RA_LIC_TASSCHG_PY,0.0
NI01PCPLHLT2024,RA_LIC_FASSCHG_PY,0.0
NI01PCPLHLT2024,RA_LIC_CLO,0.0
NI01PCPLHLT2022,RA_LIC_RELEASE_CY,0.0
NI01PCPLHLT2023,RA_LIC_RELEASE_CY,0.0
NI01PCPLHLT2024,RA_LIC_RELEASE_CY,0.0
NI01PCPLHLT2022,RA_LIC_FEXPVAR_CY,0.0
NI01PCPLHLT2023,RA_LIC_FEXPVAR_CY,0.0
NI01PCPLHLT2024,RA_LIC_FEXPVAR_CY,0.0
NI01PCPLHLT2022,DA_LIC_OP,0.0
NI01PCPLHLT2023,DA_LIC_OP,0.0
NI01PCPLHLT2024,DA_LIC_OP,0.0
NI01PCPLHLT2022,DA_LIC_INCLAIM_INCEXP,0.0
NI01PCPLHLT2023,DA_LIC_INCLAIM_INCEXP,0.0
NI01PCPLHLT2024,DA_LIC_INCLAIM_INCEXP,0.0
NI01PCPLHLT2022,DA_LIC_CHG,0.0
NI01PCPLHLT2023,DA_LIC_CHG,0.0
NI01PCPLHLT2024,DA_LIC_CHG,0.0
NI01PCPLHLT2022,DA_LIC_CLO,0.0
NI01PCPLHLT2023,DA_LIC_CLO,0.0
NI01PCPLHLT2024,DA_LIC_CLO,0.0
NI01PCSIHLT2022,PVFC_LIC_UNWIND,0.0
NI01PCSIHLT2022,PVFC_LIC_EXP_CLAIM_CF_CY,0.0
NI01PCSIHLT2022,PVFC_LIC_EXP_ATTEXP_CY,0.0
NI01PCSIHLT2022,PVFC_LIC_EXP_CLAIM_CF_PY,-42988.51406601499
NI01PCSIHLT2022,PVFC_LIC_EXP_ATTEXP_PY,0.0
NI01PCSIHLT2022,RA_LIC_OP,1229.2424537167449
NI01PCSIHLT2022,RA_LIC_UNWIND,24.19947816545521
NI01PCSIHLT2022,RA_LIC_INCLAIM,1115.2586371083064
NI01PCSIHLT2022,RA_LIC_RELEASE_PY,-1241.9474960671228
NI01PCSIHLT2022,RA_LIC_DEREC,0.0
NI01PCSIHLT2022,RA_LIC_TASSCHG_PY,308.9545904251487
NI01PCSIHLT2022,RA_LIC_FASSCHG_PY,0.0
NI01PCSIHLT2022,RA_LIC_CLO,1435.7076633485326
NI01PCSIHLT2023,PVFC_LIC_UNWIND,0.0
NI01PCSIHLT2023,PVFC_LIC_EXP_CLAIM_CF_CY,0.0
NI01PCSIHLT2023,PVFC_LIC_EXP_ATTEXP_CY,0.0
NI01PCSIHLT2023,PVFC_LIC_EXP_CLAIM_CF_PY,-687015.5109386807
NI01PCSIHLT2023,PVFC_LIC_EXP_ATTEXP_PY,0.0
NI01PCSIHLT2023,RA_LIC_OP,19675.096258826867
NI01PCSIHLT2023,RA_LIC_UNWIND,387.3337280852037
NI01PCSIHLT2023,RA_LIC_INCLAIM,17850.685983263545
NI01PCSIHLT2023,RA_LIC_RELEASE_PY,-19878.451528944923
NI01PCSIHLT2023,RA_LIC_DEREC,0.0
NI01PCSIHLT2023,RA_LIC_TASSCHG_PY,4945.087348587417
NI01PCSIHLT2023,RA_LIC_FASSCHG_PY,0.0
NI01PCSIHLT2023,RA_LIC_CLO,22979.751789818107
NI01PCSIHLT2024,PVFC_LIC_UNWIND,0.0
NI01PCSIHLT2024,PVFC_LIC_EXP_CLAIM_CF_CY,0.0
NI01PCSIHLT2024,PVFC_LIC_EXP_ATTEXP_CY,0.0
NI01PCSIHLT2024,PVFC_LIC_EXP_CLAIM_CF_PY,0.0
NI01PCSIHLT2024,PVFC_LIC_EXP_ATTEXP_PY,0.0
NI01PCSIHLT2024,RA_LIC_OP,0.0
NI01PCSIHLT2024,RA_LIC_UNWIND,0.0
NI01PCSIHLT2024,RA_LIC_INCLAIM,0.0
NI01PCSIHLT2024,RA_LIC_RELEASE_PY,0.0
NI01PCSIHLT2024,RA_LIC_DEREC,0.0
NI01PCSIHLT2024,RA_LIC_TASSCHG_PY,0.0
NI01PCSIHLT2024,RA_LIC_FASSCHG_PY,0.0
NI01PCSIHLT2024,RA_LIC_CLO,0.0
NI01PCSIHLT2022,RA_LIC_RELEASE_CY,0.0
NI01PCSIHLT2023,RA_LIC_RELEASE_CY,0.0
NI01PCSIHLT2024,RA_LIC_RELEASE_CY,0.0
NI01PCSIHLT2022,RA_LIC_FEXPVAR_CY,0.0
NI01PCSIHLT2023,RA_LIC_FEXPVAR_CY,0.0
NI01PCSIHLT2024,RA_LIC_FEXPVAR_CY,0.0
NI01PCSIHLT2022,DA_LIC_OP,0.0
NI01PCSIHLT2023,DA_LIC_OP,0.0
NI01PCSIHLT2024,DA_LIC_OP,0.0
NI01PCSIHLT2022,DA_LIC_INCLAIM_INCEXP,0.0
NI01PCSIHLT2023,DA_LIC_INCLAIM_INCEXP,0.0
NI01PCSIHLT2024,DA_LIC_INCLAIM_INCEXP,0.0
NI01PCSIHLT2022,DA_LIC_CHG,0.0
NI01PCSIHLT2023,DA_LIC_CHG,0.0
NI01PCSIHLT2024,DA_LIC_CHG,0.0
NI01PCSIHLT2022,DA_LIC_CLO,0.0
NI01PCSIHLT2023,DA_LIC_CLO,0.0
NI01PCSIHLT2024,DA_LIC_CLO,0.0
NI01PIMEHLT2022,PVFC_LIC_UNWIND,0.0
NI01PIMEHLT2022,PVFC_LIC_EXP_CLAIM_CF_CY,0.0
NI01PIMEHLT2022,PVFC_LIC_EXP_ATTEXP_CY,0.0
NI01PIMEHLT2022,PVFC_LIC_EXP_CLAIM_CF_PY,-15353.595821432249
NI01PIMEHLT2022,PVFC_LIC_EXP_ATTEXP_PY,0.0
NI01PIMEHLT2022,RA_LIC_OP,439.9990536136913
NI01PIMEHLT2022,RA_LIC_UNWIND,8.522974921077134
NI01PIMEHLT2022,RA_LIC_INCLAIM,374.3619344780853
NI01PIMEHLT2022,RA_LIC_RELEASE_PY,-443.70431667174216
NI01PIMEHLT2022,RA_LIC_DEREC,0.0
NI01PIMEHLT2022,RA_LIC_TASSCHG_PY,137.30094800981607
NI01PIMEHLT2022,RA_LIC_FASSCHG_PY,0.0
NI01PIMEHLT2022,RA_LIC_CLO,516.4805943509276
NI01PIMEHLT2023,PVFC_LIC_UNWIND,0.0
NI01PIMEHLT2023,PVFC_LIC_EXP_CLAIM_CF_CY,0.0
NI01PIMEHLT2023,PVFC_LIC_EXP_ATTEXP_CY,0.0
NI01PIMEHLT2023,PVFC_LIC_EXP_CLAIM_CF_PY,-235006.53140513328
NI01PIMEHLT2023,PVFC_LIC_EXP_ATTEXP_PY,0.0
NI01PIMEHLT2023,RA_LIC_OP,6742.902576086933
NI01PIMEHLT2023,RA_LIC_UNWIND,130.6129844581717
NI01PIMEHLT2023,RA_LIC_INCLAIM,5737.026095054813
NI01PIMEHLT2023,RA_LIC_RELEASE_PY,-6799.685034171823
NI01PIMEHLT2023,RA_LIC_DEREC,0.0
NI01PIMEHLT2023,RA_LIC_TASSCHG_PY,2104.1111530376224
NI01PIMEHLT2023,RA_LIC_FASSCHG_PY,0.0
NI01PIMEHLT2023,RA_LIC_CLO,7914.967774465718
NI01PIMEHLT2024,PVFC_LIC_UNWIND,0.0
NI01PIMEHLT2024,PVFC_LIC_EXP_CLAIM_CF_CY,0.0
NI01PIMEHLT2024,PVFC_LIC_EXP_ATTEXP_CY,0.0
NI01PIMEHLT2024,PVFC_LIC_EXP_CLAIM_CF_PY,0.0
NI01PIMEHLT2024,PVFC_LIC_EXP_ATTEXP_PY,0.0
NI01PIMEHLT2024,RA_LIC_OP,0.0
NI01PIMEHLT2024,RA_LIC_UNWIND,0.0
NI01PIMEHLT2024,RA_LIC_INCLAIM,0.0
NI01PIMEHLT2024,RA_LIC_RELEASE_PY,0.0
NI01PIMEHLT2024,RA_LIC_DEREC,0.0
NI01PIMEHLT2024,RA_LIC_TASSCHG_PY,0.0
NI01PIMEHLT2024,RA_LIC_FASSCHG_PY,0.0
NI01PIMEHLT2024,RA_LIC_CLO,0.0
NI01PIMEHLT2022,RA_LIC_RELEASE_CY,0.0
NI01PIMEHLT2023,RA_LIC_RELEASE_CY,0.0
NI01PIMEHLT2024,RA_LIC_RELEASE_CY,0.0
NI01PIMEHLT2022,RA_LIC_FEXPVAR_CY,0.0
NI01PIMEHLT2023,RA_LIC_FEXPVAR_CY,0.0
NI01PIMEHLT2024,RA_LIC_FEXPVAR_CY,0.0
NI01PIMEHLT2022,DA_LIC_OP,0.0
NI01PIMEHLT2023,DA_LIC_OP,0.0
NI01PIMEHLT2024,DA_LIC_OP,0.0
NI01PIMEHLT2022,DA_LIC_INCLAIM_INCEXP,0.0
NI01PIMEHLT2023,DA_LIC_INCLAIM_INCEXP,0.0
NI01PIMEHLT2024,DA_LIC_INCLAIM_INCEXP,0.0
NI01PIMEHLT2022,DA_LIC_CHG,0.0
NI01PIMEHLT2023,DA_LIC_CHG,0.0
NI01PIMEHLT2024,DA_LIC_CHG,0.0
NI01PIMEHLT2022,DA_LIC_CLO,0.0
NI01PIMEHLT2023,DA_LIC_CLO,0.0
NI01PIMEHLT2024,DA_LIC_CLO,0.0
NI01PPBRHLT2022,PVFC_LIC_UNWIND,0.0
NI01PPBRHLT2022,PVFC_LIC_EXP_CLAIM_CF_CY,0.0
NI01PPBRHLT2022,PVFC_LIC_EXP_ATTEXP_CY,0.0
NI01PPBRHLT2022,PVFC_LIC_EXP_CLAIM_CF_PY,-882.7031199718517
NI01PPBRHLT2022,PVFC_LIC_EXP_ATTEXP_PY,0.0
NI01PPBRHLT2022,RA_LIC_OP,25.23320722433311
NI01PPBRHLT2022,RA_LIC_UNWIND,0.570231436856593
NI01PPBRHLT2022,RA_LIC_INCLAIM,17.920775638326578
NI01PPBRHLT2022,RA_LIC_RELEASE_PY,-25.49818443347537
NI01PPBRHLT2022,RA_LIC_DEREC,0.0
NI01PPBRHLT2022,RA_LIC_TASSCHG_PY,3.5462373996910257
NI01PPBRHLT2022,RA_LIC_FASSCHG_PY,0.0
NI01PPBRHLT2022,RA_LIC_CLO,21.772267265731944
NI01PPBRHLT2023,PVFC_LIC_UNWIND,0.0
NI01PPBRHLT2023,PVFC_LIC_EXP_CLAIM_CF_CY,0.0
NI01PPBRHLT2023,PVFC_LIC_EXP_ATTEXP_CY,0.0
NI01PPBRHLT2023,PVFC_LIC_EXP_CLAIM_CF_PY,-13709.265871895273
NI01PPBRHLT2023,PVFC_LIC_EXP_ATTEXP_PY,0.0
NI01PPBRHLT2023,RA_LIC_OP,392.5524578604565
NI01PPBRHLT2023,RA_LIC_UNWIND,8.871078103440388
NI01PPBRHLT2023,RA_LIC_INCLAIM,278.79311817353863
NI01PPBRHLT2023,RA_LIC_RELEASE_PY,-396.6747025597149
NI01PPBRHLT2023,RA_LIC_DEREC,0.0
NI01PPBRHLT2023,RA_LIC_TASSCHG_PY,55.168738362476546
NI01PPBRHLT2023,RA_LIC_FASSCHG_PY,0.0
NI01PPBRHLT2023,RA_LIC_CLO,338.7106899401972
NI01PPBRHLT2024,PVFC_LIC_UNWIND,0.0
NI01PPBRHLT2024,PVFC_LIC_EXP_CLAIM_CF_CY,0.0
NI01PPBRHLT2024,PVFC_LIC_EXP_ATTEXP_CY,0.0
NI01PPBRHLT2024,PVFC_LIC_EXP_CLAIM_CF_PY,0.0
NI01PPBRHLT2024,PVFC_LIC_EXP_ATTEXP_PY,0.0
NI01PPBRHLT2024,RA_LIC_OP,0.0
NI01PPBRHLT2024,RA_LIC_UNWIND,0.0
NI01PPBRHLT2024,RA_LIC_INCLAIM,0.0
NI01PPBRHLT2024,RA_LIC_RELEASE_PY,0.0
NI01PPBRHLT2024,RA_LIC_DEREC,0.0
NI01PPBRHLT2024,RA_LIC_TASSCHG_PY,0.0
NI01PPBRHLT2024,RA_LIC_FASSCHG_PY,0.0
NI01PPBRHLT2024,RA_LIC_CLO,0.0
NI01PPBRHLT2022,RA_LIC_RELEASE_CY,0.0
NI01PPBRHLT2023,RA_LIC_RELEASE_CY,0.0
NI01PPBRHLT2024,RA_LIC_RELEASE_CY,0.0
NI01PPBRHLT2022,RA_LIC_FEXPVAR_CY,0.0
NI01PPBRHLT2023,RA_LIC_FEXPVAR_CY,0.0
NI01PPBRHLT2024,RA_LIC_FEXPVAR_CY,0.0
NI01PPBRHLT2022,DA_LIC_OP,0.0
NI01PPBRHLT2023,DA_LIC_OP,0.0
NI01PPBRHLT2024,DA_LIC_OP,0.0
NI01PPBRHLT2022,DA_LIC_INCLAIM_INCEXP,0.0
NI01PPBRHLT2023,DA_LIC_INCLAIM_INCEXP,0.0
NI01PPBRHLT2024,DA_LIC_INCLAIM_INCEXP,0.0
NI01PPBRHLT2022,DA_LIC_CHG,0.0
NI01PPBRHLT2023,DA_LIC_CHG,0.0
NI01PPBRHLT2024,DA_LIC_CHG,0.0
NI01PPBRHLT2022,DA_LIC_CLO,0.0
NI01PPBRHLT2023,DA_LIC_CLO,0.0
NI01PPBRHLT2024,DA_LIC_CLO,0.0
NI01PPGOHLT2022,PVFC_LIC_UNWIND,0.0
NI01PPGOHLT2022,PVFC_LIC_EXP_CLAIM_CF_CY,0.0
NI01PPGOHLT2022,PVFC_LIC_EXP_ATTEXP_CY,0.0
NI01PPGOHLT2022,PVFC_LIC_EXP_CLAIM_CF_PY,-3260.9560623430953
NI01PPGOHLT2022,PVFC_LIC_EXP_ATTEXP_PY,0.0
NI01PPGOHLT2022,RA_LIC_OP,93.38111817690798
NI01PPGOHLT2022,RA_LIC_UNWIND,1.6699826763884977
NI01PPGOHLT2022,RA_LIC_INCLAIM,116.0217963215672
NI01PPGOHLT2022,RA_LIC_RELEASE_PY,-94.91883563936257
NI01PPGOHLT2022,RA_LIC_DEREC,0.0
NI01PPGOHLT2022,RA_LIC_TASSCHG_PY,7.075131413255595
NI01PPGOHLT2022,RA_LIC_FASSCHG_PY,0.0
NI01PPGOHLT2022,RA_LIC_CLO,123.22919294875672
NI01PPGOHLT2023,PVFC_LIC_UNWIND,0.0
NI01PPGOHLT2023,PVFC_LIC_EXP_CLAIM_CF_CY,0.0
NI01PPGOHLT2023,PVFC_LIC_EXP_ATTEXP_CY,0.0
NI01PPGOHLT2023,PVFC_LIC_EXP_CLAIM_CF_PY,-51464.267369144145
NI01PPGOHLT2023,PVFC_LIC_EXP_ATTEXP_PY,0.0
NI01PPGOHLT2023,RA_LIC_OP,1464.2716510879452
NI01PPGOHLT2023,RA_LIC_UNWIND,26.186324800813388
NI01PPGOHLT2023,RA_LIC_INCLAIM,1819.2909934974584
NI01PPGOHLT2023,RA_LIC_RELEASE_PY,-1488.3839784150766
NI01PPGOHLT2023,RA_LIC_DEREC,0.0
NI01PPGOHLT2023,RA_LIC_TASSCHG_PY,110.94228210595404
NI01PPGOHLT2023,RA_LIC_FASSCHG_PY,0.0
NI01PPGOHLT2023,RA_LIC_CLO,1932.3072730770946
NI01PPGOHLT2024,PVFC_LIC_UNWIND,0.0
NI01PPGOHLT2024,PVFC_LIC_EXP_CLAIM_CF_CY,0.0
NI01PPGOHLT2024,PVFC_LIC_EXP_ATTEXP_CY,0.0
NI01PPGOHLT2024,PVFC_LIC_EXP_CLAIM_CF_PY,0.0
NI01PPGOHLT2024,PVFC_LIC_EXP_ATTEXP_PY,0.0
NI01PPGOHLT2024,RA_LIC_OP,0.0
NI01PPGOHLT2024,RA_LIC_UNWIND,0.0
NI01PPGOHLT2024,RA_LIC_INCLAIM,0.0
NI01PPGOHLT2024,RA_LIC_RELEASE_PY,0.0
NI01PPGOHLT2024,RA_LIC_DEREC,0.0
NI01PPGOHLT2024,RA_LIC_TASSCHG_PY,0.0
NI01PPGOHLT2024,RA_LIC_FASSCHG_PY,0.0
NI01PPGOHLT2024,RA_LIC_CLO,0.0
NI01PPGOHLT2022,RA_LIC_RELEASE_CY,0.0
NI01PPGOHLT2023,RA_LIC_RELEASE_CY,0.0
NI01PPGOHLT2024,RA_LIC_RELEASE_CY,0.0
NI01PPGOHLT2022,RA_LIC_FEXPVAR_CY,0.0
NI01PPGOHLT2023,RA_LIC_FEXPVAR_CY,0.0
NI01PPGOHLT2024,RA_LIC_FEXPVAR_CY,0.0
NI01PPGOHLT2022,DA_LIC_OP,0.0
NI01PPGOHLT2023,DA_LIC_OP,0.0
NI01PPGOHLT2024,DA_LIC_OP,0.0
NI01PPGOHLT2022,DA_LIC_INCLAIM_INCEXP,0.0
NI01PPGOHLT2023,DA_LIC_INCLAIM_INCEXP,0.0
NI01PPGOHLT2024,DA_LIC_INCLAIM_INCEXP,0.0
NI01PPGOHLT2022,DA_LIC_CHG,0.0
NI01PPGOHLT2023,DA_LIC_CHG,0.0
NI01PPGOHLT2024,DA_LIC_CHG,0.0
NI01PPGOHLT2022,DA_LIC_CLO,0.0
NI01PPGOHLT2023,DA_LIC_CLO,0.0
NI01PPGOHLT2024,DA_LIC_CLO,0.0
NI01PPPLHLT2022,PVFC_LIC_UNWIND,0.0
NI01PPPLHLT2022,PVFC_LIC_EXP_CLAIM_CF_CY,0.0
NI01PPPLHLT2022,PVFC_LIC_EXP_ATTEXP_CY,0.0
NI01PPPLHLT2022,PVFC_LIC_EXP_CLAIM_CF_PY,-3620.5463350623595
NI01PPPLHLT2022,PVFC_LIC_EXP_ATTEXP_PY,0.0
NI01PPPLHLT2022,RA_LIC_OP,103.68218165728709
NI01PPPLHLT2022,RA_LIC_UNWIND,1.7634256327375342
NI01PPPLHLT2022,RA_LIC_INCLAIM,66.98553509865533
NI01PPPLHLT2022,RA_LIC_RELEASE_PY,-105.36118954270452
NI01PPPLHLT2022,RA_LIC_DEREC,0.0
NI01PPPLHLT2022,RA_LIC_TASSCHG_PY,32.478119349643656
NI01PPPLHLT2022,RA_LIC_FASSCHG_PY,0.0
NI01PPPLHLT2022,RA_LIC_CLO,99.54807219561908
NI01PPPLHLT2023,PVFC_LIC_UNWIND,0.0
NI01PPPLHLT2023,PVFC_LIC_EXP_CLAIM_CF_CY,0.0
NI01PPPLHLT2023,PVFC_LIC_EXP_ATTEXP_CY,0.0
NI01PPPLHLT2023,PVFC_LIC_EXP_CLAIM_CF_PY,-55822.40219787179
NI01PPPLHLT2023,PVFC_LIC_EXP_ATTEXP_PY,0.0
NI01PPPLHLT2023,RA_LIC_OP,1588.7070193894415
NI01PPPLHLT2023,RA_LIC_UNWIND,27.02071499770072
NI01PPPLHLT2023,RA_LIC_INCLAIM,1026.4096309292117
NI01PPPLHLT2023,RA_LIC_RELEASE_PY,-1614.4342134987432
NI01PPPLHLT2023,RA_LIC_DEREC,0.0
NI01PPPLHLT2023,RA_LIC_TASSCHG_PY,497.6575083836543
NI01PPPLHLT2023,RA_LIC_FASSCHG_PY,0.0
NI01PPPLHLT2023,RA_LIC_CLO,1525.360660201265
NI01PPPLHLT2024,PVFC_LIC_UNWIND,0.0
NI01PPPLHLT2024,PVFC_LIC_EXP_CLAIM_CF_CY,0.0
NI01PPPLHLT2024,PVFC_LIC_EXP_ATTEXP_CY,0.0
NI01PPPLHLT2024,PVFC_LIC_EXP_CLAIM_CF_PY,0.0
NI01PPPLHLT2024,PVFC_LIC_EXP_ATTEXP_PY,0.0
NI01PPPLHLT2024,RA_LIC_OP,0.0
NI01PPPLHLT2024,RA_LIC_UNWIND,0.0
NI01PPPLHLT2024,RA_LIC_INCLAIM,0.0
NI01PPPLHLT2024,RA_LIC_RELEASE_PY,0.0
NI01PPPLHLT2024,RA_LIC_DEREC,0.0
NI01PPPLHLT2024,RA_LIC_TASSCHG_PY,0.0
NI01PPPLHLT2024,RA_LIC_FASSCHG_PY,0.0
NI01PPPLHLT2024,RA_LIC_CLO,0.0
NI01PPPLHLT2022,RA_LIC_RELEASE_CY,0.0
NI01PPPLHLT2023,RA_LIC_RELEASE_CY,0.0
NI01PPPLHLT2024,RA_LIC_RELEASE_CY,0.0
NI01PPPLHLT2022,RA_LIC_FEXPVAR_CY,0.0
NI01PPPLHLT2023,RA_LIC_FEXPVAR_CY,0.0
NI01PPPLHLT2024,RA_LIC_FEXPVAR_CY,0.0
NI01PPPLHLT2022,DA_LIC_OP,0.0
NI01PPPLHLT2023,DA_LIC_OP,0.0
NI01PPPLHLT2024,DA_LIC_OP,0.0
NI01PPPLHLT2022,DA_LIC_INCLAIM_INCEXP,0.0
NI01PPPLHLT2023,DA_LIC_INCLAIM_INCEXP,0.0
NI01PPPLHLT2024,DA_LIC_INCLAIM_INCEXP,0.0
NI01PPPLHLT2022,DA_LIC_CHG,0.0
NI01PPPLHLT2023,DA_LIC_CHG,0.0
NI01PPPLHLT2024,DA_LIC_CHG,0.0
NI01PPPLHLT2022,DA_LIC_CLO,0.0
NI01PPPLHLT2023,DA_LIC_CLO,0.0
NI01PPPLHLT2024,DA_LIC_CLO,0.0
NI01PPSIHLT2022,PVFC_LIC_UNWIND,0.0
NI01PPSIHLT2022,PVFC_LIC_EXP_CLAIM_CF_CY,0.0
NI01PPSIHLT2022,PVFC_LIC_EXP_ATTEXP_CY,0.0
NI01PPSIHLT2022,PVFC_LIC_EXP_CLAIM_CF_PY,-1203.9991127277408
NI01PPSIHLT2022,PVFC_LIC_EXP_ATTEXP_PY,0.0
NI01PPSIHLT2022,RA_LIC_OP,34.46930220357514
NI01PPSIHLT2022,RA_LIC_UNWIND,0.7664561501225642
NI01PPSIHLT2022,RA_LIC_INCLAIM,50.15019303147043
NI01PPSIHLT2022,RA_LIC_RELEASE_PY,-34.98833366338775
NI01PPSIHLT2022,RA_LIC_DEREC,0.0
NI01PPSIHLT2022,RA_LIC_TASSCHG_PY,-0.2474246903099563
NI01PPSIHLT2022,RA_LIC_FASSCHG_PY,0.0
NI01PPSIHLT2022,RA_LIC_CLO,50.15019303147043
NI01PPSIHLT2023,PVFC_LIC_UNWIND,0.0
NI01PPSIHLT2023,PVFC_LIC_EXP_CLAIM_CF_CY,0.0
NI01PPSIHLT2023,PVFC_LIC_EXP_ATTEXP_CY,0.0
NI01PPSIHLT2023,PVFC_LIC_EXP_CLAIM_CF_PY,-18966.749213847084
NI01PPSIHLT2023,PVFC_LIC_EXP_ATTEXP_PY,0.0
NI01PPSIHLT2023,RA_LIC_OP,540.4510501746638
NI01PPSIHLT2023,RA_LIC_UNWIND,12.017418536648114
NI01PPSIHLT2023,RA_LIC_INCLAIM,786.3148586602115
NI01PPSIHLT2023,RA_LIC_RELEASE_PY,-548.58904774342
NI01PPSIHLT2023,RA_LIC_DEREC,0.0
NI01PPSIHLT2023,RA_LIC_TASSCHG_PY,-3.8794209678920453
NI01PPSIHLT2023,RA_LIC_FASSCHG_PY,0.0
NI01PPSIHLT2023,RA_LIC_CLO,786.3148586602115
NI01PPSIHLT2024,PVFC_LIC_UNWIND,0.0
NI01PPSIHLT2024,PVFC_LIC_EXP_CLAIM_CF_CY,0.0
NI01PPSIHLT2024,PVFC_LIC_EXP_ATTEXP_CY,0.0
NI01PPSIHLT2024,PVFC_LIC_EXP_CLAIM_CF_PY,0.0
NI01PPSIHLT2024,PVFC_LIC_EXP_ATTEXP_PY,0.0
NI01PPSIHLT2024,RA_LIC_OP,0.0
NI01PPSIHLT2024,RA_LIC_UNWIND,0.0
NI01PPSIHLT2024,RA_LIC_INCLAIM,0.0
NI01PPSIHLT2024,RA_LIC_RELEASE_PY,0.0
NI01PPSIHLT2024,RA_LIC_DEREC,0.0
NI01PPSIHLT2024,RA_LIC_TASSCHG_PY,0.0
NI01PPSIHLT2024,RA_LIC_FASSCHG_PY,0.0
NI01PPSIHLT2024,RA_LIC_CLO,0.0
NI01PPSIHLT2022,RA_LIC_RELEASE_CY,0.0
NI01PPSIHLT2023,RA_LIC_RELEASE_CY,0.0
NI01PPSIHLT2024,RA_LIC_RELEASE_CY,0.0
NI01PPSIHLT2022,RA_LIC_FEXPVAR_CY,0.0
NI01PPSIHLT2023,RA_LIC_FEXPVAR_CY,0.0
NI01PPSIHLT2024,RA_LIC_FEXPVAR_CY,0.0
NI01PPSIHLT2022,DA_LIC_OP,0.0
NI01PPSIHLT2023,DA_LIC_OP,0.0
NI01PPSIHLT2024,DA_LIC_OP,0.0
NI01PPSIHLT2022,DA_LIC_INCLAIM_INCEXP,0.0
NI01PPSIHLT2023,DA_LIC_INCLAIM_INCEXP,0.0
NI01PPSIHLT2024,DA_LIC_INCLAIM_INCEXP,0.0
NI01PPSIHLT2022,DA_LIC_CHG,0.0
NI01PPSIHLT2023,DA_LIC_CHG,0.0
NI01PPSIHLT2024,DA_LIC_CHG,0.0
NI01PPSIHLT2022,DA_LIC_CLO,0.0
NI01PPSIHLT2023,DA_LIC_CLO,0.0
NI01PPSIHLT2024,DA_LIC_CLO,0.0
NI01PIMEDQS2022,PVFC_LIC_UNWIND,0.0
NI01PIMEDQS2022,PVFC_LIC_EXP_CLAIM_CF_CY,0.0
NI01PIMEDQS2022,PVFC_LIC_EXP_ATTEXP_CY,0.0
NI01PIMEDQS2022,PVFC_LIC_EXP_CLAIM_CF_PY,15748.862793476583
NI01PIMEDQS2022,PVFC_LIC_EXP_ATTEXP_PY,0.0
NI01PIMEDQS2022,RA_LIC_OP,-142.92164358276568
NI01PIMEDQS2022,RA_LIC_UNWIND,-2.245185209336602
NI01PIMEDQS2022,RA_LIC_INCLAIM,-157.41250740421586
NI01PIMEDQS2022,RA_LIC_RELEASE_PY,144.18506736881446
NI01PIMEDQS2022,RA_LIC_DEREC,0.0
NI01PIMEDQS2022,RA_LIC_TASSCHG_PY,-8.224537560772324
NI01PIMEDQS2022,RA_LIC_FASSCHG_PY,0.0
NI01PIMEDQS2022,RA_LIC_CLO,-166.61880638827606
NI01PIMEDQS2023,PVFC_LIC_UNWIND,0.0
NI01PIMEDQS2023,PVFC_LIC_EXP_CLAIM_CF_CY,0.0
NI01PIMEDQS2023,PVFC_LIC_EXP_ATTEXP_CY,0.0
NI01PIMEDQS2023,PVFC_LIC_EXP_CLAIM_CF_PY,301749.0962135269
NI01PIMEDQS2023,PVFC_LIC_EXP_ATTEXP_PY,0.0
NI01PIMEDQS2023,RA_LIC_OP,-2741.247962117386
NI01PIMEDQS2023,RA_LIC_UNWIND,-43.0628225745664
NI01PIMEDQS2023,RA_LIC_INCLAIM,-3019.183829100803
NI01PIMEDQS2023,RA_LIC_RELEASE_PY,2765.48052614322
NI01PIMEDQS2023,RA_LIC_DEREC,0.0
NI01PIMEDQS2023,RA_LIC_TASSCHG_PY,-157.74725410829024
NI01PIMEDQS2023,RA_LIC_FASSCHG_PY,0.0
NI01PIMEDQS2023,RA_LIC_CLO,-3195.7613417578254
NI01PIMEDQS2024,PVFC_LIC_UNWIND,0.0
NI01PIMEDQS2024,PVFC_LIC_EXP_CLAIM_CF_CY,0.0
NI01PIMEDQS2024,PVFC_LIC_EXP_ATTEXP_CY,0.0
NI01PIMEDQS2024,PVFC_LIC_EXP_CLAIM_CF_PY,0.0
NI01PIMEDQS2024,PVFC_LIC_EXP_ATTEXP_PY,0.0
NI01PIMEDQS2024,RA_LIC_OP,0.0
NI01PIMEDQS2024,RA_LIC_UNWIND,0.0
NI01PIMEDQS2024,RA_LIC_INCLAIM,0.0
NI01PIMEDQS2024,RA_LIC_RELEASE_PY,0.0
NI01PIMEDQS2024,RA_LIC_DEREC,0.0
NI01PIMEDQS2024,RA_LIC_TASSCHG_PY,0.0
NI01PIMEDQS2024,RA_LIC_FASSCHG_PY,0.0
NI01PIMEDQS2024,RA_LIC_CLO,0.0
NI01PIMEDQS2022,RA_LIC_RELEASE_CY,0.0
NI01PIMEDQS2023,RA_LIC_RELEASE_CY,0.0
NI01PIMEDQS2024,RA_LIC_RELEASE_CY,0.0
NI01PIMEDQS2022,RA_LIC_FEXPVAR_CY,0.0
NI01PIMEDQS2023,RA_LIC_FEXPVAR_CY,0.0
NI01PIMEDQS2024,RA_LIC_FEXPVAR_CY,0.0
NI01PIMEDQS2022,DA_LIC_OP,1.8943460301715471
NI01PIMEDQS2023,DA_LIC_OP,36.333700512936865
NI01PIMEDQS2024,DA_LIC_OP,0.0
NI01PIMEDQS2022,DA_LIC_INCLAIM_INCEXP,11.092742591823919
NI01PIMEDQS2023,DA_LIC_INCLAIM_INCEXP,212.75964410891237
NI01PIMEDQS2024,DA_LIC_INCLAIM_INCEXP,0.0
NI01PIMEDQS2022,DA_LIC_CHG,-0.8537643792649467
NI01PIMEDQS2023,DA_LIC_CHG,-16.375265537952902
NI01PIMEDQS2024,DA_LIC_CHG,0.0
NI01PIMEDQS2022,DA_LIC_CLO,12.13332424273052
NI01PIMEDQS2023,DA_LIC_CLO,232.71807908389633
NI01PIMEDQS2024,DA_LIC_CLO,0.0
