GOC_ID,STEP_ID,1,Unnamed: 4,Unnamed: 5,Unnamed: 6
NI02PPRIVSH2013,PVFC_LIC_UNWIND,0.0,,,
NI02PPRIVSH2013,PVFC_LIC_EXP_CLAIM_CF_CY,0.0,,,
NI02PPRIVSH2013,PVFC_LIC_EXP_ATTEXP_CY,0.0,,,
NI02PPRIVSH2013,PVFC_LIC_EXP_CLAIM_CF_PY,0.0,,,
NI02PPRIVSH2013,PVFC_LIC_EXP_ATTEXP_PY,0.0,,,
NI02PPRIVSH2013,RA_LIC_OP,0.0,,,
NI02PPRIVSH2013,RA_LIC_UNWIND,0.0,,,
NI02PPRIVSH2013,RA_LIC_INCLAIM,0.0,,,
NI02PPRIVSH2013,RA_LIC_RELEASE_PY,0.0,,,
NI02PPRIVSH2013,RA_LIC_DEREC,0.0,,,
NI02PPRIVSH2013,RA_LIC_TASSCHG_PY,0.0,,,
NI02PPRIVSH2013,RA_LIC_FASSCHG_PY,0.0,,,
NI02PPRIVSH2013,RA_LIC_CLO,0.0,,,
NI02PPRIVSH2014,PVFC_LIC_UNWIND,0.0,,,
NI02PPRIVSH2014,PVFC_LIC_EXP_CLAIM_CF_CY,0.0,,,
NI02PPRIVSH2014,PVFC_LIC_EXP_ATTEXP_CY,0.0,,,
NI02PPRIVSH2014,PVFC_LIC_EXP_CLAIM_CF_PY,0.0,,,
NI02PPRIVSH2014,PVFC_LIC_EXP_ATTEXP_PY,0.0,,,
NI02PPRIVSH2014,RA_LIC_OP,0.0,,,
NI02PPRIVSH2014,RA_LIC_UNWIND,0.0,,,
NI02PPRIVSH2014,RA_LIC_INCLAIM,0.0,,,
NI02PPRIVSH2014,RA_LIC_RELEASE_PY,0.0,,,
NI02PPRIVSH2014,RA_LIC_DEREC,0.0,,,
NI02PPRIVSH2014,RA_LIC_TASSCHG_PY,0.0,,,
NI02PPRIVSH2014,RA_LIC_FASSCHG_PY,0.0,,,
NI02PPRIVSH2014,RA_LIC_CLO,0.0,,,
NI02PPRIVSH2015,PVFC_LIC_UNWIND,0.0,,,
NI02PPRIVSH2015,PVFC_LIC_EXP_CLAIM_CF_CY,0.0,,,
NI02PPRIVSH2015,PVFC_LIC_EXP_ATTEXP_CY,0.0,,,
NI02PPRIVSH2015,PVFC_LIC_EXP_CLAIM_CF_PY,0.0,,,
NI02PPRIVSH2015,PVFC_LIC_EXP_ATTEXP_PY,0.0,,,
NI02PPRIVSH2015,RA_LIC_OP,0.0,,,
NI02PPRIVSH2015,RA_LIC_UNWIND,0.0,,,
NI02PPRIVSH2015,RA_LIC_INCLAIM,0.0,,,
NI02PPRIVSH2015,RA_LIC_RELEASE_PY,0.0,,,
NI02PPRIVSH2015,RA_LIC_DEREC,0.0,,,
NI02PPRIVSH2015,RA_LIC_TASSCHG_PY,0.0,,,
NI02PPRIVSH2015,RA_LIC_FASSCHG_PY,0.0,,,
NI02PPRIVSH2015,RA_LIC_CLO,0.0,,,
NI02PPRIVSH2016,PVFC_LIC_UNWIND,0.0,,,
NI02PPRIVSH2016,PVFC_LIC_EXP_CLAIM_CF_CY,0.0,,,
NI02PPRIVSH2016,PVFC_LIC_EXP_ATTEXP_CY,0.0,,,
NI02PPRIVSH2016,PVFC_LIC_EXP_CLAIM_CF_PY,0.0,,,
NI02PPRIVSH2016,PVFC_LIC_EXP_ATTEXP_PY,0.0,,,
NI02PPRIVSH2016,RA_LIC_OP,0.0,,,
NI02PPRIVSH2016,RA_LIC_UNWIND,0.0,,,
NI02PPRIVSH2016,RA_LIC_INCLAIM,0.0,,,
NI02PPRIVSH2016,RA_LIC_RELEASE_PY,0.0,,,
NI02PPRIVSH2016,RA_LIC_DEREC,0.0,,,
NI02PPRIVSH2016,RA_LIC_TASSCHG_PY,0.0,,,
NI02PPRIVSH2016,RA_LIC_FASSCHG_PY,0.0,,,
NI02PPRIVSH2016,RA_LIC_CLO,0.0,,,
NI02PPRIVSH2017,PVFC_LIC_UNWIND,0.0,,,
NI02PPRIVSH2017,PVFC_LIC_EXP_CLAIM_CF_CY,0.0,,,
NI02PPRIVSH2017,PVFC_LIC_EXP_ATTEXP_CY,0.0,,,
NI02PPRIVSH2017,PVFC_LIC_EXP_CLAIM_CF_PY,0.0,,,
NI02PPRIVSH2017,PVFC_LIC_EXP_ATTEXP_PY,0.0,,,
NI02PPRIVSH2017,RA_LIC_OP,0.0,,,
NI02PPRIVSH2017,RA_LIC_UNWIND,0.0,,,
NI02PPRIVSH2017,RA_LIC_INCLAIM,0.0,,,
NI02PPRIVSH2017,RA_LIC_RELEASE_PY,0.0,,,
NI02PPRIVSH2017,RA_LIC_DEREC,0.0,,,
NI02PPRIVSH2017,RA_LIC_TASSCHG_PY,0.0,,,
NI02PPRIVSH2017,RA_LIC_FASSCHG_PY,0.0,,,
NI02PPRIVSH2017,RA_LIC_CLO,0.0,,,
NI02PPRIVSH2018,PVFC_LIC_UNWIND,0.0,,,
NI02PPRIVSH2018,PVFC_LIC_EXP_CLAIM_CF_CY,0.0,,,
NI02PPRIVSH2018,PVFC_LIC_EXP_ATTEXP_CY,0.0,,,
NI02PPRIVSH2018,PVFC_LIC_EXP_CLAIM_CF_PY,-669.7225850000032,,,
NI02PPRIVSH2018,PVFC_LIC_EXP_ATTEXP_PY,0.0,,,
NI02PPRIVSH2018,RA_LIC_OP,15.8167224245842,,,
NI02PPRIVSH2018,RA_LIC_UNWIND,0.9634447242938793,,,
NI02PPRIVSH2018,RA_LIC_INCLAIM,16.030541883767313,,,
NI02PPRIVSH2018,RA_LIC_RELEASE_PY,-15.021879948056089,,,
NI02PPRIVSH2018,RA_LIC_DEREC,0.0,,,
NI02PPRIVSH2018,RA_LIC_TASSCHG_PY,5.9631037492703225,,,
NI02PPRIVSH2018,RA_LIC_FASSCHG_PY,0.0,,,
NI02PPRIVSH2018,RA_LIC_CLO,23.751932833859627,,,
NI02PPRIVSH2019,PVFC_LIC_UNWIND,0.0,,,
NI02PPRIVSH2019,PVFC_LIC_EXP_CLAIM_CF_CY,0.0,,,
NI02PPRIVSH2019,PVFC_LIC_EXP_ATTEXP_CY,0.0,,,
NI02PPRIVSH2019,PVFC_LIC_EXP_CLAIM_CF_PY,-55254.30029707398,,,
NI02PPRIVSH2019,PVFC_LIC_EXP_ATTEXP_PY,0.0,,,
NI02PPRIVSH2019,RA_LIC_OP,1304.9275382018275,,,
NI02PPRIVSH2019,RA_LIC_UNWIND,79.48710981437112,,,
NI02PPRIVSH2019,RA_LIC_INCLAIM,1322.5682916399599,,,
NI02PPRIVSH2019,RA_LIC_RELEASE_PY,-1239.3506248368997,,,
NI02PPRIVSH2019,RA_LIC_DEREC,0.0,,,
NI02PPRIVSH2019,RA_LIC_TASSCHG_PY,491.97413261059825,,,
NI02PPRIVSH2019,RA_LIC_FASSCHG_PY,0.0,,,
NI02PPRIVSH2019,RA_LIC_CLO,1959.6064474298573,,,
NI02PPRIVSH2020,PVFC_LIC_UNWIND,0.0,,,
NI02PPRIVSH2020,PVFC_LIC_EXP_CLAIM_CF_CY,0.0,,,
NI02PPRIVSH2020,PVFC_LIC_EXP_ATTEXP_CY,0.0,,,
NI02PPRIVSH2020,PVFC_LIC_EXP_CLAIM_CF_PY,-19038.97048926438,,,
NI02PPRIVSH2020,PVFC_LIC_EXP_ATTEXP_PY,0.0,,,
NI02PPRIVSH2020,RA_LIC_OP,449.745999077291,,,
NI02PPRIVSH2020,RA_LIC_UNWIND,27.395398265939217,,,
NI02PPRIVSH2020,RA_LIC_INCLAIM,455.82592156129465,,,
NI02PPRIVSH2020,RA_LIC_RELEASE_PY,-427.14477904452536,,,
NI02PPRIVSH2020,RA_LIC_DEREC,0.0,,,
NI02PPRIVSH2020,RA_LIC_TASSCHG_PY,169.5599114231547,,,
NI02PPRIVSH2020,RA_LIC_FASSCHG_PY,0.0,,,
NI02PPRIVSH2020,RA_LIC_CLO,675.382451283154,,,
NI02PPRIVSH2021,PVFC_LIC_UNWIND,0.0,,,
NI02PPRIVSH2021,PVFC_LIC_EXP_CLAIM_CF_CY,0.0,,,
NI02PPRIVSH2021,PVFC_LIC_EXP_ATTEXP_CY,0.0,,,
NI02PPRIVSH2021,PVFC_LIC_EXP_CLAIM_CF_PY,-36625.61180007187,,,
NI02PPRIVSH2021,PVFC_LIC_EXP_ATTEXP_PY,0.0,,,
NI02PPRIVSH2021,RA_LIC_OP,913.2978870355921,,,
NI02PPRIVSH2021,RA_LIC_UNWIND,55.63175526210958,,,
NI02PPRIVSH2021,RA_LIC_INCLAIM,925.6443678700475,,,
NI02PPRIVSH2021,RA_LIC_RELEASE_PY,-867.4016555122432,,,
NI02PPRIVSH2021,RA_LIC_DEREC,0.0,,,
NI02PPRIVSH2021,RA_LIC_TASSCHG_PY,344.3248169998642,,,
NI02PPRIVSH2021,RA_LIC_FASSCHG_PY,0.0,,,
NI02PPRIVSH2021,RA_LIC_CLO,1371.4971716553705,,,
NI02PPRIVSH2022,PVFC_LIC_UNWIND,0.0,,,
NI02PPRIVSH2022,PVFC_LIC_EXP_CLAIM_CF_CY,0.0,,,
NI02PPRIVSH2022,PVFC_LIC_EXP_ATTEXP_CY,0.0,,,
NI02PPRIVSH2022,PVFC_LIC_EXP_CLAIM_CF_PY,-394548.20519286394,,,
NI02PPRIVSH2022,PVFC_LIC_EXP_ATTEXP_PY,0.0,,,
NI02PPRIVSH2022,RA_LIC_OP,9514.515692894605,,,
NI02PPRIVSH2022,RA_LIC_UNWIND,579.5581222493138,,,
NI02PPRIVSH2022,RA_LIC_INCLAIM,9643.13833323897,,,
NI02PPRIVSH2022,RA_LIC_RELEASE_PY,-9036.37989375133,,,
NI02PPRIVSH2022,RA_LIC_DEREC,0.0,,,
NI02PPRIVSH2022,RA_LIC_TASSCHG_PY,3587.092361980466,,,
NI02PPRIVSH2022,RA_LIC_FASSCHG_PY,0.0,,,
NI02PPRIVSH2022,RA_LIC_CLO,14287.924616612028,,,
NI02PPRIVSH2023,PVFC_LIC_UNWIND,0.0,,,
NI02PPRIVSH2023,PVFC_LIC_EXP_CLAIM_CF_CY,0.0,,,
NI02PPRIVSH2023,PVFC_LIC_EXP_ATTEXP_CY,0.0,,,
NI02PPRIVSH2023,PVFC_LIC_EXP_CLAIM_CF_PY,-608184.8478651269,,,
NI02PPRIVSH2023,PVFC_LIC_EXP_ATTEXP_PY,0.0,,,
NI02PPRIVSH2023,RA_LIC_OP,14992.992244706515,,,
NI02PPRIVSH2023,RA_LIC_UNWIND,913.2688108055534,,,
NI02PPRIVSH2023,RA_LIC_INCLAIM,15195.676050317024,,,
NI02PPRIVSH2023,RA_LIC_RELEASE_PY,-14239.544926959676,,,
NI02PPRIVSH2023,RA_LIC_DEREC,0.0,,,
NI02PPRIVSH2023,RA_LIC_TASSCHG_PY,5652.547087013866,,,
NI02PPRIVSH2023,RA_LIC_FASSCHG_PY,0.0,,,
NI02PPRIVSH2023,RA_LIC_CLO,22514.939265883284,,,
NI02PPRIVSH2024,PVFC_LIC_UNWIND,0.0,,,
NI02PPRIVSH2024,PVFC_LIC_EXP_CLAIM_CF_CY,0.0,,,
NI02PPRIVSH2024,PVFC_LIC_EXP_ATTEXP_CY,0.0,,,
NI02PPRIVSH2024,PVFC_LIC_EXP_CLAIM_CF_PY,-786215.3750228494,,,
NI02PPRIVSH2024,PVFC_LIC_EXP_ATTEXP_PY,0.0,,,
NI02PPRIVSH2024,RA_LIC_OP,21115.88318891362,,,
NI02PPRIVSH2024,RA_LIC_UNWIND,1286.232742223739,,,
NI02PPRIVSH2024,RA_LIC_INCLAIM,21401.339720452008,,,
NI02PPRIVSH2024,RA_LIC_RELEASE_PY,-20054.740403612726,,,
NI02PPRIVSH2024,RA_LIC_DEREC,0.0,,,
NI02PPRIVSH2024,RA_LIC_TASSCHG_PY,7960.954161859177,,,
NI02PPRIVSH2024,RA_LIC_FASSCHG_PY,0.0,,,
NI02PPRIVSH2024,RA_LIC_CLO,31709.669409835824,,,
NI02PPRIVSH2025,PVFC_LIC_UNWIND,0.0,,,
NI02PPRIVSH2025,PVFC_LIC_EXP_CLAIM_CF_CY,0.0,,,
NI02PPRIVSH2025,PVFC_LIC_EXP_ATTEXP_CY,0.0,,,
NI02PPRIVSH2025,PVFC_LIC_EXP_CLAIM_CF_PY,0.0,,,
NI02PPRIVSH2025,PVFC_LIC_EXP_ATTEXP_PY,0.0,,,
NI02PPRIVSH2025,RA_LIC_OP,0.0,,,
NI02PPRIVSH2025,RA_LIC_UNWIND,0.0,,,
NI02PPRIVSH2025,RA_LIC_INCLAIM,0.0,,,
NI02PPRIVSH2025,RA_LIC_RELEASE_PY,0.0,,,
NI02PPRIVSH2025,RA_LIC_DEREC,0.0,,,
NI02PPRIVSH2025,RA_LIC_TASSCHG_PY,0.0,,,
NI02PPRIVSH2025,RA_LIC_FASSCHG_PY,0.0,,,
NI02PPRIVSH2025,RA_LIC_CLO,0.0,,,
NI02PPRIVSH2013,RA_LIC_RELEASE_CY,0.0,,,
NI02PPRIVSH2014,RA_LIC_RELEASE_CY,0.0,,,
NI02PPRIVSH2015,RA_LIC_RELEASE_CY,0.0,,,
NI02PPRIVSH2016,RA_LIC_RELEASE_CY,0.0,,,
NI02PPRIVSH2017,RA_LIC_RELEASE_CY,0.0,,,
NI02PPRIVSH2018,RA_LIC_RELEASE_CY,0.0,,,
NI02PPRIVSH2019,RA_LIC_RELEASE_CY,0.0,,,
NI02PPRIVSH2020,RA_LIC_RELEASE_CY,0.0,,,
NI02PPRIVSH2021,RA_LIC_RELEASE_CY,0.0,,,
NI02PPRIVSH2022,RA_LIC_RELEASE_CY,0.0,,,
NI02PPRIVSH2023,RA_LIC_RELEASE_CY,0.0,,,
NI02PPRIVSH2024,RA_LIC_RELEASE_CY,0.0,,,
NI02PPRIVSH2025,RA_LIC_RELEASE_CY,0.0,,,
NI02PPRIVSH2013,RA_LIC_FEXPVAR_CY,0.0,,,
NI02PPRIVSH2014,RA_LIC_FEXPVAR_CY,0.0,,,
NI02PPRIVSH2015,RA_LIC_FEXPVAR_CY,0.0,,,
NI02PPRIVSH2016,RA_LIC_FEXPVAR_CY,0.0,,,
NI02PPRIVSH2017,RA_LIC_FEXPVAR_CY,0.0,,,
NI02PPRIVSH2018,RA_LIC_FEXPVAR_CY,0.0,,,
NI02PPRIVSH2019,RA_LIC_FEXPVAR_CY,0.0,,,
NI02PPRIVSH2020,RA_LIC_FEXPVAR_CY,0.0,,,
NI02PPRIVSH2021,RA_LIC_FEXPVAR_CY,0.0,,,
NI02PPRIVSH2022,RA_LIC_FEXPVAR_CY,0.0,,,
NI02PPRIVSH2023,RA_LIC_FEXPVAR_CY,0.0,,,
NI02PPRIVSH2024,RA_LIC_FEXPVAR_CY,0.0,,,
NI02PPRIVSH2025,RA_LIC_FEXPVAR_CY,0.0,,,
NI02PPRIVSH2013,DA_LIC_OP,0.0,,,
NI02PPRIVSH2014,DA_LIC_OP,0.0,,,
NI02PPRIVSH2015,DA_LIC_OP,0.0,,,
NI02PPRIVSH2016,DA_LIC_OP,0.0,,,
NI02PPRIVSH2017,DA_LIC_OP,0.0,,,
NI02PPRIVSH2018,DA_LIC_OP,0.0,,,
NI02PPRIVSH2019,DA_LIC_OP,0.0,,,
NI02PPRIVSH2020,DA_LIC_OP,0.0,,,
NI02PPRIVSH2021,DA_LIC_OP,0.0,,,
NI02PPRIVSH2022,DA_LIC_OP,0.0,,,
NI02PPRIVSH2023,DA_LIC_OP,0.0,,,
NI02PPRIVSH2024,DA_LIC_OP,0.0,,,
NI02PPRIVSH2025,DA_LIC_OP,0.0,,,
NI02PPRIVSH2013,DA_LIC_INCLAIM_INCEXP,0.0,,,
NI02PPRIVSH2014,DA_LIC_INCLAIM_INCEXP,0.0,,,
NI02PPRIVSH2015,DA_LIC_INCLAIM_INCEXP,0.0,,,
NI02PPRIVSH2016,DA_LIC_INCLAIM_INCEXP,0.0,,,
NI02PPRIVSH2017,DA_LIC_INCLAIM_INCEXP,0.0,,,
NI02PPRIVSH2018,DA_LIC_INCLAIM_INCEXP,0.0,,,
NI02PPRIVSH2019,DA_LIC_INCLAIM_INCEXP,0.0,,,
NI02PPRIVSH2020,DA_LIC_INCLAIM_INCEXP,0.0,,,
NI02PPRIVSH2021,DA_LIC_INCLAIM_INCEXP,0.0,,,
NI02PPRIVSH2022,DA_LIC_INCLAIM_INCEXP,0.0,,,
NI02PPRIVSH2023,DA_LIC_INCLAIM_INCEXP,0.0,,,
NI02PPRIVSH2024,DA_LIC_INCLAIM_INCEXP,0.0,,,
NI02PPRIVSH2025,DA_LIC_INCLAIM_INCEXP,0.0,,,
NI02PPRIVSH2013,DA_LIC_CHG,0.0,,,
NI02PPRIVSH2014,DA_LIC_CHG,0.0,,,
NI02PPRIVSH2015,DA_LIC_CHG,0.0,,,
NI02PPRIVSH2016,DA_LIC_CHG,0.0,,,
NI02PPRIVSH2017,DA_LIC_CHG,0.0,,,
NI02PPRIVSH2018,DA_LIC_CHG,0.0,,,
NI02PPRIVSH2019,DA_LIC_CHG,0.0,,,
NI02PPRIVSH2020,DA_LIC_CHG,0.0,,,
NI02PPRIVSH2021,DA_LIC_CHG,0.0,,,
NI02PPRIVSH2022,DA_LIC_CHG,0.0,,,
NI02PPRIVSH2023,DA_LIC_CHG,0.0,,,
NI02PPRIVSH2024,DA_LIC_CHG,0.0,,,
NI02PPRIVSH2025,DA_LIC_CHG,0.0,,,
NI02PPRIVSH2013,DA_LIC_CLO,0.0,,,
NI02PPRIVSH2014,DA_LIC_CLO,0.0,,,
NI02PPRIVSH2015,DA_LIC_CLO,0.0,,,
NI02PPRIVSH2016,DA_LIC_CLO,0.0,,,
NI02PPRIVSH2017,DA_LIC_CLO,0.0,,,
NI02PPRIVSH2018,DA_LIC_CLO,0.0,,,
NI02PPRIVSH2019,DA_LIC_CLO,0.0,,,
NI02PPRIVSH2020,DA_LIC_CLO,0.0,,,
NI02PPRIVSH2021,DA_LIC_CLO,0.0,,,
NI02PPRIVSH2022,DA_LIC_CLO,0.0,,,
NI02PPRIVSH2023,DA_LIC_CLO,0.0,,,
NI02PPRIVSH2024,DA_LIC_CLO,0.0,,,
NI02PPRIVSH2025,DA_LIC_CLO,0.0,,,
NI02PPUBLSH2013,PVFC_LIC_UNWIND,0.0,,,
NI02PPUBLSH2013,PVFC_LIC_EXP_CLAIM_CF_CY,0.0,,,
NI02PPUBLSH2013,PVFC_LIC_EXP_ATTEXP_CY,0.0,,,
NI02PPUBLSH2013,PVFC_LIC_EXP_CLAIM_CF_PY,-12860.447069999998,,,
NI02PPUBLSH2013,PVFC_LIC_EXP_ATTEXP_PY,0.0,,,
NI02PPUBLSH2013,RA_LIC_OP,350.32964437816025,,,
NI02PPUBLSH2013,RA_LIC_UNWIND,53.98904946412256,,,
NI02PPUBLSH2013,RA_LIC_INCLAIM,395.13354665971866,,,
NI02PPUBLSH2013,RA_LIC_RELEASE_PY,-244.38162899797888,,,
NI02PPUBLSH2013,RA_LIC_DEREC,0.0,,,
NI02PPUBLSH2013,RA_LIC_TASSCHG_PY,48.99755258677292,,,
NI02PPUBLSH2013,RA_LIC_FASSCHG_PY,0.0,,,
NI02PPUBLSH2013,RA_LIC_CLO,604.0681640907956,,,
NI02PPUBLSH2014,PVFC_LIC_UNWIND,0.0,,,
NI02PPUBLSH2014,PVFC_LIC_EXP_CLAIM_CF_CY,0.0,,,
NI02PPUBLSH2014,PVFC_LIC_EXP_ATTEXP_CY,0.0,,,
NI02PPUBLSH2014,PVFC_LIC_EXP_CLAIM_CF_PY,-830.1480140000003,,,
NI02PPUBLSH2014,PVFC_LIC_EXP_ATTEXP_PY,0.0,,,
NI02PPUBLSH2014,RA_LIC_OP,22.613946229309143,,,
NI02PPUBLSH2014,RA_LIC_UNWIND,3.4850189846774247,,,
NI02PPUBLSH2014,RA_LIC_INCLAIM,25.5060595668967,,,
NI02PPUBLSH2014,RA_LIC_RELEASE_PY,-15.774951124677909,,,
NI02PPUBLSH2014,RA_LIC_DEREC,0.0,,,
NI02PPUBLSH2014,RA_LIC_TASSCHG_PY,3.1628154720728654,,,
NI02PPUBLSH2014,RA_LIC_FASSCHG_PY,0.0,,,
NI02PPUBLSH2014,RA_LIC_CLO,38.99288912827823,,,
NI02PPUBLSH2015,PVFC_LIC_UNWIND,0.0,,,
NI02PPUBLSH2015,PVFC_LIC_EXP_CLAIM_CF_CY,0.0,,,
NI02PPUBLSH2015,PVFC_LIC_EXP_ATTEXP_CY,0.0,,,
NI02PPUBLSH2015,PVFC_LIC_EXP_CLAIM_CF_PY,0.0,,,
NI02PPUBLSH2015,PVFC_LIC_EXP_ATTEXP_PY,0.0,,,
NI02PPUBLSH2015,RA_LIC_OP,0.0,,,
NI02PPUBLSH2015,RA_LIC_UNWIND,0.0,,,
NI02PPUBLSH2015,RA_LIC_INCLAIM,0.0,,,
NI02PPUBLSH2015,RA_LIC_RELEASE_PY,0.0,,,
NI02PPUBLSH2015,RA_LIC_DEREC,0.0,,,
NI02PPUBLSH2015,RA_LIC_TASSCHG_PY,0.0,,,
NI02PPUBLSH2015,RA_LIC_FASSCHG_PY,0.0,,,
NI02PPUBLSH2015,RA_LIC_CLO,0.0,,,
NI02PPUBLSH2016,PVFC_LIC_UNWIND,0.0,,,
NI02PPUBLSH2016,PVFC_LIC_EXP_CLAIM_CF_CY,0.0,,,
NI02PPUBLSH2016,PVFC_LIC_EXP_ATTEXP_CY,0.0,,,
NI02PPUBLSH2016,PVFC_LIC_EXP_CLAIM_CF_PY,-4664.072600000003,,,
NI02PPUBLSH2016,PVFC_LIC_EXP_ATTEXP_PY,0.0,,,
NI02PPUBLSH2016,RA_LIC_OP,127.05335097747286,,,
NI02PPUBLSH2016,RA_LIC_UNWIND,19.58010051556154,,,
NI02PPUBLSH2016,RA_LIC_INCLAIM,143.30229254747178,,,
NI02PPUBLSH2016,RA_LIC_RELEASE_PY,-88.6293962837203,,,
NI02PPUBLSH2016,RA_LIC_DEREC,0.0,,,
NI02PPUBLSH2016,RA_LIC_TASSCHG_PY,17.769844333026505,,,
NI02PPUBLSH2016,RA_LIC_FASSCHG_PY,0.0,,,
NI02PPUBLSH2016,RA_LIC_CLO,219.07619208981242,,,
NI02PPUBLSH2017,PVFC_LIC_UNWIND,0.0,,,
NI02PPUBLSH2017,PVFC_LIC_EXP_CLAIM_CF_CY,0.0,,,
NI02PPUBLSH2017,PVFC_LIC_EXP_ATTEXP_CY,0.0,,,
NI02PPUBLSH2017,PVFC_LIC_EXP_CLAIM_CF_PY,-458.1531900000009,,,
NI02PPUBLSH2017,PVFC_LIC_EXP_ATTEXP_PY,0.0,,,
NI02PPUBLSH2017,RA_LIC_OP,12.480487128463423,,,
NI02PPUBLSH2017,RA_LIC_UNWIND,1.923358892767918,,,
NI02PPUBLSH2017,RA_LIC_INCLAIM,14.076625322028129,,,
NI02PPUBLSH2017,RA_LIC_RELEASE_PY,-8.706091031936486,,,
NI02PPUBLSH2017,RA_LIC_DEREC,0.0,,,
NI02PPUBLSH2017,RA_LIC_TASSCHG_PY,1.7455369084476804,,,
NI02PPUBLSH2017,RA_LIC_FASSCHG_PY,0.0,,,
NI02PPUBLSH2017,RA_LIC_CLO,21.519917219770665,,,
NI02PPUBLSH2018,PVFC_LIC_UNWIND,0.0,,,
NI02PPUBLSH2018,PVFC_LIC_EXP_CLAIM_CF_CY,0.0,,,
NI02PPUBLSH2018,PVFC_LIC_EXP_ATTEXP_CY,0.0,,,
NI02PPUBLSH2018,PVFC_LIC_EXP_CLAIM_CF_PY,-97830.21837311868,,,
NI02PPUBLSH2018,PVFC_LIC_EXP_ATTEXP_PY,0.0,,,
NI02PPUBLSH2018,RA_LIC_OP,2664.9793296876755,,,
NI02PPUBLSH2018,RA_LIC_UNWIND,410.69804728275415,,,
NI02PPUBLSH2018,RA_LIC_INCLAIM,3005.805392756471,,,
NI02PPUBLSH2018,RA_LIC_RELEASE_PY,-1859.026206563342,,,
NI02PPUBLSH2018,RA_LIC_DEREC,0.0,,,
NI02PPUBLSH2018,RA_LIC_TASSCHG_PY,372.7274210003308,,,
NI02PPUBLSH2018,RA_LIC_FASSCHG_PY,0.0,,,
NI02PPUBLSH2018,RA_LIC_CLO,4595.18398416389,,,
NI02PPUBLSH2019,PVFC_LIC_UNWIND,0.0,,,
NI02PPUBLSH2019,PVFC_LIC_EXP_CLAIM_CF_CY,0.0,,,
NI02PPUBLSH2019,PVFC_LIC_EXP_ATTEXP_CY,0.0,,,
NI02PPUBLSH2019,PVFC_LIC_EXP_CLAIM_CF_PY,-2021.252261287942,,,
NI02PPUBLSH2019,PVFC_LIC_EXP_ATTEXP_PY,0.0,,,
NI02PPUBLSH2019,RA_LIC_OP,54.65425743016358,,,
NI02PPUBLSH2019,RA_LIC_UNWIND,8.42272829368915,,,
NI02PPUBLSH2019,RA_LIC_INCLAIM,61.64402848855831,,,
NI02PPUBLSH2019,RA_LIC_RELEASE_PY,-38.125510292359714,,,
NI02PPUBLSH2019,RA_LIC_DEREC,0.0,,,
NI02PPUBLSH2019,RA_LIC_TASSCHG_PY,7.6440144175604,,,
NI02PPUBLSH2019,RA_LIC_FASSCHG_PY,0.0,,,
NI02PPUBLSH2019,RA_LIC_CLO,94.23951833761174,,,
NI02PPUBLSH2020,PVFC_LIC_UNWIND,0.0,,,
NI02PPUBLSH2020,PVFC_LIC_EXP_CLAIM_CF_CY,0.0,,,
NI02PPUBLSH2020,PVFC_LIC_EXP_ATTEXP_CY,0.0,,,
NI02PPUBLSH2020,PVFC_LIC_EXP_CLAIM_CF_PY,-44254.96504277835,,,
NI02PPUBLSH2020,PVFC_LIC_EXP_ATTEXP_PY,0.0,,,
NI02PPUBLSH2020,RA_LIC_OP,1322.7154953228924,,,
NI02PPUBLSH2020,RA_LIC_UNWIND,203.84273340814917,,,
NI02PPUBLSH2020,RA_LIC_INCLAIM,1491.878501507945,,,
NI02PPUBLSH2020,RA_LIC_RELEASE_PY,-922.6948750558787,,,
NI02PPUBLSH2020,RA_LIC_DEREC,0.0,,,
NI02PPUBLSH2020,RA_LIC_TASSCHG_PY,184.99668263718047,,,
NI02PPUBLSH2020,RA_LIC_FASSCHG_PY,0.0,,,
NI02PPUBLSH2020,RA_LIC_CLO,2280.7385378202885,,,
NI02PPUBLSH2021,PVFC_LIC_UNWIND,0.0,,,
NI02PPUBLSH2021,PVFC_LIC_EXP_CLAIM_CF_CY,0.0,,,
NI02PPUBLSH2021,PVFC_LIC_EXP_ATTEXP_CY,0.0,,,
NI02PPUBLSH2021,PVFC_LIC_EXP_CLAIM_CF_PY,-56535.942718627324,,,
NI02PPUBLSH2021,PVFC_LIC_EXP_ATTEXP_PY,0.0,,,
NI02PPUBLSH2021,RA_LIC_OP,1808.546036793313,,,
NI02PPUBLSH2021,RA_LIC_UNWIND,278.71372864232563,,,
NI02PPUBLSH2021,RA_LIC_INCLAIM,2039.8422493876442,,,
NI02PPUBLSH2021,RA_LIC_RELEASE_PY,-1261.598707622647,,,
NI02PPUBLSH2021,RA_LIC_DEREC,0.0,,,
NI02PPUBLSH2021,RA_LIC_TASSCHG_PY,252.94556417191504,,,
NI02PPUBLSH2021,RA_LIC_FASSCHG_PY,0.0,,,
NI02PPUBLSH2021,RA_LIC_CLO,3118.44887137255,,,
NI02PPUBLSH2022,PVFC_LIC_UNWIND,0.0,,,
NI02PPUBLSH2022,PVFC_LIC_EXP_CLAIM_CF_CY,0.0,,,
NI02PPUBLSH2022,PVFC_LIC_EXP_ATTEXP_CY,0.0,,,
NI02PPUBLSH2022,PVFC_LIC_EXP_CLAIM_CF_PY,-4610.981789402384,,,
NI02PPUBLSH2022,PVFC_LIC_EXP_ATTEXP_PY,0.0,,,
NI02PPUBLSH2022,RA_LIC_OP,1888.257829897339,,,
NI02PPUBLSH2022,RA_LIC_UNWIND,290.9980557320472,,,
NI02PPUBLSH2022,RA_LIC_INCLAIM,2129.748439244077,,,
NI02PPUBLSH2022,RA_LIC_RELEASE_PY,-1317.2037589270813,,,
NI02PPUBLSH2022,RA_LIC_DEREC,0.0,,,
NI02PPUBLSH2022,RA_LIC_TASSCHG_PY,264.09415760977015,,,
NI02PPUBLSH2022,RA_LIC_FASSCHG_PY,0.0,,,
NI02PPUBLSH2022,RA_LIC_CLO,3255.8947235561523,,,
NI02PPUBLSH2023,PVFC_LIC_UNWIND,0.0,,,
NI02PPUBLSH2023,PVFC_LIC_EXP_CLAIM_CF_CY,0.0,,,
NI02PPUBLSH2023,PVFC_LIC_EXP_ATTEXP_CY,0.0,,,
NI02PPUBLSH2023,PVFC_LIC_EXP_CLAIM_CF_PY,-18273.655758517925,,,
NI02PPUBLSH2023,PVFC_LIC_EXP_ATTEXP_PY,0.0,,,
NI02PPUBLSH2023,RA_LIC_OP,1460.9568690330022,,,
NI02PPUBLSH2023,RA_LIC_UNWIND,225.14701205825088,,,
NI02PPUBLSH2023,RA_LIC_INCLAIM,1647.7996608096228,,,
NI02PPUBLSH2023,RA_LIC_RELEASE_PY,-1019.12876994411,,,
NI02PPUBLSH2023,RA_LIC_DEREC,0.0,,,
NI02PPUBLSH2023,RA_LIC_TASSCHG_PY,204.33129815352328,,,
NI02PPUBLSH2023,RA_LIC_FASSCHG_PY,0.0,,,
NI02PPUBLSH2023,RA_LIC_CLO,2519.106070110289,,,
NI02PPUBLSH2024,PVFC_LIC_UNWIND,0.0,,,
NI02PPUBLSH2024,PVFC_LIC_EXP_CLAIM_CF_CY,0.0,,,
NI02PPUBLSH2024,PVFC_LIC_EXP_ATTEXP_CY,0.0,,,
NI02PPUBLSH2024,PVFC_LIC_EXP_CLAIM_CF_PY,-93158.37982924214,,,
NI02PPUBLSH2024,PVFC_LIC_EXP_ATTEXP_PY,0.0,,,
NI02PPUBLSH2024,RA_LIC_OP,3679.2745566093804,,,
NI02PPUBLSH2024,RA_LIC_UNWIND,567.0103550085263,,,
NI02PPUBLSH2024,RA_LIC_INCLAIM,4149.819542872117,,,
NI02PPUBLSH2024,RA_LIC_RELEASE_PY,-2566.574436688094,,,
NI02PPUBLSH2024,RA_LIC_DEREC,0.0,,,
NI02PPUBLSH2024,RA_LIC_TASSCHG_PY,514.588050031093,,,
NI02PPUBLSH2024,RA_LIC_FASSCHG_PY,0.0,,,
NI02PPUBLSH2024,RA_LIC_CLO,6344.118067833024,,,
NI02PPUBLSH2025,PVFC_LIC_UNWIND,0.0,,,
NI02PPUBLSH2025,PVFC_LIC_EXP_CLAIM_CF_CY,0.0,,,
NI02PPUBLSH2025,PVFC_LIC_EXP_ATTEXP_CY,0.0,,,
NI02PPUBLSH2025,PVFC_LIC_EXP_CLAIM_CF_PY,0.0,,,
NI02PPUBLSH2025,PVFC_LIC_EXP_ATTEXP_PY,0.0,,,
NI02PPUBLSH2025,RA_LIC_OP,0.0,,,
NI02PPUBLSH2025,RA_LIC_UNWIND,0.0,,,
NI02PPUBLSH2025,RA_LIC_INCLAIM,0.0,,,
NI02PPUBLSH2025,RA_LIC_RELEASE_PY,0.0,,,
NI02PPUBLSH2025,RA_LIC_DEREC,0.0,,,
NI02PPUBLSH2025,RA_LIC_TASSCHG_PY,0.0,,,
NI02PPUBLSH2025,RA_LIC_FASSCHG_PY,0.0,,,
NI02PPUBLSH2025,RA_LIC_CLO,0.0,,,
NI02PPUBLSH2013,RA_LIC_RELEASE_CY,0.0,,,
NI02PPUBLSH2014,RA_LIC_RELEASE_CY,0.0,,,
NI02PPUBLSH2015,RA_LIC_RELEASE_CY,0.0,,,
NI02PPUBLSH2016,RA_LIC_RELEASE_CY,0.0,,,
NI02PPUBLSH2017,RA_LIC_RELEASE_CY,0.0,,,
NI02PPUBLSH2018,RA_LIC_RELEASE_CY,0.0,,,
NI02PPUBLSH2019,RA_LIC_RELEASE_CY,0.0,,,
NI02PPUBLSH2020,RA_LIC_RELEASE_CY,0.0,,,
NI02PPUBLSH2021,RA_LIC_RELEASE_CY,0.0,,,
NI02PPUBLSH2022,RA_LIC_RELEASE_CY,0.0,,,
NI02PPUBLSH2023,RA_LIC_RELEASE_CY,0.0,,,
NI02PPUBLSH2024,RA_LIC_RELEASE_CY,0.0,,,
NI02PPUBLSH2025,RA_LIC_RELEASE_CY,0.0,,,
NI02PPUBLSH2013,RA_LIC_FEXPVAR_CY,0.0,,,
NI02PPUBLSH2014,RA_LIC_FEXPVAR_CY,0.0,,,
NI02PPUBLSH2015,RA_LIC_FEXPVAR_CY,0.0,,,
NI02PPUBLSH2016,RA_LIC_FEXPVAR_CY,0.0,,,
NI02PPUBLSH2017,RA_LIC_FEXPVAR_CY,0.0,,,
NI02PPUBLSH2018,RA_LIC_FEXPVAR_CY,0.0,,,
NI02PPUBLSH2019,RA_LIC_FEXPVAR_CY,0.0,,,
NI02PPUBLSH2020,RA_LIC_FEXPVAR_CY,0.0,,,
NI02PPUBLSH2021,RA_LIC_FEXPVAR_CY,0.0,,,
NI02PPUBLSH2022,RA_LIC_FEXPVAR_CY,0.0,,,
NI02PPUBLSH2023,RA_LIC_FEXPVAR_CY,0.0,,,
NI02PPUBLSH2024,RA_LIC_FEXPVAR_CY,0.0,,,
NI02PPUBLSH2025,RA_LIC_FEXPVAR_CY,0.0,,,
NI02PPUBLSH2013,DA_LIC_OP,0.0,,,
NI02PPUBLSH2014,DA_LIC_OP,0.0,,,
NI02PPUBLSH2015,DA_LIC_OP,0.0,,,
NI02PPUBLSH2016,DA_LIC_OP,0.0,,,
NI02PPUBLSH2017,DA_LIC_OP,0.0,,,
NI02PPUBLSH2018,DA_LIC_OP,0.0,,,
NI02PPUBLSH2019,DA_LIC_OP,0.0,,,
NI02PPUBLSH2020,DA_LIC_OP,0.0,,,
NI02PPUBLSH2021,DA_LIC_OP,0.0,,,
NI02PPUBLSH2022,DA_LIC_OP,0.0,,,
NI02PPUBLSH2023,DA_LIC_OP,0.0,,,
NI02PPUBLSH2024,DA_LIC_OP,0.0,,,
NI02PPUBLSH2025,DA_LIC_OP,0.0,,,
NI02PPUBLSH2013,DA_LIC_INCLAIM_INCEXP,0.0,,,
NI02PPUBLSH2014,DA_LIC_INCLAIM_INCEXP,0.0,,,
NI02PPUBLSH2015,DA_LIC_INCLAIM_INCEXP,0.0,,,
NI02PPUBLSH2016,DA_LIC_INCLAIM_INCEXP,0.0,,,
NI02PPUBLSH2017,DA_LIC_INCLAIM_INCEXP,0.0,,,
NI02PPUBLSH2018,DA_LIC_INCLAIM_INCEXP,0.0,,,
NI02PPUBLSH2019,DA_LIC_INCLAIM_INCEXP,0.0,,,
NI02PPUBLSH2020,DA_LIC_INCLAIM_INCEXP,0.0,,,
NI02PPUBLSH2021,DA_LIC_INCLAIM_INCEXP,0.0,,,
NI02PPUBLSH2022,DA_LIC_INCLAIM_INCEXP,0.0,,,
NI02PPUBLSH2023,DA_LIC_INCLAIM_INCEXP,0.0,,,
NI02PPUBLSH2024,DA_LIC_INCLAIM_INCEXP,0.0,,,
NI02PPUBLSH2025,DA_LIC_INCLAIM_INCEXP,0.0,,,
NI02PPUBLSH2013,DA_LIC_CHG,0.0,,,
NI02PPUBLSH2014,DA_LIC_CHG,0.0,,,
NI02PPUBLSH2015,DA_LIC_CHG,0.0,,,
NI02PPUBLSH2016,DA_LIC_CHG,0.0,,,
NI02PPUBLSH2017,DA_LIC_CHG,0.0,,,
NI02PPUBLSH2018,DA_LIC_CHG,0.0,,,
NI02PPUBLSH2019,DA_LIC_CHG,0.0,,,
NI02PPUBLSH2020,DA_LIC_CHG,0.0,,,
NI02PPUBLSH2021,DA_LIC_CHG,0.0,,,
NI02PPUBLSH2022,DA_LIC_CHG,0.0,,,
NI02PPUBLSH2023,DA_LIC_CHG,0.0,,,
NI02PPUBLSH2024,DA_LIC_CHG,0.0,,,
NI02PPUBLSH2025,DA_LIC_CHG,0.0,,,
NI02PPUBLSH2013,DA_LIC_CLO,0.0,,,
NI02PPUBLSH2014,DA_LIC_CLO,0.0,,,
NI02PPUBLSH2015,DA_LIC_CLO,0.0,,,
NI02PPUBLSH2016,DA_LIC_CLO,0.0,,,
NI02PPUBLSH2017,DA_LIC_CLO,0.0,,,
NI02PPUBLSH2018,DA_LIC_CLO,0.0,,,
NI02PPUBLSH2019,DA_LIC_CLO,0.0,,,
NI02PPUBLSH2020,DA_LIC_CLO,0.0,,,
NI02PPUBLSH2021,DA_LIC_CLO,0.0,,,
NI02PPUBLSH2022,DA_LIC_CLO,0.0,,,
NI02PPUBLSH2023,DA_LIC_CLO,0.0,,,
NI02PPUBLSH2024,DA_LIC_CLO,0.0,,,
NI02PPUBLSH2025,DA_LIC_CLO,0.0,,,
NI02PPRIVPF2013,PVFC_LIC_UNWIND,0.0,0.0,0.0,0.0
NI02PPRIVPF2013,PVFC_LIC_EXP_CLAIM_CF_CY,0.0,0.0,0.0,-1.0
NI02PPRIVPF2013,PVFC_LIC_EXP_ATTEXP_CY,0.0,0.0,0.0,0.0
NI02PPRIVPF2013,PVFC_LIC_EXP_CLAIM_CF_PY,0.0,0.0,0.0,0.0
NI02PPRIVPF2013,PVFC_LIC_EXP_ATTEXP_PY,0.0,0.0,0.0,0.0
NI02PPRIVPF2013,RA_LIC_OP,0.0,0.0,0.0,0.0
NI02PPRIVPF2013,RA_LIC_UNWIND,0.0,0.0,0.0,0.0
NI02PPRIVPF2013,RA_LIC_INCLAIM,0.0,0.0,0.0,0.0
NI02PPRIVPF2013,RA_LIC_RELEASE_PY,0.0,0.0,0.0,0.0
NI02PPRIVPF2013,RA_LIC_DEREC,0.0,0.0,0.0,0.0
NI02PPRIVPF2013,RA_LIC_TASSCHG_PY,0.0,0.0,0.0,0.0
NI02PPRIVPF2013,RA_LIC_FASSCHG_PY,0.0,0.0,0.0,0.0
NI02PPRIVPF2013,RA_LIC_CLO,0.0,0.0,0.0,0.0
NI02PPRIVPF2014,PVFC_LIC_UNWIND,0.0,0.0,0.0,0.0
NI02PPRIVPF2014,PVFC_LIC_EXP_CLAIM_CF_CY,0.0,0.0,0.0,0.0
NI02PPRIVPF2014,PVFC_LIC_EXP_ATTEXP_CY,0.0,0.0,0.0,0.0
NI02PPRIVPF2014,PVFC_LIC_EXP_CLAIM_CF_PY,0.0,0.0,0.0,0.0
NI02PPRIVPF2014,PVFC_LIC_EXP_ATTEXP_PY,0.0,0.0,0.0,0.0
NI02PPRIVPF2014,RA_LIC_OP,0.0,0.0,0.0,0.0
NI02PPRIVPF2014,RA_LIC_UNWIND,0.0,0.0,0.0,0.0
NI02PPRIVPF2014,RA_LIC_INCLAIM,0.0,0.0,0.0,0.0
NI02PPRIVPF2014,RA_LIC_RELEASE_PY,0.0,0.0,0.0,0.0
NI02PPRIVPF2014,RA_LIC_DEREC,0.0,0.0,0.0,0.0
NI02PPRIVPF2014,RA_LIC_TASSCHG_PY,0.0,0.0,0.0,0.0
NI02PPRIVPF2014,RA_LIC_FASSCHG_PY,0.0,0.0,0.0,0.0
NI02PPRIVPF2014,RA_LIC_CLO,0.0,0.0,0.0,0.0
NI02PPRIVPF2015,PVFC_LIC_UNWIND,0.0,0.0,0.0,0.0
NI02PPRIVPF2015,PVFC_LIC_EXP_CLAIM_CF_CY,0.0,0.0,0.0,0.0
NI02PPRIVPF2015,PVFC_LIC_EXP_ATTEXP_CY,0.0,0.0,0.0,0.0
NI02PPRIVPF2015,PVFC_LIC_EXP_CLAIM_CF_PY,0.0,0.0,0.0,0.0
NI02PPRIVPF2015,PVFC_LIC_EXP_ATTEXP_PY,0.0,0.0,0.0,0.0
NI02PPRIVPF2015,RA_LIC_OP,0.0,0.0,0.0,0.0
NI02PPRIVPF2015,RA_LIC_UNWIND,0.0,0.0,0.0,0.0
NI02PPRIVPF2015,RA_LIC_INCLAIM,0.0,0.0,0.0,0.0
NI02PPRIVPF2015,RA_LIC_RELEASE_PY,0.0,0.0,0.0,0.0
NI02PPRIVPF2015,RA_LIC_DEREC,0.0,0.0,0.0,0.0
NI02PPRIVPF2015,RA_LIC_TASSCHG_PY,0.0,0.0,0.0,0.0
NI02PPRIVPF2015,RA_LIC_FASSCHG_PY,0.0,0.0,0.0,0.0
NI02PPRIVPF2015,RA_LIC_CLO,0.0,0.0,0.0,0.0
NI02PPRIVPF2016,PVFC_LIC_UNWIND,0.0,0.0,0.0,0.0
NI02PPRIVPF2016,PVFC_LIC_EXP_CLAIM_CF_CY,0.0,0.0,0.0,0.0
NI02PPRIVPF2016,PVFC_LIC_EXP_ATTEXP_CY,0.0,0.0,0.0,0.0
NI02PPRIVPF2016,PVFC_LIC_EXP_CLAIM_CF_PY,0.0,0.0,0.0,0.0
NI02PPRIVPF2016,PVFC_LIC_EXP_ATTEXP_PY,0.0,0.0,0.0,0.0
NI02PPRIVPF2016,RA_LIC_OP,0.0,0.0,0.0,0.0
NI02PPRIVPF2016,RA_LIC_UNWIND,0.0,0.0,0.0,0.0
NI02PPRIVPF2016,RA_LIC_INCLAIM,0.0,0.0,0.0,0.0
NI02PPRIVPF2016,RA_LIC_RELEASE_PY,0.0,0.0,0.0,0.0
NI02PPRIVPF2016,RA_LIC_DEREC,0.0,0.0,0.0,0.0
NI02PPRIVPF2016,RA_LIC_TASSCHG_PY,0.0,0.0,0.0,0.0
NI02PPRIVPF2016,RA_LIC_FASSCHG_PY,0.0,0.0,0.0,0.0
NI02PPRIVPF2016,RA_LIC_CLO,0.0,0.0,0.0,0.0
NI02PPRIVPF2017,PVFC_LIC_UNWIND,0.0,0.0,0.0,0.0
NI02PPRIVPF2017,PVFC_LIC_EXP_CLAIM_CF_CY,0.0,0.0,0.0,0.0
NI02PPRIVPF2017,PVFC_LIC_EXP_ATTEXP_CY,0.0,0.0,0.0,0.0
NI02PPRIVPF2017,PVFC_LIC_EXP_CLAIM_CF_PY,0.0,0.0,0.0,0.0
NI02PPRIVPF2017,PVFC_LIC_EXP_ATTEXP_PY,0.0,0.0,0.0,0.0
NI02PPRIVPF2017,RA_LIC_OP,0.0,0.0,0.0,0.0
NI02PPRIVPF2017,RA_LIC_UNWIND,0.0,0.0,0.0,0.0
NI02PPRIVPF2017,RA_LIC_INCLAIM,0.0,0.0,0.0,0.0
NI02PPRIVPF2017,RA_LIC_RELEASE_PY,0.0,0.0,0.0,0.0
NI02PPRIVPF2017,RA_LIC_DEREC,0.0,0.0,0.0,0.0
NI02PPRIVPF2017,RA_LIC_TASSCHG_PY,0.0,0.0,0.0,0.0
NI02PPRIVPF2017,RA_LIC_FASSCHG_PY,0.0,0.0,0.0,0.0
NI02PPRIVPF2017,RA_LIC_CLO,0.0,0.0,0.0,0.0
NI02PPRIVPF2018,PVFC_LIC_UNWIND,0.0,0.0,0.0,0.0
NI02PPRIVPF2018,PVFC_LIC_EXP_CLAIM_CF_CY,0.0,0.0,0.0,0.0
NI02PPRIVPF2018,PVFC_LIC_EXP_ATTEXP_CY,0.0,0.0,0.0,0.0
NI02PPRIVPF2018,PVFC_LIC_EXP_CLAIM_CF_PY,0.0,0.0,0.0,0.0
NI02PPRIVPF2018,PVFC_LIC_EXP_ATTEXP_PY,0.0,0.0,0.0,0.0
NI02PPRIVPF2018,RA_LIC_OP,0.0,0.0,0.0,0.0
NI02PPRIVPF2018,RA_LIC_UNWIND,0.0,0.0,0.0,0.0
NI02PPRIVPF2018,RA_LIC_INCLAIM,0.0,0.0,0.0,0.0
NI02PPRIVPF2018,RA_LIC_RELEASE_PY,0.0,0.0,0.0,0.0
NI02PPRIVPF2018,RA_LIC_DEREC,0.0,0.0,0.0,0.0
NI02PPRIVPF2018,RA_LIC_TASSCHG_PY,0.0,0.0,0.0,0.0
NI02PPRIVPF2018,RA_LIC_FASSCHG_PY,0.0,0.0,0.0,0.0
NI02PPRIVPF2018,RA_LIC_CLO,0.0,0.0,0.0,0.0
NI02PPRIVPF2019,PVFC_LIC_UNWIND,0.0,0.0,0.0,0.0
NI02PPRIVPF2019,PVFC_LIC_EXP_CLAIM_CF_CY,0.0,0.0,0.0,0.0
NI02PPRIVPF2019,PVFC_LIC_EXP_ATTEXP_CY,0.0,0.0,0.0,0.0
NI02PPRIVPF2019,PVFC_LIC_EXP_CLAIM_CF_PY,2.1584709416563115,0.0,0.0,0.0
NI02PPRIVPF2019,PVFC_LIC_EXP_ATTEXP_PY,0.0,0.0,0.0,0.0
NI02PPRIVPF2019,RA_LIC_OP,-0.050991862024639206,0.0,0.0,0.0
NI02PPRIVPF2019,RA_LIC_UNWIND,-0.002424734265113064,0.0,0.0,0.0
NI02PPRIVPF2019,RA_LIC_INCLAIM,-0.051574013157510326,0.0,0.0,0.0
NI02PPRIVPF2019,RA_LIC_RELEASE_PY,0.05055085471241255,0.0,0.0,0.0
NI02PPRIVPF2019,RA_LIC_DEREC,0.0,0.0,0.0,0.0
NI02PPRIVPF2019,RA_LIC_TASSCHG_PY,-0.017163721975485203,0.0,0.0,0.0
NI02PPRIVPF2019,RA_LIC_FASSCHG_PY,0.0,0.0,0.0,0.0
NI02PPRIVPF2019,RA_LIC_CLO,-0.07160347671033528,0.0,0.0,0.0
NI02PPRIVPF2020,PVFC_LIC_UNWIND,0.0,0.0,0.0,0.0
NI02PPRIVPF2020,PVFC_LIC_EXP_CLAIM_CF_CY,0.0,0.0,0.0,0.0
NI02PPRIVPF2020,PVFC_LIC_EXP_ATTEXP_CY,0.0,0.0,0.0,0.0
NI02PPRIVPF2020,PVFC_LIC_EXP_CLAIM_CF_PY,290.7019505169232,0.0,0.0,0.0
NI02PPRIVPF2020,PVFC_LIC_EXP_ATTEXP_PY,0.0,0.0,0.0,0.0
NI02PPRIVPF2020,RA_LIC_OP,-6.867765309644553,0.0,0.0,0.0
NI02PPRIVPF2020,RA_LIC_UNWIND,-0.3265718334232138,0.0,0.0,0.0
NI02PPRIVPF2020,RA_LIC_INCLAIM,-6.946171494407344,0.0,0.0,0.0
NI02PPRIVPF2020,RA_LIC_RELEASE_PY,6.808368876567713,0.0,0.0,0.0
NI02PPRIVPF2020,RA_LIC_DEREC,0.0,0.0,0.0,0.0
NI02PPRIVPF2020,RA_LIC_TASSCHG_PY,-2.3116711115719486,0.0,0.0,0.0
NI02PPRIVPF2020,RA_LIC_FASSCHG_PY,0.0,0.0,0.0,0.0
NI02PPRIVPF2020,RA_LIC_CLO,-9.643810872479344,0.0,0.0,0.0
NI02PPRIVPF2021,PVFC_LIC_UNWIND,0.0,0.0,0.0,0.0
NI02PPRIVPF2021,PVFC_LIC_EXP_CLAIM_CF_CY,0.0,0.0,0.0,0.0
NI02PPRIVPF2021,PVFC_LIC_EXP_ATTEXP_CY,0.0,0.0,0.0,0.0
NI02PPRIVPF2021,PVFC_LIC_EXP_CLAIM_CF_PY,10566.35697059677,0.0,0.0,0.0
NI02PPRIVPF2021,PVFC_LIC_EXP_ATTEXP_PY,0.0,0.0,0.0,0.0
NI02PPRIVPF2021,RA_LIC_OP,-250.06966402552945,0.0,0.0,0.0
NI02PPRIVPF2021,RA_LIC_UNWIND,-11.891161823724419,0.0,0.0,0.0
NI02PPRIVPF2021,RA_LIC_INCLAIM,-252.9245968016421,0.0,0.0,0.0
NI02PPRIVPF2021,RA_LIC_RELEASE_PY,247.90691597079004,0.0,0.0,0.0
NI02PPRIVPF2021,RA_LIC_DEREC,0.0,0.0,0.0,0.0
NI02PPRIVPF2021,RA_LIC_TASSCHG_PY,-84.1727683088574,0.0,0.0,0.0
NI02PPRIVPF2021,RA_LIC_FASSCHG_PY,0.0,0.0,0.0,0.0
NI02PPRIVPF2021,RA_LIC_CLO,-351.15127498896334,0.0,0.0,0.0
NI02PPRIVPF2022,PVFC_LIC_UNWIND,0.0,0.0,0.0,0.0
NI02PPRIVPF2022,PVFC_LIC_EXP_CLAIM_CF_CY,0.0,0.0,0.0,0.0
NI02PPRIVPF2022,PVFC_LIC_EXP_ATTEXP_CY,0.0,0.0,0.0,0.0
NI02PPRIVPF2022,PVFC_LIC_EXP_CLAIM_CF_PY,85695.47373946996,0.0,0.0,0.0
NI02PPRIVPF2022,PVFC_LIC_EXP_ATTEXP_PY,0.0,0.0,0.0,0.0
NI02PPRIVPF2022,RA_LIC_OP,-2041.107492526293,0.0,0.0,0.0
NI02PPRIVPF2022,RA_LIC_UNWIND,-97.05751230492602,0.0,0.0,0.0
NI02PPRIVPF2022,RA_LIC_INCLAIM,-2064.4098978887755,0.0,0.0,0.0
NI02PPRIVPF2022,RA_LIC_RELEASE_PY,2023.4548065190672,0.0,0.0,0.0
NI02PPRIVPF2022,RA_LIC_DEREC,0.0,0.0,0.0,0.0
NI02PPRIVPF2022,RA_LIC_TASSCHG_PY,-687.0312268038599,0.0,0.0,0.0
NI02PPRIVPF2022,RA_LIC_FASSCHG_PY,0.0,0.0,0.0,0.0
NI02PPRIVPF2022,RA_LIC_CLO,-2866.1513230047867,0.0,0.0,0.0
NI02PPRIVPF2023,PVFC_LIC_UNWIND,0.0,0.0,0.0,0.0
NI02PPRIVPF2023,PVFC_LIC_EXP_CLAIM_CF_CY,0.0,0.0,0.0,0.0
NI02PPRIVPF2023,PVFC_LIC_EXP_ATTEXP_CY,0.0,0.0,0.0,0.0
NI02PPRIVPF2023,PVFC_LIC_EXP_CLAIM_CF_PY,148405.1308207182,0.0,0.0,0.0
NI02PPRIVPF2023,PVFC_LIC_EXP_ATTEXP_PY,0.0,0.0,0.0,0.0
NI02PPRIVPF2023,RA_LIC_OP,-3572.1408181248767,0.0,0.0,0.0
NI02PPRIVPF2023,RA_LIC_UNWIND,-169.86028549675592,0.0,0.0,0.0
NI02PPRIVPF2023,RA_LIC_INCLAIM,-3612.9223417146945,0.0,0.0,0.0
NI02PPRIVPF2023,RA_LIC_RELEASE_PY,3541.2468644909573,0.0,0.0,0.0
NI02PPRIVPF2023,RA_LIC_DEREC,0.0,0.0,0.0,0.0
NI02PPRIVPF2023,RA_LIC_TASSCHG_PY,-1202.37287726328,0.0,0.0,0.0
NI02PPRIVPF2023,RA_LIC_FASSCHG_PY,0.0,0.0,0.0,0.0
NI02PPRIVPF2023,RA_LIC_CLO,-5016.0494581086505,0.0,0.0,0.0
NI02PPRIVPF2024,PVFC_LIC_UNWIND,0.0,0.0,0.0,0.0
NI02PPRIVPF2024,PVFC_LIC_EXP_CLAIM_CF_CY,0.0,0.0,0.0,0.0
NI02PPRIVPF2024,PVFC_LIC_EXP_ATTEXP_CY,0.0,0.0,0.0,0.0
NI02PPRIVPF2024,PVFC_LIC_EXP_CLAIM_CF_PY,181724.23432710016,0.0,0.0,0.0
NI02PPRIVPF2024,PVFC_LIC_EXP_ATTEXP_PY,0.0,0.0,0.0,0.0
NI02PPRIVPF2024,RA_LIC_OP,-4523.233589294269,0.0,0.0,0.0
NI02PPRIVPF2024,RA_LIC_UNWIND,-215.08607525986432,0.0,0.0,0.0
NI02PPRIVPF2024,RA_LIC_INCLAIM,-4574.8733108830975,0.0,0.0,0.0
NI02PPRIVPF2024,RA_LIC_RELEASE_PY,4484.114031612218,0.0,0.0,0.0
NI02PPRIVPF2024,RA_LIC_DEREC,0.0,0.0,0.0,0.0
NI02PPRIVPF2024,RA_LIC_TASSCHG_PY,-1522.508115497125,0.0,0.0,0.0
NI02PPRIVPF2024,RA_LIC_FASSCHG_PY,0.0,0.0,0.0,0.0
NI02PPRIVPF2024,RA_LIC_CLO,-6351.587059322139,0.0,0.0,0.0
NI02PPRIVPF2025,PVFC_LIC_UNWIND,0.0,0.0,0.0,0.0
NI02PPRIVPF2025,PVFC_LIC_EXP_CLAIM_CF_CY,0.0,0.0,0.0,0.0
NI02PPRIVPF2025,PVFC_LIC_EXP_ATTEXP_CY,0.0,0.0,0.0,0.0
NI02PPRIVPF2025,PVFC_LIC_EXP_CLAIM_CF_PY,0.0,0.0,0.0,0.0
NI02PPRIVPF2025,PVFC_LIC_EXP_ATTEXP_PY,0.0,0.0,0.0,0.0
NI02PPRIVPF2025,RA_LIC_OP,0.0,0.0,0.0,0.0
NI02PPRIVPF2025,RA_LIC_UNWIND,0.0,0.0,0.0,0.0
NI02PPRIVPF2025,RA_LIC_INCLAIM,0.0,0.0,0.0,0.0
NI02PPRIVPF2025,RA_LIC_RELEASE_PY,0.0,0.0,0.0,0.0
NI02PPRIVPF2025,RA_LIC_DEREC,0.0,0.0,0.0,0.0
NI02PPRIVPF2025,RA_LIC_TASSCHG_PY,0.0,0.0,0.0,0.0
NI02PPRIVPF2025,RA_LIC_FASSCHG_PY,0.0,0.0,0.0,0.0
NI02PPRIVPF2025,RA_LIC_CLO,0.0,0.0,0.0,0.0
NI02PPRIVPF2013,RA_LIC_RELEASE_CY,0.0,0.0,0.0,0.0
NI02PPRIVPF2014,RA_LIC_RELEASE_CY,0.0,0.0,0.0,0.0
NI02PPRIVPF2015,RA_LIC_RELEASE_CY,0.0,0.0,0.0,0.0
NI02PPRIVPF2016,RA_LIC_RELEASE_CY,0.0,0.0,0.0,0.0
NI02PPRIVPF2017,RA_LIC_RELEASE_CY,0.0,0.0,0.0,0.0
NI02PPRIVPF2018,RA_LIC_RELEASE_CY,0.0,0.0,0.0,0.0
NI02PPRIVPF2019,RA_LIC_RELEASE_CY,0.0,0.0,0.0,0.0
NI02PPRIVPF2020,RA_LIC_RELEASE_CY,0.0,0.0,0.0,0.0
NI02PPRIVPF2021,RA_LIC_RELEASE_CY,0.0,0.0,0.0,0.0
NI02PPRIVPF2022,RA_LIC_RELEASE_CY,0.0,0.0,0.0,0.0
NI02PPRIVPF2023,RA_LIC_RELEASE_CY,0.0,0.0,0.0,0.0
NI02PPRIVPF2024,RA_LIC_RELEASE_CY,0.0,0.0,0.0,0.0
NI02PPRIVPF2025,RA_LIC_RELEASE_CY,0.0,0.0,0.0,0.0
NI02PPRIVPF2013,RA_LIC_FEXPVAR_CY,0.0,0.0,0.0,0.0
NI02PPRIVPF2014,RA_LIC_FEXPVAR_CY,0.0,0.0,0.0,0.0
NI02PPRIVPF2015,RA_LIC_FEXPVAR_CY,0.0,0.0,0.0,0.0
NI02PPRIVPF2016,RA_LIC_FEXPVAR_CY,0.0,0.0,0.0,0.0
NI02PPRIVPF2017,RA_LIC_FEXPVAR_CY,0.0,0.0,0.0,0.0
NI02PPRIVPF2018,RA_LIC_FEXPVAR_CY,0.0,0.0,0.0,0.0
NI02PPRIVPF2019,RA_LIC_FEXPVAR_CY,0.0,0.0,0.0,0.0
NI02PPRIVPF2020,RA_LIC_FEXPVAR_CY,0.0,0.0,0.0,0.0
NI02PPRIVPF2021,RA_LIC_FEXPVAR_CY,0.0,0.0,0.0,0.0
NI02PPRIVPF2022,RA_LIC_FEXPVAR_CY,0.0,0.0,0.0,0.0
NI02PPRIVPF2023,RA_LIC_FEXPVAR_CY,0.0,0.0,0.0,0.0
NI02PPRIVPF2024,RA_LIC_FEXPVAR_CY,0.0,0.0,0.0,0.0
NI02PPRIVPF2025,RA_LIC_FEXPVAR_CY,0.0,0.0,0.0,0.0
NI02PPRIVPF2013,DA_LIC_OP,0.0,0.0,0.0,0.0
NI02PPRIVPF2014,DA_LIC_OP,0.0,0.0,0.0,0.0
NI02PPRIVPF2015,DA_LIC_OP,0.0,0.0,0.0,0.0
NI02PPRIVPF2016,DA_LIC_OP,0.0,0.0,0.0,0.0
NI02PPRIVPF2017,DA_LIC_OP,0.0,0.0,0.0,0.0
NI02PPRIVPF2018,DA_LIC_OP,0.0,0.0,0.0,0.0
NI02PPRIVPF2019,DA_LIC_OP,0.0,0.0,0.0,0.0
NI02PPRIVPF2020,DA_LIC_OP,0.0,0.0,0.0,0.0
NI02PPRIVPF2021,DA_LIC_OP,0.0,0.0,0.0,0.0
NI02PPRIVPF2022,DA_LIC_OP,0.0,0.0,0.0,0.0
NI02PPRIVPF2023,DA_LIC_OP,0.0,0.0,0.0,0.0
NI02PPRIVPF2024,DA_LIC_OP,0.0,0.0,0.0,0.0
NI02PPRIVPF2025,DA_LIC_OP,0.0,0.0,0.0,0.0
NI02PPRIVPF2013,DA_LIC_INCLAIM_INCEXP,0.0,0.0,0.0,0.0
NI02PPRIVPF2014,DA_LIC_INCLAIM_INCEXP,0.0,0.0,0.0,0.0
NI02PPRIVPF2015,DA_LIC_INCLAIM_INCEXP,0.0,0.0,0.0,0.0
NI02PPRIVPF2016,DA_LIC_INCLAIM_INCEXP,0.0,0.0,0.0,0.0
NI02PPRIVPF2017,DA_LIC_INCLAIM_INCEXP,0.0,0.0,0.0,0.0
NI02PPRIVPF2018,DA_LIC_INCLAIM_INCEXP,0.0,0.0,0.0,0.0
NI02PPRIVPF2019,DA_LIC_INCLAIM_INCEXP,0.0,0.0,0.0,0.0
NI02PPRIVPF2020,DA_LIC_INCLAIM_INCEXP,0.0,0.0,0.0,0.0
NI02PPRIVPF2021,DA_LIC_INCLAIM_INCEXP,0.0,0.0,0.0,0.0
NI02PPRIVPF2022,DA_LIC_INCLAIM_INCEXP,0.0,0.0,0.0,0.0
NI02PPRIVPF2023,DA_LIC_INCLAIM_INCEXP,0.0,0.0,0.0,0.0
NI02PPRIVPF2024,DA_LIC_INCLAIM_INCEXP,0.0,0.0,0.0,0.0
NI02PPRIVPF2025,DA_LIC_INCLAIM_INCEXP,0.0,0.0,0.0,0.0
NI02PPRIVPF2013,DA_LIC_CHG,0.0,0.0,0.0,0.0
NI02PPRIVPF2014,DA_LIC_CHG,0.0,0.0,0.0,0.0
NI02PPRIVPF2015,DA_LIC_CHG,0.0,0.0,0.0,0.0
NI02PPRIVPF2016,DA_LIC_CHG,0.0,0.0,0.0,0.0
NI02PPRIVPF2017,DA_LIC_CHG,0.0,0.0,0.0,0.0
NI02PPRIVPF2018,DA_LIC_CHG,0.0,0.0,0.0,0.0
NI02PPRIVPF2019,DA_LIC_CHG,0.0,0.0,0.0,0.0
NI02PPRIVPF2020,DA_LIC_CHG,0.0,0.0,0.0,0.0
NI02PPRIVPF2021,DA_LIC_CHG,0.0,0.0,0.0,0.0
NI02PPRIVPF2022,DA_LIC_CHG,0.0,0.0,0.0,0.0
NI02PPRIVPF2023,DA_LIC_CHG,0.0,0.0,0.0,0.0
NI02PPRIVPF2024,DA_LIC_CHG,0.0,0.0,0.0,0.0
NI02PPRIVPF2025,DA_LIC_CHG,0.0,0.0,0.0,0.0
NI02PPRIVPF2013,DA_LIC_CLO,0.0,0.0,0.0,0.0
NI02PPRIVPF2014,DA_LIC_CLO,0.0,0.0,0.0,0.0
NI02PPRIVPF2015,DA_LIC_CLO,0.0,0.0,0.0,0.0
NI02PPRIVPF2016,DA_LIC_CLO,0.0,0.0,0.0,0.0
NI02PPRIVPF2017,DA_LIC_CLO,0.0,0.0,0.0,0.0
NI02PPRIVPF2018,DA_LIC_CLO,0.0,0.0,0.0,0.0
NI02PPRIVPF2019,DA_LIC_CLO,0.0,0.0,0.0,0.0
NI02PPRIVPF2020,DA_LIC_CLO,0.0,0.0,0.0,0.0
NI02PPRIVPF2021,DA_LIC_CLO,0.0,0.0,0.0,0.0
NI02PPRIVPF2022,DA_LIC_CLO,0.0,0.0,0.0,0.0
NI02PPRIVPF2023,DA_LIC_CLO,0.0,0.0,0.0,0.0
NI02PPRIVPF2024,DA_LIC_CLO,0.0,0.0,0.0,0.0
NI02PPRIVPF2025,DA_LIC_CLO,0.0,0.0,0.0,0.0
NI02PPRIVQS2013,PVFC_LIC_UNWIND,0.0,0.0,0.0,0.0
NI02PPRIVQS2013,PVFC_LIC_EXP_CLAIM_CF_CY,0.0,0.0,0.0,-1.0
NI02PPRIVQS2013,PVFC_LIC_EXP_ATTEXP_CY,0.0,0.0,0.0,0.0
NI02PPRIVQS2013,PVFC_LIC_EXP_CLAIM_CF_PY,0.0,0.0,0.0,0.0
NI02PPRIVQS2013,PVFC_LIC_EXP_ATTEXP_PY,0.0,0.0,0.0,0.0
NI02PPRIVQS2013,RA_LIC_OP,0.0,0.0,0.0,0.0
NI02PPRIVQS2013,RA_LIC_UNWIND,0.0,0.0,0.0,0.0
NI02PPRIVQS2013,RA_LIC_INCLAIM,0.0,0.0,0.0,0.0
NI02PPRIVQS2013,RA_LIC_RELEASE_PY,0.0,0.0,0.0,0.0
NI02PPRIVQS2013,RA_LIC_DEREC,0.0,0.0,0.0,0.0
NI02PPRIVQS2013,RA_LIC_TASSCHG_PY,0.0,0.0,0.0,0.0
NI02PPRIVQS2013,RA_LIC_FASSCHG_PY,0.0,0.0,0.0,0.0
NI02PPRIVQS2013,RA_LIC_CLO,0.0,0.0,0.0,0.0
NI02PPRIVQS2014,PVFC_LIC_UNWIND,0.0,0.0,0.0,0.0
NI02PPRIVQS2014,PVFC_LIC_EXP_CLAIM_CF_CY,0.0,0.0,0.0,0.0
NI02PPRIVQS2014,PVFC_LIC_EXP_ATTEXP_CY,0.0,0.0,0.0,0.0
NI02PPRIVQS2014,PVFC_LIC_EXP_CLAIM_CF_PY,0.0,0.0,0.0,0.0
NI02PPRIVQS2014,PVFC_LIC_EXP_ATTEXP_PY,0.0,0.0,0.0,0.0
NI02PPRIVQS2014,RA_LIC_OP,0.0,0.0,0.0,0.0
NI02PPRIVQS2014,RA_LIC_UNWIND,0.0,0.0,0.0,0.0
NI02PPRIVQS2014,RA_LIC_INCLAIM,0.0,0.0,0.0,0.0
NI02PPRIVQS2014,RA_LIC_RELEASE_PY,0.0,0.0,0.0,0.0
NI02PPRIVQS2014,RA_LIC_DEREC,0.0,0.0,0.0,0.0
NI02PPRIVQS2014,RA_LIC_TASSCHG_PY,0.0,0.0,0.0,0.0
NI02PPRIVQS2014,RA_LIC_FASSCHG_PY,0.0,0.0,0.0,0.0
NI02PPRIVQS2014,RA_LIC_CLO,0.0,0.0,0.0,0.0
NI02PPRIVQS2015,PVFC_LIC_UNWIND,0.0,0.0,0.0,0.0
NI02PPRIVQS2015,PVFC_LIC_EXP_CLAIM_CF_CY,0.0,0.0,0.0,0.0
NI02PPRIVQS2015,PVFC_LIC_EXP_ATTEXP_CY,0.0,0.0,0.0,0.0
NI02PPRIVQS2015,PVFC_LIC_EXP_CLAIM_CF_PY,0.0,0.0,0.0,0.0
NI02PPRIVQS2015,PVFC_LIC_EXP_ATTEXP_PY,0.0,0.0,0.0,0.0
NI02PPRIVQS2015,RA_LIC_OP,0.0,0.0,0.0,0.0
NI02PPRIVQS2015,RA_LIC_UNWIND,0.0,0.0,0.0,0.0
NI02PPRIVQS2015,RA_LIC_INCLAIM,0.0,0.0,0.0,0.0
NI02PPRIVQS2015,RA_LIC_RELEASE_PY,0.0,0.0,0.0,0.0
NI02PPRIVQS2015,RA_LIC_DEREC,0.0,0.0,0.0,0.0
NI02PPRIVQS2015,RA_LIC_TASSCHG_PY,0.0,0.0,0.0,0.0
NI02PPRIVQS2015,RA_LIC_FASSCHG_PY,0.0,0.0,0.0,0.0
NI02PPRIVQS2015,RA_LIC_CLO,0.0,0.0,0.0,0.0
NI02PPRIVQS2016,PVFC_LIC_UNWIND,0.0,0.0,0.0,0.0
NI02PPRIVQS2016,PVFC_LIC_EXP_CLAIM_CF_CY,0.0,0.0,0.0,0.0
NI02PPRIVQS2016,PVFC_LIC_EXP_ATTEXP_CY,0.0,0.0,0.0,0.0
NI02PPRIVQS2016,PVFC_LIC_EXP_CLAIM_CF_PY,0.0,0.0,0.0,0.0
NI02PPRIVQS2016,PVFC_LIC_EXP_ATTEXP_PY,0.0,0.0,0.0,0.0
NI02PPRIVQS2016,RA_LIC_OP,0.0,0.0,0.0,0.0
NI02PPRIVQS2016,RA_LIC_UNWIND,0.0,0.0,0.0,0.0
NI02PPRIVQS2016,RA_LIC_INCLAIM,0.0,0.0,0.0,0.0
NI02PPRIVQS2016,RA_LIC_RELEASE_PY,0.0,0.0,0.0,0.0
NI02PPRIVQS2016,RA_LIC_DEREC,0.0,0.0,0.0,0.0
NI02PPRIVQS2016,RA_LIC_TASSCHG_PY,0.0,0.0,0.0,0.0
NI02PPRIVQS2016,RA_LIC_FASSCHG_PY,0.0,0.0,0.0,0.0
NI02PPRIVQS2016,RA_LIC_CLO,0.0,0.0,0.0,0.0
NI02PPRIVQS2017,PVFC_LIC_UNWIND,0.0,0.0,0.0,0.0
NI02PPRIVQS2017,PVFC_LIC_EXP_CLAIM_CF_CY,0.0,0.0,0.0,0.0
NI02PPRIVQS2017,PVFC_LIC_EXP_ATTEXP_CY,0.0,0.0,0.0,0.0
NI02PPRIVQS2017,PVFC_LIC_EXP_CLAIM_CF_PY,0.0,0.0,0.0,0.0
NI02PPRIVQS2017,PVFC_LIC_EXP_ATTEXP_PY,0.0,0.0,0.0,0.0
NI02PPRIVQS2017,RA_LIC_OP,0.0,0.0,0.0,0.0
NI02PPRIVQS2017,RA_LIC_UNWIND,0.0,0.0,0.0,0.0
NI02PPRIVQS2017,RA_LIC_INCLAIM,0.0,0.0,0.0,0.0
NI02PPRIVQS2017,RA_LIC_RELEASE_PY,0.0,0.0,0.0,0.0
NI02PPRIVQS2017,RA_LIC_DEREC,0.0,0.0,0.0,0.0
NI02PPRIVQS2017,RA_LIC_TASSCHG_PY,0.0,0.0,0.0,0.0
NI02PPRIVQS2017,RA_LIC_FASSCHG_PY,0.0,0.0,0.0,0.0
NI02PPRIVQS2017,RA_LIC_CLO,0.0,0.0,0.0,0.0
NI02PPRIVQS2018,PVFC_LIC_UNWIND,0.0,0.0,0.0,0.0
NI02PPRIVQS2018,PVFC_LIC_EXP_CLAIM_CF_CY,0.0,0.0,0.0,0.0
NI02PPRIVQS2018,PVFC_LIC_EXP_ATTEXP_CY,0.0,0.0,0.0,0.0
NI02PPRIVQS2018,PVFC_LIC_EXP_CLAIM_CF_PY,0.0,0.0,0.0,0.0
NI02PPRIVQS2018,PVFC_LIC_EXP_ATTEXP_PY,0.0,0.0,0.0,0.0
NI02PPRIVQS2018,RA_LIC_OP,0.0,0.0,0.0,0.0
NI02PPRIVQS2018,RA_LIC_UNWIND,0.0,0.0,0.0,0.0
NI02PPRIVQS2018,RA_LIC_INCLAIM,0.0,0.0,0.0,0.0
NI02PPRIVQS2018,RA_LIC_RELEASE_PY,0.0,0.0,0.0,0.0
NI02PPRIVQS2018,RA_LIC_DEREC,0.0,0.0,0.0,0.0
NI02PPRIVQS2018,RA_LIC_TASSCHG_PY,0.0,0.0,0.0,0.0
NI02PPRIVQS2018,RA_LIC_FASSCHG_PY,0.0,0.0,0.0,0.0
NI02PPRIVQS2018,RA_LIC_CLO,0.0,0.0,0.0,0.0
NI02PPRIVQS2019,PVFC_LIC_UNWIND,0.0,0.0,0.0,0.0
NI02PPRIVQS2019,PVFC_LIC_EXP_CLAIM_CF_CY,0.0,0.0,0.0,0.0
NI02PPRIVQS2019,PVFC_LIC_EXP_ATTEXP_CY,0.0,0.0,0.0,0.0
NI02PPRIVQS2019,PVFC_LIC_EXP_CLAIM_CF_PY,0.3188446300267794,0.0,0.0,0.0
NI02PPRIVQS2019,PVFC_LIC_EXP_ATTEXP_PY,0.0,0.0,0.0,0.0
NI02PPRIVQS2019,RA_LIC_OP,-0.012817014275007553,0.0,0.0,0.0
NI02PPRIVQS2019,RA_LIC_UNWIND,-0.0005516876639849532,0.0,0.0,0.0
NI02PPRIVQS2019,RA_LIC_INCLAIM,-0.015383849227338176,0.0,0.0,0.0
NI02PPRIVQS2019,RA_LIC_RELEASE_PY,0.012750993708699063,0.0,0.0,0.0
NI02PPRIVQS2019,RA_LIC_DEREC,0.0,0.0,0.0,0.0
NI02PPRIVQS2019,RA_LIC_TASSCHG_PY,-0.00535681708849597,0.0,0.0,0.0
NI02PPRIVQS2019,RA_LIC_FASSCHG_PY,0.0,0.0,0.0,0.0
NI02PPRIVQS2019,RA_LIC_CLO,-0.021358374546127587,0.0,0.0,0.0
NI02PPRIVQS2020,PVFC_LIC_UNWIND,0.0,0.0,0.0,0.0
NI02PPRIVQS2020,PVFC_LIC_EXP_CLAIM_CF_CY,0.0,0.0,0.0,0.0
NI02PPRIVQS2020,PVFC_LIC_EXP_ATTEXP_CY,0.0,0.0,0.0,0.0
NI02PPRIVQS2020,PVFC_LIC_EXP_CLAIM_CF_PY,42.941859476461815,0.0,0.0,0.0
NI02PPRIVQS2020,PVFC_LIC_EXP_ATTEXP_PY,0.0,0.0,0.0,0.0
NI02PPRIVQS2020,RA_LIC_OP,-1.7262410611438876,0.0,0.0,0.0
NI02PPRIVQS2020,RA_LIC_UNWIND,-0.07430325644205596,0.0,0.0,0.0
NI02PPRIVQS2020,RA_LIC_INCLAIM,-2.071951520445831,0.0,0.0,0.0
NI02PPRIVQS2020,RA_LIC_RELEASE_PY,1.717349176497717,0.0,0.0,0.0
NI02PPRIVQS2020,RA_LIC_DEREC,0.0,0.0,0.0,0.0
NI02PPRIVQS2020,RA_LIC_TASSCHG_PY,-0.7214751748564737,0.0,0.0,0.0
NI02PPRIVQS2020,RA_LIC_FASSCHG_PY,0.0,0.0,0.0,0.0
NI02PPRIVQS2020,RA_LIC_CLO,-2.8766218363905316,0.0,0.0,0.0
NI02PPRIVQS2021,PVFC_LIC_UNWIND,0.0,0.0,0.0,0.0
NI02PPRIVQS2021,PVFC_LIC_EXP_CLAIM_CF_CY,0.0,0.0,0.0,0.0
NI02PPRIVQS2021,PVFC_LIC_EXP_ATTEXP_CY,0.0,0.0,0.0,0.0
NI02PPRIVQS2021,PVFC_LIC_EXP_CLAIM_CF_PY,40.913166372950535,0.0,0.0,0.0
NI02PPRIVQS2021,PVFC_LIC_EXP_ATTEXP_PY,0.0,0.0,0.0,0.0
NI02PPRIVQS2021,RA_LIC_OP,-1.6475368597936795,0.0,0.0,0.0
NI02PPRIVQS2021,RA_LIC_UNWIND,-0.0709155613004999,0.0,0.0,0.0
NI02PPRIVQS2021,RA_LIC_INCLAIM,-1.9774854036770764,0.0,0.0,0.0
NI02PPRIVQS2021,RA_LIC_RELEASE_PY,1.6390503812610162,0.0,0.0,0.0
NI02PPRIVQS2021,RA_LIC_DEREC,0.0,0.0,0.0,0.0
NI02PPRIVQS2021,RA_LIC_TASSCHG_PY,-0.688581085665099,0.0,0.0,0.0
NI02PPRIVQS2021,RA_LIC_FASSCHG_PY,0.0,0.0,0.0,0.0
NI02PPRIVQS2021,RA_LIC_CLO,-2.7454685291753385,0.0,0.0,0.0
NI02PPRIVQS2022,PVFC_LIC_UNWIND,0.0,0.0,0.0,0.0
NI02PPRIVQS2022,PVFC_LIC_EXP_CLAIM_CF_CY,0.0,0.0,0.0,0.0
NI02PPRIVQS2022,PVFC_LIC_EXP_ATTEXP_CY,0.0,0.0,0.0,0.0
NI02PPRIVQS2022,PVFC_LIC_EXP_CLAIM_CF_PY,10745.696868818677,0.0,0.0,0.0
NI02PPRIVQS2022,PVFC_LIC_EXP_ATTEXP_PY,0.0,0.0,0.0,0.0
NI02PPRIVQS2022,RA_LIC_OP,-435.1895498459488,0.0,0.0,0.0
NI02PPRIVQS2022,RA_LIC_UNWIND,-18.73203079857172,0.0,0.0,0.0
NI02PPRIVQS2022,RA_LIC_INCLAIM,-522.3439934211436,0.0,0.0,0.0
NI02PPRIVQS2022,RA_LIC_RELEASE_PY,432.9478842040224,0.0,0.0,0.0
NI02PPRIVQS2022,RA_LIC_DEREC,0.0,0.0,0.0,0.0
NI02PPRIVQS2022,RA_LIC_TASSCHG_PY,-181.88563789738575,0.0,0.0,0.0
NI02PPRIVQS2022,RA_LIC_FASSCHG_PY,0.0,0.0,0.0,0.0
NI02PPRIVQS2022,RA_LIC_CLO,-725.2033277590276,0.0,0.0,0.0
NI02PPRIVQS2023,PVFC_LIC_UNWIND,0.0,0.0,0.0,0.0
NI02PPRIVQS2023,PVFC_LIC_EXP_CLAIM_CF_CY,0.0,0.0,0.0,0.0
NI02PPRIVQS2023,PVFC_LIC_EXP_ATTEXP_CY,0.0,0.0,0.0,0.0
NI02PPRIVQS2023,PVFC_LIC_EXP_CLAIM_CF_PY,11486.892503909907,0.0,0.0,0.0
NI02PPRIVQS2023,PVFC_LIC_EXP_ATTEXP_PY,0.0,0.0,0.0,0.0
NI02PPRIVQS2023,RA_LIC_OP,-471.43768037042133,0.0,0.0,0.0
NI02PPRIVQS2023,RA_LIC_UNWIND,-20.292272991003554,0.0,0.0,0.0
NI02PPRIVQS2023,RA_LIC_INCLAIM,-565.8514564539903,0.0,0.0,0.0
NI02PPRIVQS2023,RA_LIC_RELEASE_PY,469.0093002524475,0.0,0.0,0.0
NI02PPRIVQS2023,RA_LIC_DEREC,0.0,0.0,0.0,0.0
NI02PPRIVQS2023,RA_LIC_TASSCHG_PY,-197.0353912528264,0.0,0.0,0.0
NI02PPRIVQS2023,RA_LIC_FASSCHG_PY,0.0,0.0,0.0,0.0
NI02PPRIVQS2023,RA_LIC_CLO,-785.6075008157943,0.0,0.0,0.0
NI02PPRIVQS2024,PVFC_LIC_UNWIND,0.0,0.0,0.0,0.0
NI02PPRIVQS2024,PVFC_LIC_EXP_CLAIM_CF_CY,0.0,0.0,0.0,0.0
NI02PPRIVQS2024,PVFC_LIC_EXP_ATTEXP_CY,0.0,0.0,0.0,0.0
NI02PPRIVQS2024,PVFC_LIC_EXP_CLAIM_CF_PY,15051.216258140536,0.0,0.0,0.0
NI02PPRIVQS2024,PVFC_LIC_EXP_ATTEXP_PY,0.0,0.0,0.0,0.0
NI02PPRIVQS2024,RA_LIC_OP,-633.3820888302242,0.0,0.0,0.0
NI02PPRIVQS2024,RA_LIC_UNWIND,-27.262908310715027,0.0,0.0,0.0
NI02PPRIVQS2024,RA_LIC_INCLAIM,-760.2281115392566,0.0,0.0,0.0
NI02PPRIVQS2024,RA_LIC_RELEASE_PY,630.1195314750557,0.0,0.0,0.0
NI02PPRIVQS2024,RA_LIC_DEREC,0.0,0.0,0.0,0.0
NI02PPRIVQS2024,RA_LIC_TASSCHG_PY,-264.7193741220217,0.0,0.0,0.0
NI02PPRIVQS2024,RA_LIC_FASSCHG_PY,0.0,0.0,0.0,0.0
NI02PPRIVQS2024,RA_LIC_CLO,-1055.4729513271618,0.0,0.0,0.0
NI02PPRIVQS2025,PVFC_LIC_UNWIND,0.0,0.0,0.0,0.0
NI02PPRIVQS2025,PVFC_LIC_EXP_CLAIM_CF_CY,0.0,0.0,0.0,0.0
NI02PPRIVQS2025,PVFC_LIC_EXP_ATTEXP_CY,0.0,0.0,0.0,0.0
NI02PPRIVQS2025,PVFC_LIC_EXP_CLAIM_CF_PY,0.0,0.0,0.0,0.0
NI02PPRIVQS2025,PVFC_LIC_EXP_ATTEXP_PY,0.0,0.0,0.0,0.0
NI02PPRIVQS2025,RA_LIC_OP,0.0,0.0,0.0,0.0
NI02PPRIVQS2025,RA_LIC_UNWIND,0.0,0.0,0.0,0.0
NI02PPRIVQS2025,RA_LIC_INCLAIM,0.0,0.0,0.0,0.0
NI02PPRIVQS2025,RA_LIC_RELEASE_PY,0.0,0.0,0.0,0.0
NI02PPRIVQS2025,RA_LIC_DEREC,0.0,0.0,0.0,0.0
NI02PPRIVQS2025,RA_LIC_TASSCHG_PY,0.0,0.0,0.0,0.0
NI02PPRIVQS2025,RA_LIC_FASSCHG_PY,0.0,0.0,0.0,0.0
NI02PPRIVQS2025,RA_LIC_CLO,0.0,0.0,0.0,0.0
NI02PPRIVQS2013,RA_LIC_RELEASE_CY,0.0,0.0,0.0,0.0
NI02PPRIVQS2014,RA_LIC_RELEASE_CY,0.0,0.0,0.0,0.0
NI02PPRIVQS2015,RA_LIC_RELEASE_CY,0.0,0.0,0.0,0.0
NI02PPRIVQS2016,RA_LIC_RELEASE_CY,0.0,0.0,0.0,0.0
NI02PPRIVQS2017,RA_LIC_RELEASE_CY,0.0,0.0,0.0,0.0
NI02PPRIVQS2018,RA_LIC_RELEASE_CY,0.0,0.0,0.0,0.0
NI02PPRIVQS2019,RA_LIC_RELEASE_CY,0.0,0.0,0.0,0.0
NI02PPRIVQS2020,RA_LIC_RELEASE_CY,0.0,0.0,0.0,0.0
NI02PPRIVQS2021,RA_LIC_RELEASE_CY,0.0,0.0,0.0,0.0
NI02PPRIVQS2022,RA_LIC_RELEASE_CY,0.0,0.0,0.0,0.0
NI02PPRIVQS2023,RA_LIC_RELEASE_CY,0.0,0.0,0.0,0.0
NI02PPRIVQS2024,RA_LIC_RELEASE_CY,0.0,0.0,0.0,0.0
NI02PPRIVQS2025,RA_LIC_RELEASE_CY,0.0,0.0,0.0,0.0
NI02PPRIVQS2013,RA_LIC_FEXPVAR_CY,0.0,0.0,0.0,0.0
NI02PPRIVQS2014,RA_LIC_FEXPVAR_CY,0.0,0.0,0.0,0.0
NI02PPRIVQS2015,RA_LIC_FEXPVAR_CY,0.0,0.0,0.0,0.0
NI02PPRIVQS2016,RA_LIC_FEXPVAR_CY,0.0,0.0,0.0,0.0
NI02PPRIVQS2017,RA_LIC_FEXPVAR_CY,0.0,0.0,0.0,0.0
NI02PPRIVQS2018,RA_LIC_FEXPVAR_CY,0.0,0.0,0.0,0.0
NI02PPRIVQS2019,RA_LIC_FEXPVAR_CY,0.0,0.0,0.0,0.0
NI02PPRIVQS2020,RA_LIC_FEXPVAR_CY,0.0,0.0,0.0,0.0
NI02PPRIVQS2021,RA_LIC_FEXPVAR_CY,0.0,0.0,0.0,0.0
NI02PPRIVQS2022,RA_LIC_FEXPVAR_CY,0.0,0.0,0.0,0.0
NI02PPRIVQS2023,RA_LIC_FEXPVAR_CY,0.0,0.0,0.0,0.0
NI02PPRIVQS2024,RA_LIC_FEXPVAR_CY,0.0,0.0,0.0,0.0
NI02PPRIVQS2025,RA_LIC_FEXPVAR_CY,0.0,0.0,0.0,0.0
NI02PPRIVQS2013,DA_LIC_OP,0.0,0.0,0.0,0.0
NI02PPRIVQS2014,DA_LIC_OP,0.0,0.0,0.0,0.0
NI02PPRIVQS2015,DA_LIC_OP,0.0,0.0,0.0,0.0
NI02PPRIVQS2016,DA_LIC_OP,0.0,0.0,0.0,0.0
NI02PPRIVQS2017,DA_LIC_OP,0.0,0.0,0.0,0.0
NI02PPRIVQS2018,DA_LIC_OP,0.0,0.0,0.0,0.0
NI02PPRIVQS2019,DA_LIC_OP,0.0,0.0,0.0,0.0
NI02PPRIVQS2020,DA_LIC_OP,0.0,0.0,0.0,0.0
NI02PPRIVQS2021,DA_LIC_OP,0.0,0.0,0.0,0.0
NI02PPRIVQS2022,DA_LIC_OP,0.0,0.0,0.0,0.0
NI02PPRIVQS2023,DA_LIC_OP,0.0,0.0,0.0,0.0
NI02PPRIVQS2024,DA_LIC_OP,0.0,0.0,0.0,0.0
NI02PPRIVQS2025,DA_LIC_OP,0.0,0.0,0.0,0.0
NI02PPRIVQS2013,DA_LIC_INCLAIM_INCEXP,0.0,0.0,0.0,0.0
NI02PPRIVQS2014,DA_LIC_INCLAIM_INCEXP,0.0,0.0,0.0,0.0
NI02PPRIVQS2015,DA_LIC_INCLAIM_INCEXP,0.0,0.0,0.0,0.0
NI02PPRIVQS2016,DA_LIC_INCLAIM_INCEXP,0.0,0.0,0.0,0.0
NI02PPRIVQS2017,DA_LIC_INCLAIM_INCEXP,0.0,0.0,0.0,0.0
NI02PPRIVQS2018,DA_LIC_INCLAIM_INCEXP,0.0,0.0,0.0,0.0
NI02PPRIVQS2019,DA_LIC_INCLAIM_INCEXP,0.0,0.0,0.0,0.0
NI02PPRIVQS2020,DA_LIC_INCLAIM_INCEXP,0.0,0.0,0.0,0.0
NI02PPRIVQS2021,DA_LIC_INCLAIM_INCEXP,0.0,0.0,0.0,0.0
NI02PPRIVQS2022,DA_LIC_INCLAIM_INCEXP,0.0,0.0,0.0,0.0
NI02PPRIVQS2023,DA_LIC_INCLAIM_INCEXP,0.0,0.0,0.0,0.0
NI02PPRIVQS2024,DA_LIC_INCLAIM_INCEXP,0.0,0.0,0.0,0.0
NI02PPRIVQS2025,DA_LIC_INCLAIM_INCEXP,0.0,0.0,0.0,0.0
NI02PPRIVQS2013,DA_LIC_CHG,0.0,0.0,0.0,0.0
NI02PPRIVQS2014,DA_LIC_CHG,0.0,0.0,0.0,0.0
NI02PPRIVQS2015,DA_LIC_CHG,0.0,0.0,0.0,0.0
NI02PPRIVQS2016,DA_LIC_CHG,0.0,0.0,0.0,0.0
NI02PPRIVQS2017,DA_LIC_CHG,0.0,0.0,0.0,0.0
NI02PPRIVQS2018,DA_LIC_CHG,0.0,0.0,0.0,0.0
NI02PPRIVQS2019,DA_LIC_CHG,0.0,0.0,0.0,0.0
NI02PPRIVQS2020,DA_LIC_CHG,0.0,0.0,0.0,0.0
NI02PPRIVQS2021,DA_LIC_CHG,0.0,0.0,0.0,0.0
NI02PPRIVQS2022,DA_LIC_CHG,0.0,0.0,0.0,0.0
NI02PPRIVQS2023,DA_LIC_CHG,0.0,0.0,0.0,0.0
NI02PPRIVQS2024,DA_LIC_CHG,0.0,0.0,0.0,0.0
NI02PPRIVQS2025,DA_LIC_CHG,0.0,0.0,0.0,0.0
NI02PPRIVQS2013,DA_LIC_CLO,0.0,0.0,0.0,0.0
NI02PPRIVQS2014,DA_LIC_CLO,0.0,0.0,0.0,0.0
NI02PPRIVQS2015,DA_LIC_CLO,0.0,0.0,0.0,0.0
NI02PPRIVQS2016,DA_LIC_CLO,0.0,0.0,0.0,0.0
NI02PPRIVQS2017,DA_LIC_CLO,0.0,0.0,0.0,0.0
NI02PPRIVQS2018,DA_LIC_CLO,0.0,0.0,0.0,0.0
NI02PPRIVQS2019,DA_LIC_CLO,0.0,0.0,0.0,0.0
NI02PPRIVQS2020,DA_LIC_CLO,0.0,0.0,0.0,0.0
NI02PPRIVQS2021,DA_LIC_CLO,0.0,0.0,0.0,0.0
NI02PPRIVQS2022,DA_LIC_CLO,0.0,0.0,0.0,0.0
NI02PPRIVQS2023,DA_LIC_CLO,0.0,0.0,0.0,0.0
NI02PPRIVQS2024,DA_LIC_CLO,0.0,0.0,0.0,0.0
NI02PPRIVQS2025,DA_LIC_CLO,0.0,0.0,0.0,0.0
NI02PPRIVST2013,PVFC_LIC_UNWIND,0.0,0.0,0.0,0.0
NI02PPRIVST2013,PVFC_LIC_EXP_CLAIM_CF_CY,0.0,0.0,0.0,-1.0
NI02PPRIVST2013,PVFC_LIC_EXP_ATTEXP_CY,0.0,0.0,0.0,0.0
NI02PPRIVST2013,PVFC_LIC_EXP_CLAIM_CF_PY,0.0,0.0,0.0,0.0
NI02PPRIVST2013,PVFC_LIC_EXP_ATTEXP_PY,0.0,0.0,0.0,0.0
NI02PPRIVST2013,RA_LIC_OP,0.0,0.0,0.0,0.0
NI02PPRIVST2013,RA_LIC_UNWIND,0.0,0.0,0.0,0.0
NI02PPRIVST2013,RA_LIC_INCLAIM,0.0,0.0,0.0,0.0
NI02PPRIVST2013,RA_LIC_RELEASE_PY,0.0,0.0,0.0,0.0
NI02PPRIVST2013,RA_LIC_DEREC,0.0,0.0,0.0,0.0
NI02PPRIVST2013,RA_LIC_TASSCHG_PY,0.0,0.0,0.0,0.0
NI02PPRIVST2013,RA_LIC_FASSCHG_PY,0.0,0.0,0.0,0.0
NI02PPRIVST2013,RA_LIC_CLO,0.0,0.0,0.0,0.0
NI02PPRIVST2014,PVFC_LIC_UNWIND,0.0,0.0,0.0,0.0
NI02PPRIVST2014,PVFC_LIC_EXP_CLAIM_CF_CY,0.0,0.0,0.0,0.0
NI02PPRIVST2014,PVFC_LIC_EXP_ATTEXP_CY,0.0,0.0,0.0,0.0
NI02PPRIVST2014,PVFC_LIC_EXP_CLAIM_CF_PY,0.0,0.0,0.0,0.0
NI02PPRIVST2014,PVFC_LIC_EXP_ATTEXP_PY,0.0,0.0,0.0,0.0
NI02PPRIVST2014,RA_LIC_OP,0.0,0.0,0.0,0.0
NI02PPRIVST2014,RA_LIC_UNWIND,0.0,0.0,0.0,0.0
NI02PPRIVST2014,RA_LIC_INCLAIM,0.0,0.0,0.0,0.0
NI02PPRIVST2014,RA_LIC_RELEASE_PY,0.0,0.0,0.0,0.0
NI02PPRIVST2014,RA_LIC_DEREC,0.0,0.0,0.0,0.0
NI02PPRIVST2014,RA_LIC_TASSCHG_PY,0.0,0.0,0.0,0.0
NI02PPRIVST2014,RA_LIC_FASSCHG_PY,0.0,0.0,0.0,0.0
NI02PPRIVST2014,RA_LIC_CLO,0.0,0.0,0.0,0.0
NI02PPRIVST2015,PVFC_LIC_UNWIND,0.0,0.0,0.0,0.0
NI02PPRIVST2015,PVFC_LIC_EXP_CLAIM_CF_CY,0.0,0.0,0.0,0.0
NI02PPRIVST2015,PVFC_LIC_EXP_ATTEXP_CY,0.0,0.0,0.0,0.0
NI02PPRIVST2015,PVFC_LIC_EXP_CLAIM_CF_PY,0.0,0.0,0.0,0.0
NI02PPRIVST2015,PVFC_LIC_EXP_ATTEXP_PY,0.0,0.0,0.0,0.0
NI02PPRIVST2015,RA_LIC_OP,0.0,0.0,0.0,0.0
NI02PPRIVST2015,RA_LIC_UNWIND,0.0,0.0,0.0,0.0
NI02PPRIVST2015,RA_LIC_INCLAIM,0.0,0.0,0.0,0.0
NI02PPRIVST2015,RA_LIC_RELEASE_PY,0.0,0.0,0.0,0.0
NI02PPRIVST2015,RA_LIC_DEREC,0.0,0.0,0.0,0.0
NI02PPRIVST2015,RA_LIC_TASSCHG_PY,0.0,0.0,0.0,0.0
NI02PPRIVST2015,RA_LIC_FASSCHG_PY,0.0,0.0,0.0,0.0
NI02PPRIVST2015,RA_LIC_CLO,0.0,0.0,0.0,0.0
NI02PPRIVST2016,PVFC_LIC_UNWIND,0.0,0.0,0.0,0.0
NI02PPRIVST2016,PVFC_LIC_EXP_CLAIM_CF_CY,0.0,0.0,0.0,0.0
NI02PPRIVST2016,PVFC_LIC_EXP_ATTEXP_CY,0.0,0.0,0.0,0.0
NI02PPRIVST2016,PVFC_LIC_EXP_CLAIM_CF_PY,0.0,0.0,0.0,0.0
NI02PPRIVST2016,PVFC_LIC_EXP_ATTEXP_PY,0.0,0.0,0.0,0.0
NI02PPRIVST2016,RA_LIC_OP,0.0,0.0,0.0,0.0
NI02PPRIVST2016,RA_LIC_UNWIND,0.0,0.0,0.0,0.0
NI02PPRIVST2016,RA_LIC_INCLAIM,0.0,0.0,0.0,0.0
NI02PPRIVST2016,RA_LIC_RELEASE_PY,0.0,0.0,0.0,0.0
NI02PPRIVST2016,RA_LIC_DEREC,0.0,0.0,0.0,0.0
NI02PPRIVST2016,RA_LIC_TASSCHG_PY,0.0,0.0,0.0,0.0
NI02PPRIVST2016,RA_LIC_FASSCHG_PY,0.0,0.0,0.0,0.0
NI02PPRIVST2016,RA_LIC_CLO,0.0,0.0,0.0,0.0
NI02PPRIVST2017,PVFC_LIC_UNWIND,0.0,0.0,0.0,0.0
NI02PPRIVST2017,PVFC_LIC_EXP_CLAIM_CF_CY,0.0,0.0,0.0,0.0
NI02PPRIVST2017,PVFC_LIC_EXP_ATTEXP_CY,0.0,0.0,0.0,0.0
NI02PPRIVST2017,PVFC_LIC_EXP_CLAIM_CF_PY,0.0,0.0,0.0,0.0
NI02PPRIVST2017,PVFC_LIC_EXP_ATTEXP_PY,0.0,0.0,0.0,0.0
NI02PPRIVST2017,RA_LIC_OP,0.0,0.0,0.0,0.0
NI02PPRIVST2017,RA_LIC_UNWIND,0.0,0.0,0.0,0.0
NI02PPRIVST2017,RA_LIC_INCLAIM,0.0,0.0,0.0,0.0
NI02PPRIVST2017,RA_LIC_RELEASE_PY,0.0,0.0,0.0,0.0
NI02PPRIVST2017,RA_LIC_DEREC,0.0,0.0,0.0,0.0
NI02PPRIVST2017,RA_LIC_TASSCHG_PY,0.0,0.0,0.0,0.0
NI02PPRIVST2017,RA_LIC_FASSCHG_PY,0.0,0.0,0.0,0.0
NI02PPRIVST2017,RA_LIC_CLO,0.0,0.0,0.0,0.0
NI02PPRIVST2018,PVFC_LIC_UNWIND,0.0,0.0,0.0,0.0
NI02PPRIVST2018,PVFC_LIC_EXP_CLAIM_CF_CY,0.0,0.0,0.0,0.0
NI02PPRIVST2018,PVFC_LIC_EXP_ATTEXP_CY,0.0,0.0,0.0,0.0
NI02PPRIVST2018,PVFC_LIC_EXP_CLAIM_CF_PY,0.0,0.0,0.0,0.0
NI02PPRIVST2018,PVFC_LIC_EXP_ATTEXP_PY,0.0,0.0,0.0,0.0
NI02PPRIVST2018,RA_LIC_OP,0.0,0.0,0.0,0.0
NI02PPRIVST2018,RA_LIC_UNWIND,0.0,0.0,0.0,0.0
NI02PPRIVST2018,RA_LIC_INCLAIM,0.0,0.0,0.0,0.0
NI02PPRIVST2018,RA_LIC_RELEASE_PY,0.0,0.0,0.0,0.0
NI02PPRIVST2018,RA_LIC_DEREC,0.0,0.0,0.0,0.0
NI02PPRIVST2018,RA_LIC_TASSCHG_PY,0.0,0.0,0.0,0.0
NI02PPRIVST2018,RA_LIC_FASSCHG_PY,0.0,0.0,0.0,0.0
NI02PPRIVST2018,RA_LIC_CLO,0.0,0.0,0.0,0.0
NI02PPRIVST2019,PVFC_LIC_UNWIND,0.0,0.0,0.0,0.0
NI02PPRIVST2019,PVFC_LIC_EXP_CLAIM_CF_CY,0.0,0.0,0.0,0.0
NI02PPRIVST2019,PVFC_LIC_EXP_ATTEXP_CY,0.0,0.0,0.0,0.0
NI02PPRIVST2019,PVFC_LIC_EXP_CLAIM_CF_PY,0.4438507348577325,0.0,0.0,0.0
NI02PPRIVST2019,PVFC_LIC_EXP_ATTEXP_PY,0.0,0.0,0.0,0.0
NI02PPRIVST2019,RA_LIC_OP,-0.007276418946220314,0.0,0.0,0.0
NI02PPRIVST2019,RA_LIC_UNWIND,-0.0002354724730949684,0.0,0.0,0.0
NI02PPRIVST2019,RA_LIC_INCLAIM,-0.004084818410532786,0.0,0.0,0.0
NI02PPRIVST2019,RA_LIC_RELEASE_PY,0.007326272940307169,0.0,0.0,0.0
NI02PPRIVST2019,RA_LIC_DEREC,0.0,0.0,0.0,0.0
NI02PPRIVST2019,RA_LIC_TASSCHG_PY,-0.007851006228006987,0.0,0.0,0.0
NI02PPRIVST2019,RA_LIC_FASSCHG_PY,0.0,0.0,0.0,0.0
NI02PPRIVST2019,RA_LIC_CLO,-0.012121443117547887,0.0,0.0,0.0
NI02PPRIVST2020,PVFC_LIC_UNWIND,0.0,0.0,0.0,0.0
NI02PPRIVST2020,PVFC_LIC_EXP_CLAIM_CF_CY,0.0,0.0,0.0,0.0
NI02PPRIVST2020,PVFC_LIC_EXP_ATTEXP_CY,0.0,0.0,0.0,0.0
NI02PPRIVST2020,PVFC_LIC_EXP_CLAIM_CF_PY,59.77879779407837,0.0,0.0,0.0
NI02PPRIVST2020,PVFC_LIC_EXP_ATTEXP_PY,0.0,0.0,0.0,0.0
NI02PPRIVST2020,RA_LIC_OP,-0.9800261061659475,0.0,0.0,0.0
NI02PPRIVST2020,RA_LIC_UNWIND,-0.03171466247643688,0.0,0.0,0.0
NI02PPRIVST2020,RA_LIC_INCLAIM,-0.5501646772756085,0.0,0.0,0.0
NI02PPRIVST2020,RA_LIC_RELEASE_PY,0.9867407024615801,0.0,0.0,0.0
NI02PPRIVST2020,RA_LIC_DEREC,0.0,0.0,0.0,0.0
NI02PPRIVST2020,RA_LIC_TASSCHG_PY,-1.057414522168901,0.0,0.0,0.0
NI02PPRIVST2020,RA_LIC_FASSCHG_PY,0.0,0.0,0.0,0.0
NI02PPRIVST2020,RA_LIC_CLO,-1.6325792656253135,0.0,0.0,0.0
NI02PPRIVST2021,PVFC_LIC_UNWIND,0.0,0.0,0.0,0.0
NI02PPRIVST2021,PVFC_LIC_EXP_CLAIM_CF_CY,0.0,0.0,0.0,0.0
NI02PPRIVST2021,PVFC_LIC_EXP_ATTEXP_CY,0.0,0.0,0.0,0.0
NI02PPRIVST2021,PVFC_LIC_EXP_CLAIM_CF_PY,79463.87371140096,0.0,0.0,0.0
NI02PPRIVST2021,PVFC_LIC_EXP_ATTEXP_PY,0.0,0.0,0.0,0.0
NI02PPRIVST2021,RA_LIC_OP,-1305.2932875834963,0.0,0.0,0.0
NI02PPRIVST2021,RA_LIC_UNWIND,-42.24064623178467,0.0,0.0,0.0
NI02PPRIVST2021,RA_LIC_INCLAIM,-732.7623782623929,0.0,0.0,0.0
NI02PPRIVST2021,RA_LIC_RELEASE_PY,1314.2364345245612,0.0,0.0,0.0
NI02PPRIVST2021,RA_LIC_DEREC,0.0,0.0,0.0,0.0
NI02PPRIVST2021,RA_LIC_TASSCHG_PY,-1408.3666438031205,0.0,0.0,0.0
NI02PPRIVST2021,RA_LIC_FASSCHG_PY,0.0,0.0,0.0,0.0
NI02PPRIVST2021,RA_LIC_CLO,-2174.4265213562326,0.0,0.0,0.0
NI02PPRIVST2022,PVFC_LIC_UNWIND,0.0,0.0,0.0,0.0
NI02PPRIVST2022,PVFC_LIC_EXP_CLAIM_CF_CY,0.0,0.0,0.0,0.0
NI02PPRIVST2022,PVFC_LIC_EXP_ATTEXP_CY,0.0,0.0,0.0,0.0
NI02PPRIVST2022,PVFC_LIC_EXP_CLAIM_CF_PY,14990.20832807562,0.0,0.0,0.0
NI02PPRIVST2022,PVFC_LIC_EXP_ATTEXP_PY,0.0,0.0,0.0,0.0
NI02PPRIVST2022,RA_LIC_OP,-247.01005266965393,0.0,0.0,0.0
NI02PPRIVST2022,RA_LIC_UNWIND,-7.993501805122799,0.0,0.0,0.0
NI02PPRIVST2022,RA_LIC_INCLAIM,-138.66590395482785,0.0,0.0,0.0
NI02PPRIVST2022,RA_LIC_RELEASE_PY,248.70242879535564,0.0,0.0,0.0
NI02PPRIVST2022,RA_LIC_DEREC,0.0,0.0,0.0,0.0
NI02PPRIVST2022,RA_LIC_TASSCHG_PY,-266.515366449197,0.0,0.0,0.0
NI02PPRIVST2022,RA_LIC_FASSCHG_PY,0.0,0.0,0.0,0.0
NI02PPRIVST2022,RA_LIC_CLO,-411.4823960834459,0.0,0.0,0.0
NI02PPRIVST2023,PVFC_LIC_UNWIND,0.0,0.0,0.0,0.0
NI02PPRIVST2023,PVFC_LIC_EXP_CLAIM_CF_CY,0.0,0.0,0.0,0.0
NI02PPRIVST2023,PVFC_LIC_EXP_ATTEXP_CY,0.0,0.0,0.0,0.0
NI02PPRIVST2023,PVFC_LIC_EXP_CLAIM_CF_PY,15788.475228647374,0.0,0.0,0.0
NI02PPRIVST2023,PVFC_LIC_EXP_ATTEXP_PY,0.0,0.0,0.0,0.0
NI02PPRIVST2023,RA_LIC_OP,-266.48963465635507,0.0,0.0,0.0
NI02PPRIVST2023,RA_LIC_UNWIND,-8.623881306243657,0.0,0.0,0.0
NI02PPRIVST2023,RA_LIC_INCLAIM,-149.60130441992777,0.0,0.0,0.0
NI02PPRIVST2023,RA_LIC_RELEASE_PY,268.3154740931109,0.0,0.0,0.0
NI02PPRIVST2023,RA_LIC_DEREC,0.0,0.0,0.0,0.0
NI02PPRIVST2023,RA_LIC_TASSCHG_PY,-287.533166637297,0.0,0.0,0.0
NI02PPRIVST2023,RA_LIC_FASSCHG_PY,0.0,0.0,0.0,0.0
NI02PPRIVST2023,RA_LIC_CLO,-443.9325129267125,0.0,0.0,0.0
NI02PPRIVST2024,PVFC_LIC_UNWIND,0.0,0.0,0.0,0.0
NI02PPRIVST2024,PVFC_LIC_EXP_CLAIM_CF_CY,0.0,0.0,0.0,0.0
NI02PPRIVST2024,PVFC_LIC_EXP_ATTEXP_CY,0.0,0.0,0.0,0.0
NI02PPRIVST2024,PVFC_LIC_EXP_CLAIM_CF_PY,20543.835877917754,0.0,0.0,0.0
NI02PPRIVST2024,PVFC_LIC_EXP_ATTEXP_PY,0.0,0.0,0.0,0.0
NI02PPRIVST2024,RA_LIC_OP,-357.95185033045624,0.0,0.0,0.0
NI02PPRIVST2024,RA_LIC_UNWIND,-11.58369358185667,0.0,0.0,0.0
NI02PPRIVST2024,RA_LIC_INCLAIM,-200.94614110607768,0.0,0.0,0.0
NI02PPRIVST2024,RA_LIC_RELEASE_PY,360.404338231668,0.0,0.0,0.0
NI02PPRIVST2024,RA_LIC_DEREC,0.0,0.0,0.0,0.0
NI02PPRIVST2024,RA_LIC_TASSCHG_PY,-386.2177572569291,0.0,0.0,0.0
NI02PPRIVST2024,RA_LIC_FASSCHG_PY,0.0,0.0,0.0,0.0
NI02PPRIVST2024,RA_LIC_CLO,-596.2951040436516,0.0,0.0,0.0
NI02PPRIVST2025,PVFC_LIC_UNWIND,0.0,0.0,0.0,0.0
NI02PPRIVST2025,PVFC_LIC_EXP_CLAIM_CF_CY,0.0,0.0,0.0,0.0
NI02PPRIVST2025,PVFC_LIC_EXP_ATTEXP_CY,0.0,0.0,0.0,0.0
NI02PPRIVST2025,PVFC_LIC_EXP_CLAIM_CF_PY,0.0,0.0,0.0,0.0
NI02PPRIVST2025,PVFC_LIC_EXP_ATTEXP_PY,0.0,0.0,0.0,0.0
NI02PPRIVST2025,RA_LIC_OP,0.0,0.0,0.0,0.0
NI02PPRIVST2025,RA_LIC_UNWIND,0.0,0.0,0.0,0.0
NI02PPRIVST2025,RA_LIC_INCLAIM,0.0,0.0,0.0,0.0
NI02PPRIVST2025,RA_LIC_RELEASE_PY,0.0,0.0,0.0,0.0
NI02PPRIVST2025,RA_LIC_DEREC,0.0,0.0,0.0,0.0
NI02PPRIVST2025,RA_LIC_TASSCHG_PY,0.0,0.0,0.0,0.0
NI02PPRIVST2025,RA_LIC_FASSCHG_PY,0.0,0.0,0.0,0.0
NI02PPRIVST2025,RA_LIC_CLO,0.0,0.0,0.0,0.0
NI02PPRIVST2013,RA_LIC_RELEASE_CY,0.0,0.0,0.0,0.0
NI02PPRIVST2014,RA_LIC_RELEASE_CY,0.0,0.0,0.0,0.0
NI02PPRIVST2015,RA_LIC_RELEASE_CY,0.0,0.0,0.0,0.0
NI02PPRIVST2016,RA_LIC_RELEASE_CY,0.0,0.0,0.0,0.0
NI02PPRIVST2017,RA_LIC_RELEASE_CY,0.0,0.0,0.0,0.0
NI02PPRIVST2018,RA_LIC_RELEASE_CY,0.0,0.0,0.0,0.0
NI02PPRIVST2019,RA_LIC_RELEASE_CY,0.0,0.0,0.0,0.0
NI02PPRIVST2020,RA_LIC_RELEASE_CY,0.0,0.0,0.0,0.0
NI02PPRIVST2021,RA_LIC_RELEASE_CY,0.0,0.0,0.0,0.0
NI02PPRIVST2022,RA_LIC_RELEASE_CY,0.0,0.0,0.0,0.0
NI02PPRIVST2023,RA_LIC_RELEASE_CY,0.0,0.0,0.0,0.0
NI02PPRIVST2024,RA_LIC_RELEASE_CY,0.0,0.0,0.0,0.0
NI02PPRIVST2025,RA_LIC_RELEASE_CY,0.0,0.0,0.0,0.0
NI02PPRIVST2013,RA_LIC_FEXPVAR_CY,0.0,0.0,0.0,0.0
NI02PPRIVST2014,RA_LIC_FEXPVAR_CY,0.0,0.0,0.0,0.0
NI02PPRIVST2015,RA_LIC_FEXPVAR_CY,0.0,0.0,0.0,0.0
NI02PPRIVST2016,RA_LIC_FEXPVAR_CY,0.0,0.0,0.0,0.0
NI02PPRIVST2017,RA_LIC_FEXPVAR_CY,0.0,0.0,0.0,0.0
NI02PPRIVST2018,RA_LIC_FEXPVAR_CY,0.0,0.0,0.0,0.0
NI02PPRIVST2019,RA_LIC_FEXPVAR_CY,0.0,0.0,0.0,0.0
NI02PPRIVST2020,RA_LIC_FEXPVAR_CY,0.0,0.0,0.0,0.0
NI02PPRIVST2021,RA_LIC_FEXPVAR_CY,0.0,0.0,0.0,0.0
NI02PPRIVST2022,RA_LIC_FEXPVAR_CY,0.0,0.0,0.0,0.0
NI02PPRIVST2023,RA_LIC_FEXPVAR_CY,0.0,0.0,0.0,0.0
NI02PPRIVST2024,RA_LIC_FEXPVAR_CY,0.0,0.0,0.0,0.0
NI02PPRIVST2025,RA_LIC_FEXPVAR_CY,0.0,0.0,0.0,0.0
NI02PPRIVST2013,DA_LIC_OP,0.0,0.0,0.0,0.0
NI02PPRIVST2014,DA_LIC_OP,0.0,0.0,0.0,0.0
NI02PPRIVST2015,DA_LIC_OP,0.0,0.0,0.0,0.0
NI02PPRIVST2016,DA_LIC_OP,0.0,0.0,0.0,0.0
NI02PPRIVST2017,DA_LIC_OP,0.0,0.0,0.0,0.0
NI02PPRIVST2018,DA_LIC_OP,0.0,0.0,0.0,0.0
NI02PPRIVST2019,DA_LIC_OP,0.0,0.0,0.0,0.0
NI02PPRIVST2020,DA_LIC_OP,0.0,0.0,0.0,0.0
NI02PPRIVST2021,DA_LIC_OP,0.0,0.0,0.0,0.0
NI02PPRIVST2022,DA_LIC_OP,0.0,0.0,0.0,0.0
NI02PPRIVST2023,DA_LIC_OP,0.0,0.0,0.0,0.0
NI02PPRIVST2024,DA_LIC_OP,0.0,0.0,0.0,0.0
NI02PPRIVST2025,DA_LIC_OP,0.0,0.0,0.0,0.0
NI02PPRIVST2013,DA_LIC_INCLAIM_INCEXP,0.0,0.0,0.0,0.0
NI02PPRIVST2014,DA_LIC_INCLAIM_INCEXP,0.0,0.0,0.0,0.0
NI02PPRIVST2015,DA_LIC_INCLAIM_INCEXP,0.0,0.0,0.0,0.0
NI02PPRIVST2016,DA_LIC_INCLAIM_INCEXP,0.0,0.0,0.0,0.0
NI02PPRIVST2017,DA_LIC_INCLAIM_INCEXP,0.0,0.0,0.0,0.0
NI02PPRIVST2018,DA_LIC_INCLAIM_INCEXP,0.0,0.0,0.0,0.0
NI02PPRIVST2019,DA_LIC_INCLAIM_INCEXP,0.0,0.0,0.0,0.0
NI02PPRIVST2020,DA_LIC_INCLAIM_INCEXP,0.0,0.0,0.0,0.0
NI02PPRIVST2021,DA_LIC_INCLAIM_INCEXP,0.0,0.0,0.0,0.0
NI02PPRIVST2022,DA_LIC_INCLAIM_INCEXP,0.0,0.0,0.0,0.0
NI02PPRIVST2023,DA_LIC_INCLAIM_INCEXP,0.0,0.0,0.0,0.0
NI02PPRIVST2024,DA_LIC_INCLAIM_INCEXP,0.0,0.0,0.0,0.0
NI02PPRIVST2025,DA_LIC_INCLAIM_INCEXP,0.0,0.0,0.0,0.0
NI02PPRIVST2013,DA_LIC_CHG,0.0,0.0,0.0,0.0
NI02PPRIVST2014,DA_LIC_CHG,0.0,0.0,0.0,0.0
NI02PPRIVST2015,DA_LIC_CHG,0.0,0.0,0.0,0.0
NI02PPRIVST2016,DA_LIC_CHG,0.0,0.0,0.0,0.0
NI02PPRIVST2017,DA_LIC_CHG,0.0,0.0,0.0,0.0
NI02PPRIVST2018,DA_LIC_CHG,0.0,0.0,0.0,0.0
NI02PPRIVST2019,DA_LIC_CHG,0.0,0.0,0.0,0.0
NI02PPRIVST2020,DA_LIC_CHG,0.0,0.0,0.0,0.0
NI02PPRIVST2021,DA_LIC_CHG,0.0,0.0,0.0,0.0
NI02PPRIVST2022,DA_LIC_CHG,0.0,0.0,0.0,0.0
NI02PPRIVST2023,DA_LIC_CHG,0.0,0.0,0.0,0.0
NI02PPRIVST2024,DA_LIC_CHG,0.0,0.0,0.0,0.0
NI02PPRIVST2025,DA_LIC_CHG,0.0,0.0,0.0,0.0
NI02PPRIVST2013,DA_LIC_CLO,0.0,0.0,0.0,0.0
NI02PPRIVST2014,DA_LIC_CLO,0.0,0.0,0.0,0.0
NI02PPRIVST2015,DA_LIC_CLO,0.0,0.0,0.0,0.0
NI02PPRIVST2016,DA_LIC_CLO,0.0,0.0,0.0,0.0
NI02PPRIVST2017,DA_LIC_CLO,0.0,0.0,0.0,0.0
NI02PPRIVST2018,DA_LIC_CLO,0.0,0.0,0.0,0.0
NI02PPRIVST2019,DA_LIC_CLO,0.0,0.0,0.0,0.0
NI02PPRIVST2020,DA_LIC_CLO,0.0,0.0,0.0,0.0
NI02PPRIVST2021,DA_LIC_CLO,0.0,0.0,0.0,0.0
NI02PPRIVST2022,DA_LIC_CLO,0.0,0.0,0.0,0.0
NI02PPRIVST2023,DA_LIC_CLO,0.0,0.0,0.0,0.0
NI02PPRIVST2024,DA_LIC_CLO,0.0,0.0,0.0,0.0
NI02PPRIVST2025,DA_LIC_CLO,0.0,0.0,0.0,0.0
NI02PPUBLPF2013,PVFC_LIC_UNWIND,0.0,0.0,0.0,0.0
NI02PPUBLPF2013,PVFC_LIC_EXP_CLAIM_CF_CY,0.0,0.0,0.0,-1.0
NI02PPUBLPF2013,PVFC_LIC_EXP_ATTEXP_CY,0.0,0.0,0.0,0.0
NI02PPUBLPF2013,PVFC_LIC_EXP_CLAIM_CF_PY,0.0,0.0,0.0,0.0
NI02PPUBLPF2013,PVFC_LIC_EXP_ATTEXP_PY,0.0,0.0,0.0,0.0
NI02PPUBLPF2013,RA_LIC_OP,0.0,0.0,0.0,0.0
NI02PPUBLPF2013,RA_LIC_UNWIND,0.0,0.0,0.0,0.0
NI02PPUBLPF2013,RA_LIC_INCLAIM,0.0,0.0,0.0,0.0
NI02PPUBLPF2013,RA_LIC_RELEASE_PY,0.0,0.0,0.0,0.0
NI02PPUBLPF2013,RA_LIC_DEREC,0.0,0.0,0.0,0.0
NI02PPUBLPF2013,RA_LIC_TASSCHG_PY,0.0,0.0,0.0,0.0
NI02PPUBLPF2013,RA_LIC_FASSCHG_PY,0.0,0.0,0.0,0.0
NI02PPUBLPF2013,RA_LIC_CLO,0.0,0.0,0.0,0.0
NI02PPUBLPF2014,PVFC_LIC_UNWIND,0.0,0.0,0.0,0.0
NI02PPUBLPF2014,PVFC_LIC_EXP_CLAIM_CF_CY,0.0,0.0,0.0,0.0
NI02PPUBLPF2014,PVFC_LIC_EXP_ATTEXP_CY,0.0,0.0,0.0,0.0
NI02PPUBLPF2014,PVFC_LIC_EXP_CLAIM_CF_PY,0.0,0.0,0.0,0.0
NI02PPUBLPF2014,PVFC_LIC_EXP_ATTEXP_PY,0.0,0.0,0.0,0.0
NI02PPUBLPF2014,RA_LIC_OP,0.0,0.0,0.0,0.0
NI02PPUBLPF2014,RA_LIC_UNWIND,0.0,0.0,0.0,0.0
NI02PPUBLPF2014,RA_LIC_INCLAIM,0.0,0.0,0.0,0.0
NI02PPUBLPF2014,RA_LIC_RELEASE_PY,0.0,0.0,0.0,0.0
NI02PPUBLPF2014,RA_LIC_DEREC,0.0,0.0,0.0,0.0
NI02PPUBLPF2014,RA_LIC_TASSCHG_PY,0.0,0.0,0.0,0.0
NI02PPUBLPF2014,RA_LIC_FASSCHG_PY,0.0,0.0,0.0,0.0
NI02PPUBLPF2014,RA_LIC_CLO,0.0,0.0,0.0,0.0
NI02PPUBLPF2015,PVFC_LIC_UNWIND,0.0,0.0,0.0,0.0
NI02PPUBLPF2015,PVFC_LIC_EXP_CLAIM_CF_CY,0.0,0.0,0.0,0.0
NI02PPUBLPF2015,PVFC_LIC_EXP_ATTEXP_CY,0.0,0.0,0.0,0.0
NI02PPUBLPF2015,PVFC_LIC_EXP_CLAIM_CF_PY,0.0,0.0,0.0,0.0
NI02PPUBLPF2015,PVFC_LIC_EXP_ATTEXP_PY,0.0,0.0,0.0,0.0
NI02PPUBLPF2015,RA_LIC_OP,0.0,0.0,0.0,0.0
NI02PPUBLPF2015,RA_LIC_UNWIND,0.0,0.0,0.0,0.0
NI02PPUBLPF2015,RA_LIC_INCLAIM,0.0,0.0,0.0,0.0
NI02PPUBLPF2015,RA_LIC_RELEASE_PY,0.0,0.0,0.0,0.0
NI02PPUBLPF2015,RA_LIC_DEREC,0.0,0.0,0.0,0.0
NI02PPUBLPF2015,RA_LIC_TASSCHG_PY,0.0,0.0,0.0,0.0
NI02PPUBLPF2015,RA_LIC_FASSCHG_PY,0.0,0.0,0.0,0.0
NI02PPUBLPF2015,RA_LIC_CLO,0.0,0.0,0.0,0.0
NI02PPUBLPF2016,PVFC_LIC_UNWIND,0.0,0.0,0.0,0.0
NI02PPUBLPF2016,PVFC_LIC_EXP_CLAIM_CF_CY,0.0,0.0,0.0,0.0
NI02PPUBLPF2016,PVFC_LIC_EXP_ATTEXP_CY,0.0,0.0,0.0,0.0
NI02PPUBLPF2016,PVFC_LIC_EXP_CLAIM_CF_PY,0.0,0.0,0.0,0.0
NI02PPUBLPF2016,PVFC_LIC_EXP_ATTEXP_PY,0.0,0.0,0.0,0.0
NI02PPUBLPF2016,RA_LIC_OP,0.0,0.0,0.0,0.0
NI02PPUBLPF2016,RA_LIC_UNWIND,0.0,0.0,0.0,0.0
NI02PPUBLPF2016,RA_LIC_INCLAIM,0.0,0.0,0.0,0.0
NI02PPUBLPF2016,RA_LIC_RELEASE_PY,0.0,0.0,0.0,0.0
NI02PPUBLPF2016,RA_LIC_DEREC,0.0,0.0,0.0,0.0
NI02PPUBLPF2016,RA_LIC_TASSCHG_PY,0.0,0.0,0.0,0.0
NI02PPUBLPF2016,RA_LIC_FASSCHG_PY,0.0,0.0,0.0,0.0
NI02PPUBLPF2016,RA_LIC_CLO,0.0,0.0,0.0,0.0
NI02PPUBLPF2017,PVFC_LIC_UNWIND,0.0,0.0,0.0,0.0
NI02PPUBLPF2017,PVFC_LIC_EXP_CLAIM_CF_CY,0.0,0.0,0.0,0.0
NI02PPUBLPF2017,PVFC_LIC_EXP_ATTEXP_CY,0.0,0.0,0.0,0.0
NI02PPUBLPF2017,PVFC_LIC_EXP_CLAIM_CF_PY,0.0,0.0,0.0,0.0
NI02PPUBLPF2017,PVFC_LIC_EXP_ATTEXP_PY,0.0,0.0,0.0,0.0
NI02PPUBLPF2017,RA_LIC_OP,0.0,0.0,0.0,0.0
NI02PPUBLPF2017,RA_LIC_UNWIND,0.0,0.0,0.0,0.0
NI02PPUBLPF2017,RA_LIC_INCLAIM,0.0,0.0,0.0,0.0
NI02PPUBLPF2017,RA_LIC_RELEASE_PY,0.0,0.0,0.0,0.0
NI02PPUBLPF2017,RA_LIC_DEREC,0.0,0.0,0.0,0.0
NI02PPUBLPF2017,RA_LIC_TASSCHG_PY,0.0,0.0,0.0,0.0
NI02PPUBLPF2017,RA_LIC_FASSCHG_PY,0.0,0.0,0.0,0.0
NI02PPUBLPF2017,RA_LIC_CLO,0.0,0.0,0.0,0.0
NI02PPUBLPF2018,PVFC_LIC_UNWIND,0.0,0.0,0.0,0.0
NI02PPUBLPF2018,PVFC_LIC_EXP_CLAIM_CF_CY,0.0,0.0,0.0,0.0
NI02PPUBLPF2018,PVFC_LIC_EXP_ATTEXP_CY,0.0,0.0,0.0,0.0
NI02PPUBLPF2018,PVFC_LIC_EXP_CLAIM_CF_PY,18408.719277992568,0.0,0.0,0.0
NI02PPUBLPF2018,PVFC_LIC_EXP_ATTEXP_PY,0.0,0.0,0.0,0.0
NI02PPUBLPF2018,RA_LIC_OP,-524.6484055772538,0.0,0.0,0.0
NI02PPUBLPF2018,RA_LIC_UNWIND,-18.832541558725094,0.0,0.0,0.0
NI02PPUBLPF2018,RA_LIC_INCLAIM,-874.4923213156575,0.0,0.0,0.0
NI02PPUBLPF2018,RA_LIC_RELEASE_PY,527.103838817876,0.0,0.0,0.0
NI02PPUBLPF2018,RA_LIC_DEREC,0.0,0.0,0.0,0.0
NI02PPUBLPF2018,RA_LIC_TASSCHG_PY,-347.68344314444926,0.0,0.0,0.0
NI02PPUBLPF2018,RA_LIC_FASSCHG_PY,0.0,0.0,0.0,0.0
NI02PPUBLPF2018,RA_LIC_CLO,-1238.5528727782096,0.0,0.0,0.0
NI02PPUBLPF2019,PVFC_LIC_UNWIND,0.0,0.0,0.0,0.0
NI02PPUBLPF2019,PVFC_LIC_EXP_CLAIM_CF_CY,0.0,0.0,0.0,0.0
NI02PPUBLPF2019,PVFC_LIC_EXP_ATTEXP_CY,0.0,0.0,0.0,0.0
NI02PPUBLPF2019,PVFC_LIC_EXP_CLAIM_CF_PY,380.724837719287,0.0,0.0,0.0
NI02PPUBLPF2019,PVFC_LIC_EXP_ATTEXP_PY,0.0,0.0,0.0,0.0
NI02PPUBLPF2019,RA_LIC_OP,-10.850517412448403,0.0,0.0,0.0
NI02PPUBLPF2019,RA_LIC_UNWIND,-0.3894852589493206,0.0,0.0,0.0
NI02PPUBLPF2019,RA_LIC_INCLAIM,-18.085815297671328,0.0,0.0,0.0
NI02PPUBLPF2019,RA_LIC_RELEASE_PY,10.901299461625054,0.0,0.0,0.0
NI02PPUBLPF2019,RA_LIC_DEREC,0.0,0.0,0.0,0.0
NI02PPUBLPF2019,RA_LIC_TASSCHG_PY,-7.190616065454445,0.0,0.0,0.0
NI02PPUBLPF2019,RA_LIC_FASSCHG_PY,0.0,0.0,0.0,0.0
NI02PPUBLPF2019,RA_LIC_CLO,-25.615134572898445,0.0,0.0,0.0
NI02PPUBLPF2020,PVFC_LIC_UNWIND,0.0,0.0,0.0,0.0
NI02PPUBLPF2020,PVFC_LIC_EXP_CLAIM_CF_CY,0.0,0.0,0.0,0.0
NI02PPUBLPF2020,PVFC_LIC_EXP_ATTEXP_CY,0.0,0.0,0.0,0.0
NI02PPUBLPF2020,PVFC_LIC_EXP_CLAIM_CF_PY,9493.677423780631,0.0,0.0,0.0
NI02PPUBLPF2020,PVFC_LIC_EXP_ATTEXP_PY,0.0,0.0,0.0,0.0
NI02PPUBLPF2020,RA_LIC_OP,-270.5743005706996,0.0,0.0,0.0
NI02PPUBLPF2020,RA_LIC_UNWIND,-9.71241255296325,0.0,0.0,0.0
NI02PPUBLPF2020,RA_LIC_INCLAIM,-450.9975550847076,0.0,0.0,0.0
NI02PPUBLPF2020,RA_LIC_RELEASE_PY,271.84062888622816,0.0,0.0,0.0
NI02PPUBLPF2020,RA_LIC_DEREC,0.0,0.0,0.0,0.0
NI02PPUBLPF2020,RA_LIC_TASSCHG_PY,-179.30904477888407,0.0,0.0,0.0
NI02PPUBLPF2020,RA_LIC_FASSCHG_PY,0.0,0.0,0.0,0.0
NI02PPUBLPF2020,RA_LIC_CLO,-638.7526841010263,0.0,0.0,0.0
NI02PPUBLPF2021,PVFC_LIC_UNWIND,0.0,0.0,0.0,0.0
NI02PPUBLPF2021,PVFC_LIC_EXP_CLAIM_CF_CY,0.0,0.0,0.0,0.0
NI02PPUBLPF2021,PVFC_LIC_EXP_ATTEXP_CY,0.0,0.0,0.0,0.0
NI02PPUBLPF2021,PVFC_LIC_EXP_CLAIM_CF_PY,13261.941194448758,0.0,0.0,0.0
NI02PPUBLPF2021,PVFC_LIC_EXP_ATTEXP_PY,0.0,0.0,0.0,0.0
NI02PPUBLPF2021,RA_LIC_OP,-378.6261649750269,0.0,0.0,0.0
NI02PPUBLPF2021,RA_LIC_UNWIND,-13.590993342041028,0.0,0.0,0.0
NI02PPUBLPF2021,RA_LIC_INCLAIM,-631.1001241975591,0.0,0.0,0.0
NI02PPUBLPF2021,RA_LIC_RELEASE_PY,380.39819222483067,0.0,0.0,0.0
NI02PPUBLPF2021,RA_LIC_DEREC,0.0,0.0,0.0,0.0
NI02PPUBLPF2021,RA_LIC_TASSCHG_PY,-250.91479799362787,0.0,0.0,0.0
NI02PPUBLPF2021,RA_LIC_FASSCHG_PY,0.0,0.0,0.0,0.0
NI02PPUBLPF2021,RA_LIC_CLO,-893.8338882834246,0.0,0.0,0.0
NI02PPUBLPF2022,PVFC_LIC_UNWIND,0.0,0.0,0.0,0.0
NI02PPUBLPF2022,PVFC_LIC_EXP_CLAIM_CF_CY,0.0,0.0,0.0,0.0
NI02PPUBLPF2022,PVFC_LIC_EXP_ATTEXP_CY,0.0,0.0,0.0,0.0
NI02PPUBLPF2022,PVFC_LIC_EXP_CLAIM_CF_PY,20017.584468467172,0.0,0.0,0.0
NI02PPUBLPF2022,PVFC_LIC_EXP_ATTEXP_PY,0.0,0.0,0.0,0.0
NI02PPUBLPF2022,RA_LIC_OP,-574.7606400965021,0.0,0.0,0.0
NI02PPUBLPF2022,RA_LIC_UNWIND,-20.631347633711552,0.0,0.0,0.0
NI02PPUBLPF2022,RA_LIC_INCLAIM,-958.0201922196685,0.0,0.0,0.0
NI02PPUBLPF2022,RA_LIC_RELEASE_PY,577.4506061120119,0.0,0.0,0.0
NI02PPUBLPF2022,RA_LIC_DEREC,0.0,0.0,0.0,0.0
NI02PPUBLPF2022,RA_LIC_TASSCHG_PY,-380.89272016902,0.0,0.0,0.0
NI02PPUBLPF2022,RA_LIC_FASSCHG_PY,0.0,0.0,0.0,0.0
NI02PPUBLPF2022,RA_LIC_CLO,-1356.8542940068903,0.0,0.0,0.0
NI02PPUBLPF2023,PVFC_LIC_UNWIND,0.0,0.0,0.0,0.0
NI02PPUBLPF2023,PVFC_LIC_EXP_CLAIM_CF_CY,0.0,0.0,0.0,0.0
NI02PPUBLPF2023,PVFC_LIC_EXP_ATTEXP_CY,0.0,0.0,0.0,0.0
NI02PPUBLPF2023,PVFC_LIC_EXP_CLAIM_CF_PY,14380.701521453298,0.0,0.0,0.0
NI02PPUBLPF2023,PVFC_LIC_EXP_ATTEXP_PY,0.0,0.0,0.0,0.0
NI02PPUBLPF2023,RA_LIC_OP,-418.44008698065306,0.0,0.0,0.0
NI02PPUBLPF2023,RA_LIC_UNWIND,-15.020135855038506,0.0,0.0,0.0
NI02PPUBLPF2023,RA_LIC_INCLAIM,-697.4626037272028,0.0,0.0,0.0
NI02PPUBLPF2023,RA_LIC_RELEASE_PY,420.39844935793064,0.0,0.0,0.0
NI02PPUBLPF2023,RA_LIC_DEREC,0.0,0.0,0.0,0.0
NI02PPUBLPF2023,RA_LIC_TASSCHG_PY,-277.29940402854015,0.0,0.0,0.0
NI02PPUBLPF2023,RA_LIC_FASSCHG_PY,0.0,0.0,0.0,0.0
NI02PPUBLPF2023,RA_LIC_CLO,-987.8237812335038,0.0,0.0,0.0
NI02PPUBLPF2024,PVFC_LIC_UNWIND,0.0,0.0,0.0,0.0
NI02PPUBLPF2024,PVFC_LIC_EXP_CLAIM_CF_CY,0.0,0.0,0.0,0.0
NI02PPUBLPF2024,PVFC_LIC_EXP_ATTEXP_CY,0.0,0.0,0.0,0.0
NI02PPUBLPF2024,PVFC_LIC_EXP_CLAIM_CF_PY,28792.82757294961,0.0,0.0,0.0
NI02PPUBLPF2024,PVFC_LIC_EXP_ATTEXP_PY,0.0,0.0,0.0,0.0
NI02PPUBLPF2024,RA_LIC_OP,-859.033253014892,0.0,0.0,0.0
NI02PPUBLPF2024,RA_LIC_UNWIND,-30.835468602882475,0.0,0.0,0.0
NI02PPUBLPF2024,RA_LIC_INCLAIM,-1431.8503125722689,0.0,0.0,0.0
NI02PPUBLPF2024,RA_LIC_RELEASE_PY,863.0536575026016,0.0,0.0,0.0
NI02PPUBLPF2024,RA_LIC_DEREC,0.0,0.0,0.0,0.0
NI02PPUBLPF2024,RA_LIC_TASSCHG_PY,-569.2796089891393,0.0,0.0,0.0
NI02PPUBLPF2024,RA_LIC_FASSCHG_PY,0.0,0.0,0.0,0.0
NI02PPUBLPF2024,RA_LIC_CLO,-2027.944985676581,0.0,0.0,0.0
NI02PPUBLPF2025,PVFC_LIC_UNWIND,0.0,0.0,0.0,0.0
NI02PPUBLPF2025,PVFC_LIC_EXP_CLAIM_CF_CY,0.0,0.0,0.0,0.0
NI02PPUBLPF2025,PVFC_LIC_EXP_ATTEXP_CY,0.0,0.0,0.0,0.0
NI02PPUBLPF2025,PVFC_LIC_EXP_CLAIM_CF_PY,0.0,0.0,0.0,0.0
NI02PPUBLPF2025,PVFC_LIC_EXP_ATTEXP_PY,0.0,0.0,0.0,0.0
NI02PPUBLPF2025,RA_LIC_OP,0.0,0.0,0.0,0.0
NI02PPUBLPF2025,RA_LIC_UNWIND,0.0,0.0,0.0,0.0
NI02PPUBLPF2025,RA_LIC_INCLAIM,0.0,0.0,0.0,0.0
NI02PPUBLPF2025,RA_LIC_RELEASE_PY,0.0,0.0,0.0,0.0
NI02PPUBLPF2025,RA_LIC_DEREC,0.0,0.0,0.0,0.0
NI02PPUBLPF2025,RA_LIC_TASSCHG_PY,0.0,0.0,0.0,0.0
NI02PPUBLPF2025,RA_LIC_FASSCHG_PY,0.0,0.0,0.0,0.0
NI02PPUBLPF2025,RA_LIC_CLO,0.0,0.0,0.0,0.0
NI02PPUBLPF2013,RA_LIC_RELEASE_CY,0.0,0.0,0.0,0.0
NI02PPUBLPF2014,RA_LIC_RELEASE_CY,0.0,0.0,0.0,0.0
NI02PPUBLPF2015,RA_LIC_RELEASE_CY,0.0,0.0,0.0,0.0
NI02PPUBLPF2016,RA_LIC_RELEASE_CY,0.0,0.0,0.0,0.0
NI02PPUBLPF2017,RA_LIC_RELEASE_CY,0.0,0.0,0.0,0.0
NI02PPUBLPF2018,RA_LIC_RELEASE_CY,0.0,0.0,0.0,0.0
NI02PPUBLPF2019,RA_LIC_RELEASE_CY,0.0,0.0,0.0,0.0
NI02PPUBLPF2020,RA_LIC_RELEASE_CY,0.0,0.0,0.0,0.0
NI02PPUBLPF2021,RA_LIC_RELEASE_CY,0.0,0.0,0.0,0.0
NI02PPUBLPF2022,RA_LIC_RELEASE_CY,0.0,0.0,0.0,0.0
NI02PPUBLPF2023,RA_LIC_RELEASE_CY,0.0,0.0,0.0,0.0
NI02PPUBLPF2024,RA_LIC_RELEASE_CY,0.0,0.0,0.0,0.0
NI02PPUBLPF2025,RA_LIC_RELEASE_CY,0.0,0.0,0.0,0.0
NI02PPUBLPF2013,RA_LIC_FEXPVAR_CY,0.0,0.0,0.0,0.0
NI02PPUBLPF2014,RA_LIC_FEXPVAR_CY,0.0,0.0,0.0,0.0
NI02PPUBLPF2015,RA_LIC_FEXPVAR_CY,0.0,0.0,0.0,0.0
NI02PPUBLPF2016,RA_LIC_FEXPVAR_CY,0.0,0.0,0.0,0.0
NI02PPUBLPF2017,RA_LIC_FEXPVAR_CY,0.0,0.0,0.0,0.0
NI02PPUBLPF2018,RA_LIC_FEXPVAR_CY,0.0,0.0,0.0,0.0
NI02PPUBLPF2019,RA_LIC_FEXPVAR_CY,0.0,0.0,0.0,0.0
NI02PPUBLPF2020,RA_LIC_FEXPVAR_CY,0.0,0.0,0.0,0.0
NI02PPUBLPF2021,RA_LIC_FEXPVAR_CY,0.0,0.0,0.0,0.0
NI02PPUBLPF2022,RA_LIC_FEXPVAR_CY,0.0,0.0,0.0,0.0
NI02PPUBLPF2023,RA_LIC_FEXPVAR_CY,0.0,0.0,0.0,0.0
NI02PPUBLPF2024,RA_LIC_FEXPVAR_CY,0.0,0.0,0.0,0.0
NI02PPUBLPF2025,RA_LIC_FEXPVAR_CY,0.0,0.0,0.0,0.0
NI02PPUBLPF2013,DA_LIC_OP,0.0,0.0,0.0,0.0
NI02PPUBLPF2014,DA_LIC_OP,0.0,0.0,0.0,0.0
NI02PPUBLPF2015,DA_LIC_OP,0.0,0.0,0.0,0.0
NI02PPUBLPF2016,DA_LIC_OP,0.0,0.0,0.0,0.0
NI02PPUBLPF2017,DA_LIC_OP,7.9523580964787834,0.0,0.0,0.0
NI02PPUBLPF2018,DA_LIC_OP,0.1644667153823313,0.0,0.0,0.0
NI02PPUBLPF2019,DA_LIC_OP,4.101229903624765,0.0,0.0,0.0
NI02PPUBLPF2020,DA_LIC_OP,5.73902601546076,0.0,0.0,0.0
NI02PPUBLPF2021,DA_LIC_OP,8.711934280596452,0.0,0.0,0.0
NI02PPUBLPF2022,DA_LIC_OP,6.342505529833163,0.0,0.0,0.0
NI02PPUBLPF2023,DA_LIC_OP,13.020796350731652,0.0,0.0,0.0
NI02PPUBLPF2024,DA_LIC_OP,0.0,0.0,0.0,0.0
NI02PPUBLPF2025,DA_LIC_OP,0.0,0.0,0.0,0.0
NI02PPUBLPF2013,DA_LIC_INCLAIM_INCEXP,0.0,0.0,0.0,0.0
NI02PPUBLPF2014,DA_LIC_INCLAIM_INCEXP,0.0,0.0,0.0,0.0
NI02PPUBLPF2015,DA_LIC_INCLAIM_INCEXP,0.0,0.0,0.0,0.0
NI02PPUBLPF2016,DA_LIC_INCLAIM_INCEXP,0.0,0.0,0.0,0.0
NI02PPUBLPF2017,DA_LIC_INCLAIM_INCEXP,71.64711105574668,0.0,0.0,0.0
NI02PPUBLPF2018,DA_LIC_INCLAIM_INCEXP,1.4817699201937853,0.0,0.0,0.0
NI02PPUBLPF2019,DA_LIC_INCLAIM_INCEXP,36.95020656832122,0.0,0.0,0.0
NI02PPUBLPF2020,DA_LIC_INCLAIM_INCEXP,51.70600082302686,0.0,0.0,0.0
NI02PPUBLPF2021,DA_LIC_INCLAIM_INCEXP,78.49054523697099,0.0,0.0,0.0
NI02PPUBLPF2022,DA_LIC_INCLAIM_INCEXP,57.14307536890939,0.0,0.0,0.0
NI02PPUBLPF2023,DA_LIC_INCLAIM_INCEXP,117.31142270721065,0.0,0.0,0.0
NI02PPUBLPF2024,DA_LIC_INCLAIM_INCEXP,0.0,0.0,0.0,0.0
NI02PPUBLPF2025,DA_LIC_INCLAIM_INCEXP,0.0,0.0,0.0,0.0
NI02PPUBLPF2013,DA_LIC_CHG,0.0,0.0,0.0,0.0
NI02PPUBLPF2014,DA_LIC_CHG,0.0,0.0,0.0,0.0
NI02PPUBLPF2015,DA_LIC_CHG,0.0,0.0,0.0,0.0
NI02PPUBLPF2016,DA_LIC_CHG,0.0,0.0,0.0,0.0
NI02PPUBLPF2017,DA_LIC_CHG,21.875104221785055,0.0,0.0,0.0
NI02PPUBLPF2018,DA_LIC_CHG,0.45241002685683757,0.0,0.0,0.0
NI02PPUBLPF2019,DA_LIC_CHG,11.281538191673986,0.0,0.0,0.0
NI02PPUBLPF2020,DA_LIC_CHG,15.78673780740941,0.0,0.0,0.0
NI02PPUBLPF2021,DA_LIC_CHG,23.964523233149386,0.0,0.0,0.0
NI02PPUBLPF2022,DA_LIC_CHG,17.446770858292,0.0,0.0,0.0
NI02PPUBLPF2023,DA_LIC_CHG,35.817209658731734,0.0,0.0,0.0
NI02PPUBLPF2024,DA_LIC_CHG,0.0,0.0,0.0,0.0
NI02PPUBLPF2025,DA_LIC_CHG,0.0,0.0,0.0,0.0
NI02PPUBLPF2013,DA_LIC_CLO,0.0,0.0,0.0,0.0
NI02PPUBLPF2014,DA_LIC_CLO,0.0,0.0,0.0,0.0
NI02PPUBLPF2015,DA_LIC_CLO,0.0,0.0,0.0,0.0
NI02PPUBLPF2016,DA_LIC_CLO,0.0,0.0,0.0,0.0
NI02PPUBLPF2017,DA_LIC_CLO,101.47457337401055,0.0,0.0,0.0
NI02PPUBLPF2018,DA_LIC_CLO,2.0986466624329543,0.0,0.0,0.0
NI02PPUBLPF2019,DA_LIC_CLO,52.332974663619964,0.0,0.0,0.0
NI02PPUBLPF2020,DA_LIC_CLO,73.23176464589703,0.0,0.0,0.0
NI02PPUBLPF2021,DA_LIC_CLO,111.16700275071682,0.0,0.0,0.0
NI02PPUBLPF2022,DA_LIC_CLO,80.93235175703455,0.0,0.0,0.0
NI02PPUBLPF2023,DA_LIC_CLO,166.149428716674,0.0,0.0,0.0
NI02PPUBLPF2024,DA_LIC_CLO,0.0,0.0,0.0,0.0
NI02PPUBLPF2025,DA_LIC_CLO,0.0,0.0,0.0,0.0
NI02PPUBLQS2013,PVFC_LIC_UNWIND,0.0,0.0,0.0,0.0
NI02PPUBLQS2013,PVFC_LIC_EXP_CLAIM_CF_CY,0.0,0.0,0.0,-1.0
NI02PPUBLQS2013,PVFC_LIC_EXP_ATTEXP_CY,0.0,0.0,0.0,0.0
NI02PPUBLQS2013,PVFC_LIC_EXP_CLAIM_CF_PY,0.0,0.0,0.0,0.0
NI02PPUBLQS2013,PVFC_LIC_EXP_ATTEXP_PY,0.0,0.0,0.0,0.0
NI02PPUBLQS2013,RA_LIC_OP,0.0,0.0,0.0,0.0
NI02PPUBLQS2013,RA_LIC_UNWIND,0.0,0.0,0.0,0.0
NI02PPUBLQS2013,RA_LIC_INCLAIM,0.0,0.0,0.0,0.0
NI02PPUBLQS2013,RA_LIC_RELEASE_PY,0.0,0.0,0.0,0.0
NI02PPUBLQS2013,RA_LIC_DEREC,0.0,0.0,0.0,0.0
NI02PPUBLQS2013,RA_LIC_TASSCHG_PY,0.0,0.0,0.0,0.0
NI02PPUBLQS2013,RA_LIC_FASSCHG_PY,0.0,0.0,0.0,0.0
NI02PPUBLQS2013,RA_LIC_CLO,0.0,0.0,0.0,0.0
NI02PPUBLQS2014,PVFC_LIC_UNWIND,0.0,0.0,0.0,0.0
NI02PPUBLQS2014,PVFC_LIC_EXP_CLAIM_CF_CY,0.0,0.0,0.0,0.0
NI02PPUBLQS2014,PVFC_LIC_EXP_ATTEXP_CY,0.0,0.0,0.0,0.0
NI02PPUBLQS2014,PVFC_LIC_EXP_CLAIM_CF_PY,0.0,0.0,0.0,0.0
NI02PPUBLQS2014,PVFC_LIC_EXP_ATTEXP_PY,0.0,0.0,0.0,0.0
NI02PPUBLQS2014,RA_LIC_OP,0.0,0.0,0.0,0.0
NI02PPUBLQS2014,RA_LIC_UNWIND,0.0,0.0,0.0,0.0
NI02PPUBLQS2014,RA_LIC_INCLAIM,0.0,0.0,0.0,0.0
NI02PPUBLQS2014,RA_LIC_RELEASE_PY,0.0,0.0,0.0,0.0
NI02PPUBLQS2014,RA_LIC_DEREC,0.0,0.0,0.0,0.0
NI02PPUBLQS2014,RA_LIC_TASSCHG_PY,0.0,0.0,0.0,0.0
NI02PPUBLQS2014,RA_LIC_FASSCHG_PY,0.0,0.0,0.0,0.0
NI02PPUBLQS2014,RA_LIC_CLO,0.0,0.0,0.0,0.0
NI02PPUBLQS2015,PVFC_LIC_UNWIND,0.0,0.0,0.0,0.0
NI02PPUBLQS2015,PVFC_LIC_EXP_CLAIM_CF_CY,0.0,0.0,0.0,0.0
NI02PPUBLQS2015,PVFC_LIC_EXP_ATTEXP_CY,0.0,0.0,0.0,0.0
NI02PPUBLQS2015,PVFC_LIC_EXP_CLAIM_CF_PY,0.0,0.0,0.0,0.0
NI02PPUBLQS2015,PVFC_LIC_EXP_ATTEXP_PY,0.0,0.0,0.0,0.0
NI02PPUBLQS2015,RA_LIC_OP,0.0,0.0,0.0,0.0
NI02PPUBLQS2015,RA_LIC_UNWIND,0.0,0.0,0.0,0.0
NI02PPUBLQS2015,RA_LIC_INCLAIM,0.0,0.0,0.0,0.0
NI02PPUBLQS2015,RA_LIC_RELEASE_PY,0.0,0.0,0.0,0.0
NI02PPUBLQS2015,RA_LIC_DEREC,0.0,0.0,0.0,0.0
NI02PPUBLQS2015,RA_LIC_TASSCHG_PY,0.0,0.0,0.0,0.0
NI02PPUBLQS2015,RA_LIC_FASSCHG_PY,0.0,0.0,0.0,0.0
NI02PPUBLQS2015,RA_LIC_CLO,0.0,0.0,0.0,0.0
NI02PPUBLQS2016,PVFC_LIC_UNWIND,0.0,0.0,0.0,0.0
NI02PPUBLQS2016,PVFC_LIC_EXP_CLAIM_CF_CY,0.0,0.0,0.0,0.0
NI02PPUBLQS2016,PVFC_LIC_EXP_ATTEXP_CY,0.0,0.0,0.0,0.0
NI02PPUBLQS2016,PVFC_LIC_EXP_CLAIM_CF_PY,0.0,0.0,0.0,0.0
NI02PPUBLQS2016,PVFC_LIC_EXP_ATTEXP_PY,0.0,0.0,0.0,0.0
NI02PPUBLQS2016,RA_LIC_OP,0.0,0.0,0.0,0.0
NI02PPUBLQS2016,RA_LIC_UNWIND,0.0,0.0,0.0,0.0
NI02PPUBLQS2016,RA_LIC_INCLAIM,0.0,0.0,0.0,0.0
NI02PPUBLQS2016,RA_LIC_RELEASE_PY,0.0,0.0,0.0,0.0
NI02PPUBLQS2016,RA_LIC_DEREC,0.0,0.0,0.0,0.0
NI02PPUBLQS2016,RA_LIC_TASSCHG_PY,0.0,0.0,0.0,0.0
NI02PPUBLQS2016,RA_LIC_FASSCHG_PY,0.0,0.0,0.0,0.0
NI02PPUBLQS2016,RA_LIC_CLO,0.0,0.0,0.0,0.0
NI02PPUBLQS2017,PVFC_LIC_UNWIND,0.0,0.0,0.0,0.0
NI02PPUBLQS2017,PVFC_LIC_EXP_CLAIM_CF_CY,0.0,0.0,0.0,0.0
NI02PPUBLQS2017,PVFC_LIC_EXP_ATTEXP_CY,0.0,0.0,0.0,0.0
NI02PPUBLQS2017,PVFC_LIC_EXP_CLAIM_CF_PY,0.0,0.0,0.0,0.0
NI02PPUBLQS2017,PVFC_LIC_EXP_ATTEXP_PY,0.0,0.0,0.0,0.0
NI02PPUBLQS2017,RA_LIC_OP,0.0,0.0,0.0,0.0
NI02PPUBLQS2017,RA_LIC_UNWIND,0.0,0.0,0.0,0.0
NI02PPUBLQS2017,RA_LIC_INCLAIM,0.0,0.0,0.0,0.0
NI02PPUBLQS2017,RA_LIC_RELEASE_PY,0.0,0.0,0.0,0.0
NI02PPUBLQS2017,RA_LIC_DEREC,0.0,0.0,0.0,0.0
NI02PPUBLQS2017,RA_LIC_TASSCHG_PY,0.0,0.0,0.0,0.0
NI02PPUBLQS2017,RA_LIC_FASSCHG_PY,0.0,0.0,0.0,0.0
NI02PPUBLQS2017,RA_LIC_CLO,0.0,0.0,0.0,0.0
NI02PPUBLQS2018,PVFC_LIC_UNWIND,0.0,0.0,0.0,0.0
NI02PPUBLQS2018,PVFC_LIC_EXP_CLAIM_CF_CY,0.0,0.0,0.0,0.0
NI02PPUBLQS2018,PVFC_LIC_EXP_ATTEXP_CY,0.0,0.0,0.0,0.0
NI02PPUBLQS2018,PVFC_LIC_EXP_CLAIM_CF_PY,2719.295948897224,0.0,0.0,0.0
NI02PPUBLQS2018,PVFC_LIC_EXP_ATTEXP_PY,0.0,0.0,0.0,0.0
NI02PPUBLQS2018,RA_LIC_OP,-77.49992068091281,0.0,0.0,0.0
NI02PPUBLQS2018,RA_LIC_UNWIND,-2.781902053843646,0.0,0.0,0.0
NI02PPUBLQS2018,RA_LIC_INCLAIM,-79.47105820238708,0.0,0.0,0.0
NI02PPUBLQS2018,RA_LIC_RELEASE_PY,77.8626319354645,0.0,0.0,0.0
NI02PPUBLQS2018,RA_LIC_DEREC,0.0,0.0,0.0,0.0
NI02PPUBLQS2018,RA_LIC_TASSCHG_PY,-51.35904155872589,0.0,0.0,0.0
NI02PPUBLQS2018,RA_LIC_FASSCHG_PY,0.0,0.0,0.0,0.0
NI02PPUBLQS2018,RA_LIC_CLO,-133.2492905604049,0.0,0.0,0.0
NI02PPUBLQS2019,PVFC_LIC_UNWIND,0.0,0.0,0.0,0.0
NI02PPUBLQS2019,PVFC_LIC_EXP_CLAIM_CF_CY,0.0,0.0,0.0,0.0
NI02PPUBLQS2019,PVFC_LIC_EXP_ATTEXP_CY,0.0,0.0,0.0,0.0
NI02PPUBLQS2019,PVFC_LIC_EXP_CLAIM_CF_PY,56.23984445741994,0.0,0.0,0.0
NI02PPUBLQS2019,PVFC_LIC_EXP_ATTEXP_PY,0.0,0.0,0.0,0.0
NI02PPUBLQS2019,RA_LIC_OP,-1.6028148182140833,0.0,0.0,0.0
NI02PPUBLQS2019,RA_LIC_UNWIND,-0.05753391481623733,0.0,0.0,0.0
NI02PPUBLQS2019,RA_LIC_INCLAIM,-1.6435809041713143,0.0,0.0,0.0
NI02PPUBLQS2019,RA_LIC_RELEASE_PY,1.6103162320016153,0.0,0.0,0.0
NI02PPUBLQS2019,RA_LIC_DEREC,0.0,0.0,0.0,0.0
NI02PPUBLQS2019,RA_LIC_TASSCHG_PY,-1.0621821562699074,0.0,0.0,0.0
NI02PPUBLQS2019,RA_LIC_FASSCHG_PY,0.0,0.0,0.0,0.0
NI02PPUBLQS2019,RA_LIC_CLO,-2.755795561469927,0.0,0.0,0.0
NI02PPUBLQS2020,PVFC_LIC_UNWIND,0.0,0.0,0.0,0.0
NI02PPUBLQS2020,PVFC_LIC_EXP_CLAIM_CF_CY,0.0,0.0,0.0,0.0
NI02PPUBLQS2020,PVFC_LIC_EXP_ATTEXP_CY,0.0,0.0,0.0,0.0
NI02PPUBLQS2020,PVFC_LIC_EXP_CLAIM_CF_PY,1402.385367975414,0.0,0.0,0.0
NI02PPUBLQS2020,PVFC_LIC_EXP_ATTEXP_PY,0.0,0.0,0.0,0.0
NI02PPUBLQS2020,RA_LIC_OP,-39.96864683015787,0.0,0.0,0.0
NI02PPUBLQS2020,RA_LIC_UNWIND,-1.4346964452255473,0.0,0.0,0.0
NI02PPUBLQS2020,RA_LIC_INCLAIM,-40.98521173444789,0.0,0.0,0.0
NI02PPUBLQS2020,RA_LIC_RELEASE_PY,40.1557060930207,0.0,0.0,0.0
NI02PPUBLQS2020,RA_LIC_DEREC,0.0,0.0,0.0,0.0
NI02PPUBLQS2020,RA_LIC_TASSCHG_PY,-26.48714186492942,0.0,0.0,0.0
NI02PPUBLQS2020,RA_LIC_FASSCHG_PY,0.0,0.0,0.0,0.0
NI02PPUBLQS2020,RA_LIC_CLO,-68.71999078174002,0.0,0.0,0.0
NI02PPUBLQS2021,PVFC_LIC_UNWIND,0.0,0.0,0.0,0.0
NI02PPUBLQS2021,PVFC_LIC_EXP_CLAIM_CF_CY,0.0,0.0,0.0,0.0
NI02PPUBLQS2021,PVFC_LIC_EXP_ATTEXP_CY,0.0,0.0,0.0,0.0
NI02PPUBLQS2021,PVFC_LIC_EXP_CLAIM_CF_PY,1959.0250913158768,0.0,0.0,0.0
NI02PPUBLQS2021,PVFC_LIC_EXP_ATTEXP_PY,0.0,0.0,0.0,0.0
NI02PPUBLQS2021,RA_LIC_OP,-55.92983308697391,0.0,0.0,0.0
NI02PPUBLQS2021,RA_LIC_UNWIND,-2.0076319584428304,0.0,0.0,0.0
NI02PPUBLQS2021,RA_LIC_INCLAIM,-57.352355737305814,0.0,0.0,0.0
NI02PPUBLQS2021,RA_LIC_RELEASE_PY,56.191593095856575,0.0,0.0,0.0
NI02PPUBLQS2021,RA_LIC_DEREC,0.0,0.0,0.0,0.0
NI02PPUBLQS2021,RA_LIC_TASSCHG_PY,-37.06458789439708,0.0,0.0,0.0
NI02PPUBLQS2021,RA_LIC_FASSCHG_PY,0.0,0.0,0.0,0.0
NI02PPUBLQS2021,RA_LIC_CLO,-96.16281558126305,0.0,0.0,0.0
NI02PPUBLQS2022,PVFC_LIC_UNWIND,0.0,0.0,0.0,0.0
NI02PPUBLQS2022,PVFC_LIC_EXP_CLAIM_CF_CY,0.0,0.0,0.0,0.0
NI02PPUBLQS2022,PVFC_LIC_EXP_ATTEXP_CY,0.0,0.0,0.0,0.0
NI02PPUBLQS2022,PVFC_LIC_EXP_CLAIM_CF_PY,2956.954013465008,0.0,0.0,0.0
NI02PPUBLQS2022,PVFC_LIC_EXP_ATTEXP_PY,0.0,0.0,0.0,0.0
NI02PPUBLQS2022,RA_LIC_OP,-84.90239090497069,0.0,0.0,0.0
NI02PPUBLQS2022,RA_LIC_UNWIND,-3.0476177725036617,0.0,0.0,0.0
NI02PPUBLQS2022,RA_LIC_INCLAIM,-87.06180328765814,0.0,0.0,0.0
NI02PPUBLQS2022,RA_LIC_RELEASE_PY,85.2997468306157,0.0,0.0,0.0
NI02PPUBLQS2022,RA_LIC_DEREC,0.0,0.0,0.0,0.0
NI02PPUBLQS2022,RA_LIC_TASSCHG_PY,-56.264643687532356,0.0,0.0,0.0
NI02PPUBLQS2022,RA_LIC_FASSCHG_PY,0.0,0.0,0.0,0.0
NI02PPUBLQS2022,RA_LIC_CLO,-145.97670882204912,0.0,0.0,0.0
NI02PPUBLQS2023,PVFC_LIC_UNWIND,0.0,0.0,0.0,0.0
NI02PPUBLQS2023,PVFC_LIC_EXP_CLAIM_CF_CY,0.0,0.0,0.0,0.0
NI02PPUBLQS2023,PVFC_LIC_EXP_ATTEXP_CY,0.0,0.0,0.0,0.0
NI02PPUBLQS2023,PVFC_LIC_EXP_CLAIM_CF_PY,2124.2859320657985,0.0,0.0,0.0
NI02PPUBLQS2023,PVFC_LIC_EXP_ATTEXP_PY,0.0,0.0,0.0,0.0
NI02PPUBLQS2023,RA_LIC_OP,-61.8110589987102,0.0,0.0,0.0
NI02PPUBLQS2023,RA_LIC_UNWIND,-2.218741780223682,0.0,0.0,0.0
NI02PPUBLQS2023,RA_LIC_INCLAIM,-63.38316509332226,0.0,0.0,0.0
NI02PPUBLQS2023,RA_LIC_RELEASE_PY,62.10034402710265,0.0,0.0,0.0
NI02PPUBLQS2023,RA_LIC_DEREC,0.0,0.0,0.0,0.0
NI02PPUBLQS2023,RA_LIC_TASSCHG_PY,-40.96206447712488,0.0,0.0,0.0
NI02PPUBLQS2023,RA_LIC_FASSCHG_PY,0.0,0.0,0.0,0.0
NI02PPUBLQS2023,RA_LIC_CLO,-106.27468632227838,0.0,0.0,0.0
NI02PPUBLQS2024,PVFC_LIC_UNWIND,0.0,0.0,0.0,0.0
NI02PPUBLQS2024,PVFC_LIC_EXP_CLAIM_CF_CY,0.0,0.0,0.0,0.0
NI02PPUBLQS2024,PVFC_LIC_EXP_ATTEXP_CY,0.0,0.0,0.0,0.0
NI02PPUBLQS2024,PVFC_LIC_EXP_CLAIM_CF_PY,4253.213827320431,0.0,0.0,0.0
NI02PPUBLQS2024,PVFC_LIC_EXP_ATTEXP_PY,0.0,0.0,0.0,0.0
NI02PPUBLQS2024,RA_LIC_OP,-126.89452262352783,0.0,0.0,0.0
NI02PPUBLQS2024,RA_LIC_UNWIND,-4.554948314867659,0.0,0.0,0.0
NI02PPUBLQS2024,RA_LIC_INCLAIM,-130.1219653436647,0.0,0.0,0.0
NI02PPUBLQS2024,RA_LIC_RELEASE_PY,127.4884080248564,0.0,0.0,0.0
NI02PPUBLQS2024,RA_LIC_DEREC,0.0,0.0,0.0,0.0
NI02PPUBLQS2024,RA_LIC_TASSCHG_PY,-84.0927449181447,0.0,0.0,0.0
NI02PPUBLQS2024,RA_LIC_FASSCHG_PY,0.0,0.0,0.0,0.0
NI02PPUBLQS2024,RA_LIC_CLO,-218.1757731753485,0.0,0.0,0.0
NI02PPUBLQS2025,PVFC_LIC_UNWIND,0.0,0.0,0.0,0.0
NI02PPUBLQS2025,PVFC_LIC_EXP_CLAIM_CF_CY,0.0,0.0,0.0,0.0
NI02PPUBLQS2025,PVFC_LIC_EXP_ATTEXP_CY,0.0,0.0,0.0,0.0
NI02PPUBLQS2025,PVFC_LIC_EXP_CLAIM_CF_PY,0.0,0.0,0.0,0.0
NI02PPUBLQS2025,PVFC_LIC_EXP_ATTEXP_PY,0.0,0.0,0.0,0.0
NI02PPUBLQS2025,RA_LIC_OP,0.0,0.0,0.0,0.0
NI02PPUBLQS2025,RA_LIC_UNWIND,0.0,0.0,0.0,0.0
NI02PPUBLQS2025,RA_LIC_INCLAIM,0.0,0.0,0.0,0.0
NI02PPUBLQS2025,RA_LIC_RELEASE_PY,0.0,0.0,0.0,0.0
NI02PPUBLQS2025,RA_LIC_DEREC,0.0,0.0,0.0,0.0
NI02PPUBLQS2025,RA_LIC_TASSCHG_PY,0.0,0.0,0.0,0.0
NI02PPUBLQS2025,RA_LIC_FASSCHG_PY,0.0,0.0,0.0,0.0
NI02PPUBLQS2025,RA_LIC_CLO,0.0,0.0,0.0,0.0
NI02PPUBLQS2013,RA_LIC_RELEASE_CY,0.0,0.0,0.0,0.0
NI02PPUBLQS2014,RA_LIC_RELEASE_CY,0.0,0.0,0.0,0.0
NI02PPUBLQS2015,RA_LIC_RELEASE_CY,0.0,0.0,0.0,0.0
NI02PPUBLQS2016,RA_LIC_RELEASE_CY,0.0,0.0,0.0,0.0
NI02PPUBLQS2017,RA_LIC_RELEASE_CY,0.0,0.0,0.0,0.0
NI02PPUBLQS2018,RA_LIC_RELEASE_CY,0.0,0.0,0.0,0.0
NI02PPUBLQS2019,RA_LIC_RELEASE_CY,0.0,0.0,0.0,0.0
NI02PPUBLQS2020,RA_LIC_RELEASE_CY,0.0,0.0,0.0,0.0
NI02PPUBLQS2021,RA_LIC_RELEASE_CY,0.0,0.0,0.0,0.0
NI02PPUBLQS2022,RA_LIC_RELEASE_CY,0.0,0.0,0.0,0.0
NI02PPUBLQS2023,RA_LIC_RELEASE_CY,0.0,0.0,0.0,0.0
NI02PPUBLQS2024,RA_LIC_RELEASE_CY,0.0,0.0,0.0,0.0
NI02PPUBLQS2025,RA_LIC_RELEASE_CY,0.0,0.0,0.0,0.0
NI02PPUBLQS2013,RA_LIC_FEXPVAR_CY,0.0,0.0,0.0,0.0
NI02PPUBLQS2014,RA_LIC_FEXPVAR_CY,0.0,0.0,0.0,0.0
NI02PPUBLQS2015,RA_LIC_FEXPVAR_CY,0.0,0.0,0.0,0.0
NI02PPUBLQS2016,RA_LIC_FEXPVAR_CY,0.0,0.0,0.0,0.0
NI02PPUBLQS2017,RA_LIC_FEXPVAR_CY,0.0,0.0,0.0,0.0
NI02PPUBLQS2018,RA_LIC_FEXPVAR_CY,0.0,0.0,0.0,0.0
NI02PPUBLQS2019,RA_LIC_FEXPVAR_CY,0.0,0.0,0.0,0.0
NI02PPUBLQS2020,RA_LIC_FEXPVAR_CY,0.0,0.0,0.0,0.0
NI02PPUBLQS2021,RA_LIC_FEXPVAR_CY,0.0,0.0,0.0,0.0
NI02PPUBLQS2022,RA_LIC_FEXPVAR_CY,0.0,0.0,0.0,0.0
NI02PPUBLQS2023,RA_LIC_FEXPVAR_CY,0.0,0.0,0.0,0.0
NI02PPUBLQS2024,RA_LIC_FEXPVAR_CY,0.0,0.0,0.0,0.0
NI02PPUBLQS2025,RA_LIC_FEXPVAR_CY,0.0,0.0,0.0,0.0
NI02PPUBLQS2013,DA_LIC_OP,0.0,0.0,0.0,0.0
NI02PPUBLQS2014,DA_LIC_OP,0.0,0.0,0.0,0.0
NI02PPUBLQS2015,DA_LIC_OP,0.0,0.0,0.0,0.0
NI02PPUBLQS2016,DA_LIC_OP,0.0,0.0,0.0,0.0
NI02PPUBLQS2017,DA_LIC_OP,0.0,0.0,0.0,0.0
NI02PPUBLQS2018,DA_LIC_OP,0.0,0.0,0.0,0.0
NI02PPUBLQS2019,DA_LIC_OP,0.0,0.0,0.0,0.0
NI02PPUBLQS2020,DA_LIC_OP,0.0,0.0,0.0,0.0
NI02PPUBLQS2021,DA_LIC_OP,0.0,0.0,0.0,0.0
NI02PPUBLQS2022,DA_LIC_OP,0.0,0.0,0.0,0.0
NI02PPUBLQS2023,DA_LIC_OP,0.0,0.0,0.0,0.0
NI02PPUBLQS2024,DA_LIC_OP,0.0,0.0,0.0,0.0
NI02PPUBLQS2025,DA_LIC_OP,0.0,0.0,0.0,0.0
NI02PPUBLQS2013,DA_LIC_INCLAIM_INCEXP,0.0,0.0,0.0,0.0
NI02PPUBLQS2014,DA_LIC_INCLAIM_INCEXP,0.0,0.0,0.0,0.0
NI02PPUBLQS2015,DA_LIC_INCLAIM_INCEXP,0.0,0.0,0.0,0.0
NI02PPUBLQS2016,DA_LIC_INCLAIM_INCEXP,0.0,0.0,0.0,0.0
NI02PPUBLQS2017,DA_LIC_INCLAIM_INCEXP,0.0,0.0,0.0,0.0
NI02PPUBLQS2018,DA_LIC_INCLAIM_INCEXP,0.0,0.0,0.0,0.0
NI02PPUBLQS2019,DA_LIC_INCLAIM_INCEXP,0.0,0.0,0.0,0.0
NI02PPUBLQS2020,DA_LIC_INCLAIM_INCEXP,0.0,0.0,0.0,0.0
NI02PPUBLQS2021,DA_LIC_INCLAIM_INCEXP,0.0,0.0,0.0,0.0
NI02PPUBLQS2022,DA_LIC_INCLAIM_INCEXP,0.0,0.0,0.0,0.0
NI02PPUBLQS2023,DA_LIC_INCLAIM_INCEXP,0.0,0.0,0.0,0.0
NI02PPUBLQS2024,DA_LIC_INCLAIM_INCEXP,0.0,0.0,0.0,0.0
NI02PPUBLQS2025,DA_LIC_INCLAIM_INCEXP,0.0,0.0,0.0,0.0
NI02PPUBLQS2013,DA_LIC_CHG,0.0,0.0,0.0,0.0
NI02PPUBLQS2014,DA_LIC_CHG,0.0,0.0,0.0,0.0
NI02PPUBLQS2015,DA_LIC_CHG,0.0,0.0,0.0,0.0
NI02PPUBLQS2016,DA_LIC_CHG,0.0,0.0,0.0,0.0
NI02PPUBLQS2017,DA_LIC_CHG,0.0,0.0,0.0,0.0
NI02PPUBLQS2018,DA_LIC_CHG,0.0,0.0,0.0,0.0
NI02PPUBLQS2019,DA_LIC_CHG,0.0,0.0,0.0,0.0
NI02PPUBLQS2020,DA_LIC_CHG,0.0,0.0,0.0,0.0
NI02PPUBLQS2021,DA_LIC_CHG,0.0,0.0,0.0,0.0
NI02PPUBLQS2022,DA_LIC_CHG,0.0,0.0,0.0,0.0
NI02PPUBLQS2023,DA_LIC_CHG,0.0,0.0,0.0,0.0
NI02PPUBLQS2024,DA_LIC_CHG,0.0,0.0,0.0,0.0
NI02PPUBLQS2025,DA_LIC_CHG,0.0,0.0,0.0,0.0
NI02PPUBLQS2013,DA_LIC_CLO,0.0,0.0,0.0,0.0
NI02PPUBLQS2014,DA_LIC_CLO,0.0,0.0,0.0,0.0
NI02PPUBLQS2015,DA_LIC_CLO,0.0,0.0,0.0,0.0
NI02PPUBLQS2016,DA_LIC_CLO,0.0,0.0,0.0,0.0
NI02PPUBLQS2017,DA_LIC_CLO,0.0,0.0,0.0,0.0
NI02PPUBLQS2018,DA_LIC_CLO,0.0,0.0,0.0,0.0
NI02PPUBLQS2019,DA_LIC_CLO,0.0,0.0,0.0,0.0
NI02PPUBLQS2020,DA_LIC_CLO,0.0,0.0,0.0,0.0
NI02PPUBLQS2021,DA_LIC_CLO,0.0,0.0,0.0,0.0
NI02PPUBLQS2022,DA_LIC_CLO,0.0,0.0,0.0,0.0
NI02PPUBLQS2023,DA_LIC_CLO,0.0,0.0,0.0,0.0
NI02PPUBLQS2024,DA_LIC_CLO,0.0,0.0,0.0,0.0
NI02PPUBLQS2025,DA_LIC_CLO,0.0,0.0,0.0,0.0
NI02PPUBLST2013,PVFC_LIC_UNWIND,0.0,0.0,0.0,0.0
NI02PPUBLST2013,PVFC_LIC_EXP_CLAIM_CF_CY,0.0,0.0,0.0,-1.0
NI02PPUBLST2013,PVFC_LIC_EXP_ATTEXP_CY,0.0,0.0,0.0,0.0
NI02PPUBLST2013,PVFC_LIC_EXP_CLAIM_CF_PY,0.0,0.0,0.0,0.0
NI02PPUBLST2013,PVFC_LIC_EXP_ATTEXP_PY,0.0,0.0,0.0,0.0
NI02PPUBLST2013,RA_LIC_OP,0.0,0.0,0.0,0.0
NI02PPUBLST2013,RA_LIC_UNWIND,0.0,0.0,0.0,0.0
NI02PPUBLST2013,RA_LIC_INCLAIM,0.0,0.0,0.0,0.0
NI02PPUBLST2013,RA_LIC_RELEASE_PY,0.0,0.0,0.0,0.0
NI02PPUBLST2013,RA_LIC_DEREC,0.0,0.0,0.0,0.0
NI02PPUBLST2013,RA_LIC_TASSCHG_PY,0.0,0.0,0.0,0.0
NI02PPUBLST2013,RA_LIC_FASSCHG_PY,0.0,0.0,0.0,0.0
NI02PPUBLST2013,RA_LIC_CLO,0.0,0.0,0.0,0.0
NI02PPUBLST2014,PVFC_LIC_UNWIND,0.0,0.0,0.0,0.0
NI02PPUBLST2014,PVFC_LIC_EXP_CLAIM_CF_CY,0.0,0.0,0.0,0.0
NI02PPUBLST2014,PVFC_LIC_EXP_ATTEXP_CY,0.0,0.0,0.0,0.0
NI02PPUBLST2014,PVFC_LIC_EXP_CLAIM_CF_PY,0.0,0.0,0.0,0.0
NI02PPUBLST2014,PVFC_LIC_EXP_ATTEXP_PY,0.0,0.0,0.0,0.0
NI02PPUBLST2014,RA_LIC_OP,0.0,0.0,0.0,0.0
NI02PPUBLST2014,RA_LIC_UNWIND,0.0,0.0,0.0,0.0
NI02PPUBLST2014,RA_LIC_INCLAIM,0.0,0.0,0.0,0.0
NI02PPUBLST2014,RA_LIC_RELEASE_PY,0.0,0.0,0.0,0.0
NI02PPUBLST2014,RA_LIC_DEREC,0.0,0.0,0.0,0.0
NI02PPUBLST2014,RA_LIC_TASSCHG_PY,0.0,0.0,0.0,0.0
NI02PPUBLST2014,RA_LIC_FASSCHG_PY,0.0,0.0,0.0,0.0
NI02PPUBLST2014,RA_LIC_CLO,0.0,0.0,0.0,0.0
NI02PPUBLST2015,PVFC_LIC_UNWIND,0.0,0.0,0.0,0.0
NI02PPUBLST2015,PVFC_LIC_EXP_CLAIM_CF_CY,0.0,0.0,0.0,0.0
NI02PPUBLST2015,PVFC_LIC_EXP_ATTEXP_CY,0.0,0.0,0.0,0.0
NI02PPUBLST2015,PVFC_LIC_EXP_CLAIM_CF_PY,0.0,0.0,0.0,0.0
NI02PPUBLST2015,PVFC_LIC_EXP_ATTEXP_PY,0.0,0.0,0.0,0.0
NI02PPUBLST2015,RA_LIC_OP,0.0,0.0,0.0,0.0
NI02PPUBLST2015,RA_LIC_UNWIND,0.0,0.0,0.0,0.0
NI02PPUBLST2015,RA_LIC_INCLAIM,0.0,0.0,0.0,0.0
NI02PPUBLST2015,RA_LIC_RELEASE_PY,0.0,0.0,0.0,0.0
NI02PPUBLST2015,RA_LIC_DEREC,0.0,0.0,0.0,0.0
NI02PPUBLST2015,RA_LIC_TASSCHG_PY,0.0,0.0,0.0,0.0
NI02PPUBLST2015,RA_LIC_FASSCHG_PY,0.0,0.0,0.0,0.0
NI02PPUBLST2015,RA_LIC_CLO,0.0,0.0,0.0,0.0
NI02PPUBLST2016,PVFC_LIC_UNWIND,0.0,0.0,0.0,0.0
NI02PPUBLST2016,PVFC_LIC_EXP_CLAIM_CF_CY,0.0,0.0,0.0,0.0
NI02PPUBLST2016,PVFC_LIC_EXP_ATTEXP_CY,0.0,0.0,0.0,0.0
NI02PPUBLST2016,PVFC_LIC_EXP_CLAIM_CF_PY,0.0,0.0,0.0,0.0
NI02PPUBLST2016,PVFC_LIC_EXP_ATTEXP_PY,0.0,0.0,0.0,0.0
NI02PPUBLST2016,RA_LIC_OP,0.0,0.0,0.0,0.0
NI02PPUBLST2016,RA_LIC_UNWIND,0.0,0.0,0.0,0.0
NI02PPUBLST2016,RA_LIC_INCLAIM,0.0,0.0,0.0,0.0
NI02PPUBLST2016,RA_LIC_RELEASE_PY,0.0,0.0,0.0,0.0
NI02PPUBLST2016,RA_LIC_DEREC,0.0,0.0,0.0,0.0
NI02PPUBLST2016,RA_LIC_TASSCHG_PY,0.0,0.0,0.0,0.0
NI02PPUBLST2016,RA_LIC_FASSCHG_PY,0.0,0.0,0.0,0.0
NI02PPUBLST2016,RA_LIC_CLO,0.0,0.0,0.0,0.0
NI02PPUBLST2017,PVFC_LIC_UNWIND,0.0,0.0,0.0,0.0
NI02PPUBLST2017,PVFC_LIC_EXP_CLAIM_CF_CY,0.0,0.0,0.0,0.0
NI02PPUBLST2017,PVFC_LIC_EXP_ATTEXP_CY,0.0,0.0,0.0,0.0
NI02PPUBLST2017,PVFC_LIC_EXP_CLAIM_CF_PY,0.0,0.0,0.0,0.0
NI02PPUBLST2017,PVFC_LIC_EXP_ATTEXP_PY,0.0,0.0,0.0,0.0
NI02PPUBLST2017,RA_LIC_OP,0.0,0.0,0.0,0.0
NI02PPUBLST2017,RA_LIC_UNWIND,0.0,0.0,0.0,0.0
NI02PPUBLST2017,RA_LIC_INCLAIM,0.0,0.0,0.0,0.0
NI02PPUBLST2017,RA_LIC_RELEASE_PY,0.0,0.0,0.0,0.0
NI02PPUBLST2017,RA_LIC_DEREC,0.0,0.0,0.0,0.0
NI02PPUBLST2017,RA_LIC_TASSCHG_PY,0.0,0.0,0.0,0.0
NI02PPUBLST2017,RA_LIC_FASSCHG_PY,0.0,0.0,0.0,0.0
NI02PPUBLST2017,RA_LIC_CLO,0.0,0.0,0.0,0.0
NI02PPUBLST2018,PVFC_LIC_UNWIND,0.0,0.0,0.0,0.0
NI02PPUBLST2018,PVFC_LIC_EXP_CLAIM_CF_CY,0.0,0.0,0.0,0.0
NI02PPUBLST2018,PVFC_LIC_EXP_ATTEXP_CY,0.0,0.0,0.0,0.0
NI02PPUBLST2018,PVFC_LIC_EXP_CLAIM_CF_PY,3785.4220882199484,0.0,0.0,0.0
NI02PPUBLST2018,PVFC_LIC_EXP_ATTEXP_PY,0.0,0.0,0.0,0.0
NI02PPUBLST2018,RA_LIC_OP,0.0,0.0,0.0,0.0
NI02PPUBLST2018,RA_LIC_UNWIND,0.0,0.0,0.0,0.0
NI02PPUBLST2018,RA_LIC_INCLAIM,0.0,0.0,0.0,0.0
NI02PPUBLST2018,RA_LIC_RELEASE_PY,0.0,0.0,0.0,0.0
NI02PPUBLST2018,RA_LIC_DEREC,0.0,0.0,0.0,0.0
NI02PPUBLST2018,RA_LIC_TASSCHG_PY,0.0,0.0,0.0,0.0
NI02PPUBLST2018,RA_LIC_FASSCHG_PY,0.0,0.0,0.0,0.0
NI02PPUBLST2018,RA_LIC_CLO,0.0,0.0,0.0,0.0
NI02PPUBLST2019,PVFC_LIC_UNWIND,0.0,0.0,0.0,0.0
NI02PPUBLST2019,PVFC_LIC_EXP_CLAIM_CF_CY,0.0,0.0,0.0,0.0
NI02PPUBLST2019,PVFC_LIC_EXP_ATTEXP_CY,0.0,0.0,0.0,0.0
NI02PPUBLST2019,PVFC_LIC_EXP_CLAIM_CF_PY,78.28921656486386,0.0,0.0,0.0
NI02PPUBLST2019,PVFC_LIC_EXP_ATTEXP_PY,0.0,0.0,0.0,0.0
NI02PPUBLST2019,RA_LIC_OP,0.0,0.0,0.0,0.0
NI02PPUBLST2019,RA_LIC_UNWIND,0.0,0.0,0.0,0.0
NI02PPUBLST2019,RA_LIC_INCLAIM,0.0,0.0,0.0,0.0
NI02PPUBLST2019,RA_LIC_RELEASE_PY,0.0,0.0,0.0,0.0
NI02PPUBLST2019,RA_LIC_DEREC,0.0,0.0,0.0,0.0
NI02PPUBLST2019,RA_LIC_TASSCHG_PY,0.0,0.0,0.0,0.0
NI02PPUBLST2019,RA_LIC_FASSCHG_PY,0.0,0.0,0.0,0.0
NI02PPUBLST2019,RA_LIC_CLO,0.0,0.0,0.0,0.0
NI02PPUBLST2020,PVFC_LIC_UNWIND,0.0,0.0,0.0,0.0
NI02PPUBLST2020,PVFC_LIC_EXP_CLAIM_CF_CY,0.0,0.0,0.0,0.0
NI02PPUBLST2020,PVFC_LIC_EXP_ATTEXP_CY,0.0,0.0,0.0,0.0
NI02PPUBLST2020,PVFC_LIC_EXP_CLAIM_CF_PY,1952.204043948742,0.0,0.0,0.0
NI02PPUBLST2020,PVFC_LIC_EXP_ATTEXP_PY,0.0,0.0,0.0,0.0
NI02PPUBLST2020,RA_LIC_OP,0.0,0.0,0.0,0.0
NI02PPUBLST2020,RA_LIC_UNWIND,0.0,0.0,0.0,0.0
NI02PPUBLST2020,RA_LIC_INCLAIM,0.0,0.0,0.0,0.0
NI02PPUBLST2020,RA_LIC_RELEASE_PY,0.0,0.0,0.0,0.0
NI02PPUBLST2020,RA_LIC_DEREC,0.0,0.0,0.0,0.0
NI02PPUBLST2020,RA_LIC_TASSCHG_PY,0.0,0.0,0.0,0.0
NI02PPUBLST2020,RA_LIC_FASSCHG_PY,0.0,0.0,0.0,0.0
NI02PPUBLST2020,RA_LIC_CLO,0.0,0.0,0.0,0.0
NI02PPUBLST2021,PVFC_LIC_UNWIND,0.0,0.0,0.0,0.0
NI02PPUBLST2021,PVFC_LIC_EXP_CLAIM_CF_CY,0.0,0.0,0.0,0.0
NI02PPUBLST2021,PVFC_LIC_EXP_ATTEXP_CY,0.0,0.0,0.0,0.0
NI02PPUBLST2021,PVFC_LIC_EXP_CLAIM_CF_PY,2727.0797262988535,0.0,0.0,0.0
NI02PPUBLST2021,PVFC_LIC_EXP_ATTEXP_PY,0.0,0.0,0.0,0.0
NI02PPUBLST2021,RA_LIC_OP,0.0,0.0,0.0,0.0
NI02PPUBLST2021,RA_LIC_UNWIND,0.0,0.0,0.0,0.0
NI02PPUBLST2021,RA_LIC_INCLAIM,0.0,0.0,0.0,0.0
NI02PPUBLST2021,RA_LIC_RELEASE_PY,0.0,0.0,0.0,0.0
NI02PPUBLST2021,RA_LIC_DEREC,0.0,0.0,0.0,0.0
NI02PPUBLST2021,RA_LIC_TASSCHG_PY,0.0,0.0,0.0,0.0
NI02PPUBLST2021,RA_LIC_FASSCHG_PY,0.0,0.0,0.0,0.0
NI02PPUBLST2021,RA_LIC_CLO,0.0,0.0,0.0,0.0
NI02PPUBLST2022,PVFC_LIC_UNWIND,0.0,0.0,0.0,0.0
NI02PPUBLST2022,PVFC_LIC_EXP_CLAIM_CF_CY,0.0,0.0,0.0,0.0
NI02PPUBLST2022,PVFC_LIC_EXP_ATTEXP_CY,0.0,0.0,0.0,0.0
NI02PPUBLST2022,PVFC_LIC_EXP_CLAIM_CF_PY,4116.2562835282315,0.0,0.0,0.0
NI02PPUBLST2022,PVFC_LIC_EXP_ATTEXP_PY,0.0,0.0,0.0,0.0
NI02PPUBLST2022,RA_LIC_OP,0.0,0.0,0.0,0.0
NI02PPUBLST2022,RA_LIC_UNWIND,0.0,0.0,0.0,0.0
NI02PPUBLST2022,RA_LIC_INCLAIM,0.0,0.0,0.0,0.0
NI02PPUBLST2022,RA_LIC_RELEASE_PY,0.0,0.0,0.0,0.0
NI02PPUBLST2022,RA_LIC_DEREC,0.0,0.0,0.0,0.0
NI02PPUBLST2022,RA_LIC_TASSCHG_PY,0.0,0.0,0.0,0.0
NI02PPUBLST2022,RA_LIC_FASSCHG_PY,0.0,0.0,0.0,0.0
NI02PPUBLST2022,RA_LIC_CLO,0.0,0.0,0.0,0.0
NI02PPUBLST2023,PVFC_LIC_UNWIND,0.0,0.0,0.0,0.0
NI02PPUBLST2023,PVFC_LIC_EXP_CLAIM_CF_CY,0.0,0.0,0.0,0.0
NI02PPUBLST2023,PVFC_LIC_EXP_ATTEXP_CY,0.0,0.0,0.0,0.0
NI02PPUBLST2023,PVFC_LIC_EXP_CLAIM_CF_PY,2957.1326696521687,0.0,0.0,0.0
NI02PPUBLST2023,PVFC_LIC_EXP_ATTEXP_PY,0.0,0.0,0.0,0.0
NI02PPUBLST2023,RA_LIC_OP,0.0,0.0,0.0,0.0
NI02PPUBLST2023,RA_LIC_UNWIND,0.0,0.0,0.0,0.0
NI02PPUBLST2023,RA_LIC_INCLAIM,0.0,0.0,0.0,0.0
NI02PPUBLST2023,RA_LIC_RELEASE_PY,0.0,0.0,0.0,0.0
NI02PPUBLST2023,RA_LIC_DEREC,0.0,0.0,0.0,0.0
NI02PPUBLST2023,RA_LIC_TASSCHG_PY,0.0,0.0,0.0,0.0
NI02PPUBLST2023,RA_LIC_FASSCHG_PY,0.0,0.0,0.0,0.0
NI02PPUBLST2023,RA_LIC_CLO,0.0,0.0,0.0,0.0
NI02PPUBLST2024,PVFC_LIC_UNWIND,0.0,0.0,0.0,0.0
NI02PPUBLST2024,PVFC_LIC_EXP_CLAIM_CF_CY,0.0,0.0,0.0,0.0
NI02PPUBLST2024,PVFC_LIC_EXP_ATTEXP_CY,0.0,0.0,0.0,0.0
NI02PPUBLST2024,PVFC_LIC_EXP_CLAIM_CF_PY,5920.727228822041,0.0,0.0,0.0
NI02PPUBLST2024,PVFC_LIC_EXP_ATTEXP_PY,0.0,0.0,0.0,0.0
NI02PPUBLST2024,RA_LIC_OP,0.0,0.0,0.0,0.0
NI02PPUBLST2024,RA_LIC_UNWIND,0.0,0.0,0.0,0.0
NI02PPUBLST2024,RA_LIC_INCLAIM,0.0,0.0,0.0,0.0
NI02PPUBLST2024,RA_LIC_RELEASE_PY,0.0,0.0,0.0,0.0
NI02PPUBLST2024,RA_LIC_DEREC,0.0,0.0,0.0,0.0
NI02PPUBLST2024,RA_LIC_TASSCHG_PY,0.0,0.0,0.0,0.0
NI02PPUBLST2024,RA_LIC_FASSCHG_PY,0.0,0.0,0.0,0.0
NI02PPUBLST2024,RA_LIC_CLO,0.0,0.0,0.0,0.0
NI02PPUBLST2025,PVFC_LIC_UNWIND,0.0,0.0,0.0,0.0
NI02PPUBLST2025,PVFC_LIC_EXP_CLAIM_CF_CY,0.0,0.0,0.0,0.0
NI02PPUBLST2025,PVFC_LIC_EXP_ATTEXP_CY,0.0,0.0,0.0,0.0
NI02PPUBLST2025,PVFC_LIC_EXP_CLAIM_CF_PY,0.0,0.0,0.0,0.0
NI02PPUBLST2025,PVFC_LIC_EXP_ATTEXP_PY,0.0,0.0,0.0,0.0
NI02PPUBLST2025,RA_LIC_OP,0.0,0.0,0.0,0.0
NI02PPUBLST2025,RA_LIC_UNWIND,0.0,0.0,0.0,0.0
NI02PPUBLST2025,RA_LIC_INCLAIM,0.0,0.0,0.0,0.0
NI02PPUBLST2025,RA_LIC_RELEASE_PY,0.0,0.0,0.0,0.0
NI02PPUBLST2025,RA_LIC_DEREC,0.0,0.0,0.0,0.0
NI02PPUBLST2025,RA_LIC_TASSCHG_PY,0.0,0.0,0.0,0.0
NI02PPUBLST2025,RA_LIC_FASSCHG_PY,0.0,0.0,0.0,0.0
NI02PPUBLST2025,RA_LIC_CLO,0.0,0.0,0.0,0.0
NI02PPUBLST2013,RA_LIC_RELEASE_CY,0.0,0.0,0.0,0.0
NI02PPUBLST2014,RA_LIC_RELEASE_CY,0.0,0.0,0.0,0.0
NI02PPUBLST2015,RA_LIC_RELEASE_CY,0.0,0.0,0.0,0.0
NI02PPUBLST2016,RA_LIC_RELEASE_CY,0.0,0.0,0.0,0.0
NI02PPUBLST2017,RA_LIC_RELEASE_CY,0.0,0.0,0.0,0.0
NI02PPUBLST2018,RA_LIC_RELEASE_CY,0.0,0.0,0.0,0.0
NI02PPUBLST2019,RA_LIC_RELEASE_CY,0.0,0.0,0.0,0.0
NI02PPUBLST2020,RA_LIC_RELEASE_CY,0.0,0.0,0.0,0.0
NI02PPUBLST2021,RA_LIC_RELEASE_CY,0.0,0.0,0.0,0.0
NI02PPUBLST2022,RA_LIC_RELEASE_CY,0.0,0.0,0.0,0.0
NI02PPUBLST2023,RA_LIC_RELEASE_CY,0.0,0.0,0.0,0.0
NI02PPUBLST2024,RA_LIC_RELEASE_CY,0.0,0.0,0.0,0.0
NI02PPUBLST2025,RA_LIC_RELEASE_CY,0.0,0.0,0.0,0.0
NI02PPUBLST2013,RA_LIC_FEXPVAR_CY,0.0,0.0,0.0,0.0
NI02PPUBLST2014,RA_LIC_FEXPVAR_CY,0.0,0.0,0.0,0.0
NI02PPUBLST2015,RA_LIC_FEXPVAR_CY,0.0,0.0,0.0,0.0
NI02PPUBLST2016,RA_LIC_FEXPVAR_CY,0.0,0.0,0.0,0.0
NI02PPUBLST2017,RA_LIC_FEXPVAR_CY,0.0,0.0,0.0,0.0
NI02PPUBLST2018,RA_LIC_FEXPVAR_CY,0.0,0.0,0.0,0.0
NI02PPUBLST2019,RA_LIC_FEXPVAR_CY,0.0,0.0,0.0,0.0
NI02PPUBLST2020,RA_LIC_FEXPVAR_CY,0.0,0.0,0.0,0.0
NI02PPUBLST2021,RA_LIC_FEXPVAR_CY,0.0,0.0,0.0,0.0
NI02PPUBLST2022,RA_LIC_FEXPVAR_CY,0.0,0.0,0.0,0.0
NI02PPUBLST2023,RA_LIC_FEXPVAR_CY,0.0,0.0,0.0,0.0
NI02PPUBLST2024,RA_LIC_FEXPVAR_CY,0.0,0.0,0.0,0.0
NI02PPUBLST2025,RA_LIC_FEXPVAR_CY,0.0,0.0,0.0,0.0
NI02PPUBLST2013,DA_LIC_OP,0.0,0.0,0.0,0.0
NI02PPUBLST2014,DA_LIC_OP,0.0,0.0,0.0,0.0
NI02PPUBLST2015,DA_LIC_OP,0.0,0.0,0.0,0.0
NI02PPUBLST2016,DA_LIC_OP,0.0,0.0,0.0,0.0
NI02PPUBLST2017,DA_LIC_OP,1.6352594407712766,0.0,0.0,0.0
NI02PPUBLST2018,DA_LIC_OP,0.03381962252689374,0.0,0.0,0.0
NI02PPUBLST2019,DA_LIC_OP,0.8433441800923761,0.0,0.0,0.0
NI02PPUBLST2020,DA_LIC_OP,1.1801274991338293,0.0,0.0,0.0
NI02PPUBLST2021,DA_LIC_OP,1.7914526241005613,0.0,0.0,0.0
NI02PPUBLST2022,DA_LIC_OP,1.3042222093087268,0.0,0.0,0.0
NI02PPUBLST2023,DA_LIC_OP,2.6774926255297955,0.0,0.0,0.0
NI02PPUBLST2024,DA_LIC_OP,0.0,0.0,0.0,0.0
NI02PPUBLST2025,DA_LIC_OP,0.0,0.0,0.0,0.0
NI02PPUBLST2013,DA_LIC_INCLAIM_INCEXP,0.0,0.0,0.0,0.0
NI02PPUBLST2014,DA_LIC_INCLAIM_INCEXP,0.0,0.0,0.0,0.0
NI02PPUBLST2015,DA_LIC_INCLAIM_INCEXP,0.0,0.0,0.0,0.0
NI02PPUBLST2016,DA_LIC_INCLAIM_INCEXP,0.0,0.0,0.0,0.0
NI02PPUBLST2017,DA_LIC_INCLAIM_INCEXP,14.732940008043114,0.0,0.0,0.0
NI02PPUBLST2018,DA_LIC_INCLAIM_INCEXP,0.30469933844160013,0.0,0.0,0.0
NI02PPUBLST2019,DA_LIC_INCLAIM_INCEXP,7.598145530701243,0.0,0.0,0.0
NI02PPUBLST2020,DA_LIC_INCLAIM_INCEXP,10.6324092759129,0.0,0.0,0.0
NI02PPUBLST2021,DA_LIC_INCLAIM_INCEXP,16.140169186656063,0.0,0.0,0.0
NI02PPUBLST2022,DA_LIC_INCLAIM_INCEXP,11.750445885112939,0.0,0.0,0.0
NI02PPUBLST2023,DA_LIC_INCLAIM_INCEXP,24.122984549352516,0.0,0.0,0.0
NI02PPUBLST2024,DA_LIC_INCLAIM_INCEXP,0.0,0.0,0.0,0.0
NI02PPUBLST2025,DA_LIC_INCLAIM_INCEXP,0.0,0.0,0.0,0.0
NI02PPUBLST2013,DA_LIC_CHG,0.0,0.0,0.0,0.0
NI02PPUBLST2014,DA_LIC_CHG,0.0,0.0,0.0,0.0
NI02PPUBLST2015,DA_LIC_CHG,0.0,0.0,0.0,0.0
NI02PPUBLST2016,DA_LIC_CHG,0.0,0.0,0.0,0.0
NI02PPUBLST2017,DA_LIC_CHG,4.498221818301777,0.0,0.0,0.0
NI02PPUBLST2018,DA_LIC_CHG,0.09302998664569814,0.0,0.0,0.0
NI02PPUBLST2019,DA_LIC_CHG,2.319845460999208,0.0,0.0,0.0
NI02PPUBLST2020,DA_LIC_CHG,3.2462587480784935,0.0,0.0,0.0
NI02PPUBLST2021,DA_LIC_CHG,4.927873265408186,0.0,0.0,0.0
NI02PPUBLST2022,DA_LIC_CHG,3.5876146937633453,0.0,0.0,0.0
NI02PPUBLST2023,DA_LIC_CHG,7.365165090145974,0.0,0.0,0.0
NI02PPUBLST2024,DA_LIC_CHG,0.0,0.0,0.0,0.0
NI02PPUBLST2025,DA_LIC_CHG,0.0,0.0,0.0,0.0
NI02PPUBLST2013,DA_LIC_CLO,0.0,0.0,0.0,0.0
NI02PPUBLST2014,DA_LIC_CLO,0.0,0.0,0.0,0.0
NI02PPUBLST2015,DA_LIC_CLO,0.0,0.0,0.0,0.0
NI02PPUBLST2016,DA_LIC_CLO,0.0,0.0,0.0,0.0
NI02PPUBLST2017,DA_LIC_CLO,20.866421267116166,0.0,0.0,0.0
NI02PPUBLST2018,DA_LIC_CLO,0.431548947614192,0.0,0.0,0.0
NI02PPUBLST2019,DA_LIC_CLO,10.761335171792828,0.0,0.0,0.0
NI02PPUBLST2020,DA_LIC_CLO,15.058795523125221,0.0,0.0,0.0
NI02PPUBLST2021,DA_LIC_CLO,22.859495076164816,0.0,0.0,0.0
NI02PPUBLST2022,DA_LIC_CLO,16.642282788185007,0.0,0.0,0.0
NI02PPUBLST2023,DA_LIC_CLO,34.16564226502828,0.0,0.0,0.0
NI02PPUBLST2024,DA_LIC_CLO,0.0,0.0,0.0,0.0
NI02PPUBLST2025,DA_LIC_CLO,0.0,0.0,0.0,0.0
