GOC_ID,VARIABLE_NAME,1
NI01PCBCHLT2022,ACTUARIAL_ACTUAL_CLAIMS_CF_CY,0.0
NI01PCBCHLT2022,ACTUARIAL_ACTUAL_CLAIMS_CF_PY,0.0
NI01PCBCHLT2022,ACTUARIAL_ACTUAL_EXPENSE_CF_PY,0.0
NI01PCBCHLT2022,ACTUARIAL_ACTUAL_EXPENSE_CLHANDL_CF_CY,0.0
NI01PCBCHLT2022,ACTUARIAL_ACTUAL_EXPENSE_NCLHANDL_CF_CY,0.0
NI01PCBCHLT2022,INVESTMENT_INCOME_OCI,0.0
NI01PCBCHLT2022,INVESTMENT_INCOME_PNL,0.0
NI01PCBCHLT2022,NON_ATTRIBUTABLE_EXPENSE,0.0
NI01PCBCHLT2023,ACTUARIAL_ACTUAL_CLAIMS_CF_CY,0.0
NI01PCBCHLT2023,ACTUARIAL_ACTUAL_CLAIMS_CF_PY,-6680.902098000001
NI01PCBCHLT2023,ACTUARIAL_ACTUAL_EXPENSE_CF_PY,0.0
NI01PCBCHLT2023,ACTUARIAL_ACTUAL_EXPENSE_CLHANDL_CF_CY,0.0
NI01PCBCHLT2023,ACTUARIAL_ACTUAL_EXPENSE_NCLHANDL_CF_CY,0.0
NI01PCBCHLT2023,INVESTMENT_INCOME_OCI,0.0
NI01PCBCHLT2023,INVESTMENT_INCOME_PNL,0.0
NI01PCBCHLT2023,NON_ATTRIBUTABLE_EXPENSE,0.0
NI01PCBCHLT2024,ACTUARIAL_ACTUAL_CLAIMS_CF_CY,-36671.764968999996
NI01PCBCHLT2024,ACTUARIAL_ACTUAL_CLAIMS_CF_PY,0.0
NI01PCBCHLT2024,ACTUARIAL_ACTUAL_EXPENSE_CF_PY,0.0
NI01PCBCHLT2024,ACTUARIAL_ACTUAL_EXPENSE_CLHANDL_CF_CY,0.0
NI01PCBCHLT2024,ACTUARIAL_ACTUAL_EXPENSE_NCLHANDL_CF_CY,0.0
NI01PCBCHLT2024,INVESTMENT_INCOME_OCI,0.0
NI01PCBCHLT2024,INVESTMENT_INCOME_PNL,0.0
NI01PCBCHLT2024,NON_ATTRIBUTABLE_EXPENSE,0.0
NI01PCBRHLT2022,ACTUARIAL_ACTUAL_CLAIMS_CF_CY,0.0
NI01PCBRHLT2022,ACTUARIAL_ACTUAL_CLAIMS_CF_PY,0.0
NI01PCBRHLT2022,ACTUARIAL_ACTUAL_EXPENSE_CF_PY,0.0
NI01PCBRHLT2022,ACTUARIAL_ACTUAL_EXPENSE_CLHANDL_CF_CY,0.0
NI01PCBRHLT2022,ACTUARIAL_ACTUAL_EXPENSE_NCLHANDL_CF_CY,0.0
NI01PCBRHLT2022,INVESTMENT_INCOME_OCI,0.0
NI01PCBRHLT2022,INVESTMENT_INCOME_PNL,0.0
NI01PCBRHLT2022,NON_ATTRIBUTABLE_EXPENSE,0.0
NI01PCBRHLT2023,ACTUARIAL_ACTUAL_CLAIMS_CF_CY,0.0
NI01PCBRHLT2023,ACTUARIAL_ACTUAL_CLAIMS_CF_PY,-378664.3348600001
NI01PCBRHLT2023,ACTUARIAL_ACTUAL_EXPENSE_CF_PY,0.0
NI01PCBRHLT2023,ACTUARIAL_ACTUAL_EXPENSE_CLHANDL_CF_CY,0.0
NI01PCBRHLT2023,ACTUARIAL_ACTUAL_EXPENSE_NCLHANDL_CF_CY,0.0
NI01PCBRHLT2023,INVESTMENT_INCOME_OCI,0.0
NI01PCBRHLT2023,INVESTMENT_INCOME_PNL,0.0
NI01PCBRHLT2023,NON_ATTRIBUTABLE_EXPENSE,0.0
NI01PCBRHLT2024,ACTUARIAL_ACTUAL_CLAIMS_CF_CY,-1543499.0993305
NI01PCBRHLT2024,ACTUARIAL_ACTUAL_CLAIMS_CF_PY,0.0
NI01PCBRHLT2024,ACTUARIAL_ACTUAL_EXPENSE_CF_PY,0.0
NI01PCBRHLT2024,ACTUARIAL_ACTUAL_EXPENSE_CLHANDL_CF_CY,0.0
NI01PCBRHLT2024,ACTUARIAL_ACTUAL_EXPENSE_NCLHANDL_CF_CY,0.0
NI01PCBRHLT2024,INVESTMENT_INCOME_OCI,0.0
NI01PCBRHLT2024,INVESTMENT_INCOME_PNL,0.0
NI01PCBRHLT2024,NON_ATTRIBUTABLE_EXPENSE,0.0
NI01PCECHLT2022,ACTUARIAL_ACTUAL_CLAIMS_CF_CY,0.0
NI01PCECHLT2022,ACTUARIAL_ACTUAL_CLAIMS_CF_PY,0.0
NI01PCECHLT2022,ACTUARIAL_ACTUAL_EXPENSE_CF_PY,0.0
NI01PCECHLT2022,ACTUARIAL_ACTUAL_EXPENSE_CLHANDL_CF_CY,0.0
NI01PCECHLT2022,ACTUARIAL_ACTUAL_EXPENSE_NCLHANDL_CF_CY,0.0
NI01PCECHLT2022,INVESTMENT_INCOME_OCI,0.0
NI01PCECHLT2022,INVESTMENT_INCOME_PNL,0.0
NI01PCECHLT2022,NON_ATTRIBUTABLE_EXPENSE,0.0
NI01PCECHLT2023,ACTUARIAL_ACTUAL_CLAIMS_CF_CY,0.0
NI01PCECHLT2023,ACTUARIAL_ACTUAL_CLAIMS_CF_PY,-4183.043899999999
NI01PCECHLT2023,ACTUARIAL_ACTUAL_EXPENSE_CF_PY,0.0
NI01PCECHLT2023,ACTUARIAL_ACTUAL_EXPENSE_CLHANDL_CF_CY,0.0
NI01PCECHLT2023,ACTUARIAL_ACTUAL_EXPENSE_NCLHANDL_CF_CY,0.0
NI01PCECHLT2023,INVESTMENT_INCOME_OCI,0.0
NI01PCECHLT2023,INVESTMENT_INCOME_PNL,0.0
NI01PCECHLT2023,NON_ATTRIBUTABLE_EXPENSE,0.0
NI01PCECHLT2024,ACTUARIAL_ACTUAL_CLAIMS_CF_CY,-21492.554620000003
NI01PCECHLT2024,ACTUARIAL_ACTUAL_CLAIMS_CF_PY,0.0
NI01PCECHLT2024,ACTUARIAL_ACTUAL_EXPENSE_CF_PY,0.0
NI01PCECHLT2024,ACTUARIAL_ACTUAL_EXPENSE_CLHANDL_CF_CY,0.0
NI01PCECHLT2024,ACTUARIAL_ACTUAL_EXPENSE_NCLHANDL_CF_CY,0.0
NI01PCECHLT2024,INVESTMENT_INCOME_OCI,0.0
NI01PCECHLT2024,INVESTMENT_INCOME_PNL,0.0
NI01PCECHLT2024,NON_ATTRIBUTABLE_EXPENSE,0.0
NI01PCGOHLT2022,ACTUARIAL_ACTUAL_CLAIMS_CF_CY,0.0
NI01PCGOHLT2022,ACTUARIAL_ACTUAL_CLAIMS_CF_PY,0.0
NI01PCGOHLT2022,ACTUARIAL_ACTUAL_EXPENSE_CF_PY,0.0
NI01PCGOHLT2022,ACTUARIAL_ACTUAL_EXPENSE_CLHANDL_CF_CY,0.0
NI01PCGOHLT2022,ACTUARIAL_ACTUAL_EXPENSE_NCLHANDL_CF_CY,0.0
NI01PCGOHLT2022,INVESTMENT_INCOME_OCI,0.0
NI01PCGOHLT2022,INVESTMENT_INCOME_PNL,0.0
NI01PCGOHLT2022,NON_ATTRIBUTABLE_EXPENSE,0.0
NI01PCGOHLT2023,ACTUARIAL_ACTUAL_CLAIMS_CF_CY,0.0
NI01PCGOHLT2023,ACTUARIAL_ACTUAL_CLAIMS_CF_PY,-1534871.114931122
NI01PCGOHLT2023,ACTUARIAL_ACTUAL_EXPENSE_CF_PY,0.0
NI01PCGOHLT2023,ACTUARIAL_ACTUAL_EXPENSE_CLHANDL_CF_CY,0.0
NI01PCGOHLT2023,ACTUARIAL_ACTUAL_EXPENSE_NCLHANDL_CF_CY,0.0
NI01PCGOHLT2023,INVESTMENT_INCOME_OCI,0.0
NI01PCGOHLT2023,INVESTMENT_INCOME_PNL,0.0
NI01PCGOHLT2023,NON_ATTRIBUTABLE_EXPENSE,0.0
NI01PCGOHLT2024,ACTUARIAL_ACTUAL_CLAIMS_CF_CY,-8531366.21022008
NI01PCGOHLT2024,ACTUARIAL_ACTUAL_CLAIMS_CF_PY,0.0
NI01PCGOHLT2024,ACTUARIAL_ACTUAL_EXPENSE_CF_PY,0.0
NI01PCGOHLT2024,ACTUARIAL_ACTUAL_EXPENSE_CLHANDL_CF_CY,0.0
NI01PCGOHLT2024,ACTUARIAL_ACTUAL_EXPENSE_NCLHANDL_CF_CY,0.0
NI01PCGOHLT2024,INVESTMENT_INCOME_OCI,0.0
NI01PCGOHLT2024,INVESTMENT_INCOME_PNL,0.0
NI01PCGOHLT2024,NON_ATTRIBUTABLE_EXPENSE,0.0
NI01PCPLHLT2022,ACTUARIAL_ACTUAL_CLAIMS_CF_CY,0.0
NI01PCPLHLT2022,ACTUARIAL_ACTUAL_CLAIMS_CF_PY,0.0
NI01PCPLHLT2022,ACTUARIAL_ACTUAL_EXPENSE_CF_PY,0.0
NI01PCPLHLT2022,ACTUARIAL_ACTUAL_EXPENSE_CLHANDL_CF_CY,0.0
NI01PCPLHLT2022,ACTUARIAL_ACTUAL_EXPENSE_NCLHANDL_CF_CY,0.0
NI01PCPLHLT2022,INVESTMENT_INCOME_OCI,0.0
NI01PCPLHLT2022,INVESTMENT_INCOME_PNL,0.0
NI01PCPLHLT2022,NON_ATTRIBUTABLE_EXPENSE,0.0
NI01PCPLHLT2023,ACTUARIAL_ACTUAL_CLAIMS_CF_CY,0.0
NI01PCPLHLT2023,ACTUARIAL_ACTUAL_CLAIMS_CF_PY,4.0
NI01PCPLHLT2023,ACTUARIAL_ACTUAL_EXPENSE_CF_PY,0.0
NI01PCPLHLT2023,ACTUARIAL_ACTUAL_EXPENSE_CLHANDL_CF_CY,0.0
NI01PCPLHLT2023,ACTUARIAL_ACTUAL_EXPENSE_NCLHANDL_CF_CY,0.0
NI01PCPLHLT2023,INVESTMENT_INCOME_OCI,0.0
NI01PCPLHLT2023,INVESTMENT_INCOME_PNL,0.0
NI01PCPLHLT2023,NON_ATTRIBUTABLE_EXPENSE,0.0
NI01PCPLHLT2024,ACTUARIAL_ACTUAL_CLAIMS_CF_CY,-6750821.2606652
NI01PCPLHLT2024,ACTUARIAL_ACTUAL_CLAIMS_CF_PY,0.0
NI01PCPLHLT2024,ACTUARIAL_ACTUAL_EXPENSE_CF_PY,0.0
NI01PCPLHLT2024,ACTUARIAL_ACTUAL_EXPENSE_CLHANDL_CF_CY,0.0
NI01PCPLHLT2024,ACTUARIAL_ACTUAL_EXPENSE_NCLHANDL_CF_CY,0.0
NI01PCPLHLT2024,INVESTMENT_INCOME_OCI,0.0
NI01PCPLHLT2024,INVESTMENT_INCOME_PNL,0.0
NI01PCPLHLT2024,NON_ATTRIBUTABLE_EXPENSE,0.0
NI01PCSIHLT2022,ACTUARIAL_ACTUAL_CLAIMS_CF_CY,0.0
NI01PCSIHLT2022,ACTUARIAL_ACTUAL_CLAIMS_CF_PY,0.0
NI01PCSIHLT2022,ACTUARIAL_ACTUAL_EXPENSE_CF_PY,0.0
NI01PCSIHLT2022,ACTUARIAL_ACTUAL_EXPENSE_CLHANDL_CF_CY,0.0
NI01PCSIHLT2022,ACTUARIAL_ACTUAL_EXPENSE_NCLHANDL_CF_CY,0.0
NI01PCSIHLT2022,INVESTMENT_INCOME_OCI,0.0
NI01PCSIHLT2022,INVESTMENT_INCOME_PNL,0.0
NI01PCSIHLT2022,NON_ATTRIBUTABLE_EXPENSE,0.0
NI01PCSIHLT2023,ACTUARIAL_ACTUAL_CLAIMS_CF_CY,0.0
NI01PCSIHLT2023,ACTUARIAL_ACTUAL_CLAIMS_CF_PY,-534939.6691270004
NI01PCSIHLT2023,ACTUARIAL_ACTUAL_EXPENSE_CF_PY,0.0
NI01PCSIHLT2023,ACTUARIAL_ACTUAL_EXPENSE_CLHANDL_CF_CY,0.0
NI01PCSIHLT2023,ACTUARIAL_ACTUAL_EXPENSE_NCLHANDL_CF_CY,0.0
NI01PCSIHLT2023,INVESTMENT_INCOME_OCI,0.0
NI01PCSIHLT2023,INVESTMENT_INCOME_PNL,0.0
NI01PCSIHLT2023,NON_ATTRIBUTABLE_EXPENSE,0.0
NI01PCSIHLT2024,ACTUARIAL_ACTUAL_CLAIMS_CF_CY,-2943435.5826313
NI01PCSIHLT2024,ACTUARIAL_ACTUAL_CLAIMS_CF_PY,0.0
NI01PCSIHLT2024,ACTUARIAL_ACTUAL_EXPENSE_CF_PY,0.0
NI01PCSIHLT2024,ACTUARIAL_ACTUAL_EXPENSE_CLHANDL_CF_CY,0.0
NI01PCSIHLT2024,ACTUARIAL_ACTUAL_EXPENSE_NCLHANDL_CF_CY,0.0
NI01PCSIHLT2024,INVESTMENT_INCOME_OCI,0.0
NI01PCSIHLT2024,INVESTMENT_INCOME_PNL,0.0
NI01PCSIHLT2024,NON_ATTRIBUTABLE_EXPENSE,0.0
NI01PIMEHLT2022,ACTUARIAL_ACTUAL_CLAIMS_CF_CY,0.0
NI01PIMEHLT2022,ACTUARIAL_ACTUAL_CLAIMS_CF_PY,0.0
NI01PIMEHLT2022,ACTUARIAL_ACTUAL_EXPENSE_CF_PY,0.0
NI01PIMEHLT2022,ACTUARIAL_ACTUAL_EXPENSE_CLHANDL_CF_CY,0.0
NI01PIMEHLT2022,ACTUARIAL_ACTUAL_EXPENSE_NCLHANDL_CF_CY,0.0
NI01PIMEHLT2022,INVESTMENT_INCOME_OCI,0.0
NI01PIMEHLT2022,INVESTMENT_INCOME_PNL,0.0
NI01PIMEHLT2022,NON_ATTRIBUTABLE_EXPENSE,0.0
NI01PIMEHLT2023,ACTUARIAL_ACTUAL_CLAIMS_CF_CY,0.0
NI01PIMEHLT2023,ACTUARIAL_ACTUAL_CLAIMS_CF_PY,-158558.65821999998
NI01PIMEHLT2023,ACTUARIAL_ACTUAL_EXPENSE_CF_PY,0.0
NI01PIMEHLT2023,ACTUARIAL_ACTUAL_EXPENSE_CLHANDL_CF_CY,0.0
NI01PIMEHLT2023,ACTUARIAL_ACTUAL_EXPENSE_NCLHANDL_CF_CY,0.0
NI01PIMEHLT2023,INVESTMENT_INCOME_OCI,0.0
NI01PIMEHLT2023,INVESTMENT_INCOME_PNL,0.0
NI01PIMEHLT2023,NON_ATTRIBUTABLE_EXPENSE,0.0
NI01PIMEHLT2024,ACTUARIAL_ACTUAL_CLAIMS_CF_CY,-488398.20634
NI01PIMEHLT2024,ACTUARIAL_ACTUAL_CLAIMS_CF_PY,0.0
NI01PIMEHLT2024,ACTUARIAL_ACTUAL_EXPENSE_CF_PY,0.0
NI01PIMEHLT2024,ACTUARIAL_ACTUAL_EXPENSE_CLHANDL_CF_CY,0.0
NI01PIMEHLT2024,ACTUARIAL_ACTUAL_EXPENSE_NCLHANDL_CF_CY,0.0
NI01PIMEHLT2024,INVESTMENT_INCOME_OCI,0.0
NI01PIMEHLT2024,INVESTMENT_INCOME_PNL,0.0
NI01PIMEHLT2024,NON_ATTRIBUTABLE_EXPENSE,0.0
NI01PPBRHLT2022,ACTUARIAL_ACTUAL_CLAIMS_CF_CY,0.0
NI01PPBRHLT2022,ACTUARIAL_ACTUAL_CLAIMS_CF_PY,0.0
NI01PPBRHLT2022,ACTUARIAL_ACTUAL_EXPENSE_CF_PY,0.0
NI01PPBRHLT2022,ACTUARIAL_ACTUAL_EXPENSE_CLHANDL_CF_CY,0.0
NI01PPBRHLT2022,ACTUARIAL_ACTUAL_EXPENSE_NCLHANDL_CF_CY,0.0
NI01PPBRHLT2022,INVESTMENT_INCOME_OCI,0.0
NI01PPBRHLT2022,INVESTMENT_INCOME_PNL,0.0
NI01PPBRHLT2022,NON_ATTRIBUTABLE_EXPENSE,0.0
NI01PPBRHLT2023,ACTUARIAL_ACTUAL_CLAIMS_CF_CY,0.0
NI01PPBRHLT2023,ACTUARIAL_ACTUAL_CLAIMS_CF_PY,-9158.97229
NI01PPBRHLT2023,ACTUARIAL_ACTUAL_EXPENSE_CF_PY,0.0
NI01PPBRHLT2023,ACTUARIAL_ACTUAL_EXPENSE_CLHANDL_CF_CY,0.0
NI01PPBRHLT2023,ACTUARIAL_ACTUAL_EXPENSE_NCLHANDL_CF_CY,0.0
NI01PPBRHLT2023,INVESTMENT_INCOME_OCI,0.0
NI01PPBRHLT2023,INVESTMENT_INCOME_PNL,0.0
NI01PPBRHLT2023,NON_ATTRIBUTABLE_EXPENSE,0.0
NI01PPBRHLT2024,ACTUARIAL_ACTUAL_CLAIMS_CF_CY,-57670.151545
NI01PPBRHLT2024,ACTUARIAL_ACTUAL_CLAIMS_CF_PY,0.0
NI01PPBRHLT2024,ACTUARIAL_ACTUAL_EXPENSE_CF_PY,0.0
NI01PPBRHLT2024,ACTUARIAL_ACTUAL_EXPENSE_CLHANDL_CF_CY,0.0
NI01PPBRHLT2024,ACTUARIAL_ACTUAL_EXPENSE_NCLHANDL_CF_CY,0.0
NI01PPBRHLT2024,INVESTMENT_INCOME_OCI,0.0
NI01PPBRHLT2024,INVESTMENT_INCOME_PNL,0.0
NI01PPBRHLT2024,NON_ATTRIBUTABLE_EXPENSE,0.0
NI01PPGOHLT2022,ACTUARIAL_ACTUAL_CLAIMS_CF_CY,0.0
NI01PPGOHLT2022,ACTUARIAL_ACTUAL_CLAIMS_CF_PY,0.0
NI01PPGOHLT2022,ACTUARIAL_ACTUAL_EXPENSE_CF_PY,0.0
NI01PPGOHLT2022,ACTUARIAL_ACTUAL_EXPENSE_CLHANDL_CF_CY,0.0
NI01PPGOHLT2022,ACTUARIAL_ACTUAL_EXPENSE_NCLHANDL_CF_CY,0.0
NI01PPGOHLT2022,INVESTMENT_INCOME_OCI,0.0
NI01PPGOHLT2022,INVESTMENT_INCOME_PNL,0.0
NI01PPGOHLT2022,NON_ATTRIBUTABLE_EXPENSE,0.0
NI01PPGOHLT2023,ACTUARIAL_ACTUAL_CLAIMS_CF_CY,0.0
NI01PPGOHLT2023,ACTUARIAL_ACTUAL_CLAIMS_CF_PY,-36374.359678
NI01PPGOHLT2023,ACTUARIAL_ACTUAL_EXPENSE_CF_PY,0.0
NI01PPGOHLT2023,ACTUARIAL_ACTUAL_EXPENSE_CLHANDL_CF_CY,0.0
NI01PPGOHLT2023,ACTUARIAL_ACTUAL_EXPENSE_NCLHANDL_CF_CY,0.0
NI01PPGOHLT2023,INVESTMENT_INCOME_OCI,0.0
NI01PPGOHLT2023,INVESTMENT_INCOME_PNL,0.0
NI01PPGOHLT2023,NON_ATTRIBUTABLE_EXPENSE,0.0
NI01PPGOHLT2024,ACTUARIAL_ACTUAL_CLAIMS_CF_CY,-225422.83134900001
NI01PPGOHLT2024,ACTUARIAL_ACTUAL_CLAIMS_CF_PY,0.0
NI01PPGOHLT2024,ACTUARIAL_ACTUAL_EXPENSE_CF_PY,0.0
NI01PPGOHLT2024,ACTUARIAL_ACTUAL_EXPENSE_CLHANDL_CF_CY,0.0
NI01PPGOHLT2024,ACTUARIAL_ACTUAL_EXPENSE_NCLHANDL_CF_CY,0.0
NI01PPGOHLT2024,INVESTMENT_INCOME_OCI,0.0
NI01PPGOHLT2024,INVESTMENT_INCOME_PNL,0.0
NI01PPGOHLT2024,NON_ATTRIBUTABLE_EXPENSE,0.0
NI01PPPLHLT2022,ACTUARIAL_ACTUAL_CLAIMS_CF_CY,0.0
NI01PPPLHLT2022,ACTUARIAL_ACTUAL_CLAIMS_CF_PY,0.0
NI01PPPLHLT2022,ACTUARIAL_ACTUAL_EXPENSE_CF_PY,0.0
NI01PPPLHLT2022,ACTUARIAL_ACTUAL_EXPENSE_CLHANDL_CF_CY,0.0
NI01PPPLHLT2022,ACTUARIAL_ACTUAL_EXPENSE_NCLHANDL_CF_CY,0.0
NI01PPPLHLT2022,INVESTMENT_INCOME_OCI,0.0
NI01PPPLHLT2022,INVESTMENT_INCOME_PNL,0.0
NI01PPPLHLT2022,NON_ATTRIBUTABLE_EXPENSE,0.0
NI01PPPLHLT2023,ACTUARIAL_ACTUAL_CLAIMS_CF_CY,0.0
NI01PPPLHLT2023,ACTUARIAL_ACTUAL_CLAIMS_CF_PY,-23303.02822
NI01PPPLHLT2023,ACTUARIAL_ACTUAL_EXPENSE_CF_PY,0.0
NI01PPPLHLT2023,ACTUARIAL_ACTUAL_EXPENSE_CLHANDL_CF_CY,0.0
NI01PPPLHLT2023,ACTUARIAL_ACTUAL_EXPENSE_NCLHANDL_CF_CY,0.0
NI01PPPLHLT2023,INVESTMENT_INCOME_OCI,0.0
NI01PPPLHLT2023,INVESTMENT_INCOME_PNL,0.0
NI01PPPLHLT2023,NON_ATTRIBUTABLE_EXPENSE,0.0
NI01PPPLHLT2024,ACTUARIAL_ACTUAL_CLAIMS_CF_CY,-163937.90301999997
NI01PPPLHLT2024,ACTUARIAL_ACTUAL_CLAIMS_CF_PY,0.0
NI01PPPLHLT2024,ACTUARIAL_ACTUAL_EXPENSE_CF_PY,0.0
NI01PPPLHLT2024,ACTUARIAL_ACTUAL_EXPENSE_CLHANDL_CF_CY,0.0
NI01PPPLHLT2024,ACTUARIAL_ACTUAL_EXPENSE_NCLHANDL_CF_CY,0.0
NI01PPPLHLT2024,INVESTMENT_INCOME_OCI,0.0
NI01PPPLHLT2024,INVESTMENT_INCOME_PNL,0.0
NI01PPPLHLT2024,NON_ATTRIBUTABLE_EXPENSE,0.0
NI01PPSIHLT2022,ACTUARIAL_ACTUAL_CLAIMS_CF_CY,0.0
NI01PPSIHLT2022,ACTUARIAL_ACTUAL_CLAIMS_CF_PY,0.0
NI01PPSIHLT2022,ACTUARIAL_ACTUAL_EXPENSE_CF_PY,0.0
NI01PPSIHLT2022,ACTUARIAL_ACTUAL_EXPENSE_CLHANDL_CF_CY,0.0
NI01PPSIHLT2022,ACTUARIAL_ACTUAL_EXPENSE_NCLHANDL_CF_CY,0.0
NI01PPSIHLT2022,INVESTMENT_INCOME_OCI,0.0
NI01PPSIHLT2022,INVESTMENT_INCOME_PNL,0.0
NI01PPSIHLT2022,NON_ATTRIBUTABLE_EXPENSE,0.0
NI01PPSIHLT2023,ACTUARIAL_ACTUAL_CLAIMS_CF_CY,0.0
NI01PPSIHLT2023,ACTUARIAL_ACTUAL_CLAIMS_CF_PY,-17977.20661
NI01PPSIHLT2023,ACTUARIAL_ACTUAL_EXPENSE_CF_PY,0.0
NI01PPSIHLT2023,ACTUARIAL_ACTUAL_EXPENSE_CLHANDL_CF_CY,0.0
NI01PPSIHLT2023,ACTUARIAL_ACTUAL_EXPENSE_NCLHANDL_CF_CY,0.0
NI01PPSIHLT2023,INVESTMENT_INCOME_OCI,0.0
NI01PPSIHLT2023,INVESTMENT_INCOME_PNL,0.0
NI01PPSIHLT2023,NON_ATTRIBUTABLE_EXPENSE,0.0
NI01PPSIHLT2024,ACTUARIAL_ACTUAL_CLAIMS_CF_CY,-103235.9471565
NI01PPSIHLT2024,ACTUARIAL_ACTUAL_CLAIMS_CF_PY,0.0
NI01PPSIHLT2024,ACTUARIAL_ACTUAL_EXPENSE_CF_PY,0.0
NI01PPSIHLT2024,ACTUARIAL_ACTUAL_EXPENSE_CLHANDL_CF_CY,0.0
NI01PPSIHLT2024,ACTUARIAL_ACTUAL_EXPENSE_NCLHANDL_CF_CY,0.0
NI01PPSIHLT2024,INVESTMENT_INCOME_OCI,0.0
NI01PPSIHLT2024,INVESTMENT_INCOME_PNL,0.0
NI01PPSIHLT2024,NON_ATTRIBUTABLE_EXPENSE,0.0
NI01PIMEDQS2022,ACTUARIAL_ACTUAL_CLAIMS_CF_CY,0.0
NI01PIMEDQS2022,ACTUARIAL_ACTUAL_CLAIMS_CF_PY,0.0
NI01PIMEDQS2022,ACTUARIAL_ACTUAL_EXPENSE_CF_PY,0.0
NI01PIMEDQS2022,ACTUARIAL_ACTUAL_EXPENSE_CLHANDL_CF_CY,0.0
NI01PIMEDQS2022,ACTUARIAL_ACTUAL_EXPENSE_NCLHANDL_CF_CY,0.0
NI01PIMEDQS2022,INVESTMENT_INCOME_OCI,0.0
NI01PIMEDQS2022,INVESTMENT_INCOME_PNL,0.0
NI01PIMEDQS2022,NON_ATTRIBUTABLE_EXPENSE,0.0
NI01PIMEDQS2023,ACTUARIAL_ACTUAL_CLAIMS_CF_CY,0.0
NI01PIMEDQS2023,ACTUARIAL_ACTUAL_CLAIMS_CF_PY,51641.102
NI01PIMEDQS2023,ACTUARIAL_ACTUAL_EXPENSE_CF_PY,0.0
NI01PIMEDQS2023,ACTUARIAL_ACTUAL_EXPENSE_CLHANDL_CF_CY,0.0
NI01PIMEDQS2023,ACTUARIAL_ACTUAL_EXPENSE_NCLHANDL_CF_CY,0.0
NI01PIMEDQS2023,INVESTMENT_INCOME_OCI,0.0
NI01PIMEDQS2023,INVESTMENT_INCOME_PNL,0.0
NI01PIMEDQS2023,NON_ATTRIBUTABLE_EXPENSE,0.0
NI01PIMEDQS2024,ACTUARIAL_ACTUAL_CLAIMS_CF_CY,0.0
NI01PIMEDQS2024,ACTUARIAL_ACTUAL_CLAIMS_CF_PY,0.0
NI01PIMEDQS2024,ACTUARIAL_ACTUAL_EXPENSE_CF_PY,0.0
NI01PIMEDQS2024,ACTUARIAL_ACTUAL_EXPENSE_CLHANDL_CF_CY,0.0
NI01PIMEDQS2024,ACTUARIAL_ACTUAL_EXPENSE_NCLHANDL_CF_CY,0.0
NI01PIMEDQS2024,INVESTMENT_INCOME_OCI,0.0
NI01PIMEDQS2024,INVESTMENT_INCOME_PNL,0.0
NI01PIMEDQS2024,NON_ATTRIBUTABLE_EXPENSE,0.0
