GOC_ID,STEP_ID,1
NI03PAVTNCI2012,PVFC_LIC_UNWIND,0.0
NI03PAVTNCI2012,PVFC_LIC_EXP_CLAIM_CF_CY,0.0
NI03PAVTNCI2012,PVFC_LIC_EXP_ATTEXP_CY,0.0
NI03PAVTNCI2012,PVFC_LIC_EXP_CLAIM_CF_PY,0.0
NI03PAVTNCI2012,PVFC_LIC_EXP_ATTEXP_PY,0.0
NI03PAVTNCI2012,RA_LIC_OP,0.0
NI03PAVTNCI2012,RA_LIC_UNWIND,0.0
NI03PAVTNCI2012,RA_LIC_INCLAIM,0.0
NI03PAVTNCI2012,RA_LIC_RELEASE_PY,0.0
NI03PAVTNCI2012,RA_LIC_DEREC,0.0
NI03PAVTNCI2012,RA_LIC_TASSCHG_PY,0.0
NI03PAVTNCI2012,RA_LIC_FASSCHG_PY,0.0
NI03PAVTNCI2012,RA_LIC_CLO,0.0
NI03PAVTNCI2013,PVFC_LIC_UNWIND,0.0
NI03PAVTNCI2013,PVFC_LIC_EXP_CLAIM_CF_CY,0.0
NI03PAVTNCI2013,PVFC_LIC_EXP_ATTEXP_CY,0.0
NI03PAVTNCI2013,PVFC_LIC_EXP_CLAIM_CF_PY,0.0
NI03PAVTNCI2013,PVFC_LIC_EXP_ATTEXP_PY,0.0
NI03PAVTNCI2013,RA_LIC_OP,0.0
NI03PAVTNCI2013,RA_LIC_UNWIND,0.0
NI03PAVTNCI2013,RA_LIC_INCLAIM,0.0
NI03PAVTNCI2013,RA_LIC_RELEASE_PY,0.0
NI03PAVTNCI2013,RA_LIC_DEREC,0.0
NI03PAVTNCI2013,RA_LIC_TASSCHG_PY,0.0
NI03PAVTNCI2013,RA_LIC_FASSCHG_PY,0.0
NI03PAVTNCI2013,RA_LIC_CLO,0.0
NI03PAVTNCI2014,PVFC_LIC_UNWIND,0.0
NI03PAVTNCI2014,PVFC_LIC_EXP_CLAIM_CF_CY,0.0
NI03PAVTNCI2014,PVFC_LIC_EXP_ATTEXP_CY,0.0
NI03PAVTNCI2014,PVFC_LIC_EXP_CLAIM_CF_PY,-136846.39593
NI03PAVTNCI2014,PVFC_LIC_EXP_ATTEXP_PY,0.0
NI03PAVTNCI2014,RA_LIC_OP,3237.191949393435
NI03PAVTNCI2014,RA_LIC_UNWIND,39.720935577520514
NI03PAVTNCI2014,RA_LIC_INCLAIM,984.2589622167716
NI03PAVTNCI2014,RA_LIC_RELEASE_PY,-3044.490820053747
NI03PAVTNCI2014,RA_LIC_DEREC,0.0
NI03PAVTNCI2014,RA_LIC_TASSCHG_PY,2695.512630682965
NI03PAVTNCI2014,RA_LIC_FASSCHG_PY,0.0
NI03PAVTNCI2014,RA_LIC_CLO,3912.1936578169457
NI03PAVTNCI2015,PVFC_LIC_UNWIND,0.0
NI03PAVTNCI2015,PVFC_LIC_EXP_CLAIM_CF_CY,0.0
NI03PAVTNCI2015,PVFC_LIC_EXP_ATTEXP_CY,0.0
NI03PAVTNCI2015,PVFC_LIC_EXP_CLAIM_CF_PY,-18211.375
NI03PAVTNCI2015,PVFC_LIC_EXP_ATTEXP_PY,0.0
NI03PAVTNCI2015,RA_LIC_OP,430.8021131045425
NI03PAVTNCI2015,RA_LIC_UNWIND,5.286020492078499
NI03PAVTNCI2015,RA_LIC_INCLAIM,130.9841515096192
NI03PAVTNCI2015,RA_LIC_RELEASE_PY,-405.1576486999142
NI03PAVTNCI2015,RA_LIC_DEREC,0.0
NI03PAVTNCI2015,RA_LIC_TASSCHG_PY,358.7159968737073
NI03PAVTNCI2015,RA_LIC_FASSCHG_PY,0.0
NI03PAVTNCI2015,RA_LIC_CLO,520.6306332800333
NI03PAVTNCI2016,PVFC_LIC_UNWIND,0.0
NI03PAVTNCI2016,PVFC_LIC_EXP_CLAIM_CF_CY,0.0
NI03PAVTNCI2016,PVFC_LIC_EXP_ATTEXP_CY,0.0
NI03PAVTNCI2016,PVFC_LIC_EXP_CLAIM_CF_PY,-5643.75
NI03PAVTNCI2016,PVFC_LIC_EXP_ATTEXP_PY,0.0
NI03PAVTNCI2016,RA_LIC_OP,133.5066366945803
NI03PAVTNCI2016,RA_LIC_UNWIND,1.6381507795083035
NI03PAVTNCI2016,RA_LIC_INCLAIM,40.59231140330774
NI03PAVTNCI2016,RA_LIC_RELEASE_PY,-125.5593539669652
NI03PAVTNCI2016,RA_LIC_DEREC,0.0
NI03PAVTNCI2016,RA_LIC_TASSCHG_PY,111.16697159637785
NI03PAVTNCI2016,RA_LIC_FASSCHG_PY,0.0
NI03PAVTNCI2016,RA_LIC_CLO,161.344716506809
NI03PAVTNCI2017,PVFC_LIC_UNWIND,0.0
NI03PAVTNCI2017,PVFC_LIC_EXP_CLAIM_CF_CY,0.0
NI03PAVTNCI2017,PVFC_LIC_EXP_ATTEXP_CY,0.0
NI03PAVTNCI2017,PVFC_LIC_EXP_CLAIM_CF_PY,-3592.1819999999993
NI03PAVTNCI2017,PVFC_LIC_EXP_ATTEXP_PY,0.0
NI03PAVTNCI2017,RA_LIC_OP,84.9754395950938
NI03PAVTNCI2017,RA_LIC_UNWIND,1.0426641405866126
NI03PAVTNCI2017,RA_LIC_INCLAIM,25.836539598911497
NI03PAVTNCI2017,RA_LIC_RELEASE_PY,-79.91708549311377
NI03PAVTNCI2017,RA_LIC_DEREC,0.0
NI03PAVTNCI2017,RA_LIC_TASSCHG_PY,70.75649955490935
NI03PAVTNCI2017,RA_LIC_FASSCHG_PY,0.0
NI03PAVTNCI2017,RA_LIC_CLO,102.69405739638749
NI03PAVTNCI2018,PVFC_LIC_UNWIND,0.0
NI03PAVTNCI2018,PVFC_LIC_EXP_CLAIM_CF_CY,0.0
NI03PAVTNCI2018,PVFC_LIC_EXP_ATTEXP_CY,0.0
NI03PAVTNCI2018,PVFC_LIC_EXP_CLAIM_CF_PY,0.0
NI03PAVTNCI2018,PVFC_LIC_EXP_ATTEXP_PY,0.0
NI03PAVTNCI2018,RA_LIC_OP,0.0
NI03PAVTNCI2018,RA_LIC_UNWIND,0.0
NI03PAVTNCI2018,RA_LIC_INCLAIM,0.0
NI03PAVTNCI2018,RA_LIC_RELEASE_PY,0.0
NI03PAVTNCI2018,RA_LIC_DEREC,0.0
NI03PAVTNCI2018,RA_LIC_TASSCHG_PY,0.0
NI03PAVTNCI2018,RA_LIC_FASSCHG_PY,0.0
NI03PAVTNCI2018,RA_LIC_CLO,0.0
NI03PAVTNCI2019,PVFC_LIC_UNWIND,0.0
NI03PAVTNCI2019,PVFC_LIC_EXP_CLAIM_CF_CY,0.0
NI03PAVTNCI2019,PVFC_LIC_EXP_ATTEXP_CY,0.0
NI03PAVTNCI2019,PVFC_LIC_EXP_CLAIM_CF_PY,-15930.6
NI03PAVTNCI2019,PVFC_LIC_EXP_ATTEXP_PY,0.0
NI03PAVTNCI2019,RA_LIC_OP,376.84887291724135
NI03PAVTNCI2019,RA_LIC_UNWIND,4.6240043956651125
NI03PAVTNCI2019,RA_LIC_INCLAIM,114.57982299739257
NI03PAVTNCI2019,RA_LIC_RELEASE_PY,-354.41609644405503
NI03PAVTNCI2019,RA_LIC_DEREC,0.0
NI03PAVTNCI2019,RA_LIC_TASSCHG_PY,313.7907521972548
NI03PAVTNCI2019,RA_LIC_FASSCHG_PY,0.0
NI03PAVTNCI2019,RA_LIC_CLO,455.42735606349873
NI03PAVTNCI2020,PVFC_LIC_UNWIND,0.0
NI03PAVTNCI2020,PVFC_LIC_EXP_CLAIM_CF_CY,0.0
NI03PAVTNCI2020,PVFC_LIC_EXP_ATTEXP_CY,0.0
NI03PAVTNCI2020,PVFC_LIC_EXP_CLAIM_CF_PY,0.0
NI03PAVTNCI2020,PVFC_LIC_EXP_ATTEXP_PY,0.0
NI03PAVTNCI2020,RA_LIC_OP,0.0
NI03PAVTNCI2020,RA_LIC_UNWIND,0.0
NI03PAVTNCI2020,RA_LIC_INCLAIM,0.0
NI03PAVTNCI2020,RA_LIC_RELEASE_PY,0.0
NI03PAVTNCI2020,RA_LIC_DEREC,0.0
NI03PAVTNCI2020,RA_LIC_TASSCHG_PY,0.0
NI03PAVTNCI2020,RA_LIC_FASSCHG_PY,0.0
NI03PAVTNCI2020,RA_LIC_CLO,0.0
NI03PAVTNCI2021,PVFC_LIC_UNWIND,0.0
NI03PAVTNCI2021,PVFC_LIC_EXP_CLAIM_CF_CY,0.0
NI03PAVTNCI2021,PVFC_LIC_EXP_ATTEXP_CY,0.0
NI03PAVTNCI2021,PVFC_LIC_EXP_CLAIM_CF_PY,-29712.571450000003
NI03PAVTNCI2021,PVFC_LIC_EXP_ATTEXP_PY,0.0
NI03PAVTNCI2021,RA_LIC_OP,702.8705172689982
NI03PAVTNCI2021,RA_LIC_UNWIND,8.62434942759932
NI03PAVTNCI2021,RA_LIC_INCLAIM,213.70577238386377
NI03PAVTNCI2021,RA_LIC_RELEASE_PY,-661.0305693837067
NI03PAVTNCI2021,RA_LIC_DEREC,0.0
NI03PAVTNCI2021,RA_LIC_TASSCHG_PY,585.2591958250273
NI03PAVTNCI2021,RA_LIC_FASSCHG_PY,0.0
NI03PAVTNCI2021,RA_LIC_CLO,849.4292655217819
NI03PAVTNCI2022,PVFC_LIC_UNWIND,0.0
NI03PAVTNCI2022,PVFC_LIC_EXP_CLAIM_CF_CY,0.0
NI03PAVTNCI2022,PVFC_LIC_EXP_ATTEXP_CY,0.0
NI03PAVTNCI2022,PVFC_LIC_EXP_CLAIM_CF_PY,-43091.91306867152
NI03PAVTNCI2022,PVFC_LIC_EXP_ATTEXP_PY,0.0
NI03PAVTNCI2022,RA_LIC_OP,1019.3676868276527
NI03PAVTNCI2022,RA_LIC_UNWIND,12.507827416867912
NI03PAVTNCI2022,RA_LIC_INCLAIM,309.9358324248558
NI03PAVTNCI2022,RA_LIC_RELEASE_PY,-958.6875333072903
NI03PAVTNCI2022,RA_LIC_DEREC,0.0
NI03PAVTNCI2022,RA_LIC_TASSCHG_PY,848.7968949968708
NI03PAVTNCI2022,RA_LIC_FASSCHG_PY,0.0
NI03PAVTNCI2022,RA_LIC_CLO,1231.9207083589567
NI03PAVTNCI2023,PVFC_LIC_UNWIND,0.0
NI03PAVTNCI2023,PVFC_LIC_EXP_CLAIM_CF_CY,0.0
NI03PAVTNCI2023,PVFC_LIC_EXP_ATTEXP_CY,0.0
NI03PAVTNCI2023,PVFC_LIC_EXP_CLAIM_CF_PY,-62068.02042426518
NI03PAVTNCI2023,PVFC_LIC_EXP_ATTEXP_PY,0.0
NI03PAVTNCI2023,RA_LIC_OP,2021.0908259560929
NI03PAVTNCI2023,RA_LIC_UNWIND,24.799153015675202
NI03PAVTNCI2023,RA_LIC_INCLAIM,614.5068905395368
NI03PAVTNCI2023,RA_LIC_RELEASE_PY,-1900.7808502894356
NI03PAVTNCI2023,RA_LIC_DEREC,0.0
NI03PAVTNCI2023,RA_LIC_TASSCHG_PY,1682.9017044055433
NI03PAVTNCI2023,RA_LIC_FASSCHG_PY,0.0
NI03PAVTNCI2023,RA_LIC_CLO,2442.517723627412
NI03PAVTNCI2024,PVFC_LIC_UNWIND,0.0
NI03PAVTNCI2024,PVFC_LIC_EXP_CLAIM_CF_CY,0.0
NI03PAVTNCI2024,PVFC_LIC_EXP_ATTEXP_CY,0.0
NI03PAVTNCI2024,PVFC_LIC_EXP_CLAIM_CF_PY,0.0
NI03PAVTNCI2024,PVFC_LIC_EXP_ATTEXP_PY,0.0
NI03PAVTNCI2024,RA_LIC_OP,0.0
NI03PAVTNCI2024,RA_LIC_UNWIND,0.0
NI03PAVTNCI2024,RA_LIC_INCLAIM,0.0
NI03PAVTNCI2024,RA_LIC_RELEASE_PY,0.0
NI03PAVTNCI2024,RA_LIC_DEREC,0.0
NI03PAVTNCI2024,RA_LIC_TASSCHG_PY,0.0
NI03PAVTNCI2024,RA_LIC_FASSCHG_PY,0.0
NI03PAVTNCI2024,RA_LIC_CLO,0.0
NI03PAVTNCI2012,RA_LIC_RELEASE_CY,0.0
NI03PAVTNCI2013,RA_LIC_RELEASE_CY,0.0
NI03PAVTNCI2014,RA_LIC_RELEASE_CY,0.0
NI03PAVTNCI2015,RA_LIC_RELEASE_CY,0.0
NI03PAVTNCI2016,RA_LIC_RELEASE_CY,0.0
NI03PAVTNCI2017,RA_LIC_RELEASE_CY,0.0
NI03PAVTNCI2018,RA_LIC_RELEASE_CY,0.0
NI03PAVTNCI2019,RA_LIC_RELEASE_CY,0.0
NI03PAVTNCI2020,RA_LIC_RELEASE_CY,0.0
NI03PAVTNCI2021,RA_LIC_RELEASE_CY,0.0
NI03PAVTNCI2022,RA_LIC_RELEASE_CY,0.0
NI03PAVTNCI2023,RA_LIC_RELEASE_CY,0.0
NI03PAVTNCI2024,RA_LIC_RELEASE_CY,0.0
NI03PAVTNCI2012,RA_LIC_FEXPVAR_CY,0.0
NI03PAVTNCI2013,RA_LIC_FEXPVAR_CY,0.0
NI03PAVTNCI2014,RA_LIC_FEXPVAR_CY,0.0
NI03PAVTNCI2015,RA_LIC_FEXPVAR_CY,0.0
NI03PAVTNCI2016,RA_LIC_FEXPVAR_CY,0.0
NI03PAVTNCI2017,RA_LIC_FEXPVAR_CY,0.0
NI03PAVTNCI2018,RA_LIC_FEXPVAR_CY,0.0
NI03PAVTNCI2019,RA_LIC_FEXPVAR_CY,0.0
NI03PAVTNCI2020,RA_LIC_FEXPVAR_CY,0.0
NI03PAVTNCI2021,RA_LIC_FEXPVAR_CY,0.0
NI03PAVTNCI2022,RA_LIC_FEXPVAR_CY,0.0
NI03PAVTNCI2023,RA_LIC_FEXPVAR_CY,0.0
NI03PAVTNCI2024,RA_LIC_FEXPVAR_CY,0.0
NI03PAVTNCI2012,DA_LIC_OP,0.0
NI03PAVTNCI2013,DA_LIC_OP,0.0
NI03PAVTNCI2014,DA_LIC_OP,0.0
NI03PAVTNCI2015,DA_LIC_OP,0.0
NI03PAVTNCI2016,DA_LIC_OP,0.0
NI03PAVTNCI2017,DA_LIC_OP,0.0
NI03PAVTNCI2018,DA_LIC_OP,0.0
NI03PAVTNCI2019,DA_LIC_OP,0.0
NI03PAVTNCI2020,DA_LIC_OP,0.0
NI03PAVTNCI2021,DA_LIC_OP,0.0
NI03PAVTNCI2022,DA_LIC_OP,0.0
NI03PAVTNCI2023,DA_LIC_OP,0.0
NI03PAVTNCI2024,DA_LIC_OP,0.0
NI03PAVTNCI2012,DA_LIC_INCLAIM_INCEXP,0.0
NI03PAVTNCI2013,DA_LIC_INCLAIM_INCEXP,0.0
NI03PAVTNCI2014,DA_LIC_INCLAIM_INCEXP,0.0
NI03PAVTNCI2015,DA_LIC_INCLAIM_INCEXP,0.0
NI03PAVTNCI2016,DA_LIC_INCLAIM_INCEXP,0.0
NI03PAVTNCI2017,DA_LIC_INCLAIM_INCEXP,0.0
NI03PAVTNCI2018,DA_LIC_INCLAIM_INCEXP,0.0
NI03PAVTNCI2019,DA_LIC_INCLAIM_INCEXP,0.0
NI03PAVTNCI2020,DA_LIC_INCLAIM_INCEXP,0.0
NI03PAVTNCI2021,DA_LIC_INCLAIM_INCEXP,0.0
NI03PAVTNCI2022,DA_LIC_INCLAIM_INCEXP,0.0
NI03PAVTNCI2023,DA_LIC_INCLAIM_INCEXP,0.0
NI03PAVTNCI2024,DA_LIC_INCLAIM_INCEXP,0.0
NI03PAVTNCI2012,DA_LIC_CHG,0.0
NI03PAVTNCI2013,DA_LIC_CHG,0.0
NI03PAVTNCI2014,DA_LIC_CHG,0.0
NI03PAVTNCI2015,DA_LIC_CHG,0.0
NI03PAVTNCI2016,DA_LIC_CHG,0.0
NI03PAVTNCI2017,DA_LIC_CHG,0.0
NI03PAVTNCI2018,DA_LIC_CHG,0.0
NI03PAVTNCI2019,DA_LIC_CHG,0.0
NI03PAVTNCI2020,DA_LIC_CHG,0.0
NI03PAVTNCI2021,DA_LIC_CHG,0.0
NI03PAVTNCI2022,DA_LIC_CHG,0.0
NI03PAVTNCI2023,DA_LIC_CHG,0.0
NI03PAVTNCI2024,DA_LIC_CHG,0.0
NI03PAVTNCI2012,DA_LIC_CLO,0.0
NI03PAVTNCI2013,DA_LIC_CLO,0.0
NI03PAVTNCI2014,DA_LIC_CLO,0.0
NI03PAVTNCI2015,DA_LIC_CLO,0.0
NI03PAVTNCI2016,DA_LIC_CLO,0.0
NI03PAVTNCI2017,DA_LIC_CLO,0.0
NI03PAVTNCI2018,DA_LIC_CLO,0.0
NI03PAVTNCI2019,DA_LIC_CLO,0.0
NI03PAVTNCI2020,DA_LIC_CLO,0.0
NI03PAVTNCI2021,DA_LIC_CLO,0.0
NI03PAVTNCI2022,DA_LIC_CLO,0.0
NI03PAVTNCI2023,DA_LIC_CLO,0.0
NI03PAVTNCI2024,DA_LIC_CLO,0.0
NI03PENGYCI2012,PVFC_LIC_UNWIND,0.0
NI03PENGYCI2012,PVFC_LIC_EXP_CLAIM_CF_CY,0.0
NI03PENGYCI2012,PVFC_LIC_EXP_ATTEXP_CY,0.0
NI03PENGYCI2012,PVFC_LIC_EXP_CLAIM_CF_PY,-2903.8622022467034
NI03PENGYCI2012,PVFC_LIC_EXP_ATTEXP_PY,0.0
NI03PENGYCI2012,RA_LIC_OP,35830.24334578916
NI03PENGYCI2012,RA_LIC_UNWIND,481.97226841717014
NI03PENGYCI2012,RA_LIC_INCLAIM,26899.890853236713
NI03PENGYCI2012,RA_LIC_RELEASE_PY,-31555.787774337445
NI03PENGYCI2012,RA_LIC_DEREC,0.0
NI03PENGYCI2012,RA_LIC_TASSCHG_PY,10655.564951490323
NI03PENGYCI2012,RA_LIC_FASSCHG_PY,0.0
NI03PENGYCI2012,RA_LIC_CLO,42311.883644595924
NI03PENGYCI2013,PVFC_LIC_UNWIND,0.0
NI03PENGYCI2013,PVFC_LIC_EXP_CLAIM_CF_CY,0.0
NI03PENGYCI2013,PVFC_LIC_EXP_ATTEXP_CY,0.0
NI03PENGYCI2013,PVFC_LIC_EXP_CLAIM_CF_PY,-47.74679121071751
NI03PENGYCI2013,PVFC_LIC_EXP_ATTEXP_PY,0.0
NI03PENGYCI2013,RA_LIC_OP,589.1392321360753
NI03PENGYCI2013,RA_LIC_UNWIND,7.924835156318976
NI03PENGYCI2013,RA_LIC_INCLAIM,442.3017976427608
NI03PENGYCI2013,RA_LIC_RELEASE_PY,-518.8564420120506
NI03PENGYCI2013,RA_LIC_DEREC,0.0
NI03PENGYCI2013,RA_LIC_TASSCHG_PY,175.2042623019149
NI03PENGYCI2013,RA_LIC_FASSCHG_PY,0.0
NI03PENGYCI2013,RA_LIC_CLO,695.7136852250193
NI03PENGYCI2014,PVFC_LIC_UNWIND,0.0
NI03PENGYCI2014,PVFC_LIC_EXP_CLAIM_CF_CY,0.0
NI03PENGYCI2014,PVFC_LIC_EXP_ATTEXP_CY,0.0
NI03PENGYCI2014,PVFC_LIC_EXP_CLAIM_CF_PY,-99.51440619516893
NI03PENGYCI2014,PVFC_LIC_EXP_ATTEXP_PY,0.0
NI03PENGYCI2014,RA_LIC_OP,1227.8906993678643
NI03PENGYCI2014,RA_LIC_UNWIND,16.51703171623102
NI03PENGYCI2014,RA_LIC_INCLAIM,921.8504455561227
NI03PENGYCI2014,RA_LIC_RELEASE_PY,-1081.4065074969337
NI03PENGYCI2014,RA_LIC_DEREC,0.0
NI03PENGYCI2014,RA_LIC_TASSCHG_PY,365.1627194986047
NI03PENGYCI2014,RA_LIC_FASSCHG_PY,0.0
NI03PENGYCI2014,RA_LIC_CLO,1450.0143886418891
NI03PENGYCI2015,PVFC_LIC_UNWIND,0.0
NI03PENGYCI2015,PVFC_LIC_EXP_CLAIM_CF_CY,0.0
NI03PENGYCI2015,PVFC_LIC_EXP_ATTEXP_CY,0.0
NI03PENGYCI2015,PVFC_LIC_EXP_CLAIM_CF_PY,-6.8600021426233075
NI03PENGYCI2015,PVFC_LIC_EXP_ATTEXP_PY,0.0
NI03PENGYCI2015,RA_LIC_OP,84.64435603475168
NI03PENGYCI2015,RA_LIC_UNWIND,1.1385976894732508
NI03PENGYCI2015,RA_LIC_INCLAIM,63.547543250077226
NI03PENGYCI2015,RA_LIC_RELEASE_PY,-74.54650278399481
NI03PENGYCI2015,RA_LIC_DEREC,0.0
NI03PENGYCI2015,RA_LIC_TASSCHG_PY,25.172406025854283
NI03PENGYCI2015,RA_LIC_FASSCHG_PY,0.0
NI03PENGYCI2015,RA_LIC_CLO,99.95640021616163
NI03PENGYCI2016,PVFC_LIC_UNWIND,0.0
NI03PENGYCI2016,PVFC_LIC_EXP_CLAIM_CF_CY,0.0
NI03PENGYCI2016,PVFC_LIC_EXP_ATTEXP_CY,0.0
NI03PENGYCI2016,PVFC_LIC_EXP_CLAIM_CF_PY,-14.986508392630356
NI03PENGYCI2016,PVFC_LIC_EXP_ATTEXP_PY,0.0
NI03PENGYCI2016,RA_LIC_OP,184.91588278404063
NI03PENGYCI2016,RA_LIC_UNWIND,2.487405029088692
NI03PENGYCI2016,RA_LIC_INCLAIM,138.82733131102742
NI03PENGYCI2016,RA_LIC_RELEASE_PY,-162.85589514209107
NI03PENGYCI2016,RA_LIC_DEREC,0.0
NI03PENGYCI2016,RA_LIC_TASSCHG_PY,54.992180224728486
NI03PENGYCI2016,RA_LIC_FASSCHG_PY,0.0
NI03PENGYCI2016,RA_LIC_CLO,218.36690420679415
NI03PENGYCI2017,PVFC_LIC_UNWIND,0.0
NI03PENGYCI2017,PVFC_LIC_EXP_CLAIM_CF_CY,0.0
NI03PENGYCI2017,PVFC_LIC_EXP_ATTEXP_CY,0.0
NI03PENGYCI2017,PVFC_LIC_EXP_CLAIM_CF_PY,-22.58865351203331
NI03PENGYCI2017,PVFC_LIC_EXP_ATTEXP_PY,0.0
NI03PENGYCI2017,RA_LIC_OP,278.7174100629405
NI03PENGYCI2017,RA_LIC_UNWIND,3.7491808548149645
NI03PENGYCI2017,RA_LIC_INCLAIM,209.24970665796593
NI03PENGYCI2017,RA_LIC_RELEASE_PY,-245.46714227082566
NI03PENGYCI2017,RA_LIC_DEREC,0.0
NI03PENGYCI2017,RA_LIC_TASSCHG_PY,82.88783967708808
NI03PENGYCI2017,RA_LIC_FASSCHG_PY,0.0
NI03PENGYCI2017,RA_LIC_CLO,329.1369949819838
NI03PENGYCI2018,PVFC_LIC_UNWIND,0.0
NI03PENGYCI2018,PVFC_LIC_EXP_CLAIM_CF_CY,0.0
NI03PENGYCI2018,PVFC_LIC_EXP_ATTEXP_CY,0.0
NI03PENGYCI2018,PVFC_LIC_EXP_CLAIM_CF_PY,-46.06279036941205
NI03PENGYCI2018,PVFC_LIC_EXP_ATTEXP_PY,0.0
NI03PENGYCI2018,RA_LIC_OP,568.3606428862806
NI03PENGYCI2018,RA_LIC_UNWIND,7.6453309481397955
NI03PENGYCI2018,RA_LIC_INCLAIM,426.7020771075275
NI03PENGYCI2018,RA_LIC_RELEASE_PY,-500.55668484074727
NI03PENGYCI2018,RA_LIC_DEREC,0.0
NI03PENGYCI2018,RA_LIC_TASSCHG_PY,169.02491249357638
NI03PENGYCI2018,RA_LIC_FASSCHG_PY,0.0
NI03PENGYCI2018,RA_LIC_CLO,671.176278594777
NI03PENGYCI2019,PVFC_LIC_UNWIND,0.0
NI03PENGYCI2019,PVFC_LIC_EXP_CLAIM_CF_CY,0.0
NI03PENGYCI2019,PVFC_LIC_EXP_ATTEXP_CY,0.0
NI03PENGYCI2019,PVFC_LIC_EXP_CLAIM_CF_PY,-227.98931438276452
NI03PENGYCI2019,PVFC_LIC_EXP_ATTEXP_PY,0.0
NI03PENGYCI2019,RA_LIC_OP,2813.1199229267268
NI03PENGYCI2019,RA_LIC_UNWIND,37.84082004405005
NI03PENGYCI2019,RA_LIC_INCLAIM,2111.976135732492
NI03PENGYCI2019,RA_LIC_RELEASE_PY,-2477.521975358528
NI03PENGYCI2019,RA_LIC_DEREC,0.0
NI03PENGYCI2019,RA_LIC_TASSCHG_PY,836.5944312962627
NI03PENGYCI2019,RA_LIC_FASSCHG_PY,0.0
NI03PENGYCI2019,RA_LIC_CLO,3322.0093346410035
NI03PENGYCI2020,PVFC_LIC_UNWIND,0.0
NI03PENGYCI2020,PVFC_LIC_EXP_CLAIM_CF_CY,0.0
NI03PENGYCI2020,PVFC_LIC_EXP_ATTEXP_CY,0.0
NI03PENGYCI2020,PVFC_LIC_EXP_CLAIM_CF_PY,-167.02923661625007
NI03PENGYCI2020,PVFC_LIC_EXP_ATTEXP_PY,0.0
NI03PENGYCI2020,RA_LIC_OP,2060.9442793777566
NI03PENGYCI2020,RA_LIC_UNWIND,27.72289263644714
NI03PENGYCI2020,RA_LIC_INCLAIM,1547.2732248797179
NI03PENGYCI2020,RA_LIC_RELEASE_PY,-1815.078945100782
NI03PENGYCI2020,RA_LIC_DEREC,0.0
NI03PENGYCI2020,RA_LIC_TASSCHG_PY,612.9047301849527
NI03PENGYCI2020,RA_LIC_FASSCHG_PY,0.0
NI03PENGYCI2020,RA_LIC_CLO,2433.766181978092
NI03PENGYCI2021,PVFC_LIC_UNWIND,0.0
NI03PENGYCI2021,PVFC_LIC_EXP_CLAIM_CF_CY,0.0
NI03PENGYCI2021,PVFC_LIC_EXP_ATTEXP_CY,0.0
NI03PENGYCI2021,PVFC_LIC_EXP_CLAIM_CF_PY,-158.61609528077923
NI03PENGYCI2021,PVFC_LIC_EXP_ATTEXP_PY,0.0
NI03PENGYCI2021,RA_LIC_OP,1957.1360128838398
NI03PENGYCI2021,RA_LIC_UNWIND,26.32651066941238
NI03PENGYCI2021,RA_LIC_INCLAIM,1469.3381963229488
NI03PENGYCI2021,RA_LIC_RELEASE_PY,-1723.654736923059
NI03PENGYCI2021,RA_LIC_DEREC,0.0
NI03PENGYCI2021,RA_LIC_TASSCHG_PY,582.0331640766098
NI03PENGYCI2021,RA_LIC_FASSCHG_PY,0.0
NI03PENGYCI2021,RA_LIC_CLO,2311.179147029751
NI03PENGYCI2022,PVFC_LIC_UNWIND,0.0
NI03PENGYCI2022,PVFC_LIC_EXP_CLAIM_CF_CY,0.0
NI03PENGYCI2022,PVFC_LIC_EXP_ATTEXP_CY,0.0
NI03PENGYCI2022,PVFC_LIC_EXP_CLAIM_CF_PY,-8642.922217787689
NI03PENGYCI2022,PVFC_LIC_EXP_ATTEXP_PY,0.0
NI03PENGYCI2022,RA_LIC_OP,106643.49225747159
NI03PENGYCI2022,RA_LIC_UNWIND,1434.520144873731
NI03PENGYCI2022,RA_LIC_INCLAIM,80063.60085944309
NI03PENGYCI2022,RA_LIC_RELEASE_PY,-93921.19882396665
NI03PENGYCI2022,RA_LIC_DEREC,0.0
NI03PENGYCI2022,RA_LIC_TASSCHG_PY,31714.734601064032
NI03PENGYCI2022,RA_LIC_FASSCHG_PY,0.0
NI03PENGYCI2022,RA_LIC_CLO,125935.1490388858
NI03PENGYCI2023,PVFC_LIC_UNWIND,0.0
NI03PENGYCI2023,PVFC_LIC_EXP_CLAIM_CF_CY,0.0
NI03PENGYCI2023,PVFC_LIC_EXP_ATTEXP_CY,0.0
NI03PENGYCI2023,PVFC_LIC_EXP_CLAIM_CF_PY,-1931.9679059351645
NI03PENGYCI2023,PVFC_LIC_EXP_ATTEXP_PY,0.0
NI03PENGYCI2023,RA_LIC_OP,49733.36289340614
NI03PENGYCI2023,RA_LIC_UNWIND,668.990760079956
NI03PENGYCI2023,RA_LIC_INCLAIM,37337.78809945652
NI03PENGYCI2023,RA_LIC_RELEASE_PY,-43800.301036829806
NI03PENGYCI2023,RA_LIC_DEREC,0.0
NI03PENGYCI2023,RA_LIC_TASSCHG_PY,14790.217120560164
NI03PENGYCI2023,RA_LIC_FASSCHG_PY,0.0
NI03PENGYCI2023,RA_LIC_CLO,58730.05783667299
NI03PENGYCI2024,PVFC_LIC_UNWIND,0.0
NI03PENGYCI2024,PVFC_LIC_EXP_CLAIM_CF_CY,0.0
NI03PENGYCI2024,PVFC_LIC_EXP_ATTEXP_CY,0.0
NI03PENGYCI2024,PVFC_LIC_EXP_CLAIM_CF_PY,0.0
NI03PENGYCI2024,PVFC_LIC_EXP_ATTEXP_PY,0.0
NI03PENGYCI2024,RA_LIC_OP,0.0
NI03PENGYCI2024,RA_LIC_UNWIND,0.0
NI03PENGYCI2024,RA_LIC_INCLAIM,0.0
NI03PENGYCI2024,RA_LIC_RELEASE_PY,0.0
NI03PENGYCI2024,RA_LIC_DEREC,0.0
NI03PENGYCI2024,RA_LIC_TASSCHG_PY,0.0
NI03PENGYCI2024,RA_LIC_FASSCHG_PY,0.0
NI03PENGYCI2024,RA_LIC_CLO,0.0
NI03PENGYCI2012,RA_LIC_RELEASE_CY,0.0
NI03PENGYCI2013,RA_LIC_RELEASE_CY,0.0
NI03PENGYCI2014,RA_LIC_RELEASE_CY,0.0
NI03PENGYCI2015,RA_LIC_RELEASE_CY,0.0
NI03PENGYCI2016,RA_LIC_RELEASE_CY,0.0
NI03PENGYCI2017,RA_LIC_RELEASE_CY,0.0
NI03PENGYCI2018,RA_LIC_RELEASE_CY,0.0
NI03PENGYCI2019,RA_LIC_RELEASE_CY,0.0
NI03PENGYCI2020,RA_LIC_RELEASE_CY,0.0
NI03PENGYCI2021,RA_LIC_RELEASE_CY,0.0
NI03PENGYCI2022,RA_LIC_RELEASE_CY,0.0
NI03PENGYCI2023,RA_LIC_RELEASE_CY,0.0
NI03PENGYCI2024,RA_LIC_RELEASE_CY,0.0
NI03PENGYCI2012,RA_LIC_FEXPVAR_CY,0.0
NI03PENGYCI2013,RA_LIC_FEXPVAR_CY,0.0
NI03PENGYCI2014,RA_LIC_FEXPVAR_CY,0.0
NI03PENGYCI2015,RA_LIC_FEXPVAR_CY,0.0
NI03PENGYCI2016,RA_LIC_FEXPVAR_CY,0.0
NI03PENGYCI2017,RA_LIC_FEXPVAR_CY,0.0
NI03PENGYCI2018,RA_LIC_FEXPVAR_CY,0.0
NI03PENGYCI2019,RA_LIC_FEXPVAR_CY,0.0
NI03PENGYCI2020,RA_LIC_FEXPVAR_CY,0.0
NI03PENGYCI2021,RA_LIC_FEXPVAR_CY,0.0
NI03PENGYCI2022,RA_LIC_FEXPVAR_CY,0.0
NI03PENGYCI2023,RA_LIC_FEXPVAR_CY,0.0
NI03PENGYCI2024,RA_LIC_FEXPVAR_CY,0.0
NI03PENGYCI2012,DA_LIC_OP,0.0
NI03PENGYCI2013,DA_LIC_OP,0.0
NI03PENGYCI2014,DA_LIC_OP,0.0
NI03PENGYCI2015,DA_LIC_OP,0.0
NI03PENGYCI2016,DA_LIC_OP,0.0
NI03PENGYCI2017,DA_LIC_OP,0.0
NI03PENGYCI2018,DA_LIC_OP,0.0
NI03PENGYCI2019,DA_LIC_OP,0.0
NI03PENGYCI2020,DA_LIC_OP,0.0
NI03PENGYCI2021,DA_LIC_OP,0.0
NI03PENGYCI2022,DA_LIC_OP,0.0
NI03PENGYCI2023,DA_LIC_OP,0.0
NI03PENGYCI2024,DA_LIC_OP,0.0
NI03PENGYCI2012,DA_LIC_INCLAIM_INCEXP,0.0
NI03PENGYCI2013,DA_LIC_INCLAIM_INCEXP,0.0
NI03PENGYCI2014,DA_LIC_INCLAIM_INCEXP,0.0
NI03PENGYCI2015,DA_LIC_INCLAIM_INCEXP,0.0
NI03PENGYCI2016,DA_LIC_INCLAIM_INCEXP,0.0
NI03PENGYCI2017,DA_LIC_INCLAIM_INCEXP,0.0
NI03PENGYCI2018,DA_LIC_INCLAIM_INCEXP,0.0
NI03PENGYCI2019,DA_LIC_INCLAIM_INCEXP,0.0
NI03PENGYCI2020,DA_LIC_INCLAIM_INCEXP,0.0
NI03PENGYCI2021,DA_LIC_INCLAIM_INCEXP,0.0
NI03PENGYCI2022,DA_LIC_INCLAIM_INCEXP,0.0
NI03PENGYCI2023,DA_LIC_INCLAIM_INCEXP,0.0
NI03PENGYCI2024,DA_LIC_INCLAIM_INCEXP,0.0
NI03PENGYCI2012,DA_LIC_CHG,0.0
NI03PENGYCI2013,DA_LIC_CHG,0.0
NI03PENGYCI2014,DA_LIC_CHG,0.0
NI03PENGYCI2015,DA_LIC_CHG,0.0
NI03PENGYCI2016,DA_LIC_CHG,0.0
NI03PENGYCI2017,DA_LIC_CHG,0.0
NI03PENGYCI2018,DA_LIC_CHG,0.0
NI03PENGYCI2019,DA_LIC_CHG,0.0
NI03PENGYCI2020,DA_LIC_CHG,0.0
NI03PENGYCI2021,DA_LIC_CHG,0.0
NI03PENGYCI2022,DA_LIC_CHG,0.0
NI03PENGYCI2023,DA_LIC_CHG,0.0
NI03PENGYCI2024,DA_LIC_CHG,0.0
NI03PENGYCI2012,DA_LIC_CLO,0.0
NI03PENGYCI2013,DA_LIC_CLO,0.0
NI03PENGYCI2014,DA_LIC_CLO,0.0
NI03PENGYCI2015,DA_LIC_CLO,0.0
NI03PENGYCI2016,DA_LIC_CLO,0.0
NI03PENGYCI2017,DA_LIC_CLO,0.0
NI03PENGYCI2018,DA_LIC_CLO,0.0
NI03PENGYCI2019,DA_LIC_CLO,0.0
NI03PENGYCI2020,DA_LIC_CLO,0.0
NI03PENGYCI2021,DA_LIC_CLO,0.0
NI03PENGYCI2022,DA_LIC_CLO,0.0
NI03PENGYCI2023,DA_LIC_CLO,0.0
NI03PENGYCI2024,DA_LIC_CLO,0.0
NI03PEGNRCI2012,PVFC_LIC_UNWIND,0.0
NI03PEGNRCI2012,PVFC_LIC_EXP_CLAIM_CF_CY,0.0
NI03PEGNRCI2012,PVFC_LIC_EXP_ATTEXP_CY,0.0
NI03PEGNRCI2012,PVFC_LIC_EXP_CLAIM_CF_PY,-93.95100000000093
NI03PEGNRCI2012,PVFC_LIC_EXP_ATTEXP_PY,0.0
NI03PEGNRCI2012,RA_LIC_OP,2.4237034906315125
NI03PEGNRCI2012,RA_LIC_UNWIND,0.035401285345833484
NI03PEGNRCI2012,RA_LIC_INCLAIM,2.546220301686059
NI03PEGNRCI2012,RA_LIC_RELEASE_PY,-2.149470265607896
NI03PEGNRCI2012,RA_LIC_DEREC,0.0
NI03PEGNRCI2012,RA_LIC_TASSCHG_PY,-0.01454052928202864
NI03PEGNRCI2012,RA_LIC_FASSCHG_PY,0.0
NI03PEGNRCI2012,RA_LIC_CLO,2.8413142827734803
NI03PEGNRCI2013,PVFC_LIC_UNWIND,0.0
NI03PEGNRCI2013,PVFC_LIC_EXP_CLAIM_CF_CY,0.0
NI03PEGNRCI2013,PVFC_LIC_EXP_ATTEXP_CY,0.0
NI03PEGNRCI2013,PVFC_LIC_EXP_CLAIM_CF_PY,-750.0
NI03PEGNRCI2013,PVFC_LIC_EXP_ATTEXP_PY,0.0
NI03PEGNRCI2013,RA_LIC_OP,19.348145501097665
NI03PEGNRCI2013,RA_LIC_UNWIND,0.28260437897813756
NI03PEGNRCI2013,RA_LIC_INCLAIM,20.32618307697136
NI03PEGNRCI2013,RA_LIC_RELEASE_PY,-17.158973286137616
NI03PEGNRCI2013,RA_LIC_DEREC,0.0
NI03PEGNRCI2013,RA_LIC_TASSCHG_PY,-0.11607536866580914
NI03PEGNRCI2013,RA_LIC_FASSCHG_PY,0.0
NI03PEGNRCI2013,RA_LIC_CLO,22.681884302243738
NI03PEGNRCI2014,PVFC_LIC_UNWIND,0.0
NI03PEGNRCI2014,PVFC_LIC_EXP_CLAIM_CF_CY,0.0
NI03PEGNRCI2014,PVFC_LIC_EXP_ATTEXP_CY,0.0
NI03PEGNRCI2014,PVFC_LIC_EXP_CLAIM_CF_PY,-1104.3999999999996
NI03PEGNRCI2014,PVFC_LIC_EXP_ATTEXP_PY,0.0
NI03PEGNRCI2014,RA_LIC_OP,28.490789188549698
NI03PEGNRCI2014,RA_LIC_UNWIND,0.41614436819127376
NI03PEGNRCI2014,RA_LIC_INCLAIM,29.930982120276255
NI03PEGNRCI2014,RA_LIC_RELEASE_PY,-25.267160129613867
NI03PEGNRCI2014,RA_LIC_DEREC,0.0
NI03PEGNRCI2014,RA_LIC_TASSCHG_PY,-0.17092484953935957
NI03PEGNRCI2014,RA_LIC_FASSCHG_PY,0.0
NI03PEGNRCI2014,RA_LIC_CLO,33.399830697864004
NI03PEGNRCI2015,PVFC_LIC_UNWIND,0.0
NI03PEGNRCI2015,PVFC_LIC_EXP_CLAIM_CF_CY,0.0
NI03PEGNRCI2015,PVFC_LIC_EXP_ATTEXP_CY,0.0
NI03PEGNRCI2015,PVFC_LIC_EXP_CLAIM_CF_PY,-3374.9999999999995
NI03PEGNRCI2015,PVFC_LIC_EXP_ATTEXP_PY,0.0
NI03PEGNRCI2015,RA_LIC_OP,87.06665475493959
NI03PEGNRCI2015,RA_LIC_UNWIND,1.2717197054016205
NI03PEGNRCI2015,RA_LIC_INCLAIM,91.46782384637123
NI03PEGNRCI2015,RA_LIC_RELEASE_PY,-77.21537978761936
NI03PEGNRCI2015,RA_LIC_DEREC,0.0
NI03PEGNRCI2015,RA_LIC_TASSCHG_PY,-0.5223391589961417
NI03PEGNRCI2015,RA_LIC_FASSCHG_PY,0.0
NI03PEGNRCI2015,RA_LIC_CLO,102.06847936009693
NI03PEGNRCI2016,PVFC_LIC_UNWIND,0.0
NI03PEGNRCI2016,PVFC_LIC_EXP_CLAIM_CF_CY,0.0
NI03PEGNRCI2016,PVFC_LIC_EXP_ATTEXP_CY,0.0
NI03PEGNRCI2016,PVFC_LIC_EXP_CLAIM_CF_PY,-1211.0
NI03PEGNRCI2016,PVFC_LIC_EXP_ATTEXP_PY,0.0
NI03PEGNRCI2016,RA_LIC_OP,31.240805602439053
NI03PEGNRCI2016,RA_LIC_UNWIND,0.4563118705900332
NI03PEGNRCI2016,RA_LIC_INCLAIM,32.82001027494978
NI03PEGNRCI2016,RA_LIC_RELEASE_PY,-27.70602219935023
NI03PEGNRCI2016,RA_LIC_DEREC,0.0
NI03PEGNRCI2016,RA_LIC_TASSCHG_PY,-0.18742302860572663
NI03PEGNRCI2016,RA_LIC_FASSCHG_PY,0.0
NI03PEGNRCI2016,RA_LIC_CLO,36.62368252002292
NI03PEGNRCI2017,PVFC_LIC_UNWIND,0.0
NI03PEGNRCI2017,PVFC_LIC_EXP_CLAIM_CF_CY,0.0
NI03PEGNRCI2017,PVFC_LIC_EXP_ATTEXP_CY,0.0
NI03PEGNRCI2017,PVFC_LIC_EXP_CLAIM_CF_PY,-12101.3708
NI03PEGNRCI2017,PVFC_LIC_EXP_ATTEXP_PY,0.0
NI03PEGNRCI2017,RA_LIC_OP,312.18544400151325
NI03PEGNRCI2017,RA_LIC_UNWIND,4.559867172957563
NI03PEGNRCI2017,RA_LIC_INCLAIM,327.96623781748764
NI03PEGNRCI2017,RA_LIC_RELEASE_PY,-276.86279771046145
NI03PEGNRCI2017,RA_LIC_DEREC,0.0
NI03PEGNRCI2017,RA_LIC_TASSCHG_PY,-1.872894769295546
NI03PEGNRCI2017,RA_LIC_FASSCHG_PY,0.0
NI03PEGNRCI2017,RA_LIC_CLO,365.97585651220146
NI03PEGNRCI2018,PVFC_LIC_UNWIND,0.0
NI03PEGNRCI2018,PVFC_LIC_EXP_CLAIM_CF_CY,0.0
NI03PEGNRCI2018,PVFC_LIC_EXP_ATTEXP_CY,0.0
NI03PEGNRCI2018,PVFC_LIC_EXP_CLAIM_CF_PY,-1889.9087999999974
NI03PEGNRCI2018,PVFC_LIC_EXP_ATTEXP_PY,0.0
NI03PEGNRCI2018,RA_LIC_OP,48.75497392827313
NI03PEGNRCI2018,RA_LIC_UNWIND,0.7121286703324221
NI03PEGNRCI2018,RA_LIC_INCLAIM,51.21950969010561
NI03PEGNRCI2018,RA_LIC_RELEASE_PY,-43.23852614991515
NI03PEGNRCI2018,RA_LIC_DEREC,0.0
NI03PEGNRCI2018,RA_LIC_TASSCHG_PY,-0.29249581427300897
NI03PEGNRCI2018,RA_LIC_FASSCHG_PY,0.0
NI03PEGNRCI2018,RA_LIC_CLO,57.155590324523004
NI03PEGNRCI2019,PVFC_LIC_UNWIND,0.0
NI03PEGNRCI2019,PVFC_LIC_EXP_CLAIM_CF_CY,0.0
NI03PEGNRCI2019,PVFC_LIC_EXP_ATTEXP_CY,0.0
NI03PEGNRCI2019,PVFC_LIC_EXP_CLAIM_CF_PY,-62707.49871
NI03PEGNRCI2019,PVFC_LIC_EXP_ATTEXP_PY,0.0
NI03PEGNRCI2019,RA_LIC_OP,1617.6984120679672
NI03PEGNRCI2019,RA_LIC_UNWIND,23.628551640282573
NI03PEGNRCI2019,RA_LIC_INCLAIM,1699.4721321045422
NI03PEGNRCI2019,RA_LIC_RELEASE_PY,-1434.6617269405338
NI03PEGNRCI2019,RA_LIC_DEREC,0.0
NI03PEGNRCI2019,RA_LIC_TASSCHG_PY,-9.705061374498678
NI03PEGNRCI2019,RA_LIC_FASSCHG_PY,0.0
NI03PEGNRCI2019,RA_LIC_CLO,1896.43230749776
NI03PEGNRCI2020,PVFC_LIC_UNWIND,0.0
NI03PEGNRCI2020,PVFC_LIC_EXP_CLAIM_CF_CY,0.0
NI03PEGNRCI2020,PVFC_LIC_EXP_ATTEXP_CY,0.0
NI03PEGNRCI2020,PVFC_LIC_EXP_CLAIM_CF_PY,-1210.897
NI03PEGNRCI2020,PVFC_LIC_EXP_ATTEXP_PY,0.0
NI03PEGNRCI2020,RA_LIC_OP,31.238148457123565
NI03PEGNRCI2020,RA_LIC_UNWIND,0.45627305958865344
NI03PEGNRCI2020,RA_LIC_INCLAIM,32.817218812473875
NI03PEGNRCI2020,RA_LIC_RELEASE_PY,-27.703665700352264
NI03PEGNRCI2020,RA_LIC_DEREC,0.0
NI03PEGNRCI2020,RA_LIC_TASSCHG_PY,-0.18740708758842983
NI03PEGNRCI2020,RA_LIC_FASSCHG_PY,0.0
NI03PEGNRCI2020,RA_LIC_CLO,36.62056754124541
NI03PEGNRCI2021,PVFC_LIC_UNWIND,0.0
NI03PEGNRCI2021,PVFC_LIC_EXP_CLAIM_CF_CY,0.0
NI03PEGNRCI2021,PVFC_LIC_EXP_ATTEXP_CY,0.0
NI03PEGNRCI2021,PVFC_LIC_EXP_CLAIM_CF_PY,-28020.796492053752
NI03PEGNRCI2021,PVFC_LIC_EXP_ATTEXP_PY,0.0
NI03PEGNRCI2021,RA_LIC_OP,722.8672634465385
NI03PEGNRCI2021,RA_LIC_UNWIND,10.558399721479518
NI03PEGNRCI2021,RA_LIC_INCLAIM,759.407785946723
NI03PEGNRCI2021,RA_LIC_RELEASE_PY,-641.077464617933
NI03PEGNRCI2021,RA_LIC_DEREC,0.0
NI03PEGNRCI2021,RA_LIC_TASSCHG_PY,-4.33669904416634
NI03PEGNRCI2021,RA_LIC_FASSCHG_PY,0.0
NI03PEGNRCI2021,RA_LIC_CLO,847.4192854526416
NI03PEGNRCI2022,PVFC_LIC_UNWIND,0.0
NI03PEGNRCI2022,PVFC_LIC_EXP_CLAIM_CF_CY,0.0
NI03PEGNRCI2022,PVFC_LIC_EXP_ATTEXP_CY,0.0
NI03PEGNRCI2022,PVFC_LIC_EXP_CLAIM_CF_PY,-23533.001306587506
NI03PEGNRCI2022,PVFC_LIC_EXP_ATTEXP_PY,0.0
NI03PEGNRCI2022,RA_LIC_OP,607.0932444765026
NI03PEGNRCI2022,RA_LIC_UNWIND,8.867372292986492
NI03PEGNRCI2022,RA_LIC_INCLAIM,637.7814572110726
NI03PEGNRCI2022,RA_LIC_RELEASE_PY,-538.4028543498362
NI03PEGNRCI2022,RA_LIC_DEREC,0.0
NI03PEGNRCI2022,RA_LIC_TASSCHG_PY,-3.6421357366334886
NI03PEGNRCI2022,RA_LIC_FASSCHG_PY,0.0
NI03PEGNRCI2022,RA_LIC_CLO,711.6970838940923
NI03PEGNRCI2023,PVFC_LIC_UNWIND,0.0
NI03PEGNRCI2023,PVFC_LIC_EXP_CLAIM_CF_CY,0.0
NI03PEGNRCI2023,PVFC_LIC_EXP_ATTEXP_CY,0.0
NI03PEGNRCI2023,PVFC_LIC_EXP_CLAIM_CF_PY,-903220.4524194339
NI03PEGNRCI2023,PVFC_LIC_EXP_ATTEXP_PY,0.0
NI03PEGNRCI2023,RA_LIC_OP,27030.330937130566
NI03PEGNRCI2023,RA_LIC_UNWIND,394.81250994458105
NI03PEGNRCI2023,RA_LIC_INCLAIM,28396.698548089207
NI03PEGNRCI2023,RA_LIC_RELEASE_PY,-23971.94741167154
NI03PEGNRCI2023,RA_LIC_DEREC,0.0
NI03PEGNRCI2023,RA_LIC_TASSCHG_PY,-162.16311938052436
NI03PEGNRCI2023,RA_LIC_FASSCHG_PY,0.0
NI03PEGNRCI2023,RA_LIC_CLO,31687.731464112287
NI03PEGNRCI2024,PVFC_LIC_UNWIND,0.0
NI03PEGNRCI2024,PVFC_LIC_EXP_CLAIM_CF_CY,-15025.83488
NI03PEGNRCI2024,PVFC_LIC_EXP_ATTEXP_CY,0.0
NI03PEGNRCI2024,PVFC_LIC_EXP_CLAIM_CF_PY,0.0
NI03PEGNRCI2024,PVFC_LIC_EXP_ATTEXP_PY,0.0
NI03PEGNRCI2024,RA_LIC_OP,0.0
NI03PEGNRCI2024,RA_LIC_UNWIND,0.0
NI03PEGNRCI2024,RA_LIC_INCLAIM,0.0
NI03PEGNRCI2024,RA_LIC_RELEASE_PY,0.0
NI03PEGNRCI2024,RA_LIC_DEREC,0.0
NI03PEGNRCI2024,RA_LIC_TASSCHG_PY,0.0
NI03PEGNRCI2024,RA_LIC_FASSCHG_PY,0.0
NI03PEGNRCI2024,RA_LIC_CLO,0.0
NI03PEGNRCI2012,RA_LIC_RELEASE_CY,0.0
NI03PEGNRCI2013,RA_LIC_RELEASE_CY,0.0
NI03PEGNRCI2014,RA_LIC_RELEASE_CY,0.0
NI03PEGNRCI2015,RA_LIC_RELEASE_CY,0.0
NI03PEGNRCI2016,RA_LIC_RELEASE_CY,0.0
NI03PEGNRCI2017,RA_LIC_RELEASE_CY,0.0
NI03PEGNRCI2018,RA_LIC_RELEASE_CY,0.0
NI03PEGNRCI2019,RA_LIC_RELEASE_CY,0.0
NI03PEGNRCI2020,RA_LIC_RELEASE_CY,0.0
NI03PEGNRCI2021,RA_LIC_RELEASE_CY,0.0
NI03PEGNRCI2022,RA_LIC_RELEASE_CY,0.0
NI03PEGNRCI2023,RA_LIC_RELEASE_CY,0.0
NI03PEGNRCI2024,RA_LIC_RELEASE_CY,0.0
NI03PEGNRCI2012,RA_LIC_FEXPVAR_CY,0.0
NI03PEGNRCI2013,RA_LIC_FEXPVAR_CY,0.0
NI03PEGNRCI2014,RA_LIC_FEXPVAR_CY,0.0
NI03PEGNRCI2015,RA_LIC_FEXPVAR_CY,0.0
NI03PEGNRCI2016,RA_LIC_FEXPVAR_CY,0.0
NI03PEGNRCI2017,RA_LIC_FEXPVAR_CY,0.0
NI03PEGNRCI2018,RA_LIC_FEXPVAR_CY,0.0
NI03PEGNRCI2019,RA_LIC_FEXPVAR_CY,0.0
NI03PEGNRCI2020,RA_LIC_FEXPVAR_CY,0.0
NI03PEGNRCI2021,RA_LIC_FEXPVAR_CY,0.0
NI03PEGNRCI2022,RA_LIC_FEXPVAR_CY,0.0
NI03PEGNRCI2023,RA_LIC_FEXPVAR_CY,0.0
NI03PEGNRCI2024,RA_LIC_FEXPVAR_CY,0.0
NI03PEGNRCI2012,DA_LIC_OP,0.0
NI03PEGNRCI2013,DA_LIC_OP,0.0
NI03PEGNRCI2014,DA_LIC_OP,0.0
NI03PEGNRCI2015,DA_LIC_OP,0.0
NI03PEGNRCI2016,DA_LIC_OP,0.0
NI03PEGNRCI2017,DA_LIC_OP,0.0
NI03PEGNRCI2018,DA_LIC_OP,0.0
NI03PEGNRCI2019,DA_LIC_OP,0.0
NI03PEGNRCI2020,DA_LIC_OP,0.0
NI03PEGNRCI2021,DA_LIC_OP,0.0
NI03PEGNRCI2022,DA_LIC_OP,0.0
NI03PEGNRCI2023,DA_LIC_OP,0.0
NI03PEGNRCI2024,DA_LIC_OP,0.0
NI03PEGNRCI2012,DA_LIC_INCLAIM_INCEXP,0.0
NI03PEGNRCI2013,DA_LIC_INCLAIM_INCEXP,0.0
NI03PEGNRCI2014,DA_LIC_INCLAIM_INCEXP,0.0
NI03PEGNRCI2015,DA_LIC_INCLAIM_INCEXP,0.0
NI03PEGNRCI2016,DA_LIC_INCLAIM_INCEXP,0.0
NI03PEGNRCI2017,DA_LIC_INCLAIM_INCEXP,0.0
NI03PEGNRCI2018,DA_LIC_INCLAIM_INCEXP,0.0
NI03PEGNRCI2019,DA_LIC_INCLAIM_INCEXP,0.0
NI03PEGNRCI2020,DA_LIC_INCLAIM_INCEXP,0.0
NI03PEGNRCI2021,DA_LIC_INCLAIM_INCEXP,0.0
NI03PEGNRCI2022,DA_LIC_INCLAIM_INCEXP,0.0
NI03PEGNRCI2023,DA_LIC_INCLAIM_INCEXP,0.0
NI03PEGNRCI2024,DA_LIC_INCLAIM_INCEXP,0.0
NI03PEGNRCI2012,DA_LIC_CHG,0.0
NI03PEGNRCI2013,DA_LIC_CHG,0.0
NI03PEGNRCI2014,DA_LIC_CHG,0.0
NI03PEGNRCI2015,DA_LIC_CHG,0.0
NI03PEGNRCI2016,DA_LIC_CHG,0.0
NI03PEGNRCI2017,DA_LIC_CHG,0.0
NI03PEGNRCI2018,DA_LIC_CHG,0.0
NI03PEGNRCI2019,DA_LIC_CHG,0.0
NI03PEGNRCI2020,DA_LIC_CHG,0.0
NI03PEGNRCI2021,DA_LIC_CHG,0.0
NI03PEGNRCI2022,DA_LIC_CHG,0.0
NI03PEGNRCI2023,DA_LIC_CHG,0.0
NI03PEGNRCI2024,DA_LIC_CHG,0.0
NI03PEGNRCI2012,DA_LIC_CLO,0.0
NI03PEGNRCI2013,DA_LIC_CLO,0.0
NI03PEGNRCI2014,DA_LIC_CLO,0.0
NI03PEGNRCI2015,DA_LIC_CLO,0.0
NI03PEGNRCI2016,DA_LIC_CLO,0.0
NI03PEGNRCI2017,DA_LIC_CLO,0.0
NI03PEGNRCI2018,DA_LIC_CLO,0.0
NI03PEGNRCI2019,DA_LIC_CLO,0.0
NI03PEGNRCI2020,DA_LIC_CLO,0.0
NI03PEGNRCI2021,DA_LIC_CLO,0.0
NI03PEGNRCI2022,DA_LIC_CLO,0.0
NI03PEGNRCI2023,DA_LIC_CLO,0.0
NI03PEGNRCI2024,DA_LIC_CLO,0.0
NI03PAVTNPF2012,PVFC_LIC_UNWIND,0.0
NI03PAVTNPF2012,PVFC_LIC_EXP_CLAIM_CF_CY,0.0
NI03PAVTNPF2012,PVFC_LIC_EXP_ATTEXP_CY,0.0
NI03PAVTNPF2012,PVFC_LIC_EXP_CLAIM_CF_PY,0.0
NI03PAVTNPF2012,PVFC_LIC_EXP_ATTEXP_PY,0.0
NI03PAVTNPF2012,RA_LIC_OP,0.0
NI03PAVTNPF2012,RA_LIC_UNWIND,0.0
NI03PAVTNPF2012,RA_LIC_INCLAIM,0.0
NI03PAVTNPF2012,RA_LIC_RELEASE_PY,0.0
NI03PAVTNPF2012,RA_LIC_DEREC,0.0
NI03PAVTNPF2012,RA_LIC_TASSCHG_PY,0.0
NI03PAVTNPF2012,RA_LIC_FASSCHG_PY,0.0
NI03PAVTNPF2012,RA_LIC_CLO,0.0
NI03PAVTNPF2013,PVFC_LIC_UNWIND,0.0
NI03PAVTNPF2013,PVFC_LIC_EXP_CLAIM_CF_CY,0.0
NI03PAVTNPF2013,PVFC_LIC_EXP_ATTEXP_CY,0.0
NI03PAVTNPF2013,PVFC_LIC_EXP_CLAIM_CF_PY,0.0
NI03PAVTNPF2013,PVFC_LIC_EXP_ATTEXP_PY,0.0
NI03PAVTNPF2013,RA_LIC_OP,0.0
NI03PAVTNPF2013,RA_LIC_UNWIND,0.0
NI03PAVTNPF2013,RA_LIC_INCLAIM,0.0
NI03PAVTNPF2013,RA_LIC_RELEASE_PY,0.0
NI03PAVTNPF2013,RA_LIC_DEREC,0.0
NI03PAVTNPF2013,RA_LIC_TASSCHG_PY,0.0
NI03PAVTNPF2013,RA_LIC_FASSCHG_PY,0.0
NI03PAVTNPF2013,RA_LIC_CLO,0.0
NI03PAVTNPF2014,PVFC_LIC_UNWIND,0.0
NI03PAVTNPF2014,PVFC_LIC_EXP_CLAIM_CF_CY,0.0
NI03PAVTNPF2014,PVFC_LIC_EXP_ATTEXP_CY,0.0
NI03PAVTNPF2014,PVFC_LIC_EXP_CLAIM_CF_PY,0.0
NI03PAVTNPF2014,PVFC_LIC_EXP_ATTEXP_PY,0.0
NI03PAVTNPF2014,RA_LIC_OP,0.0
NI03PAVTNPF2014,RA_LIC_UNWIND,0.0
NI03PAVTNPF2014,RA_LIC_INCLAIM,0.0
NI03PAVTNPF2014,RA_LIC_RELEASE_PY,0.0
NI03PAVTNPF2014,RA_LIC_DEREC,0.0
NI03PAVTNPF2014,RA_LIC_TASSCHG_PY,0.0
NI03PAVTNPF2014,RA_LIC_FASSCHG_PY,0.0
NI03PAVTNPF2014,RA_LIC_CLO,0.0
NI03PAVTNPF2015,PVFC_LIC_UNWIND,0.0
NI03PAVTNPF2015,PVFC_LIC_EXP_CLAIM_CF_CY,0.0
NI03PAVTNPF2015,PVFC_LIC_EXP_ATTEXP_CY,0.0
NI03PAVTNPF2015,PVFC_LIC_EXP_CLAIM_CF_PY,0.0
NI03PAVTNPF2015,PVFC_LIC_EXP_ATTEXP_PY,0.0
NI03PAVTNPF2015,RA_LIC_OP,0.0
NI03PAVTNPF2015,RA_LIC_UNWIND,0.0
NI03PAVTNPF2015,RA_LIC_INCLAIM,0.0
NI03PAVTNPF2015,RA_LIC_RELEASE_PY,0.0
NI03PAVTNPF2015,RA_LIC_DEREC,0.0
NI03PAVTNPF2015,RA_LIC_TASSCHG_PY,0.0
NI03PAVTNPF2015,RA_LIC_FASSCHG_PY,0.0
NI03PAVTNPF2015,RA_LIC_CLO,0.0
NI03PAVTNPF2016,PVFC_LIC_UNWIND,0.0
NI03PAVTNPF2016,PVFC_LIC_EXP_CLAIM_CF_CY,0.0
NI03PAVTNPF2016,PVFC_LIC_EXP_ATTEXP_CY,0.0
NI03PAVTNPF2016,PVFC_LIC_EXP_CLAIM_CF_PY,0.0
NI03PAVTNPF2016,PVFC_LIC_EXP_ATTEXP_PY,0.0
NI03PAVTNPF2016,RA_LIC_OP,0.0
NI03PAVTNPF2016,RA_LIC_UNWIND,0.0
NI03PAVTNPF2016,RA_LIC_INCLAIM,0.0
NI03PAVTNPF2016,RA_LIC_RELEASE_PY,0.0
NI03PAVTNPF2016,RA_LIC_DEREC,0.0
NI03PAVTNPF2016,RA_LIC_TASSCHG_PY,0.0
NI03PAVTNPF2016,RA_LIC_FASSCHG_PY,0.0
NI03PAVTNPF2016,RA_LIC_CLO,0.0
NI03PAVTNPF2017,PVFC_LIC_UNWIND,0.0
NI03PAVTNPF2017,PVFC_LIC_EXP_CLAIM_CF_CY,0.0
NI03PAVTNPF2017,PVFC_LIC_EXP_ATTEXP_CY,0.0
NI03PAVTNPF2017,PVFC_LIC_EXP_CLAIM_CF_PY,0.0
NI03PAVTNPF2017,PVFC_LIC_EXP_ATTEXP_PY,0.0
NI03PAVTNPF2017,RA_LIC_OP,0.0
NI03PAVTNPF2017,RA_LIC_UNWIND,0.0
NI03PAVTNPF2017,RA_LIC_INCLAIM,0.0
NI03PAVTNPF2017,RA_LIC_RELEASE_PY,0.0
NI03PAVTNPF2017,RA_LIC_DEREC,0.0
NI03PAVTNPF2017,RA_LIC_TASSCHG_PY,0.0
NI03PAVTNPF2017,RA_LIC_FASSCHG_PY,0.0
NI03PAVTNPF2017,RA_LIC_CLO,0.0
NI03PAVTNPF2018,PVFC_LIC_UNWIND,0.0
NI03PAVTNPF2018,PVFC_LIC_EXP_CLAIM_CF_CY,0.0
NI03PAVTNPF2018,PVFC_LIC_EXP_ATTEXP_CY,0.0
NI03PAVTNPF2018,PVFC_LIC_EXP_CLAIM_CF_PY,0.0
NI03PAVTNPF2018,PVFC_LIC_EXP_ATTEXP_PY,0.0
NI03PAVTNPF2018,RA_LIC_OP,0.0
NI03PAVTNPF2018,RA_LIC_UNWIND,0.0
NI03PAVTNPF2018,RA_LIC_INCLAIM,0.0
NI03PAVTNPF2018,RA_LIC_RELEASE_PY,0.0
NI03PAVTNPF2018,RA_LIC_DEREC,0.0
NI03PAVTNPF2018,RA_LIC_TASSCHG_PY,0.0
NI03PAVTNPF2018,RA_LIC_FASSCHG_PY,0.0
NI03PAVTNPF2018,RA_LIC_CLO,0.0
NI03PAVTNPF2019,PVFC_LIC_UNWIND,0.0
NI03PAVTNPF2019,PVFC_LIC_EXP_CLAIM_CF_CY,0.0
NI03PAVTNPF2019,PVFC_LIC_EXP_ATTEXP_CY,0.0
NI03PAVTNPF2019,PVFC_LIC_EXP_CLAIM_CF_PY,0.0
NI03PAVTNPF2019,PVFC_LIC_EXP_ATTEXP_PY,0.0
NI03PAVTNPF2019,RA_LIC_OP,0.0
NI03PAVTNPF2019,RA_LIC_UNWIND,0.0
NI03PAVTNPF2019,RA_LIC_INCLAIM,0.0
NI03PAVTNPF2019,RA_LIC_RELEASE_PY,0.0
NI03PAVTNPF2019,RA_LIC_DEREC,0.0
NI03PAVTNPF2019,RA_LIC_TASSCHG_PY,0.0
NI03PAVTNPF2019,RA_LIC_FASSCHG_PY,0.0
NI03PAVTNPF2019,RA_LIC_CLO,0.0
NI03PAVTNPF2020,PVFC_LIC_UNWIND,0.0
NI03PAVTNPF2020,PVFC_LIC_EXP_CLAIM_CF_CY,0.0
NI03PAVTNPF2020,PVFC_LIC_EXP_ATTEXP_CY,0.0
NI03PAVTNPF2020,PVFC_LIC_EXP_CLAIM_CF_PY,-0.010681710109167852
NI03PAVTNPF2020,PVFC_LIC_EXP_ATTEXP_PY,0.0
NI03PAVTNPF2020,RA_LIC_OP,0.00012846723599234231
NI03PAVTNPF2020,RA_LIC_UNWIND,3.84700088968571e-06
NI03PAVTNPF2020,RA_LIC_INCLAIM,7.83651907591258e-05
NI03PAVTNPF2020,RA_LIC_RELEASE_PY,-1.3420308981525733e-05
NI03PAVTNPF2020,RA_LIC_DEREC,0.0
NI03PAVTNPF2020,RA_LIC_TASSCHG_PY,8.849636633819309e-06
NI03PAVTNPF2020,RA_LIC_FASSCHG_PY,0.0
NI03PAVTNPF2020,RA_LIC_CLO,0.0002061087552934474
NI03PAVTNPF2021,PVFC_LIC_UNWIND,0.0
NI03PAVTNPF2021,PVFC_LIC_EXP_CLAIM_CF_CY,0.0
NI03PAVTNPF2021,PVFC_LIC_EXP_ATTEXP_CY,0.0
NI03PAVTNPF2021,PVFC_LIC_EXP_CLAIM_CF_PY,2058.7918830558074
NI03PAVTNPF2021,PVFC_LIC_EXP_ATTEXP_PY,0.0
NI03PAVTNPF2021,RA_LIC_OP,-142.97462579186802
NI03PAVTNPF2021,RA_LIC_UNWIND,-4.281430267999099
NI03PAVTNPF2021,RA_LIC_INCLAIM,-87.21471850271789
NI03PAVTNPF2021,RA_LIC_RELEASE_PY,14.935821105073519
NI03PAVTNPF2021,RA_LIC_DEREC,0.0
NI03PAVTNPF2021,RA_LIC_TASSCHG_PY,-9.848997499951992
NI03PAVTNPF2021,RA_LIC_FASSCHG_PY,0.0
NI03PAVTNPF2021,RA_LIC_CLO,-229.38395095746344
NI03PAVTNPF2022,PVFC_LIC_UNWIND,0.0
NI03PAVTNPF2022,PVFC_LIC_EXP_CLAIM_CF_CY,0.0
NI03PAVTNPF2022,PVFC_LIC_EXP_ATTEXP_CY,0.0
NI03PAVTNPF2022,PVFC_LIC_EXP_CLAIM_CF_PY,1547.6230438041944
NI03PAVTNPF2022,PVFC_LIC_EXP_ATTEXP_PY,0.0
NI03PAVTNPF2022,RA_LIC_OP,-232.00333522969225
NI03PAVTNPF2022,RA_LIC_UNWIND,-6.947429281438572
NI03PAVTNPF2022,RA_LIC_INCLAIM,-141.52235378608108
NI03PAVTNPF2022,RA_LIC_RELEASE_PY,24.236190803642398
NI03PAVTNPF2022,RA_LIC_DEREC,0.0
NI03PAVTNPF2022,RA_LIC_TASSCHG_PY,-15.98185871095826
NI03PAVTNPF2022,RA_LIC_FASSCHG_PY,0.0
NI03PAVTNPF2022,RA_LIC_CLO,-372.2187862045278
NI03PAVTNPF2023,PVFC_LIC_UNWIND,0.0
NI03PAVTNPF2023,PVFC_LIC_EXP_CLAIM_CF_CY,0.0
NI03PAVTNPF2023,PVFC_LIC_EXP_ATTEXP_CY,0.0
NI03PAVTNPF2023,PVFC_LIC_EXP_CLAIM_CF_PY,-2894.9109280305565
NI03PAVTNPF2023,PVFC_LIC_EXP_ATTEXP_PY,0.0
NI03PAVTNPF2023,RA_LIC_OP,-102.63350660626034
NI03PAVTNPF2023,RA_LIC_UNWIND,-3.0733999075794145
NI03PAVTNPF2023,RA_LIC_INCLAIM,-62.606580279792205
NI03PAVTNPF2023,RA_LIC_RELEASE_PY,10.721592629233331
NI03PAVTNPF2023,RA_LIC_DEREC,0.0
NI03PAVTNPF2023,RA_LIC_TASSCHG_PY,-7.070045781744986
NI03PAVTNPF2023,RA_LIC_FASSCHG_PY,0.0
NI03PAVTNPF2023,RA_LIC_CLO,-164.6619399461436
NI03PAVTNPF2024,PVFC_LIC_UNWIND,0.0
NI03PAVTNPF2024,PVFC_LIC_EXP_CLAIM_CF_CY,0.0
NI03PAVTNPF2024,PVFC_LIC_EXP_ATTEXP_CY,0.0
NI03PAVTNPF2024,PVFC_LIC_EXP_CLAIM_CF_PY,0.0
NI03PAVTNPF2024,PVFC_LIC_EXP_ATTEXP_PY,0.0
NI03PAVTNPF2024,RA_LIC_OP,0.0
NI03PAVTNPF2024,RA_LIC_UNWIND,0.0
NI03PAVTNPF2024,RA_LIC_INCLAIM,0.0
NI03PAVTNPF2024,RA_LIC_RELEASE_PY,0.0
NI03PAVTNPF2024,RA_LIC_DEREC,0.0
NI03PAVTNPF2024,RA_LIC_TASSCHG_PY,0.0
NI03PAVTNPF2024,RA_LIC_FASSCHG_PY,0.0
NI03PAVTNPF2024,RA_LIC_CLO,0.0
NI03PAVTNPF2012,RA_LIC_RELEASE_CY,0.0
NI03PAVTNPF2013,RA_LIC_RELEASE_CY,0.0
NI03PAVTNPF2014,RA_LIC_RELEASE_CY,0.0
NI03PAVTNPF2015,RA_LIC_RELEASE_CY,0.0
NI03PAVTNPF2016,RA_LIC_RELEASE_CY,0.0
NI03PAVTNPF2017,RA_LIC_RELEASE_CY,0.0
NI03PAVTNPF2018,RA_LIC_RELEASE_CY,0.0
NI03PAVTNPF2019,RA_LIC_RELEASE_CY,0.0
NI03PAVTNPF2020,RA_LIC_RELEASE_CY,0.0
NI03PAVTNPF2021,RA_LIC_RELEASE_CY,0.0
NI03PAVTNPF2022,RA_LIC_RELEASE_CY,0.0
NI03PAVTNPF2023,RA_LIC_RELEASE_CY,0.0
NI03PAVTNPF2024,RA_LIC_RELEASE_CY,0.0
NI03PAVTNPF2012,RA_LIC_FEXPVAR_CY,0.0
NI03PAVTNPF2013,RA_LIC_FEXPVAR_CY,0.0
NI03PAVTNPF2014,RA_LIC_FEXPVAR_CY,0.0
NI03PAVTNPF2015,RA_LIC_FEXPVAR_CY,0.0
NI03PAVTNPF2016,RA_LIC_FEXPVAR_CY,0.0
NI03PAVTNPF2017,RA_LIC_FEXPVAR_CY,0.0
NI03PAVTNPF2018,RA_LIC_FEXPVAR_CY,0.0
NI03PAVTNPF2019,RA_LIC_FEXPVAR_CY,0.0
NI03PAVTNPF2020,RA_LIC_FEXPVAR_CY,0.0
NI03PAVTNPF2021,RA_LIC_FEXPVAR_CY,0.0
NI03PAVTNPF2022,RA_LIC_FEXPVAR_CY,0.0
NI03PAVTNPF2023,RA_LIC_FEXPVAR_CY,0.0
NI03PAVTNPF2024,RA_LIC_FEXPVAR_CY,0.0
NI03PAVTNPF2012,DA_LIC_OP,0.0
NI03PAVTNPF2013,DA_LIC_OP,0.0
NI03PAVTNPF2014,DA_LIC_OP,0.0
NI03PAVTNPF2015,DA_LIC_OP,0.0
NI03PAVTNPF2016,DA_LIC_OP,0.0
NI03PAVTNPF2017,DA_LIC_OP,0.0
NI03PAVTNPF2018,DA_LIC_OP,0.0
NI03PAVTNPF2019,DA_LIC_OP,-8.882548065049263e-07
NI03PAVTNPF2020,DA_LIC_OP,0.9885625512752532
NI03PAVTNPF2021,DA_LIC_OP,1.6041294579983936
NI03PAVTNPF2022,DA_LIC_OP,0.7096338988479521
NI03PAVTNPF2023,DA_LIC_OP,0.0
NI03PAVTNPF2024,DA_LIC_OP,0.0
NI03PAVTNPF2012,DA_LIC_INCLAIM_INCEXP,0.0
NI03PAVTNPF2013,DA_LIC_INCLAIM_INCEXP,0.0
NI03PAVTNPF2014,DA_LIC_INCLAIM_INCEXP,0.0
NI03PAVTNPF2015,DA_LIC_INCLAIM_INCEXP,0.0
NI03PAVTNPF2016,DA_LIC_INCLAIM_INCEXP,0.0
NI03PAVTNPF2017,DA_LIC_INCLAIM_INCEXP,0.0
NI03PAVTNPF2018,DA_LIC_INCLAIM_INCEXP,0.0
NI03PAVTNPF2019,DA_LIC_INCLAIM_INCEXP,-4.7411397628660437e-07
NI03PAVTNPF2020,DA_LIC_INCLAIM_INCEXP,0.5276541354584172
NI03PAVTNPF2021,DA_LIC_INCLAIM_INCEXP,0.8562184974856943
NI03PAVTNPF2022,DA_LIC_INCLAIM_INCEXP,0.37877346345516527
NI03PAVTNPF2023,DA_LIC_INCLAIM_INCEXP,0.0
NI03PAVTNPF2024,DA_LIC_INCLAIM_INCEXP,0.0
NI03PAVTNPF2012,DA_LIC_CHG,0.0
NI03PAVTNPF2013,DA_LIC_CHG,0.0
NI03PAVTNPF2014,DA_LIC_CHG,0.0
NI03PAVTNPF2015,DA_LIC_CHG,0.0
NI03PAVTNPF2016,DA_LIC_CHG,0.0
NI03PAVTNPF2017,DA_LIC_CHG,0.0
NI03PAVTNPF2018,DA_LIC_CHG,0.0
NI03PAVTNPF2019,DA_LIC_CHG,1.1539878791176362e-07
NI03PAVTNPF2020,DA_LIC_CHG,-0.12843040010219434
NI03PAVTNPF2021,DA_LIC_CHG,-0.20840258195162648
NI03PAVTNPF2022,DA_LIC_CHG,-0.09219301847672985
NI03PAVTNPF2023,DA_LIC_CHG,0.0
NI03PAVTNPF2024,DA_LIC_CHG,0.0
NI03PAVTNPF2012,DA_LIC_CLO,0.0
NI03PAVTNPF2013,DA_LIC_CLO,0.0
NI03PAVTNPF2014,DA_LIC_CLO,0.0
NI03PAVTNPF2015,DA_LIC_CLO,0.0
NI03PAVTNPF2016,DA_LIC_CLO,0.0
NI03PAVTNPF2017,DA_LIC_CLO,0.0
NI03PAVTNPF2018,DA_LIC_CLO,0.0
NI03PAVTNPF2019,DA_LIC_CLO,-1.246969994879767e-06
NI03PAVTNPF2020,DA_LIC_CLO,1.3877862866314759
NI03PAVTNPF2021,DA_LIC_CLO,2.251945373532462
NI03PAVTNPF2022,DA_LIC_CLO,0.9962143438263876
NI03PAVTNPF2023,DA_LIC_CLO,0.0
NI03PAVTNPF2024,DA_LIC_CLO,0.0
NI03PENGYPF2012,PVFC_LIC_UNWIND,0.0
NI03PENGYPF2012,PVFC_LIC_EXP_CLAIM_CF_CY,0.0
NI03PENGYPF2012,PVFC_LIC_EXP_ATTEXP_CY,0.0
NI03PENGYPF2012,PVFC_LIC_EXP_CLAIM_CF_PY,1489.8200816542062
NI03PENGYPF2012,PVFC_LIC_EXP_ATTEXP_PY,0.0
NI03PENGYPF2012,RA_LIC_OP,-7961.271690666295
NI03PENGYPF2012,RA_LIC_UNWIND,-129.74417571638526
NI03PENGYPF2012,RA_LIC_INCLAIM,-8.797949239437472
NI03PENGYPF2012,RA_LIC_RELEASE_PY,6055.266109903465
NI03PENGYPF2012,RA_LIC_DEREC,0.0
NI03PENGYPF2012,RA_LIC_TASSCHG_PY,2028.2055796785282
NI03PENGYPF2012,RA_LIC_FASSCHG_PY,0.0
NI03PENGYPF2012,RA_LIC_CLO,-16.342126040125255
NI03PENGYPF2013,PVFC_LIC_UNWIND,0.0
NI03PENGYPF2013,PVFC_LIC_EXP_CLAIM_CF_CY,0.0
NI03PENGYPF2013,PVFC_LIC_EXP_ATTEXP_CY,0.0
NI03PENGYPF2013,PVFC_LIC_EXP_CLAIM_CF_PY,24.481504986309787
NI03PENGYPF2013,PVFC_LIC_EXP_ATTEXP_PY,0.0
NI03PENGYPF2013,RA_LIC_OP,-130.82379207562053
NI03PENGYPF2013,RA_LIC_UNWIND,-2.132024345663626
NI03PENGYPF2013,RA_LIC_INCLAIM,-0.14457251639099677
NI03PENGYPF2013,RA_LIC_RELEASE_PY,99.50330868035779
NI03PENGYPF2013,RA_LIC_DEREC,0.0
NI03PENGYPF2013,RA_LIC_TASSCHG_PY,33.32853787084743
NI03PENGYPF2013,RA_LIC_FASSCHG_PY,0.0
NI03PENGYPF2013,RA_LIC_CLO,-0.2685423864699185
NI03PENGYPF2014,PVFC_LIC_UNWIND,0.0
NI03PENGYPF2014,PVFC_LIC_EXP_CLAIM_CF_CY,0.0
NI03PENGYPF2014,PVFC_LIC_EXP_ATTEXP_CY,0.0
NI03PENGYPF2014,PVFC_LIC_EXP_CLAIM_CF_PY,51.02463159722927
NI03PENGYPF2014,PVFC_LIC_EXP_ATTEXP_PY,0.0
NI03PENGYPF2014,RA_LIC_OP,-272.6644378498746
NI03PENGYPF2014,RA_LIC_UNWIND,-4.443589430251286
NI03PENGYPF2014,RA_LIC_INCLAIM,-0.30131968569988377
NI03PENGYPF2014,RA_LIC_RELEASE_PY,207.3859295398629
NI03PENGYPF2014,RA_LIC_DEREC,0.0
NI03PENGYPF2014,RA_LIC_TASSCHG_PY,69.46371832472177
NI03PENGYPF2014,RA_LIC_FASSCHG_PY,0.0
NI03PENGYPF2014,RA_LIC_CLO,-0.5596991012411517
NI03PENGYPF2015,PVFC_LIC_UNWIND,0.0
NI03PENGYPF2015,PVFC_LIC_EXP_CLAIM_CF_CY,0.0
NI03PENGYPF2015,PVFC_LIC_EXP_ATTEXP_CY,0.0
NI03PENGYPF2015,PVFC_LIC_EXP_CLAIM_CF_PY,3.517370956292264
NI03PENGYPF2015,PVFC_LIC_EXP_ATTEXP_PY,0.0
NI03PENGYPF2015,RA_LIC_OP,-18.796058775640162
NI03PENGYPF2015,RA_LIC_UNWIND,-0.30631779033759665
NI03PENGYPF2015,RA_LIC_INCLAIM,-0.020771401534184483
NI03PENGYPF2015,RA_LIC_RELEASE_PY,14.296100186773307
NI03PENGYPF2015,RA_LIC_DEREC,0.0
NI03PENGYPF2015,RA_LIC_TASSCHG_PY,4.788465055075693
NI03PENGYPF2015,RA_LIC_FASSCHG_PY,0.0
NI03PENGYPF2015,RA_LIC_CLO,-0.038582725662940714
NI03PENGYPF2016,PVFC_LIC_UNWIND,0.0
NI03PENGYPF2016,PVFC_LIC_EXP_CLAIM_CF_CY,0.0
NI03PENGYPF2016,PVFC_LIC_EXP_ATTEXP_CY,0.0
NI03PENGYPF2016,PVFC_LIC_EXP_CLAIM_CF_PY,7.684124328321332
NI03PENGYPF2016,PVFC_LIC_EXP_ATTEXP_PY,0.0
NI03PENGYPF2016,RA_LIC_OP,-41.062274724273514
NI03PENGYPF2016,RA_LIC_UNWIND,-0.669188440508397
NI03PENGYPF2016,RA_LIC_INCLAIM,-0.04537765104832891
NI03PENGYPF2016,RA_LIC_RELEASE_PY,31.231568296424964
NI03PENGYPF2016,RA_LIC_DEREC,0.0
NI03PENGYPF2016,RA_LIC_TASSCHG_PY,10.460983866145892
NI03PENGYPF2016,RA_LIC_FASSCHG_PY,0.0
NI03PENGYPF2016,RA_LIC_CLO,-0.08428865325938475
NI03PENGYPF2017,PVFC_LIC_UNWIND,0.0
NI03PENGYPF2017,PVFC_LIC_EXP_CLAIM_CF_CY,0.0
NI03PENGYPF2017,PVFC_LIC_EXP_ATTEXP_CY,0.0
NI03PENGYPF2017,PVFC_LIC_EXP_CLAIM_CF_PY,11.582018803071659
NI03PENGYPF2017,PVFC_LIC_EXP_ATTEXP_PY,0.0
NI03PENGYPF2017,RA_LIC_OP,-61.891767706122906
NI03PENGYPF2017,RA_LIC_UNWIND,-1.0086449372247026
NI03PENGYPF2017,RA_LIC_INCLAIM,-0.06839618741512295
NI03PENGYPF2017,RA_LIC_RELEASE_PY,47.074278838176205
NI03PENGYPF2017,RA_LIC_DEREC,0.0
NI03PENGYPF2017,RA_LIC_TASSCHG_PY,15.767484577230903
NI03PENGYPF2017,RA_LIC_FASSCHG_PY,0.0
NI03PENGYPF2017,RA_LIC_CLO,-0.12704541535561695
NI03PENGYPF2018,PVFC_LIC_UNWIND,0.0
NI03PENGYPF2018,PVFC_LIC_EXP_CLAIM_CF_CY,0.0
NI03PENGYPF2018,PVFC_LIC_EXP_ATTEXP_CY,0.0
NI03PENGYPF2018,PVFC_LIC_EXP_CLAIM_CF_PY,23.618056910575728
NI03PENGYPF2018,PVFC_LIC_EXP_ATTEXP_PY,0.0
NI03PENGYPF2018,RA_LIC_OP,-126.20971497574068
NI03PENGYPF2018,RA_LIC_UNWIND,-2.056829118911396
NI03PENGYPF2018,RA_LIC_INCLAIM,-0.13947352998670332
NI03PENGYPF2018,RA_LIC_RELEASE_PY,95.99388634471009
NI03PENGYPF2018,RA_LIC_DEREC,0.0
NI03PENGYPF2018,RA_LIC_TASSCHG_PY,32.153060223223015
NI03PENGYPF2018,RA_LIC_FASSCHG_PY,0.0
NI03PENGYPF2018,RA_LIC_CLO,-0.2590710567056681
NI03PENGYPF2019,PVFC_LIC_UNWIND,0.0
NI03PENGYPF2019,PVFC_LIC_EXP_CLAIM_CF_CY,0.0
NI03PENGYPF2019,PVFC_LIC_EXP_ATTEXP_CY,0.0
NI03PENGYPF2019,PVFC_LIC_EXP_CLAIM_CF_PY,116.89835893378608
NI03PENGYPF2019,PVFC_LIC_EXP_ATTEXP_PY,0.0
NI03PENGYPF2019,RA_LIC_OP,-624.6791858460858
NI03PENGYPF2019,RA_LIC_UNWIND,-10.18034419674477
NI03PENGYPF2019,RA_LIC_INCLAIM,-0.6903288798007379
NI03PENGYPF2019,RA_LIC_RELEASE_PY,475.1249361393567
NI03PENGYPF2019,RA_LIC_DEREC,0.0
NI03PENGYPF2019,RA_LIC_TASSCHG_PY,159.14264196352724
NI03PENGYPF2019,RA_LIC_FASSCHG_PY,0.0
NI03PENGYPF2019,RA_LIC_CLO,-1.2822808197474271
NI03PENGYPF2020,PVFC_LIC_UNWIND,0.0
NI03PENGYPF2020,PVFC_LIC_EXP_CLAIM_CF_CY,0.0
NI03PENGYPF2020,PVFC_LIC_EXP_ATTEXP_CY,0.0
NI03PENGYPF2020,PVFC_LIC_EXP_CLAIM_CF_PY,85.64192452292743
NI03PENGYPF2020,PVFC_LIC_EXP_ATTEXP_PY,0.0
NI03PENGYPF2020,RA_LIC_OP,-457.65165715950855
NI03PENGYPF2020,RA_LIC_UNWIND,-7.458310597917647
NI03PENGYPF2020,RA_LIC_INCLAIM,-0.505747851031676
NI03PENGYPF2020,RA_LIC_RELEASE_PY,348.0854161764203
NI03PENGYPF2020,RA_LIC_DEREC,0.0
NI03PENGYPF2020,RA_LIC_TASSCHG_PY,116.59087651640691
NI03PENGYPF2020,RA_LIC_FASSCHG_PY,0.0
NI03PENGYPF2020,RA_LIC_CLO,-0.939422915630574
NI03PENGYPF2021,PVFC_LIC_UNWIND,0.0
NI03PENGYPF2021,PVFC_LIC_EXP_CLAIM_CF_CY,0.0
NI03PENGYPF2021,PVFC_LIC_EXP_ATTEXP_CY,0.0
NI03PENGYPF2021,PVFC_LIC_EXP_CLAIM_CF_PY,81.32820298620925
NI03PENGYPF2021,PVFC_LIC_EXP_ATTEXP_PY,0.0
NI03PENGYPF2021,RA_LIC_OP,-434.60007557956385
NI03PENGYPF2021,RA_LIC_UNWIND,-7.082640910051659
NI03PENGYPF2021,RA_LIC_INCLAIM,-0.4802736990985278
NI03PENGYPF2021,RA_LIC_RELEASE_PY,330.55260657712483
NI03PENGYPF2021,RA_LIC_DEREC,0.0
NI03PENGYPF2021,RA_LIC_TASSCHG_PY,110.71827874591858
NI03PENGYPF2021,RA_LIC_FASSCHG_PY,0.0
NI03PENGYPF2021,RA_LIC_CLO,-0.8921048656706236
NI03PENGYPF2022,PVFC_LIC_UNWIND,0.0
NI03PENGYPF2022,PVFC_LIC_EXP_CLAIM_CF_CY,0.0
NI03PENGYPF2022,PVFC_LIC_EXP_ATTEXP_CY,0.0
NI03PENGYPF2022,PVFC_LIC_EXP_CLAIM_CF_PY,3217.9357492629456
NI03PENGYPF2022,PVFC_LIC_EXP_ATTEXP_PY,0.0
NI03PENGYPF2022,RA_LIC_OP,-22489.45019843656
NI03PENGYPF2022,RA_LIC_UNWIND,-366.50867998032675
NI03PENGYPF2022,RA_LIC_INCLAIM,-24.85294422255076
NI03PENGYPF2022,RA_LIC_RELEASE_PY,17105.257917100113
NI03PENGYPF2022,RA_LIC_DEREC,0.0
NI03PENGYPF2022,RA_LIC_TASSCHG_PY,5729.3897443354235
NI03PENGYPF2022,RA_LIC_FASSCHG_PY,0.0
NI03PENGYPF2022,RA_LIC_CLO,-46.164161203900726
NI03PENGYPF2023,PVFC_LIC_UNWIND,0.0
NI03PENGYPF2023,PVFC_LIC_EXP_CLAIM_CF_CY,0.0
NI03PENGYPF2023,PVFC_LIC_EXP_ATTEXP_CY,0.0
NI03PENGYPF2023,PVFC_LIC_EXP_CLAIM_CF_PY,680.3394597487825
NI03PENGYPF2023,PVFC_LIC_EXP_ATTEXP_PY,0.0
NI03PENGYPF2023,RA_LIC_OP,-8503.907689630201
NI03PENGYPF2023,RA_LIC_UNWIND,-138.58746899102
NI03PENGYPF2023,RA_LIC_INCLAIM,-9.39761273038113
NI03PENGYPF2023,RA_LIC_RELEASE_PY,6467.989793029616
NI03PENGYPF2023,RA_LIC_DEREC,0.0
NI03PENGYPF2023,RA_LIC_TASSCHG_PY,2166.4469817554514
NI03PENGYPF2023,RA_LIC_FASSCHG_PY,0.0
NI03PENGYPF2023,RA_LIC_CLO,-17.455996566535493
NI03PENGYPF2024,PVFC_LIC_UNWIND,0.0
NI03PENGYPF2024,PVFC_LIC_EXP_CLAIM_CF_CY,0.0
NI03PENGYPF2024,PVFC_LIC_EXP_ATTEXP_CY,0.0
NI03PENGYPF2024,PVFC_LIC_EXP_CLAIM_CF_PY,0.0
NI03PENGYPF2024,PVFC_LIC_EXP_ATTEXP_PY,0.0
NI03PENGYPF2024,RA_LIC_OP,0.0
NI03PENGYPF2024,RA_LIC_UNWIND,0.0
NI03PENGYPF2024,RA_LIC_INCLAIM,0.0
NI03PENGYPF2024,RA_LIC_RELEASE_PY,0.0
NI03PENGYPF2024,RA_LIC_DEREC,0.0
NI03PENGYPF2024,RA_LIC_TASSCHG_PY,0.0
NI03PENGYPF2024,RA_LIC_FASSCHG_PY,0.0
NI03PENGYPF2024,RA_LIC_CLO,0.0
NI03PENGYPF2012,RA_LIC_RELEASE_CY,0.0
NI03PENGYPF2013,RA_LIC_RELEASE_CY,0.0
NI03PENGYPF2014,RA_LIC_RELEASE_CY,0.0
NI03PENGYPF2015,RA_LIC_RELEASE_CY,0.0
NI03PENGYPF2016,RA_LIC_RELEASE_CY,0.0
NI03PENGYPF2017,RA_LIC_RELEASE_CY,0.0
NI03PENGYPF2018,RA_LIC_RELEASE_CY,0.0
NI03PENGYPF2019,RA_LIC_RELEASE_CY,0.0
NI03PENGYPF2020,RA_LIC_RELEASE_CY,0.0
NI03PENGYPF2021,RA_LIC_RELEASE_CY,0.0
NI03PENGYPF2022,RA_LIC_RELEASE_CY,0.0
NI03PENGYPF2023,RA_LIC_RELEASE_CY,0.0
NI03PENGYPF2024,RA_LIC_RELEASE_CY,0.0
NI03PENGYPF2012,RA_LIC_FEXPVAR_CY,0.0
NI03PENGYPF2013,RA_LIC_FEXPVAR_CY,0.0
NI03PENGYPF2014,RA_LIC_FEXPVAR_CY,0.0
NI03PENGYPF2015,RA_LIC_FEXPVAR_CY,0.0
NI03PENGYPF2016,RA_LIC_FEXPVAR_CY,0.0
NI03PENGYPF2017,RA_LIC_FEXPVAR_CY,0.0
NI03PENGYPF2018,RA_LIC_FEXPVAR_CY,0.0
NI03PENGYPF2019,RA_LIC_FEXPVAR_CY,0.0
NI03PENGYPF2020,RA_LIC_FEXPVAR_CY,0.0
NI03PENGYPF2021,RA_LIC_FEXPVAR_CY,0.0
NI03PENGYPF2022,RA_LIC_FEXPVAR_CY,0.0
NI03PENGYPF2023,RA_LIC_FEXPVAR_CY,0.0
NI03PENGYPF2024,RA_LIC_FEXPVAR_CY,0.0
NI03PENGYPF2012,DA_LIC_OP,0.29394493637668867
NI03PENGYPF2013,DA_LIC_OP,0.6126433851545793
NI03PENGYPF2014,DA_LIC_OP,0.04223242739932512
NI03PENGYPF2015,DA_LIC_OP,0.09226187025928585
NI03PENGYPF2016,DA_LIC_OP,0.13906317369321522
NI03PENGYPF2017,DA_LIC_OP,0.2835776738318349
NI03PENGYPF2018,DA_LIC_OP,1.4035771370488186
NI03PENGYPF2019,DA_LIC_OP,1.0282868667243517
NI03PENGYPF2020,DA_LIC_OP,0.9764928040894586
NI03PENGYPF2021,DA_LIC_OP,50.53102270499054
NI03PENGYPF2022,DA_LIC_OP,19.10723244695952
NI03PENGYPF2023,DA_LIC_OP,0.0
NI03PENGYPF2024,DA_LIC_OP,0.0
NI03PENGYPF2012,DA_LIC_INCLAIM_INCEXP,0.10879481784249899
NI03PENGYPF2013,DA_LIC_INCLAIM_INCEXP,0.22675139878881848
NI03PENGYPF2014,DA_LIC_INCLAIM_INCEXP,0.01563105424639157
NI03PENGYPF2015,DA_LIC_INCLAIM_INCEXP,0.03414793767974332
NI03PENGYPF2016,DA_LIC_INCLAIM_INCEXP,0.0514700230493679
NI03PENGYPF2017,DA_LIC_INCLAIM_INCEXP,0.10495768952181472
NI03PENGYPF2018,DA_LIC_INCLAIM_INCEXP,0.5194915783731545
NI03PENGYPF2019,DA_LIC_INCLAIM_INCEXP,0.38058924822486556
NI03PENGYPF2020,DA_LIC_INCLAIM_INCEXP,0.36141924421273647
NI03PENGYPF2021,DA_LIC_INCLAIM_INCEXP,18.702528025655788
NI03PENGYPF2022,DA_LIC_INCLAIM_INCEXP,7.071963542441566
NI03PENGYPF2023,DA_LIC_INCLAIM_INCEXP,0.0
NI03PENGYPF2024,DA_LIC_INCLAIM_INCEXP,0.0
NI03PENGYPF2012,DA_LIC_CHG,-0.20065417980772796
NI03PENGYPF2013,DA_LIC_CHG,-0.4182057275015914
NI03PENGYPF2014,DA_LIC_CHG,-0.028828913284090298
NI03PENGYPF2015,DA_LIC_CHG,-0.06298026471420505
NI03PENGYPF2016,DA_LIC_CHG,-0.09492800727519049
NI03PENGYPF2017,DA_LIC_CHG,-0.1935772265918263
NI03PENGYPF2018,DA_LIC_CHG,-0.958116927282251
NI03PENGYPF2019,DA_LIC_CHG,-0.7019343840140948
NI03PENGYPF2020,DA_LIC_CHG,-0.6665784589043784
NI03PENGYPF2021,DA_LIC_CHG,-34.49374240188357
NI03PENGYPF2022,DA_LIC_CHG,-13.043075694037784
NI03PENGYPF2023,DA_LIC_CHG,0.0
NI03PENGYPF2024,DA_LIC_CHG,0.0
NI03PENGYPF2012,DA_LIC_CLO,0.2020855744114597
NI03PENGYPF2013,DA_LIC_CLO,0.4211890564418064
NI03PENGYPF2014,DA_LIC_CLO,0.029034568361626385
NI03PENGYPF2015,DA_LIC_CLO,0.06342954322482412
NI03PENGYPF2016,DA_LIC_CLO,0.09560518946739262
NI03PENGYPF2017,DA_LIC_CLO,0.19495813676182333
NI03PENGYPF2018,DA_LIC_CLO,0.9649517881397223
NI03PENGYPF2019,DA_LIC_CLO,0.7069417309351224
NI03PENGYPF2020,DA_LIC_CLO,0.6713335893978165
NI03PENGYPF2021,DA_LIC_CLO,34.73980832876275
NI03PENGYPF2022,DA_LIC_CLO,13.136120295363307
NI03PENGYPF2023,DA_LIC_CLO,0.0
NI03PENGYPF2024,DA_LIC_CLO,0.0
NI03PENGYST2012,PVFC_LIC_UNWIND,0.0
NI03PENGYST2012,PVFC_LIC_EXP_CLAIM_CF_CY,0.0
NI03PENGYST2012,PVFC_LIC_EXP_ATTEXP_CY,0.0
NI03PENGYST2012,PVFC_LIC_EXP_CLAIM_CF_PY,522.3458662828309
NI03PENGYST2012,PVFC_LIC_EXP_ATTEXP_PY,0.0
NI03PENGYST2012,RA_LIC_OP,-13.646325342852327
NI03PENGYST2012,RA_LIC_UNWIND,-0.24078633397478685
NI03PENGYST2012,RA_LIC_INCLAIM,-7.282198729247576
NI03PENGYST2012,RA_LIC_RELEASE_PY,9.698738616902167
NI03PENGYST2012,RA_LIC_DEREC,0.0
NI03PENGYST2012,RA_LIC_TASSCHG_PY,2.667496790309524
NI03PENGYST2012,RA_LIC_FASSCHG_PY,0.0
NI03PENGYST2012,RA_LIC_CLO,-8.803074998862998
NI03PENGYST2013,PVFC_LIC_UNWIND,0.0
NI03PENGYST2013,PVFC_LIC_EXP_CLAIM_CF_CY,0.0
NI03PENGYST2013,PVFC_LIC_EXP_ATTEXP_CY,0.0
NI03PENGYST2013,PVFC_LIC_EXP_CLAIM_CF_PY,8.583461243039906
NI03PENGYST2013,PVFC_LIC_EXP_ATTEXP_PY,0.0
NI03PENGYST2013,RA_LIC_OP,-0.22424357547583845
NI03PENGYST2013,RA_LIC_UNWIND,-0.003956727331325642
NI03PENGYST2013,RA_LIC_INCLAIM,-0.11966490900258431
NI03PENGYST2013,RA_LIC_RELEASE_PY,0.15937475990185804
NI03PENGYST2013,RA_LIC_DEREC,0.0
NI03PENGYST2013,RA_LIC_TASSCHG_PY,0.043833706349573405
NI03PENGYST2013,RA_LIC_FASSCHG_PY,0.0
NI03PENGYST2013,RA_LIC_CLO,-0.14465674555831695
NI03PENGYST2014,PVFC_LIC_UNWIND,0.0
NI03PENGYST2014,PVFC_LIC_EXP_CLAIM_CF_CY,0.0
NI03PENGYST2014,PVFC_LIC_EXP_ATTEXP_CY,0.0
NI03PENGYST2014,PVFC_LIC_EXP_CLAIM_CF_PY,17.889747709551408
NI03PENGYST2014,PVFC_LIC_EXP_ATTEXP_PY,0.0
NI03PENGYST2014,RA_LIC_OP,-0.4673710146945029
NI03PENGYST2014,RA_LIC_UNWIND,-0.008246656180838457
NI03PENGYST2014,RA_LIC_INCLAIM,-0.24940696662183415
NI03PENGYST2014,RA_LIC_RELEASE_PY,0.33217069025930657
NI03PENGYST2014,RA_LIC_DEREC,0.0
NI03PENGYST2014,RA_LIC_TASSCHG_PY,0.0913587101478783
NI03PENGYST2014,RA_LIC_FASSCHG_PY,0.0
NI03PENGYST2014,RA_LIC_CLO,-0.3014952370899906
NI03PENGYST2015,PVFC_LIC_UNWIND,0.0
NI03PENGYST2015,PVFC_LIC_EXP_CLAIM_CF_CY,0.0
NI03PENGYST2015,PVFC_LIC_EXP_ATTEXP_CY,0.0
NI03PENGYST2015,PVFC_LIC_EXP_CLAIM_CF_PY,1.233225543021645
NI03PENGYST2015,PVFC_LIC_EXP_ATTEXP_PY,0.0
NI03PENGYST2015,RA_LIC_OP,-0.03221811077198556
NI03PENGYST2015,RA_LIC_UNWIND,-0.0005684813006780108
NI03PENGYST2015,RA_LIC_INCLAIM,-0.017192810476660627
NI03PENGYST2015,RA_LIC_RELEASE_PY,0.02289810826410908
NI03PENGYST2015,RA_LIC_DEREC,0.0
NI03PENGYST2015,RA_LIC_TASSCHG_PY,0.0062977911573186066
NI03PENGYST2015,RA_LIC_FASSCHG_PY,0.0
NI03PENGYST2015,RA_LIC_CLO,-0.020783503127896508
NI03PENGYST2016,PVFC_LIC_UNWIND,0.0
NI03PENGYST2016,PVFC_LIC_EXP_CLAIM_CF_CY,0.0
NI03PENGYST2016,PVFC_LIC_EXP_ATTEXP_CY,0.0
NI03PENGYST2016,PVFC_LIC_EXP_CLAIM_CF_PY,2.6941310755090058
NI03PENGYST2016,PVFC_LIC_EXP_ATTEXP_PY,0.0
NI03PENGYST2016,RA_LIC_OP,-0.07038437852359221
NI03PENGYST2016,RA_LIC_UNWIND,-0.001241916490190255
NI03PENGYST2016,RA_LIC_INCLAIM,-0.03755978396864535
NI03PENGYST2016,RA_LIC_RELEASE_PY,0.0500237003634811
NI03PENGYST2016,RA_LIC_DEREC,0.0
NI03PENGYST2016,RA_LIC_TASSCHG_PY,0.013758290168419042
NI03PENGYST2016,RA_LIC_FASSCHG_PY,0.0
NI03PENGYST2016,RA_LIC_CLO,-0.045404088450527666
NI03PENGYST2017,PVFC_LIC_UNWIND,0.0
NI03PENGYST2017,PVFC_LIC_EXP_CLAIM_CF_CY,0.0
NI03PENGYST2017,PVFC_LIC_EXP_ATTEXP_CY,0.0
NI03PENGYST2017,PVFC_LIC_EXP_CLAIM_CF_PY,4.0607719814577425
NI03PENGYST2017,PVFC_LIC_EXP_ATTEXP_PY,0.0
NI03PENGYST2017,RA_LIC_OP,-0.10608797576299109
NI03PENGYST2017,RA_LIC_UNWIND,-0.0018718984137481658
NI03PENGYST2017,RA_LIC_INCLAIM,-0.056612582719519404
NI03PENGYST2017,RA_LIC_RELEASE_PY,0.07539901925762237
NI03PENGYST2017,RA_LIC_DEREC,0.0
NI03PENGYST2017,RA_LIC_TASSCHG_PY,0.02073740202789738
NI03PENGYST2017,RA_LIC_FASSCHG_PY,0.0
NI03PENGYST2017,RA_LIC_CLO,-0.0684360356107389
NI03PENGYST2018,PVFC_LIC_UNWIND,0.0
NI03PENGYST2018,PVFC_LIC_EXP_CLAIM_CF_CY,0.0
NI03PENGYST2018,PVFC_LIC_EXP_ATTEXP_CY,0.0
NI03PENGYST2018,PVFC_LIC_EXP_CLAIM_CF_PY,8.280727685704065
NI03PENGYST2018,PVFC_LIC_EXP_ATTEXP_PY,0.0
NI03PENGYST2018,RA_LIC_OP,-0.21633463834764247
NI03PENGYST2018,RA_LIC_UNWIND,-0.0038171759188472014
NI03PENGYST2018,RA_LIC_INCLAIM,-0.11544439905154356
NI03PENGYST2018,RA_LIC_RELEASE_PY,0.15375370719963274
NI03PENGYST2018,RA_LIC_DEREC,0.0
NI03PENGYST2018,RA_LIC_TASSCHG_PY,0.042287717676859196
NI03PENGYST2018,RA_LIC_FASSCHG_PY,0.0
NI03PENGYST2018,RA_LIC_CLO,-0.1395547884415413
NI03PENGYST2019,PVFC_LIC_UNWIND,0.0
NI03PENGYST2019,PVFC_LIC_EXP_CLAIM_CF_CY,0.0
NI03PENGYST2019,PVFC_LIC_EXP_ATTEXP_CY,0.0
NI03PENGYST2019,PVFC_LIC_EXP_CLAIM_CF_PY,40.98573734924483
NI03PENGYST2019,PVFC_LIC_EXP_ATTEXP_PY,0.0
NI03PENGYST2019,RA_LIC_OP,-1.0707554943713216
NI03PENGYST2019,RA_LIC_UNWIND,-0.01889323928570073
NI03PENGYST2019,RA_LIC_INCLAIM,-0.571395896297449
NI03PENGYST2019,RA_LIC_RELEASE_PY,0.7610090923091433
NI03PENGYST2019,RA_LIC_DEREC,0.0
NI03PENGYST2019,RA_LIC_TASSCHG_PY,0.2093044664172416
NI03PENGYST2019,RA_LIC_FASSCHG_PY,0.0
NI03PENGYST2019,RA_LIC_CLO,-0.6907310712280864
NI03PENGYST2020,PVFC_LIC_UNWIND,0.0
NI03PENGYST2020,PVFC_LIC_EXP_CLAIM_CF_CY,0.0
NI03PENGYST2020,PVFC_LIC_EXP_ATTEXP_CY,0.0
NI03PENGYST2020,PVFC_LIC_EXP_CLAIM_CF_PY,30.026917884867427
NI03PENGYST2020,PVFC_LIC_EXP_ATTEXP_PY,0.0
NI03PENGYST2020,RA_LIC_OP,-0.7844555053454639
NI03PENGYST2020,RA_LIC_UNWIND,-0.013841540528520952
NI03PENGYST2020,RA_LIC_INCLAIM,-0.41861532248827166
NI03PENGYST2020,RA_LIC_RELEASE_PY,0.5575294969001009
NI03PENGYST2020,RA_LIC_DEREC,0.0
NI03PENGYST2020,RA_LIC_TASSCHG_PY,0.15334036746717955
NI03PENGYST2020,RA_LIC_FASSCHG_PY,0.0
NI03PENGYST2020,RA_LIC_CLO,-0.5060425039949761
NI03PENGYST2021,PVFC_LIC_UNWIND,0.0
NI03PENGYST2021,PVFC_LIC_EXP_CLAIM_CF_CY,0.0
NI03PENGYST2021,PVFC_LIC_EXP_ATTEXP_CY,0.0
NI03PENGYST2021,PVFC_LIC_EXP_CLAIM_CF_PY,28.51448383947713
NI03PENGYST2021,PVFC_LIC_EXP_ATTEXP_PY,0.0
NI03PENGYST2021,RA_LIC_OP,-0.7449430512891567
NI03PENGYST2021,RA_LIC_UNWIND,-0.013144352185173366
NI03PENGYST2021,RA_LIC_INCLAIM,-0.39752997273373114
NI03PENGYST2021,RA_LIC_RELEASE_PY,0.5294471410734313
NI03PENGYST2021,RA_LIC_DEREC,0.0
NI03PENGYST2021,RA_LIC_TASSCHG_PY,0.14561672452855812
NI03PENGYST2021,RA_LIC_FASSCHG_PY,0.0
NI03PENGYST2021,RA_LIC_CLO,-0.4805535106060719
NI03PENGYST2022,PVFC_LIC_UNWIND,0.0
NI03PENGYST2022,PVFC_LIC_EXP_CLAIM_CF_CY,0.0
NI03PENGYST2022,PVFC_LIC_EXP_ATTEXP_CY,0.0
NI03PENGYST2022,PVFC_LIC_EXP_CLAIM_CF_PY,1502.6239922108068
NI03PENGYST2022,PVFC_LIC_EXP_ATTEXP_PY,0.0
NI03PENGYST2022,RA_LIC_OP,-51.32358203817944
NI03PENGYST2022,RA_LIC_UNWIND,-0.9055930336513874
NI03PENGYST2022,RA_LIC_INCLAIM,-27.38821730456735
NI03PENGYST2022,RA_LIC_RELEASE_PY,36.47677998034551
NI03PENGYST2022,RA_LIC_DEREC,0.0
NI03PENGYST2022,RA_LIC_TASSCHG_PY,10.032407033717655
NI03PENGYST2022,RA_LIC_FASSCHG_PY,0.0
NI03PENGYST2022,RA_LIC_CLO,-33.108205362335006
NI03PENGYST2023,PVFC_LIC_UNWIND,0.0
NI03PENGYST2023,PVFC_LIC_EXP_CLAIM_CF_CY,0.0
NI03PENGYST2023,PVFC_LIC_EXP_ATTEXP_CY,0.0
NI03PENGYST2023,PVFC_LIC_EXP_CLAIM_CF_PY,512.0557672492955
NI03PENGYST2023,PVFC_LIC_EXP_ATTEXP_PY,0.0
NI03PENGYST2023,RA_LIC_OP,-30.80725975757411
NI03PENGYST2023,RA_LIC_UNWIND,-0.5435871526191214
NI03PENGYST2023,RA_LIC_INCLAIM,-16.43992666316676
NI03PENGYST2023,RA_LIC_RELEASE_PY,21.895385928800323
NI03PENGYST2023,RA_LIC_DEREC,0.0
NI03PENGYST2023,RA_LIC_TASSCHG_PY,6.022006984070919
NI03PENGYST2023,RA_LIC_FASSCHG_PY,0.0
NI03PENGYST2023,RA_LIC_CLO,-19.873380660488742
NI03PENGYST2024,PVFC_LIC_UNWIND,0.0
NI03PENGYST2024,PVFC_LIC_EXP_CLAIM_CF_CY,0.0
NI03PENGYST2024,PVFC_LIC_EXP_ATTEXP_CY,0.0
NI03PENGYST2024,PVFC_LIC_EXP_CLAIM_CF_PY,0.0
NI03PENGYST2024,PVFC_LIC_EXP_ATTEXP_PY,0.0
NI03PENGYST2024,RA_LIC_OP,0.0
NI03PENGYST2024,RA_LIC_UNWIND,0.0
NI03PENGYST2024,RA_LIC_INCLAIM,0.0
NI03PENGYST2024,RA_LIC_RELEASE_PY,0.0
NI03PENGYST2024,RA_LIC_DEREC,0.0
NI03PENGYST2024,RA_LIC_TASSCHG_PY,0.0
NI03PENGYST2024,RA_LIC_FASSCHG_PY,0.0
NI03PENGYST2024,RA_LIC_CLO,0.0
NI03PENGYST2012,RA_LIC_RELEASE_CY,0.0
NI03PENGYST2013,RA_LIC_RELEASE_CY,0.0
NI03PENGYST2014,RA_LIC_RELEASE_CY,0.0
NI03PENGYST2015,RA_LIC_RELEASE_CY,0.0
NI03PENGYST2016,RA_LIC_RELEASE_CY,0.0
NI03PENGYST2017,RA_LIC_RELEASE_CY,0.0
NI03PENGYST2018,RA_LIC_RELEASE_CY,0.0
NI03PENGYST2019,RA_LIC_RELEASE_CY,0.0
NI03PENGYST2020,RA_LIC_RELEASE_CY,0.0
NI03PENGYST2021,RA_LIC_RELEASE_CY,0.0
NI03PENGYST2022,RA_LIC_RELEASE_CY,0.0
NI03PENGYST2023,RA_LIC_RELEASE_CY,0.0
NI03PENGYST2024,RA_LIC_RELEASE_CY,0.0
NI03PENGYST2012,RA_LIC_FEXPVAR_CY,0.0
NI03PENGYST2013,RA_LIC_FEXPVAR_CY,0.0
NI03PENGYST2014,RA_LIC_FEXPVAR_CY,0.0
NI03PENGYST2015,RA_LIC_FEXPVAR_CY,0.0
NI03PENGYST2016,RA_LIC_FEXPVAR_CY,0.0
NI03PENGYST2017,RA_LIC_FEXPVAR_CY,0.0
NI03PENGYST2018,RA_LIC_FEXPVAR_CY,0.0
NI03PENGYST2019,RA_LIC_FEXPVAR_CY,0.0
NI03PENGYST2020,RA_LIC_FEXPVAR_CY,0.0
NI03PENGYST2021,RA_LIC_FEXPVAR_CY,0.0
NI03PENGYST2022,RA_LIC_FEXPVAR_CY,0.0
NI03PENGYST2023,RA_LIC_FEXPVAR_CY,0.0
NI03PENGYST2024,RA_LIC_FEXPVAR_CY,0.0
NI03PENGYST2012,DA_LIC_OP,0.006462272673926003
NI03PENGYST2013,DA_LIC_OP,0.013468742328231292
NI03PENGYST2014,DA_LIC_OP,0.0009284645787756645
NI03PENGYST2015,DA_LIC_OP,0.0020283437108024618
NI03PENGYST2016,DA_LIC_OP,0.003057253369915025
NI03PENGYST2017,DA_LIC_OP,0.00623435217196787
NI03PENGYST2018,DA_LIC_OP,0.030857133619319563
NI03PENGYST2019,DA_LIC_OP,0.02260651332082873
NI03PENGYST2020,DA_LIC_OP,0.02146783966390899
NI03PENGYST2021,DA_LIC_OP,1.4790478658286577
NI03PENGYST2022,DA_LIC_OP,0.887806540131457
NI03PENGYST2023,DA_LIC_OP,0.0
NI03PENGYST2024,DA_LIC_OP,0.0
NI03PENGYST2012,DA_LIC_INCLAIM_INCEXP,0.0032834759535276354
NI03PENGYST2013,DA_LIC_INCLAIM_INCEXP,0.0068434579892370645
NI03PENGYST2014,DA_LIC_INCLAIM_INCEXP,0.0004717521639736008
NI03PENGYST2015,DA_LIC_INCLAIM_INCEXP,0.00103059993534175
NI03PENGYST2016,DA_LIC_INCLAIM_INCEXP,0.001553388170149544
NI03PENGYST2017,DA_LIC_INCLAIM_INCEXP,0.0031676697154970103
NI03PENGYST2018,DA_LIC_INCLAIM_INCEXP,0.01567848670988858
NI03PENGYST2019,DA_LIC_INCLAIM_INCEXP,0.011486352654467588
NI03PENGYST2020,DA_LIC_INCLAIM_INCEXP,0.010907793413769393
NI03PENGYST2021,DA_LIC_INCLAIM_INCEXP,0.7515031238405424
NI03PENGYST2022,DA_LIC_INCLAIM_INCEXP,0.45109384468842145
NI03PENGYST2023,DA_LIC_INCLAIM_INCEXP,0.0
NI03PENGYST2024,DA_LIC_INCLAIM_INCEXP,0.0
NI03PENGYST2012,DA_LIC_CHG,-0.005776523651516528
NI03PENGYST2013,DA_LIC_CHG,-0.012039496403351665
NI03PENGYST2014,DA_LIC_CHG,-0.00082993984771531
NI03PENGYST2015,DA_LIC_CHG,-0.001813104461860624
NI03PENGYST2016,DA_LIC_CHG,-0.002732830583155144
NI03PENGYST2017,DA_LIC_CHG,-0.005572789108475834
NI03PENGYST2018,DA_LIC_CHG,-0.027582705212857488
NI03PENGYST2019,DA_LIC_CHG,-0.020207605816910765
NI03PENGYST2020,DA_LIC_CHG,-0.019189763388643245
NI03PENGYST2021,DA_LIC_CHG,-1.322097566875606
NI03PENGYST2022,DA_LIC_CHG,-0.7935962680331713
NI03PENGYST2023,DA_LIC_CHG,0.0
NI03PENGYST2024,DA_LIC_CHG,0.0
NI03PENGYST2012,DA_LIC_CLO,0.003969224975937111
NI03PENGYST2013,DA_LIC_CLO,0.008272703914116695
NI03PENGYST2014,DA_LIC_CLO,0.0005702768950339552
NI03PENGYST2015,DA_LIC_CLO,0.0012458391842835878
NI03PENGYST2016,DA_LIC_CLO,0.001877810956909425
NI03PENGYST2017,DA_LIC_CLO,0.003829232778989046
NI03PENGYST2018,DA_LIC_CLO,0.01895291511635066
NI03PENGYST2019,DA_LIC_CLO,0.013885260158385548
NI03PENGYST2020,DA_LIC_CLO,0.013185869689035137
NI03PENGYST2021,DA_LIC_CLO,0.9084534227935941
NI03PENGYST2022,DA_LIC_CLO,0.5453041167867072
NI03PENGYST2023,DA_LIC_CLO,0.0
NI03PENGYST2024,DA_LIC_CLO,0.0
NI03PEGNRPF2012,PVFC_LIC_UNWIND,0.0
NI03PEGNRPF2012,PVFC_LIC_EXP_CLAIM_CF_CY,0.0
NI03PEGNRPF2012,PVFC_LIC_EXP_ATTEXP_CY,0.0
NI03PEGNRPF2012,PVFC_LIC_EXP_CLAIM_CF_PY,3.0294174402806675
NI03PEGNRPF2012,PVFC_LIC_EXP_ATTEXP_PY,0.0
NI03PEGNRPF2012,RA_LIC_OP,-0.06832667419036906
NI03PEGNRPF2012,RA_LIC_UNWIND,-0.001849651690001404
NI03PEGNRPF2012,RA_LIC_INCLAIM,-0.01908855700432515
NI03PEGNRPF2012,RA_LIC_RELEASE_PY,0.02403027512572215
NI03PEGNRPF2012,RA_LIC_DEREC,0.0
NI03PEGNRPF2012,RA_LIC_TASSCHG_PY,-0.02325904453636719
NI03PEGNRPF2012,RA_LIC_FASSCHG_PY,0.0
NI03PEGNRPF2012,RA_LIC_CLO,-0.08849365229534066
NI03PEGNRPF2013,PVFC_LIC_UNWIND,0.0
NI03PEGNRPF2013,PVFC_LIC_EXP_CLAIM_CF_CY,0.0
NI03PEGNRPF2013,PVFC_LIC_EXP_ATTEXP_CY,0.0
NI03PEGNRPF2013,PVFC_LIC_EXP_CLAIM_CF_PY,24.18349011942496
NI03PEGNRPF2013,PVFC_LIC_EXP_ATTEXP_PY,0.0
NI03PEGNRPF2013,RA_LIC_OP,-0.5454439616691124
NI03PEGNRPF2013,RA_LIC_UNWIND,-0.014765556167587339
NI03PEGNRPF2013,RA_LIC_INCLAIM,-0.15238174956353095
NI03PEGNRPF2013,RA_LIC_RELEASE_PY,0.19183091552288856
NI03PEGNRPF2013,RA_LIC_DEREC,0.0
NI03PEGNRPF2013,RA_LIC_TASSCHG_PY,-0.18567427065464662
NI03PEGNRPF2013,RA_LIC_FASSCHG_PY,0.0
NI03PEGNRPF2013,RA_LIC_CLO,-0.7064346225319886
NI03PEGNRPF2014,PVFC_LIC_UNWIND,0.0
NI03PEGNRPF2014,PVFC_LIC_EXP_CLAIM_CF_CY,0.0
NI03PEGNRPF2014,PVFC_LIC_EXP_ATTEXP_CY,0.0
NI03PEGNRPF2014,PVFC_LIC_EXP_CLAIM_CF_PY,35.61099531719151
NI03PEGNRPF2014,PVFC_LIC_EXP_ATTEXP_PY,0.0
NI03PEGNRPF2014,RA_LIC_OP,-0.8031844150231964
NI03PEGNRPF2014,RA_LIC_UNWIND,-0.021742773641979015
NI03PEGNRPF2014,RA_LIC_INCLAIM,-0.2243872056239625
NI03PEGNRPF2014,RA_LIC_RELEASE_PY,0.28247741747131805
NI03PEGNRPF2014,RA_LIC_DEREC,0.0
NI03PEGNRPF2014,RA_LIC_TASSCHG_PY,-0.2734115526813357
NI03PEGNRPF2014,RA_LIC_FASSCHG_PY,0.0
NI03PEGNRPF2014,RA_LIC_CLO,-1.0402485294991557
NI03PEGNRPF2015,PVFC_LIC_UNWIND,0.0
NI03PEGNRPF2015,PVFC_LIC_EXP_CLAIM_CF_CY,0.0
NI03PEGNRPF2015,PVFC_LIC_EXP_ATTEXP_CY,0.0
NI03PEGNRPF2015,PVFC_LIC_EXP_CLAIM_CF_PY,108.8257055374147
NI03PEGNRPF2015,PVFC_LIC_EXP_ATTEXP_PY,0.0
NI03PEGNRPF2015,RA_LIC_OP,-2.454497827511113
NI03PEGNRPF2015,RA_LIC_UNWIND,-0.06644500275414593
NI03PEGNRPF2015,RA_LIC_INCLAIM,-0.6857178730359194
NI03PEGNRPF2015,RA_LIC_RELEASE_PY,0.8632391198530363
NI03PEGNRPF2015,RA_LIC_DEREC,0.0
NI03PEGNRPF2015,RA_LIC_TASSCHG_PY,-0.8355342179459463
NI03PEGNRPF2015,RA_LIC_FASSCHG_PY,0.0
NI03PEGNRPF2015,RA_LIC_CLO,-3.178955801394088
NI03PEGNRPF2016,PVFC_LIC_UNWIND,0.0
NI03PEGNRPF2016,PVFC_LIC_EXP_CLAIM_CF_CY,0.0
NI03PEGNRPF2016,PVFC_LIC_EXP_ATTEXP_CY,0.0
NI03PEGNRPF2016,PVFC_LIC_EXP_CLAIM_CF_PY,39.04827537950041
NI03PEGNRPF2016,PVFC_LIC_EXP_ATTEXP_PY,0.0
NI03PEGNRPF2016,RA_LIC_OP,-0.8807101834417849
NI03PEGNRPF2016,RA_LIC_UNWIND,-0.023841451358599268
NI03PEGNRPF2016,RA_LIC_INCLAIM,-0.2460457316285976
NI03PEGNRPF2016,RA_LIC_RELEASE_PY,0.30974298493097785
NI03PEGNRPF2016,RA_LIC_DEREC,0.0
NI03PEGNRPF2016,RA_LIC_TASSCHG_PY,-0.29980205568372253
NI03PEGNRPF2016,RA_LIC_FASSCHG_PY,0.0
NI03PEGNRPF2016,RA_LIC_CLO,-1.1406564371817265
NI03PEGNRPF2017,PVFC_LIC_UNWIND,0.0
NI03PEGNRPF2017,PVFC_LIC_EXP_CLAIM_CF_CY,0.0
NI03PEGNRPF2017,PVFC_LIC_EXP_ATTEXP_CY,0.0
NI03PEGNRPF2017,PVFC_LIC_EXP_CLAIM_CF_PY,390.20450823107785
NI03PEGNRPF2017,PVFC_LIC_EXP_ATTEXP_PY,0.0
NI03PEGNRPF2017,RA_LIC_OP,-8.800826174372325
NI03PEGNRPF2017,RA_LIC_UNWIND,-0.23824462700294702
NI03PEGNRPF2017,RA_LIC_INCLAIM,-2.4587040728281577
NI03PEGNRPF2017,RA_LIC_RELEASE_PY,3.0952227195280884
NI03PEGNRPF2017,RA_LIC_DEREC,0.0
NI03PEGNRPF2017,RA_LIC_TASSCHG_PY,-2.995884262948733
NI03PEGNRPF2017,RA_LIC_FASSCHG_PY,0.0
NI03PEGNRPF2017,RA_LIC_CLO,-11.398436417624076
NI03PEGNRPF2018,PVFC_LIC_UNWIND,0.0
NI03PEGNRPF2018,PVFC_LIC_EXP_CLAIM_CF_CY,0.0
NI03PEGNRPF2018,PVFC_LIC_EXP_ATTEXP_CY,0.0
NI03PEGNRPF2018,PVFC_LIC_EXP_CLAIM_CF_PY,60.93945438855053
NI03PEGNRPF2018,PVFC_LIC_EXP_ATTEXP_PY,0.0
NI03PEGNRPF2018,RA_LIC_OP,-1.374452457420417
NI03PEGNRPF2018,RA_LIC_UNWIND,-0.03720740605068993
NI03PEGNRPF2018,RA_LIC_INCLAIM,-0.3839834792793492
NI03PEGNRPF2018,RA_LIC_RELEASE_PY,0.48339058047834904
NI03PEGNRPF2018,RA_LIC_DEREC,0.0
NI03PEGNRPF2018,RA_LIC_TASSCHG_PY,-0.4678765840583955
NI03PEGNRPF2018,RA_LIC_FASSCHG_PY,0.0
NI03PEGNRPF2018,RA_LIC_CLO,-1.7801293463305026
NI03PEGNRPF2019,PVFC_LIC_UNWIND,0.0
NI03PEGNRPF2019,PVFC_LIC_EXP_CLAIM_CF_CY,0.0
NI03PEGNRPF2019,PVFC_LIC_EXP_ATTEXP_CY,0.0
NI03PEGNRPF2019,PVFC_LIC_EXP_CLAIM_CF_PY,2012.8285890343839
NI03PEGNRPF2019,PVFC_LIC_EXP_ATTEXP_PY,0.0
NI03PEGNRPF2019,RA_LIC_OP,-45.58389862538563
NI03PEGNRPF2019,RA_LIC_UNWIND,-1.2339885722285264
NI03PEGNRPF2019,RA_LIC_INCLAIM,-12.734863180457586
NI03PEGNRPF2019,RA_LIC_RELEASE_PY,16.03171291813652
NI03PEGNRPF2019,RA_LIC_DEREC,0.0
NI03PEGNRPF2019,RA_LIC_TASSCHG_PY,-15.517189162684824
NI03PEGNRPF2019,RA_LIC_FASSCHG_PY,0.0
NI03PEGNRPF2019,RA_LIC_CLO,-59.03822662262006
NI03PEGNRPF2020,PVFC_LIC_UNWIND,0.0
NI03PEGNRPF2020,PVFC_LIC_EXP_CLAIM_CF_CY,0.0
NI03PEGNRPF2020,PVFC_LIC_EXP_ATTEXP_CY,0.0
NI03PEGNRPF2020,PVFC_LIC_EXP_CLAIM_CF_PY,-266.0092689832409
NI03PEGNRPF2020,PVFC_LIC_EXP_ATTEXP_PY,0.0
NI03PEGNRPF2020,RA_LIC_OP,-0.3835289991381567
NI03PEGNRPF2020,RA_LIC_UNWIND,-0.010382402916962564
NI03PEGNRPF2020,RA_LIC_INCLAIM,-0.1071472488542755
NI03PEGNRPF2020,RA_LIC_RELEASE_PY,0.1348859355030899
NI03PEGNRPF2020,RA_LIC_DEREC,0.0
NI03PEGNRPF2020,RA_LIC_TASSCHG_PY,-0.13055688978931898
NI03PEGNRPF2020,RA_LIC_FASSCHG_PY,0.0
NI03PEGNRPF2020,RA_LIC_CLO,-0.4967296051956238
NI03PEGNRPF2021,PVFC_LIC_UNWIND,0.0
NI03PEGNRPF2021,PVFC_LIC_EXP_CLAIM_CF_CY,0.0
NI03PEGNRPF2021,PVFC_LIC_EXP_ATTEXP_CY,0.0
NI03PEGNRPF2021,PVFC_LIC_EXP_CLAIM_CF_PY,547.8423908799581
NI03PEGNRPF2021,PVFC_LIC_EXP_ATTEXP_PY,0.0
NI03PEGNRPF2021,RA_LIC_OP,-19.12788121399566
NI03PEGNRPF2021,RA_LIC_UNWIND,-0.5178053554171107
NI03PEGNRPF2021,RA_LIC_INCLAIM,-5.343793697729577
NI03PEGNRPF2021,RA_LIC_RELEASE_PY,6.727215301944804
NI03PEGNRPF2021,RA_LIC_DEREC,0.0
NI03PEGNRPF2021,RA_LIC_TASSCHG_PY,-6.511311231146919
NI03PEGNRPF2021,RA_LIC_FASSCHG_PY,0.0
NI03PEGNRPF2021,RA_LIC_CLO,-24.77357619634446
NI03PEGNRPF2022,PVFC_LIC_UNWIND,0.0
NI03PEGNRPF2022,PVFC_LIC_EXP_CLAIM_CF_CY,0.0
NI03PEGNRPF2022,PVFC_LIC_EXP_ATTEXP_CY,0.0
NI03PEGNRPF2022,PVFC_LIC_EXP_CLAIM_CF_PY,-9523.750043996664
NI03PEGNRPF2022,PVFC_LIC_EXP_ATTEXP_PY,0.0
NI03PEGNRPF2022,RA_LIC_OP,14.813367057129787
NI03PEGNRPF2022,RA_LIC_UNWIND,0.40100838708308334
NI03PEGNRPF2022,RA_LIC_INCLAIM,4.13843941398616
NI03PEGNRPF2022,RA_LIC_RELEASE_PY,-5.2098143241883905
NI03PEGNRPF2022,RA_LIC_DEREC,0.0
NI03PEGNRPF2022,RA_LIC_TASSCHG_PY,5.042609905984585
NI03PEGNRPF2022,RA_LIC_FASSCHG_PY,0.0
NI03PEGNRPF2022,RA_LIC_CLO,19.185610439995227
NI03PEGNRPF2023,PVFC_LIC_UNWIND,0.0
NI03PEGNRPF2023,PVFC_LIC_EXP_CLAIM_CF_CY,0.0
NI03PEGNRPF2023,PVFC_LIC_EXP_ATTEXP_CY,0.0
NI03PEGNRPF2023,PVFC_LIC_EXP_CLAIM_CF_PY,18751.01940132013
NI03PEGNRPF2023,PVFC_LIC_EXP_ATTEXP_PY,0.0
NI03PEGNRPF2023,RA_LIC_OP,-724.1280238544915
NI03PEGNRPF2023,RA_LIC_UNWIND,-19.602660878357646
NI03PEGNRPF2023,RA_LIC_INCLAIM,-202.3010665390198
NI03PEGNRPF2023,RA_LIC_RELEASE_PY,254.67353483336473
NI03PEGNRPF2023,RA_LIC_DEREC,0.0
NI03PEGNRPF2023,RA_LIC_TASSCHG_PY,-246.50001125383622
NI03PEGNRPF2023,RA_LIC_FASSCHG_PY,0.0
NI03PEGNRPF2023,RA_LIC_CLO,-937.8582276923404
NI03PEGNRPF2024,PVFC_LIC_UNWIND,0.0
NI03PEGNRPF2024,PVFC_LIC_EXP_CLAIM_CF_CY,0.0
NI03PEGNRPF2024,PVFC_LIC_EXP_ATTEXP_CY,0.0
NI03PEGNRPF2024,PVFC_LIC_EXP_CLAIM_CF_PY,0.0
NI03PEGNRPF2024,PVFC_LIC_EXP_ATTEXP_PY,0.0
NI03PEGNRPF2024,RA_LIC_OP,0.0
NI03PEGNRPF2024,RA_LIC_UNWIND,0.0
NI03PEGNRPF2024,RA_LIC_INCLAIM,0.0
NI03PEGNRPF2024,RA_LIC_RELEASE_PY,0.0
NI03PEGNRPF2024,RA_LIC_DEREC,0.0
NI03PEGNRPF2024,RA_LIC_TASSCHG_PY,0.0
NI03PEGNRPF2024,RA_LIC_FASSCHG_PY,0.0
NI03PEGNRPF2024,RA_LIC_CLO,0.0
NI03PEGNRPF2012,RA_LIC_RELEASE_CY,0.0
NI03PEGNRPF2013,RA_LIC_RELEASE_CY,0.0
NI03PEGNRPF2014,RA_LIC_RELEASE_CY,0.0
NI03PEGNRPF2015,RA_LIC_RELEASE_CY,0.0
NI03PEGNRPF2016,RA_LIC_RELEASE_CY,0.0
NI03PEGNRPF2017,RA_LIC_RELEASE_CY,0.0
NI03PEGNRPF2018,RA_LIC_RELEASE_CY,0.0
NI03PEGNRPF2019,RA_LIC_RELEASE_CY,0.0
NI03PEGNRPF2020,RA_LIC_RELEASE_CY,0.0
NI03PEGNRPF2021,RA_LIC_RELEASE_CY,0.0
NI03PEGNRPF2022,RA_LIC_RELEASE_CY,0.0
NI03PEGNRPF2023,RA_LIC_RELEASE_CY,0.0
NI03PEGNRPF2024,RA_LIC_RELEASE_CY,0.0
NI03PEGNRPF2012,RA_LIC_FEXPVAR_CY,0.0
NI03PEGNRPF2013,RA_LIC_FEXPVAR_CY,0.0
NI03PEGNRPF2014,RA_LIC_FEXPVAR_CY,0.0
NI03PEGNRPF2015,RA_LIC_FEXPVAR_CY,0.0
NI03PEGNRPF2016,RA_LIC_FEXPVAR_CY,0.0
NI03PEGNRPF2017,RA_LIC_FEXPVAR_CY,0.0
NI03PEGNRPF2018,RA_LIC_FEXPVAR_CY,0.0
NI03PEGNRPF2019,RA_LIC_FEXPVAR_CY,0.0
NI03PEGNRPF2020,RA_LIC_FEXPVAR_CY,0.0
NI03PEGNRPF2021,RA_LIC_FEXPVAR_CY,0.0
NI03PEGNRPF2022,RA_LIC_FEXPVAR_CY,0.0
NI03PEGNRPF2023,RA_LIC_FEXPVAR_CY,0.0
NI03PEGNRPF2024,RA_LIC_FEXPVAR_CY,0.0
NI03PEGNRPF2012,DA_LIC_OP,0.08362556967333702
NI03PEGNRPF2013,DA_LIC_OP,0.12314143886298394
NI03PEGNRPF2014,DA_LIC_OP,0.3763150635300331
NI03PEGNRPF2015,DA_LIC_OP,0.1350274198325571
NI03PEGNRPF2016,DA_LIC_OP,1.3493120359711155
NI03PEGNRPF2017,DA_LIC_OP,0.21072626670753594
NI03PEGNRPF2018,DA_LIC_OP,6.988764673119645
NI03PEGNRPF2019,DA_LIC_OP,0.058801331196383776
NI03PEGNRPF2020,DA_LIC_OP,2.932620169209382
NI03PEGNRPF2021,DA_LIC_OP,-2.271133876231657
NI03PEGNRPF2022,DA_LIC_OP,111.02078814100985
NI03PEGNRPF2023,DA_LIC_OP,0.0
NI03PEGNRPF2024,DA_LIC_OP,0.0
NI03PEGNRPF2012,DA_LIC_INCLAIM_INCEXP,0.019699763947049545
NI03PEGNRPF2013,DA_LIC_INCLAIM_INCEXP,0.02900855907083012
NI03PEGNRPF2014,DA_LIC_INCLAIM_INCEXP,0.08864893776172683
NI03PEGNRPF2015,DA_LIC_INCLAIM_INCEXP,0.03180855218650477
NI03PEGNRPF2016,DA_LIC_INCLAIM_INCEXP,0.3178588642609733
NI03PEGNRPF2017,DA_LIC_INCLAIM_INCEXP,0.04964100965526864
NI03PEGNRPF2018,DA_LIC_INCLAIM_INCEXP,1.6463506901027727
NI03PEGNRPF2019,DA_LIC_INCLAIM_INCEXP,0.013851891818087948
NI03PEGNRPF2020,DA_LIC_INCLAIM_INCEXP,0.690840436788094
NI03PEGNRPF2021,DA_LIC_INCLAIM_INCEXP,-0.5350134107149327
NI03PEGNRPF2022,DA_LIC_INCLAIM_INCEXP,26.15328455323654
NI03PEGNRPF2023,DA_LIC_INCLAIM_INCEXP,0.0
NI03PEGNRPF2024,DA_LIC_INCLAIM_INCEXP,0.0
NI03PEGNRPF2012,DA_LIC_CHG,-0.011998154691382847
NI03PEGNRPF2013,DA_LIC_CHG,-0.017667682721551826
NI03PEGNRPF2014,DA_LIC_CHG,-0.05399169611122518
NI03PEGNRPF2015,DA_LIC_CHG,-0.019373020441687455
NI03PEGNRPF2016,DA_LIC_CHG,-0.19359215844825423
NI03PEGNRPF2017,DA_LIC_CHG,-0.03023389084667415
NI03PEGNRPF2018,DA_LIC_CHG,-1.0027110126401502
NI03PEGNRPF2019,DA_LIC_CHG,-0.008436504175808218
NI03PEGNRPF2020,DA_LIC_CHG,-0.4207568400273887
NI03PEGNRPF2021,DA_LIC_CHG,0.3258502833321267
NI03PEGNRPF2022,DA_LIC_CHG,-15.928675825807673
NI03PEGNRPF2023,DA_LIC_CHG,0.0
NI03PEGNRPF2024,DA_LIC_CHG,0.0
NI03PEGNRPF2012,DA_LIC_CLO,0.09132717892900372
NI03PEGNRPF2013,DA_LIC_CLO,0.13448231521226223
NI03PEGNRPF2014,DA_LIC_CLO,0.4109723051805347
NI03PEGNRPF2015,DA_LIC_CLO,0.1474629515773744
NI03PEGNRPF2016,DA_LIC_CLO,1.4735787417838346
NI03PEGNRPF2017,DA_LIC_CLO,0.2301333855161304
NI03PEGNRPF2018,DA_LIC_CLO,7.632404350582268
NI03PEGNRPF2019,DA_LIC_CLO,0.0642167188386635
NI03PEGNRPF2020,DA_LIC_CLO,3.202703765970088
NI03PEGNRPF2021,DA_LIC_CLO,-2.4802970036144627
NI03PEGNRPF2022,DA_LIC_CLO,121.2453968684387
NI03PEGNRPF2023,DA_LIC_CLO,0.0
NI03PEGNRPF2024,DA_LIC_CLO,0.0
NI03PEGNRST2012,PVFC_LIC_UNWIND,0.0
NI03PEGNRST2012,PVFC_LIC_EXP_CLAIM_CF_CY,0.0
NI03PEGNRST2012,PVFC_LIC_EXP_ATTEXP_CY,0.0
NI03PEGNRST2012,PVFC_LIC_EXP_CLAIM_CF_PY,55.559931082640105
NI03PEGNRST2012,PVFC_LIC_EXP_ATTEXP_PY,0.0
NI03PEGNRST2012,RA_LIC_OP,-1.2531205698649819
NI03PEGNRST2012,RA_LIC_UNWIND,-0.021679268869356002
NI03PEGNRST2012,RA_LIC_INCLAIM,-1.4455173818405351
NI03PEGNRST2012,RA_LIC_RELEASE_PY,0.9337766766876033
NI03PEGNRST2012,RA_LIC_DEREC,0.0
NI03PEGNRST2012,RA_LIC_TASSCHG_PY,0.24763043567427617
NI03PEGNRST2012,RA_LIC_FASSCHG_PY,0.0
NI03PEGNRST2012,RA_LIC_CLO,-1.5389101082129932
NI03PEGNRST2013,PVFC_LIC_UNWIND,0.0
NI03PEGNRST2013,PVFC_LIC_EXP_CLAIM_CF_CY,0.0
NI03PEGNRST2013,PVFC_LIC_EXP_ATTEXP_CY,0.0
NI03PEGNRST2013,PVFC_LIC_EXP_CLAIM_CF_PY,443.52852350673083
NI03PEGNRST2013,PVFC_LIC_EXP_ATTEXP_PY,0.0
NI03PEGNRST2013,RA_LIC_OP,-10.003517018432724
NI03PEGNRST2013,RA_LIC_UNWIND,-0.1730631036606064
NI03PEGNRST2013,RA_LIC_INCLAIM,-11.53939858416029
NI03PEGNRST2013,RA_LIC_RELEASE_PY,7.454231541077047
NI03PEGNRST2013,RA_LIC_DEREC,0.0
NI03PEGNRST2013,RA_LIC_TASSCHG_PY,1.9768052150132978
NI03PEGNRST2013,RA_LIC_FASSCHG_PY,0.0
NI03PEGNRST2013,RA_LIC_CLO,-12.284941950163274
NI03PEGNRST2014,PVFC_LIC_UNWIND,0.0
NI03PEGNRST2014,PVFC_LIC_EXP_CLAIM_CF_CY,0.0
NI03PEGNRST2014,PVFC_LIC_EXP_ATTEXP_CY,0.0
NI03PEGNRST2014,PVFC_LIC_EXP_CLAIM_CF_PY,653.1105351477777
NI03PEGNRST2014,PVFC_LIC_EXP_ATTEXP_PY,0.0
NI03PEGNRST2014,RA_LIC_OP,-14.73051226020947
NI03PEGNRST2014,RA_LIC_UNWIND,-0.254841188910365
NI03PEGNRST2014,RA_LIC_INCLAIM,-16.9921490617955
NI03PEGNRST2014,RA_LIC_RELEASE_PY,10.976604418620656
NI03PEGNRST2014,RA_LIC_DEREC,0.0
NI03PEGNRST2014,RA_LIC_TASSCHG_PY,2.9109115726142485
NI03PEGNRST2014,RA_LIC_FASSCHG_PY,0.0
NI03PEGNRST2014,RA_LIC_CLO,-18.089986519680426
NI03PEGNRST2015,PVFC_LIC_UNWIND,0.0
NI03PEGNRST2015,PVFC_LIC_EXP_CLAIM_CF_CY,0.0
NI03PEGNRST2015,PVFC_LIC_EXP_ATTEXP_CY,0.0
NI03PEGNRST2015,PVFC_LIC_EXP_CLAIM_CF_PY,1995.8783557802903
NI03PEGNRST2015,PVFC_LIC_EXP_ATTEXP_PY,0.0
NI03PEGNRST2015,RA_LIC_OP,-45.015826582947305
NI03PEGNRST2015,RA_LIC_UNWIND,-0.7787839664727297
NI03PEGNRST2015,RA_LIC_INCLAIM,-51.92729362872136
NI03PEGNRST2015,RA_LIC_RELEASE_PY,33.544041934846746
NI03PEGNRST2015,RA_LIC_DEREC,0.0
NI03PEGNRST2015,RA_LIC_TASSCHG_PY,8.895623467559851
NI03PEGNRST2015,RA_LIC_FASSCHG_PY,0.0
NI03PEGNRST2015,RA_LIC_CLO,-55.28223877573479
NI03PEGNRST2016,PVFC_LIC_UNWIND,0.0
NI03PEGNRST2016,PVFC_LIC_EXP_CLAIM_CF_CY,0.0
NI03PEGNRST2016,PVFC_LIC_EXP_ATTEXP_CY,0.0
NI03PEGNRST2016,PVFC_LIC_EXP_CLAIM_CF_PY,716.1507226222029
NI03PEGNRST2016,PVFC_LIC_EXP_ATTEXP_PY,0.0
NI03PEGNRST2016,RA_LIC_OP,-16.15234547909613
NI03PEGNRST2016,RA_LIC_UNWIND,-0.27943922471066074
NI03PEGNRST2016,RA_LIC_INCLAIM,-18.632282247224254
NI03PEGNRST2016,RA_LIC_RELEASE_PY,12.036099194992474
NI03PEGNRST2016,RA_LIC_DEREC,0.0
NI03PEGNRST2016,RA_LIC_TASSCHG_PY,3.1918814871748227
NI03PEGNRST2016,RA_LIC_FASSCHG_PY,0.0
NI03PEGNRST2016,RA_LIC_CLO,-19.836086268863745
NI03PEGNRST2017,PVFC_LIC_UNWIND,0.0
NI03PEGNRST2017,PVFC_LIC_EXP_CLAIM_CF_CY,0.0
NI03PEGNRST2017,PVFC_LIC_EXP_ATTEXP_CY,0.0
NI03PEGNRST2017,PVFC_LIC_EXP_CLAIM_CF_PY,7156.404164441958
NI03PEGNRST2017,PVFC_LIC_EXP_ATTEXP_PY,0.0
NI03PEGNRST2017,RA_LIC_OP,-161.4083583255533
NI03PEGNRST2017,RA_LIC_UNWIND,-2.7924010522611176
NI03PEGNRST2017,RA_LIC_INCLAIM,-186.1900547678918
NI03PEGNRST2017,RA_LIC_RELEASE_PY,120.2752265435052
NI03PEGNRST2017,RA_LIC_DEREC,0.0
NI03PEGNRST2017,RA_LIC_TASSCHG_PY,31.896070541666234
NI03PEGNRST2017,RA_LIC_FASSCHG_PY,0.0
NI03PEGNRST2017,RA_LIC_CLO,-198.21951706053477
NI03PEGNRST2018,PVFC_LIC_UNWIND,0.0
NI03PEGNRST2018,PVFC_LIC_EXP_CLAIM_CF_CY,0.0
NI03PEGNRST2018,PVFC_LIC_EXP_ATTEXP_CY,0.0
NI03PEGNRST2018,PVFC_LIC_EXP_CLAIM_CF_PY,1117.6379461685056
NI03PEGNRST2018,PVFC_LIC_EXP_ATTEXP_PY,0.0
NI03PEGNRST2018,RA_LIC_OP,-25.20764645878113
NI03PEGNRST2018,RA_LIC_UNWIND,-0.43609797675132483
NI03PEGNRST2018,RA_LIC_INCLAIM,-29.07788124121622
NI03PEGNRST2018,RA_LIC_RELEASE_PY,18.783757048958847
NI03PEGNRST2018,RA_LIC_DEREC,0.0
NI03PEGNRST2018,RA_LIC_TASSCHG_PY,4.981308762319386
NI03PEGNRST2018,RA_LIC_FASSCHG_PY,0.0
NI03PEGNRST2018,RA_LIC_CLO,-30.95655986547044
NI03PEGNRST2019,PVFC_LIC_UNWIND,0.0
NI03PEGNRST2019,PVFC_LIC_EXP_CLAIM_CF_CY,0.0
NI03PEGNRST2019,PVFC_LIC_EXP_ATTEXP_CY,0.0
NI03PEGNRST2019,PVFC_LIC_EXP_CLAIM_CF_PY,37074.20581271329
NI03PEGNRST2019,PVFC_LIC_EXP_ATTEXP_PY,0.0
NI03PEGNRST2019,RA_LIC_OP,-836.3732011043938
NI03PEGNRST2019,RA_LIC_UNWIND,-14.469445269595845
NI03PEGNRST2019,RA_LIC_INCLAIM,-964.7850565826033
NI03PEGNRST2019,RA_LIC_RELEASE_PY,623.2327574688052
NI03PEGNRST2019,RA_LIC_DEREC,0.0
NI03PEGNRST2019,RA_LIC_TASSCHG_PY,165.27656249237484
NI03PEGNRST2019,RA_LIC_FASSCHG_PY,0.0
NI03PEGNRST2019,RA_LIC_CLO,-1027.1183829954125
NI03PEGNRST2020,PVFC_LIC_UNWIND,0.0
NI03PEGNRST2020,PVFC_LIC_EXP_CLAIM_CF_CY,0.0
NI03PEGNRST2020,PVFC_LIC_EXP_ATTEXP_CY,0.0
NI03PEGNRST2020,PVFC_LIC_EXP_CLAIM_CF_PY,410.0623464912951
NI03PEGNRST2020,PVFC_LIC_EXP_ATTEXP_PY,0.0
NI03PEGNRST2020,RA_LIC_OP,-15.65196817604383
NI03PEGNRST2020,RA_LIC_UNWIND,-0.27078258436027297
NI03PEGNRST2020,RA_LIC_INCLAIM,-18.05507993610225
NI03PEGNRST2020,RA_LIC_RELEASE_PY,11.66323750365145
NI03PEGNRST2020,RA_LIC_DEREC,0.0
NI03PEGNRST2020,RA_LIC_TASSCHG_PY,3.0930014172628657
NI03PEGNRST2020,RA_LIC_FASSCHG_PY,0.0
NI03PEGNRST2020,RA_LIC_CLO,-19.221591775592028
NI03PEGNRST2021,PVFC_LIC_UNWIND,0.0
NI03PEGNRST2021,PVFC_LIC_EXP_CLAIM_CF_CY,0.0
NI03PEGNRST2021,PVFC_LIC_EXP_ATTEXP_CY,0.0
NI03PEGNRST2021,PVFC_LIC_EXP_CLAIM_CF_PY,16014.623687674757
NI03PEGNRST2021,PVFC_LIC_EXP_ATTEXP_PY,0.0
NI03PEGNRST2021,RA_LIC_OP,-368.8086959816593
NI03PEGNRST2021,RA_LIC_UNWIND,-6.380473733987503
NI03PEGNRST2021,RA_LIC_INCLAIM,-425.4334287026118
NI03PEGNRST2021,RA_LIC_RELEASE_PY,274.8218860571002
NI03PEGNRST2021,RA_LIC_DEREC,0.0
NI03PEGNRST2021,RA_LIC_TASSCHG_PY,72.8806630923313
NI03PEGNRST2021,RA_LIC_FASSCHG_PY,0.0
NI03PEGNRST2021,RA_LIC_CLO,-452.92004926882703
NI03PEGNRST2022,PVFC_LIC_UNWIND,0.0
NI03PEGNRST2022,PVFC_LIC_EXP_CLAIM_CF_CY,0.0
NI03PEGNRST2022,PVFC_LIC_EXP_ATTEXP_CY,0.0
NI03PEGNRST2022,PVFC_LIC_EXP_CLAIM_CF_PY,1210.101652187424
NI03PEGNRST2022,PVFC_LIC_EXP_ATTEXP_PY,0.0
NI03PEGNRST2022,RA_LIC_OP,-247.71972423368607
NI03PEGNRST2022,RA_LIC_UNWIND,-4.2856071754399805
NI03PEGNRST2022,RA_LIC_INCLAIM,-285.7531635947202
NI03PEGNRST2022,RA_LIC_RELEASE_PY,184.59109714384795
NI03PEGNRST2022,RA_LIC_DEREC,0.0
NI03PEGNRST2022,RA_LIC_TASSCHG_PY,48.952147712098174
NI03PEGNRST2022,RA_LIC_FASSCHG_PY,0.0
NI03PEGNRST2022,RA_LIC_CLO,-304.2152501479002
NI03PEGNRST2023,PVFC_LIC_UNWIND,0.0
NI03PEGNRST2023,PVFC_LIC_EXP_CLAIM_CF_CY,0.0
NI03PEGNRST2023,PVFC_LIC_EXP_ATTEXP_CY,0.0
NI03PEGNRST2023,PVFC_LIC_EXP_CLAIM_CF_PY,431977.7958243006
NI03PEGNRST2023,PVFC_LIC_EXP_ATTEXP_PY,0.0
NI03PEGNRST2023,RA_LIC_OP,-13510.400428518142
NI03PEGNRST2023,RA_LIC_UNWIND,-233.7329786662632
NI03PEGNRST2023,RA_LIC_INCLAIM,-15584.708386961527
NI03PEGNRST2023,RA_LIC_RELEASE_PY,10067.42456890619
NI03PEGNRST2023,RA_LIC_DEREC,0.0
NI03PEGNRST2023,RA_LIC_TASSCHG_PY,2669.804027403642
NI03PEGNRST2023,RA_LIC_FASSCHG_PY,0.0
NI03PEGNRST2023,RA_LIC_CLO,-16591.613197836097
NI03PEGNRST2024,PVFC_LIC_UNWIND,0.0
NI03PEGNRST2024,PVFC_LIC_EXP_CLAIM_CF_CY,0.0
NI03PEGNRST2024,PVFC_LIC_EXP_ATTEXP_CY,0.0
NI03PEGNRST2024,PVFC_LIC_EXP_CLAIM_CF_PY,0.0
NI03PEGNRST2024,PVFC_LIC_EXP_ATTEXP_PY,0.0
NI03PEGNRST2024,RA_LIC_OP,0.0
NI03PEGNRST2024,RA_LIC_UNWIND,0.0
NI03PEGNRST2024,RA_LIC_INCLAIM,0.0
NI03PEGNRST2024,RA_LIC_RELEASE_PY,0.0
NI03PEGNRST2024,RA_LIC_DEREC,0.0
NI03PEGNRST2024,RA_LIC_TASSCHG_PY,0.0
NI03PEGNRST2024,RA_LIC_FASSCHG_PY,0.0
NI03PEGNRST2024,RA_LIC_CLO,0.0
NI03PEGNRST2012,RA_LIC_RELEASE_CY,0.0
NI03PEGNRST2013,RA_LIC_RELEASE_CY,0.0
NI03PEGNRST2014,RA_LIC_RELEASE_CY,0.0
NI03PEGNRST2015,RA_LIC_RELEASE_CY,0.0
NI03PEGNRST2016,RA_LIC_RELEASE_CY,0.0
NI03PEGNRST2017,RA_LIC_RELEASE_CY,0.0
NI03PEGNRST2018,RA_LIC_RELEASE_CY,0.0
NI03PEGNRST2019,RA_LIC_RELEASE_CY,0.0
NI03PEGNRST2020,RA_LIC_RELEASE_CY,0.0
NI03PEGNRST2021,RA_LIC_RELEASE_CY,0.0
NI03PEGNRST2022,RA_LIC_RELEASE_CY,0.0
NI03PEGNRST2023,RA_LIC_RELEASE_CY,0.0
NI03PEGNRST2024,RA_LIC_RELEASE_CY,0.0
NI03PEGNRST2012,RA_LIC_FEXPVAR_CY,0.0
NI03PEGNRST2013,RA_LIC_FEXPVAR_CY,0.0
NI03PEGNRST2014,RA_LIC_FEXPVAR_CY,0.0
NI03PEGNRST2015,RA_LIC_FEXPVAR_CY,0.0
NI03PEGNRST2016,RA_LIC_FEXPVAR_CY,0.0
NI03PEGNRST2017,RA_LIC_FEXPVAR_CY,0.0
NI03PEGNRST2018,RA_LIC_FEXPVAR_CY,0.0
NI03PEGNRST2019,RA_LIC_FEXPVAR_CY,0.0
NI03PEGNRST2020,RA_LIC_FEXPVAR_CY,0.0
NI03PEGNRST2021,RA_LIC_FEXPVAR_CY,0.0
NI03PEGNRST2022,RA_LIC_FEXPVAR_CY,0.0
NI03PEGNRST2023,RA_LIC_FEXPVAR_CY,0.0
NI03PEGNRST2024,RA_LIC_FEXPVAR_CY,0.0
NI03PEGNRST2012,DA_LIC_OP,1.4556584247386013
NI03PEGNRST2013,DA_LIC_OP,2.1435055523750814
NI03PEGNRST2014,DA_LIC_OP,6.550462911323711
NI03PEGNRST2015,DA_LIC_OP,2.350403136477941
NI03PEGNRST2016,DA_LIC_OP,23.487283141207634
NI03PEGNRST2017,DA_LIC_OP,3.6680822222768428
NI03PEGNRST2018,DA_LIC_OP,121.70456592115114
NI03PEGNRST2019,DA_LIC_OP,2.2775909010017648
NI03PEGNRST2020,DA_LIC_OP,53.66707373350087
NI03PEGNRST2021,DA_LIC_OP,36.046852610961366
NI03PEGNRST2022,DA_LIC_OP,1965.9613882923793
NI03PEGNRST2023,DA_LIC_OP,0.0
NI03PEGNRST2024,DA_LIC_OP,0.0
NI03PEGNRST2012,DA_LIC_INCLAIM_INCEXP,1.4932430344380834
NI03PEGNRST2013,DA_LIC_INCLAIM_INCEXP,2.198850142977893
NI03PEGNRST2014,DA_LIC_INCLAIM_INCEXP,6.719593654971382
NI03PEGNRST2015,DA_LIC_INCLAIM_INCEXP,2.411089752939372
NI03PEGNRST2016,DA_LIC_INCLAIM_INCEXP,24.09371687233659
NI03PEGNRST2017,DA_LIC_INCLAIM_INCEXP,3.762790868430999
NI03PEGNRST2018,DA_LIC_INCLAIM_INCEXP,124.84693677619073
NI03PEGNRST2019,DA_LIC_INCLAIM_INCEXP,2.3363975300944486
NI03PEGNRST2020,DA_LIC_INCLAIM_INCEXP,55.05273948152771
NI03PEGNRST2021,DA_LIC_INCLAIM_INCEXP,36.97757019089159
NI03PEGNRST2022,DA_LIC_INCLAIM_INCEXP,2016.7218484439359
NI03PEGNRST2023,DA_LIC_INCLAIM_INCEXP,0.0
NI03PEGNRST2024,DA_LIC_INCLAIM_INCEXP,0.0
NI03PEGNRST2012,DA_LIC_CHG,-1.3591822149919655
NI03PEGNRST2013,DA_LIC_CHG,-2.0014411176495024
NI03PEGNRST2014,DA_LIC_CHG,-6.116319967463852
NI03PEGNRST2015,DA_LIC_CHG,-2.194626216473706
NI03PEGNRST2016,DA_LIC_CHG,-21.930623957844155
NI03PEGNRST2017,DA_LIC_CHG,-3.4249739052224246
NI03PEGNRST2018,DA_LIC_CHG,-113.63839117205731
NI03PEGNRST2019,DA_LIC_CHG,-2.126639734335358
NI03PEGNRST2020,DA_LIC_CHG,-50.11019818219758
NI03PEGNRST2021,DA_LIC_CHG,-33.65778684244108
NI03PEGNRST2022,DA_LIC_CHG,-1835.6639915767025
NI03PEGNRST2023,DA_LIC_CHG,0.0
NI03PEGNRST2024,DA_LIC_CHG,0.0
NI03PEGNRST2012,DA_LIC_CLO,1.5897192441847192
NI03PEGNRST2013,DA_LIC_CLO,2.340914577703472
NI03PEGNRST2014,DA_LIC_CLO,7.153736598831244
NI03PEGNRST2015,DA_LIC_CLO,2.5668666729436076
NI03PEGNRST2016,DA_LIC_CLO,25.65037605570007
NI03PEGNRST2017,DA_LIC_CLO,4.005899185485417
NI03PEGNRST2018,DA_LIC_CLO,132.91311152528456
NI03PEGNRST2019,DA_LIC_CLO,2.487348696760855
NI03PEGNRST2020,DA_LIC_CLO,58.609615032830995
NI03PEGNRST2021,DA_LIC_CLO,39.36663595941189
NI03PEGNRST2022,DA_LIC_CLO,2147.019245159613
NI03PEGNRST2023,DA_LIC_CLO,0.0
NI03PEGNRST2024,DA_LIC_CLO,0.0
