GOC_ID,VARIABLE_NAME,1
NI01PAMIHQS2021,ACTUARIAL_ACTUAL_CLAIMS_CF_CY,0.0
NI01PAMIHQS2021,ACTUARIAL_ACTUAL_CLAIMS_CF_PY,0.0
NI01PAMIHQS2021,ACTUARIAL_ACTUAL_EXPENSE_CF_PY,0.0
NI01PAMIHQS2021,ACTUARIAL_ACTUAL_EXPENSE_CLHANDL_CF_CY,0.0
NI01PAMIHQS2021,ACTUARIAL_ACTUAL_EXPENSE_NCLHANDL_CF_CY,0.0
NI01PAMIHQS2021,INVESTMENT_INCOME_OCI,0.0
NI01PAMIHQS2021,INVESTMENT_INCOME_PNL,0.0
NI01PAMIHQS2021,NON_ATTRIBUTABLE_EXPENSE,0.0
NI01PAMIHQS2022,ACTUARIAL_ACTUAL_CLAIMS_CF_CY,0.0
NI01PAMIHQS2022,ACTUARIAL_ACTUAL_CLAIMS_CF_PY,37457.91110726807
NI01PAMIHQS2022,ACTUARIAL_ACTUAL_EXPENSE_CF_PY,0.0
NI01PAMIHQS2022,ACTUARIAL_ACTUAL_EXPENSE_CLHANDL_CF_CY,0.0
NI01PAMIHQS2022,ACTUARIAL_ACTUAL_EXPENSE_NCLHANDL_CF_CY,0.0
NI01PAMIHQS2022,INVESTMENT_INCOME_OCI,0.0
NI01PAMIHQS2022,INVESTMENT_INCOME_PNL,0.0
NI01PAMIHQS2022,NON_ATTRIBUTABLE_EXPENSE,0.0
NI01PAMIHQS2023,ACTUARIAL_ACTUAL_CLAIMS_CF_CY,0.0
NI01PAMIHQS2023,ACTUARIAL_ACTUAL_CLAIMS_CF_PY,0.0
NI01PAMIHQS2023,ACTUARIAL_ACTUAL_EXPENSE_CF_PY,0.0
NI01PAMIHQS2023,ACTUARIAL_ACTUAL_EXPENSE_CLHANDL_CF_CY,0.0
NI01PAMIHQS2023,ACTUARIAL_ACTUAL_EXPENSE_NCLHANDL_CF_CY,0.0
NI01PAMIHQS2023,INVESTMENT_INCOME_OCI,0.0
NI01PAMIHQS2023,INVESTMENT_INCOME_PNL,0.0
NI01PAMIHQS2023,NON_ATTRIBUTABLE_EXPENSE,0.0
