GOC_ID,VARIABLE_NAME,1
NI01PCBCHLT2023,ACTUARIAL_ACTUAL_CLAIMS_CF_CY,0.0
NI01PCBCHLT2023,ACTUARIAL_ACTUAL_CLAIMS_CF_PY,0.0
NI01PCBCHLT2023,ACTUARIAL_ACTUAL_EXPENSE_CF_PY,0.0
NI01PCBCHLT2023,ACTUARIAL_ACTUAL_EXPENSE_CLHANDL_CF_CY,0.0
NI01PCBCHLT2023,ACTUARIAL_ACTUAL_EXPENSE_NCLHANDL_CF_CY,0.0
NI01PCBCHLT2023,INVESTMENT_INCOME_OCI,0.0
NI01PCBCHLT2023,INVESTMENT_INCOME_PNL,0.0
NI01PCBCHLT2023,NON_ATTRIBUTABLE_EXPENSE,0.0
NI01PCBCHLT2024,ACTUARIAL_ACTUAL_CLAIMS_CF_CY,0.0
NI01PCBCHLT2024,ACTUARIAL_ACTUAL_CLAIMS_CF_PY,-7067.516679999991
NI01PCBCHLT2024,ACTUARIAL_ACTUAL_EXPENSE_CF_PY,0.0
NI01PCBCHLT2024,ACTUARIAL_ACTUAL_EXPENSE_CLHANDL_CF_CY,0.0
NI01PCBCHLT2024,ACTUARIAL_ACTUAL_EXPENSE_NCLHANDL_CF_CY,0.0
NI01PCBCHLT2024,INVESTMENT_INCOME_OCI,0.0
NI01PCBCHLT2024,INVESTMENT_INCOME_PNL,0.0
NI01PCBCHLT2024,NON_ATTRIBUTABLE_EXPENSE,0.0
NI01PCBCHLT2025,ACTUARIAL_ACTUAL_CLAIMS_CF_CY,-157138.64813699998
NI01PCBCHLT2025,ACTUARIAL_ACTUAL_CLAIMS_CF_PY,0.0
NI01PCBCHLT2025,ACTUARIAL_ACTUAL_EXPENSE_CF_PY,0.0
NI01PCBCHLT2025,ACTUARIAL_ACTUAL_EXPENSE_CLHANDL_CF_CY,0.0
NI01PCBCHLT2025,ACTUARIAL_ACTUAL_EXPENSE_NCLHANDL_CF_CY,0.0
NI01PCBCHLT2025,INVESTMENT_INCOME_OCI,0.0
NI01PCBCHLT2025,INVESTMENT_INCOME_PNL,0.0
NI01PCBCHLT2025,NON_ATTRIBUTABLE_EXPENSE,0.0
NI01PCBRHLT2023,ACTUARIAL_ACTUAL_CLAIMS_CF_CY,0.0
NI01PCBRHLT2023,ACTUARIAL_ACTUAL_CLAIMS_CF_PY,0.0
NI01PCBRHLT2023,ACTUARIAL_ACTUAL_EXPENSE_CF_PY,0.0
NI01PCBRHLT2023,ACTUARIAL_ACTUAL_EXPENSE_CLHANDL_CF_CY,0.0
NI01PCBRHLT2023,ACTUARIAL_ACTUAL_EXPENSE_NCLHANDL_CF_CY,0.0
NI01PCBRHLT2023,INVESTMENT_INCOME_OCI,0.0
NI01PCBRHLT2023,INVESTMENT_INCOME_PNL,0.0
NI01PCBRHLT2023,NON_ATTRIBUTABLE_EXPENSE,0.0
NI01PCBRHLT2024,ACTUARIAL_ACTUAL_CLAIMS_CF_CY,0.0
NI01PCBRHLT2024,ACTUARIAL_ACTUAL_CLAIMS_CF_PY,350452.6100099998
NI01PCBRHLT2024,ACTUARIAL_ACTUAL_EXPENSE_CF_PY,0.0
NI01PCBRHLT2024,ACTUARIAL_ACTUAL_EXPENSE_CLHANDL_CF_CY,0.0
NI01PCBRHLT2024,ACTUARIAL_ACTUAL_EXPENSE_NCLHANDL_CF_CY,0.0
NI01PCBRHLT2024,INVESTMENT_INCOME_OCI,0.0
NI01PCBRHLT2024,INVESTMENT_INCOME_PNL,0.0
NI01PCBRHLT2024,NON_ATTRIBUTABLE_EXPENSE,0.0
NI01PCBRHLT2025,ACTUARIAL_ACTUAL_CLAIMS_CF_CY,2718337.59435
NI01PCBRHLT2025,ACTUARIAL_ACTUAL_CLAIMS_CF_PY,0.0
NI01PCBRHLT2025,ACTUARIAL_ACTUAL_EXPENSE_CF_PY,0.0
NI01PCBRHLT2025,ACTUARIAL_ACTUAL_EXPENSE_CLHANDL_CF_CY,0.0
NI01PCBRHLT2025,ACTUARIAL_ACTUAL_EXPENSE_NCLHANDL_CF_CY,0.0
NI01PCBRHLT2025,INVESTMENT_INCOME_OCI,0.0
NI01PCBRHLT2025,INVESTMENT_INCOME_PNL,0.0
NI01PCBRHLT2025,NON_ATTRIBUTABLE_EXPENSE,0.0
NI01PCECHLT2023,ACTUARIAL_ACTUAL_CLAIMS_CF_CY,0.0
NI01PCECHLT2023,ACTUARIAL_ACTUAL_CLAIMS_CF_PY,0.0
NI01PCECHLT2023,ACTUARIAL_ACTUAL_EXPENSE_CF_PY,0.0
NI01PCECHLT2023,ACTUARIAL_ACTUAL_EXPENSE_CLHANDL_CF_CY,0.0
NI01PCECHLT2023,ACTUARIAL_ACTUAL_EXPENSE_NCLHANDL_CF_CY,0.0
NI01PCECHLT2023,INVESTMENT_INCOME_OCI,0.0
NI01PCECHLT2023,INVESTMENT_INCOME_PNL,0.0
NI01PCECHLT2023,NON_ATTRIBUTABLE_EXPENSE,0.0
NI01PCECHLT2024,ACTUARIAL_ACTUAL_CLAIMS_CF_CY,0.0
NI01PCECHLT2024,ACTUARIAL_ACTUAL_CLAIMS_CF_PY,-29816.531410000003
NI01PCECHLT2024,ACTUARIAL_ACTUAL_EXPENSE_CF_PY,0.0
NI01PCECHLT2024,ACTUARIAL_ACTUAL_EXPENSE_CLHANDL_CF_CY,0.0
NI01PCECHLT2024,ACTUARIAL_ACTUAL_EXPENSE_NCLHANDL_CF_CY,0.0
NI01PCECHLT2024,INVESTMENT_INCOME_OCI,0.0
NI01PCECHLT2024,INVESTMENT_INCOME_PNL,0.0
NI01PCECHLT2024,NON_ATTRIBUTABLE_EXPENSE,0.0
NI01PCECHLT2025,ACTUARIAL_ACTUAL_CLAIMS_CF_CY,-45053.14893
NI01PCECHLT2025,ACTUARIAL_ACTUAL_CLAIMS_CF_PY,0.0
NI01PCECHLT2025,ACTUARIAL_ACTUAL_EXPENSE_CF_PY,0.0
NI01PCECHLT2025,ACTUARIAL_ACTUAL_EXPENSE_CLHANDL_CF_CY,0.0
NI01PCECHLT2025,ACTUARIAL_ACTUAL_EXPENSE_NCLHANDL_CF_CY,0.0
NI01PCECHLT2025,INVESTMENT_INCOME_OCI,0.0
NI01PCECHLT2025,INVESTMENT_INCOME_PNL,0.0
NI01PCECHLT2025,NON_ATTRIBUTABLE_EXPENSE,0.0
NI01PCGOHLT2023,ACTUARIAL_ACTUAL_CLAIMS_CF_CY,0.0
NI01PCGOHLT2023,ACTUARIAL_ACTUAL_CLAIMS_CF_PY,0.0
NI01PCGOHLT2023,ACTUARIAL_ACTUAL_EXPENSE_CF_PY,0.0
NI01PCGOHLT2023,ACTUARIAL_ACTUAL_EXPENSE_CLHANDL_CF_CY,0.0
NI01PCGOHLT2023,ACTUARIAL_ACTUAL_EXPENSE_NCLHANDL_CF_CY,0.0
NI01PCGOHLT2023,INVESTMENT_INCOME_OCI,0.0
NI01PCGOHLT2023,INVESTMENT_INCOME_PNL,0.0
NI01PCGOHLT2023,NON_ATTRIBUTABLE_EXPENSE,0.0
NI01PCGOHLT2024,ACTUARIAL_ACTUAL_CLAIMS_CF_CY,0.0
NI01PCGOHLT2024,ACTUARIAL_ACTUAL_CLAIMS_CF_PY,-2191260.9482439975
NI01PCGOHLT2024,ACTUARIAL_ACTUAL_EXPENSE_CF_PY,0.0
NI01PCGOHLT2024,ACTUARIAL_ACTUAL_EXPENSE_CLHANDL_CF_CY,0.0
NI01PCGOHLT2024,ACTUARIAL_ACTUAL_EXPENSE_NCLHANDL_CF_CY,0.0
NI01PCGOHLT2024,INVESTMENT_INCOME_OCI,0.0
NI01PCGOHLT2024,INVESTMENT_INCOME_PNL,0.0
NI01PCGOHLT2024,NON_ATTRIBUTABLE_EXPENSE,0.0
NI01PCGOHLT2025,ACTUARIAL_ACTUAL_CLAIMS_CF_CY,-15741398.57687
NI01PCGOHLT2025,ACTUARIAL_ACTUAL_CLAIMS_CF_PY,0.0
NI01PCGOHLT2025,ACTUARIAL_ACTUAL_EXPENSE_CF_PY,0.0
NI01PCGOHLT2025,ACTUARIAL_ACTUAL_EXPENSE_CLHANDL_CF_CY,0.0
NI01PCGOHLT2025,ACTUARIAL_ACTUAL_EXPENSE_NCLHANDL_CF_CY,0.0
NI01PCGOHLT2025,INVESTMENT_INCOME_OCI,0.0
NI01PCGOHLT2025,INVESTMENT_INCOME_PNL,0.0
NI01PCGOHLT2025,NON_ATTRIBUTABLE_EXPENSE,0.0
NI01PCPLHLT2023,ACTUARIAL_ACTUAL_CLAIMS_CF_CY,0.0
NI01PCPLHLT2023,ACTUARIAL_ACTUAL_CLAIMS_CF_PY,0.0
NI01PCPLHLT2023,ACTUARIAL_ACTUAL_EXPENSE_CF_PY,0.0
NI01PCPLHLT2023,ACTUARIAL_ACTUAL_EXPENSE_CLHANDL_CF_CY,0.0
NI01PCPLHLT2023,ACTUARIAL_ACTUAL_EXPENSE_NCLHANDL_CF_CY,0.0
NI01PCPLHLT2023,INVESTMENT_INCOME_OCI,0.0
NI01PCPLHLT2023,INVESTMENT_INCOME_PNL,0.0
NI01PCPLHLT2023,NON_ATTRIBUTABLE_EXPENSE,0.0
NI01PCPLHLT2024,ACTUARIAL_ACTUAL_CLAIMS_CF_CY,0.0
NI01PCPLHLT2024,ACTUARIAL_ACTUAL_CLAIMS_CF_PY,1683802.7952459983
NI01PCPLHLT2024,ACTUARIAL_ACTUAL_EXPENSE_CF_PY,0.0
NI01PCPLHLT2024,ACTUARIAL_ACTUAL_EXPENSE_CLHANDL_CF_CY,0.0
NI01PCPLHLT2024,ACTUARIAL_ACTUAL_EXPENSE_NCLHANDL_CF_CY,0.0
NI01PCPLHLT2024,INVESTMENT_INCOME_OCI,0.0
NI01PCPLHLT2024,INVESTMENT_INCOME_PNL,0.0
NI01PCPLHLT2024,NON_ATTRIBUTABLE_EXPENSE,0.0
NI01PCPLHLT2025,ACTUARIAL_ACTUAL_CLAIMS_CF_CY,11659375.525264002
NI01PCPLHLT2025,ACTUARIAL_ACTUAL_CLAIMS_CF_PY,0.0
NI01PCPLHLT2025,ACTUARIAL_ACTUAL_EXPENSE_CF_PY,0.0
NI01PCPLHLT2025,ACTUARIAL_ACTUAL_EXPENSE_CLHANDL_CF_CY,0.0
NI01PCPLHLT2025,ACTUARIAL_ACTUAL_EXPENSE_NCLHANDL_CF_CY,0.0
NI01PCPLHLT2025,INVESTMENT_INCOME_OCI,0.0
NI01PCPLHLT2025,INVESTMENT_INCOME_PNL,0.0
NI01PCPLHLT2025,NON_ATTRIBUTABLE_EXPENSE,0.0
NI01PCSIHLT2023,ACTUARIAL_ACTUAL_CLAIMS_CF_CY,0.0
NI01PCSIHLT2023,ACTUARIAL_ACTUAL_CLAIMS_CF_PY,0.0
NI01PCSIHLT2023,ACTUARIAL_ACTUAL_EXPENSE_CF_PY,0.0
NI01PCSIHLT2023,ACTUARIAL_ACTUAL_EXPENSE_CLHANDL_CF_CY,0.0
NI01PCSIHLT2023,ACTUARIAL_ACTUAL_EXPENSE_NCLHANDL_CF_CY,0.0
NI01PCSIHLT2023,INVESTMENT_INCOME_OCI,0.0
NI01PCSIHLT2023,INVESTMENT_INCOME_PNL,0.0
NI01PCSIHLT2023,NON_ATTRIBUTABLE_EXPENSE,0.0
NI01PCSIHLT2024,ACTUARIAL_ACTUAL_CLAIMS_CF_CY,0.0
NI01PCSIHLT2024,ACTUARIAL_ACTUAL_CLAIMS_CF_PY,-609071.1572600002
NI01PCSIHLT2024,ACTUARIAL_ACTUAL_EXPENSE_CF_PY,0.0
NI01PCSIHLT2024,ACTUARIAL_ACTUAL_EXPENSE_CLHANDL_CF_CY,0.0
NI01PCSIHLT2024,ACTUARIAL_ACTUAL_EXPENSE_NCLHANDL_CF_CY,0.0
NI01PCSIHLT2024,INVESTMENT_INCOME_OCI,0.0
NI01PCSIHLT2024,INVESTMENT_INCOME_PNL,0.0
NI01PCSIHLT2024,NON_ATTRIBUTABLE_EXPENSE,0.0
NI01PCSIHLT2025,ACTUARIAL_ACTUAL_CLAIMS_CF_CY,-4825430.33888
NI01PCSIHLT2025,ACTUARIAL_ACTUAL_CLAIMS_CF_PY,0.0
NI01PCSIHLT2025,ACTUARIAL_ACTUAL_EXPENSE_CF_PY,0.0
NI01PCSIHLT2025,ACTUARIAL_ACTUAL_EXPENSE_CLHANDL_CF_CY,0.0
NI01PCSIHLT2025,ACTUARIAL_ACTUAL_EXPENSE_NCLHANDL_CF_CY,0.0
NI01PCSIHLT2025,INVESTMENT_INCOME_OCI,0.0
NI01PCSIHLT2025,INVESTMENT_INCOME_PNL,0.0
NI01PCSIHLT2025,NON_ATTRIBUTABLE_EXPENSE,0.0
NI01PIMEHLT2023,ACTUARIAL_ACTUAL_CLAIMS_CF_CY,0.0
NI01PIMEHLT2023,ACTUARIAL_ACTUAL_CLAIMS_CF_PY,0.0
NI01PIMEHLT2023,ACTUARIAL_ACTUAL_EXPENSE_CF_PY,0.0
NI01PIMEHLT2023,ACTUARIAL_ACTUAL_EXPENSE_CLHANDL_CF_CY,0.0
NI01PIMEHLT2023,ACTUARIAL_ACTUAL_EXPENSE_NCLHANDL_CF_CY,0.0
NI01PIMEHLT2023,INVESTMENT_INCOME_OCI,0.0
NI01PIMEHLT2023,INVESTMENT_INCOME_PNL,0.0
NI01PIMEHLT2023,NON_ATTRIBUTABLE_EXPENSE,0.0
NI01PIMEHLT2024,ACTUARIAL_ACTUAL_CLAIMS_CF_CY,0.0
NI01PIMEHLT2024,ACTUARIAL_ACTUAL_CLAIMS_CF_PY,-166955.75368000005
NI01PIMEHLT2024,ACTUARIAL_ACTUAL_EXPENSE_CF_PY,0.0
NI01PIMEHLT2024,ACTUARIAL_ACTUAL_EXPENSE_CLHANDL_CF_CY,0.0
NI01PIMEHLT2024,ACTUARIAL_ACTUAL_EXPENSE_NCLHANDL_CF_CY,0.0
NI01PIMEHLT2024,INVESTMENT_INCOME_OCI,0.0
NI01PIMEHLT2024,INVESTMENT_INCOME_PNL,0.0
NI01PIMEHLT2024,NON_ATTRIBUTABLE_EXPENSE,0.0
NI01PIMEHLT2025,ACTUARIAL_ACTUAL_CLAIMS_CF_CY,-719188.6071799999
NI01PIMEHLT2025,ACTUARIAL_ACTUAL_CLAIMS_CF_PY,0.0
NI01PIMEHLT2025,ACTUARIAL_ACTUAL_EXPENSE_CF_PY,0.0
NI01PIMEHLT2025,ACTUARIAL_ACTUAL_EXPENSE_CLHANDL_CF_CY,0.0
NI01PIMEHLT2025,ACTUARIAL_ACTUAL_EXPENSE_NCLHANDL_CF_CY,0.0
NI01PIMEHLT2025,INVESTMENT_INCOME_OCI,0.0
NI01PIMEHLT2025,INVESTMENT_INCOME_PNL,0.0
NI01PIMEHLT2025,NON_ATTRIBUTABLE_EXPENSE,0.0
NI01PPBRHLT2023,ACTUARIAL_ACTUAL_CLAIMS_CF_CY,0.0
NI01PPBRHLT2023,ACTUARIAL_ACTUAL_CLAIMS_CF_PY,0.0
NI01PPBRHLT2023,ACTUARIAL_ACTUAL_EXPENSE_CF_PY,0.0
NI01PPBRHLT2023,ACTUARIAL_ACTUAL_EXPENSE_CLHANDL_CF_CY,0.0
NI01PPBRHLT2023,ACTUARIAL_ACTUAL_EXPENSE_NCLHANDL_CF_CY,0.0
NI01PPBRHLT2023,INVESTMENT_INCOME_OCI,0.0
NI01PPBRHLT2023,INVESTMENT_INCOME_PNL,0.0
NI01PPBRHLT2023,NON_ATTRIBUTABLE_EXPENSE,0.0
NI01PPBRHLT2024,ACTUARIAL_ACTUAL_CLAIMS_CF_CY,0.0
NI01PPBRHLT2024,ACTUARIAL_ACTUAL_CLAIMS_CF_PY,-16559.55383000001
NI01PPBRHLT2024,ACTUARIAL_ACTUAL_EXPENSE_CF_PY,0.0
NI01PPBRHLT2024,ACTUARIAL_ACTUAL_EXPENSE_CLHANDL_CF_CY,0.0
NI01PPBRHLT2024,ACTUARIAL_ACTUAL_EXPENSE_NCLHANDL_CF_CY,0.0
NI01PPBRHLT2024,INVESTMENT_INCOME_OCI,0.0
NI01PPBRHLT2024,INVESTMENT_INCOME_PNL,0.0
NI01PPBRHLT2024,NON_ATTRIBUTABLE_EXPENSE,0.0
NI01PPBRHLT2025,ACTUARIAL_ACTUAL_CLAIMS_CF_CY,-134635.86967
NI01PPBRHLT2025,ACTUARIAL_ACTUAL_CLAIMS_CF_PY,0.0
NI01PPBRHLT2025,ACTUARIAL_ACTUAL_EXPENSE_CF_PY,0.0
NI01PPBRHLT2025,ACTUARIAL_ACTUAL_EXPENSE_CLHANDL_CF_CY,0.0
NI01PPBRHLT2025,ACTUARIAL_ACTUAL_EXPENSE_NCLHANDL_CF_CY,0.0
NI01PPBRHLT2025,INVESTMENT_INCOME_OCI,0.0
NI01PPBRHLT2025,INVESTMENT_INCOME_PNL,0.0
NI01PPBRHLT2025,NON_ATTRIBUTABLE_EXPENSE,0.0
NI01PPGOHLT2023,ACTUARIAL_ACTUAL_CLAIMS_CF_CY,0.0
NI01PPGOHLT2023,ACTUARIAL_ACTUAL_CLAIMS_CF_PY,0.0
NI01PPGOHLT2023,ACTUARIAL_ACTUAL_EXPENSE_CF_PY,0.0
NI01PPGOHLT2023,ACTUARIAL_ACTUAL_EXPENSE_CLHANDL_CF_CY,0.0
NI01PPGOHLT2023,ACTUARIAL_ACTUAL_EXPENSE_NCLHANDL_CF_CY,0.0
NI01PPGOHLT2023,INVESTMENT_INCOME_OCI,0.0
NI01PPGOHLT2023,INVESTMENT_INCOME_PNL,0.0
NI01PPGOHLT2023,NON_ATTRIBUTABLE_EXPENSE,0.0
NI01PPGOHLT2024,ACTUARIAL_ACTUAL_CLAIMS_CF_CY,0.0
NI01PPGOHLT2024,ACTUARIAL_ACTUAL_CLAIMS_CF_PY,-16356.413569999993
NI01PPGOHLT2024,ACTUARIAL_ACTUAL_EXPENSE_CF_PY,0.0
NI01PPGOHLT2024,ACTUARIAL_ACTUAL_EXPENSE_CLHANDL_CF_CY,0.0
NI01PPGOHLT2024,ACTUARIAL_ACTUAL_EXPENSE_NCLHANDL_CF_CY,0.0
NI01PPGOHLT2024,INVESTMENT_INCOME_OCI,0.0
NI01PPGOHLT2024,INVESTMENT_INCOME_PNL,0.0
NI01PPGOHLT2024,NON_ATTRIBUTABLE_EXPENSE,0.0
NI01PPGOHLT2025,ACTUARIAL_ACTUAL_CLAIMS_CF_CY,-209570.30861
NI01PPGOHLT2025,ACTUARIAL_ACTUAL_CLAIMS_CF_PY,0.0
NI01PPGOHLT2025,ACTUARIAL_ACTUAL_EXPENSE_CF_PY,0.0
NI01PPGOHLT2025,ACTUARIAL_ACTUAL_EXPENSE_CLHANDL_CF_CY,0.0
NI01PPGOHLT2025,ACTUARIAL_ACTUAL_EXPENSE_NCLHANDL_CF_CY,0.0
NI01PPGOHLT2025,INVESTMENT_INCOME_OCI,0.0
NI01PPGOHLT2025,INVESTMENT_INCOME_PNL,0.0
NI01PPGOHLT2025,NON_ATTRIBUTABLE_EXPENSE,0.0
NI01PPPLHLT2023,ACTUARIAL_ACTUAL_CLAIMS_CF_CY,0.0
NI01PPPLHLT2023,ACTUARIAL_ACTUAL_CLAIMS_CF_PY,0.0
NI01PPPLHLT2023,ACTUARIAL_ACTUAL_EXPENSE_CF_PY,0.0
NI01PPPLHLT2023,ACTUARIAL_ACTUAL_EXPENSE_CLHANDL_CF_CY,0.0
NI01PPPLHLT2023,ACTUARIAL_ACTUAL_EXPENSE_NCLHANDL_CF_CY,0.0
NI01PPPLHLT2023,INVESTMENT_INCOME_OCI,0.0
NI01PPPLHLT2023,INVESTMENT_INCOME_PNL,0.0
NI01PPPLHLT2023,NON_ATTRIBUTABLE_EXPENSE,0.0
NI01PPPLHLT2024,ACTUARIAL_ACTUAL_CLAIMS_CF_CY,0.0
NI01PPPLHLT2024,ACTUARIAL_ACTUAL_CLAIMS_CF_PY,-59033.642459999995
NI01PPPLHLT2024,ACTUARIAL_ACTUAL_EXPENSE_CF_PY,0.0
NI01PPPLHLT2024,ACTUARIAL_ACTUAL_EXPENSE_CLHANDL_CF_CY,0.0
NI01PPPLHLT2024,ACTUARIAL_ACTUAL_EXPENSE_NCLHANDL_CF_CY,0.0
NI01PPPLHLT2024,INVESTMENT_INCOME_OCI,0.0
NI01PPPLHLT2024,INVESTMENT_INCOME_PNL,0.0
NI01PPPLHLT2024,NON_ATTRIBUTABLE_EXPENSE,0.0
NI01PPPLHLT2025,ACTUARIAL_ACTUAL_CLAIMS_CF_CY,-475948.85305000003
NI01PPPLHLT2025,ACTUARIAL_ACTUAL_CLAIMS_CF_PY,0.0
NI01PPPLHLT2025,ACTUARIAL_ACTUAL_EXPENSE_CF_PY,0.0
NI01PPPLHLT2025,ACTUARIAL_ACTUAL_EXPENSE_CLHANDL_CF_CY,0.0
NI01PPPLHLT2025,ACTUARIAL_ACTUAL_EXPENSE_NCLHANDL_CF_CY,0.0
NI01PPPLHLT2025,INVESTMENT_INCOME_OCI,0.0
NI01PPPLHLT2025,INVESTMENT_INCOME_PNL,0.0
NI01PPPLHLT2025,NON_ATTRIBUTABLE_EXPENSE,0.0
NI01PPSIHLT2023,ACTUARIAL_ACTUAL_CLAIMS_CF_CY,0.0
NI01PPSIHLT2023,ACTUARIAL_ACTUAL_CLAIMS_CF_PY,0.0
NI01PPSIHLT2023,ACTUARIAL_ACTUAL_EXPENSE_CF_PY,0.0
NI01PPSIHLT2023,ACTUARIAL_ACTUAL_EXPENSE_CLHANDL_CF_CY,0.0
NI01PPSIHLT2023,ACTUARIAL_ACTUAL_EXPENSE_NCLHANDL_CF_CY,0.0
NI01PPSIHLT2023,INVESTMENT_INCOME_OCI,0.0
NI01PPSIHLT2023,INVESTMENT_INCOME_PNL,0.0
NI01PPSIHLT2023,NON_ATTRIBUTABLE_EXPENSE,0.0
NI01PPSIHLT2024,ACTUARIAL_ACTUAL_CLAIMS_CF_CY,0.0
NI01PPSIHLT2024,ACTUARIAL_ACTUAL_CLAIMS_CF_PY,-6862.672299999997
NI01PPSIHLT2024,ACTUARIAL_ACTUAL_EXPENSE_CF_PY,0.0
NI01PPSIHLT2024,ACTUARIAL_ACTUAL_EXPENSE_CLHANDL_CF_CY,0.0
NI01PPSIHLT2024,ACTUARIAL_ACTUAL_EXPENSE_NCLHANDL_CF_CY,0.0
NI01PPSIHLT2024,INVESTMENT_INCOME_OCI,0.0
NI01PPSIHLT2024,INVESTMENT_INCOME_PNL,0.0
NI01PPSIHLT2024,NON_ATTRIBUTABLE_EXPENSE,0.0
NI01PPSIHLT2025,ACTUARIAL_ACTUAL_CLAIMS_CF_CY,-101965.13664
NI01PPSIHLT2025,ACTUARIAL_ACTUAL_CLAIMS_CF_PY,0.0
NI01PPSIHLT2025,ACTUARIAL_ACTUAL_EXPENSE_CF_PY,0.0
NI01PPSIHLT2025,ACTUARIAL_ACTUAL_EXPENSE_CLHANDL_CF_CY,0.0
NI01PPSIHLT2025,ACTUARIAL_ACTUAL_EXPENSE_NCLHANDL_CF_CY,0.0
NI01PPSIHLT2025,INVESTMENT_INCOME_OCI,0.0
NI01PPSIHLT2025,INVESTMENT_INCOME_PNL,0.0
NI01PPSIHLT2025,NON_ATTRIBUTABLE_EXPENSE,0.0
NI01PIMEDQS2023,ACTUARIAL_ACTUAL_CLAIMS_CF_CY,0.0
NI01PIMEDQS2023,ACTUARIAL_ACTUAL_CLAIMS_CF_PY,0.0
NI01PIMEDQS2023,ACTUARIAL_ACTUAL_EXPENSE_CF_PY,0.0
NI01PIMEDQS2023,ACTUARIAL_ACTUAL_EXPENSE_CLHANDL_CF_CY,0.0
NI01PIMEDQS2023,ACTUARIAL_ACTUAL_EXPENSE_NCLHANDL_CF_CY,0.0
NI01PIMEDQS2023,INVESTMENT_INCOME_OCI,0.0
NI01PIMEDQS2023,INVESTMENT_INCOME_PNL,0.0
NI01PIMEDQS2023,NON_ATTRIBUTABLE_EXPENSE,0.0
NI01PIMEDQS2024,ACTUARIAL_ACTUAL_CLAIMS_CF_CY,0.0
NI01PIMEDQS2024,ACTUARIAL_ACTUAL_CLAIMS_CF_PY,-731840.2894399998
NI01PIMEDQS2024,ACTUARIAL_ACTUAL_EXPENSE_CF_PY,0.0
NI01PIMEDQS2024,ACTUARIAL_ACTUAL_EXPENSE_CLHANDL_CF_CY,0.0
NI01PIMEDQS2024,ACTUARIAL_ACTUAL_EXPENSE_NCLHANDL_CF_CY,0.0
NI01PIMEDQS2024,INVESTMENT_INCOME_OCI,0.0
NI01PIMEDQS2024,INVESTMENT_INCOME_PNL,0.0
NI01PIMEDQS2024,NON_ATTRIBUTABLE_EXPENSE,0.0
NI01PIMEDQS2025,ACTUARIAL_ACTUAL_CLAIMS_CF_CY,0.0
NI01PIMEDQS2025,ACTUARIAL_ACTUAL_CLAIMS_CF_PY,0.0
NI01PIMEDQS2025,ACTUARIAL_ACTUAL_EXPENSE_CF_PY,0.0
NI01PIMEDQS2025,ACTUARIAL_ACTUAL_EXPENSE_CLHANDL_CF_CY,0.0
NI01PIMEDQS2025,ACTUARIAL_ACTUAL_EXPENSE_NCLHANDL_CF_CY,0.0
NI01PIMEDQS2025,INVESTMENT_INCOME_OCI,0.0
NI01PIMEDQS2025,INVESTMENT_INCOME_PNL,0.0
NI01PIMEDQS2025,NON_ATTRIBUTABLE_EXPENSE,0.0
