GOC_ID,STEP_ID,1
NI01PCBCHLT2022,PVFC_LIC_UNWIND,0.0
NI01PCBCHLT2022,PVFC_LIC_EXP_CLAIM_CF_CY,0.0
NI01PCBCHLT2022,PVFC_LIC_EXP_ATTEXP_CY,0.0
NI01PCBCHLT2022,PVFC_LIC_EXP_CLAIM_CF_PY,-5148.962194199048
NI01PCBCHLT2022,PVFC_LIC_EXP_ATTEXP_PY,0.0
NI01PCBCHLT2022,RA_LIC_OP,140.2549349976522
NI01PCBCHLT2022,RA_LIC_UNWIND,2.625465648394439
NI01PCBCHLT2022,RA_LIC_INCLAIM,30.547643474073293
NI01PCBCHLT2022,RA_LIC_RELEASE_PY,-140.91590125869195
NI01PCBCHLT2022,RA_LIC_DEREC,0.0
NI01PCBCHLT2022,RA_LIC_TASSCHG_PY,103.22459993548402
NI01PCBCHLT2022,RA_LIC_FASSCHG_PY,0.0
NI01PCBCHLT2022,RA_LIC_CLO,135.73674279691198
NI01PCBCHLT2023,PVFC_LIC_UNWIND,0.0
NI01PCBCHLT2023,PVFC_LIC_EXP_CLAIM_CF_CY,0.0
NI01PCBCHLT2023,PVFC_LIC_EXP_ATTEXP_CY,0.0
NI01PCBCHLT2023,PVFC_LIC_EXP_CLAIM_CF_PY,-77649.35306200846
NI01PCBCHLT2023,PVFC_LIC_EXP_ATTEXP_PY,0.0
NI01PCBCHLT2023,RA_LIC_OP,2127.5008655206548
NI01PCBCHLT2023,RA_LIC_UNWIND,39.82519716291921
NI01PCBCHLT2023,RA_LIC_INCLAIM,463.3714880107085
NI01PCBCHLT2023,RA_LIC_RELEASE_PY,-2137.526939059283
NI01PCBCHLT2023,RA_LIC_DEREC,0.0
NI01PCBCHLT2023,RA_LIC_TASSCHG_PY,1565.7946418030974
NI01PCBCHLT2023,RA_LIC_FASSCHG_PY,0.0
NI01PCBCHLT2023,RA_LIC_CLO,2058.9652534380966
NI01PCBCHLT2024,PVFC_LIC_UNWIND,0.0
NI01PCBCHLT2024,PVFC_LIC_EXP_CLAIM_CF_CY,0.0
NI01PCBCHLT2024,PVFC_LIC_EXP_ATTEXP_CY,0.0
NI01PCBCHLT2024,PVFC_LIC_EXP_CLAIM_CF_PY,0.0
NI01PCBCHLT2024,PVFC_LIC_EXP_ATTEXP_PY,0.0
NI01PCBCHLT2024,RA_LIC_OP,0.0
NI01PCBCHLT2024,RA_LIC_UNWIND,0.0
NI01PCBCHLT2024,RA_LIC_INCLAIM,0.0
NI01PCBCHLT2024,RA_LIC_RELEASE_PY,0.0
NI01PCBCHLT2024,RA_LIC_DEREC,0.0
NI01PCBCHLT2024,RA_LIC_TASSCHG_PY,0.0
NI01PCBCHLT2024,RA_LIC_FASSCHG_PY,0.0
NI01PCBCHLT2024,RA_LIC_CLO,0.0
NI01PCBCHLT2022,RA_LIC_RELEASE_CY,0.0
NI01PCBCHLT2023,RA_LIC_RELEASE_CY,0.0
NI01PCBCHLT2024,RA_LIC_RELEASE_CY,0.0
NI01PCBCHLT2022,RA_LIC_FEXPVAR_CY,0.0
NI01PCBCHLT2023,RA_LIC_FEXPVAR_CY,0.0
NI01PCBCHLT2024,RA_LIC_FEXPVAR_CY,0.0
NI01PCBCHLT2022,DA_LIC_OP,0.0
NI01PCBCHLT2023,DA_LIC_OP,0.0
NI01PCBCHLT2024,DA_LIC_OP,0.0
NI01PCBCHLT2022,DA_LIC_INCLAIM_INCEXP,0.0
NI01PCBCHLT2023,DA_LIC_INCLAIM_INCEXP,0.0
NI01PCBCHLT2024,DA_LIC_INCLAIM_INCEXP,0.0
NI01PCBCHLT2022,DA_LIC_CHG,0.0
NI01PCBCHLT2023,DA_LIC_CHG,0.0
NI01PCBCHLT2024,DA_LIC_CHG,0.0
NI01PCBCHLT2022,DA_LIC_CLO,0.0
NI01PCBCHLT2023,DA_LIC_CLO,0.0
NI01PCBCHLT2024,DA_LIC_CLO,0.0
NI01PCBRHLT2022,PVFC_LIC_UNWIND,0.0
NI01PCBRHLT2022,PVFC_LIC_EXP_CLAIM_CF_CY,0.0
NI01PCBRHLT2022,PVFC_LIC_EXP_ATTEXP_CY,0.0
NI01PCBRHLT2022,PVFC_LIC_EXP_CLAIM_CF_PY,-23255.62906805484
NI01PCBRHLT2022,PVFC_LIC_EXP_ATTEXP_PY,0.0
NI01PCBRHLT2022,RA_LIC_OP,637.2590537863712
NI01PCBRHLT2022,RA_LIC_UNWIND,11.604170910004868
NI01PCBRHLT2022,RA_LIC_INCLAIM,671.267263747258
NI01PCBRHLT2022,RA_LIC_RELEASE_PY,-629.5503348418354
NI01PCBRHLT2022,RA_LIC_DEREC,0.0
NI01PCBRHLT2022,RA_LIC_TASSCHG_PY,72.617409898359
NI01PCBRHLT2022,RA_LIC_FASSCHG_PY,0.0
NI01PCBRHLT2022,RA_LIC_CLO,763.1975635001578
NI01PCBRHLT2023,PVFC_LIC_UNWIND,0.0
NI01PCBRHLT2023,PVFC_LIC_EXP_CLAIM_CF_CY,0.0
NI01PCBRHLT2023,PVFC_LIC_EXP_ATTEXP_CY,0.0
NI01PCBRHLT2023,PVFC_LIC_EXP_CLAIM_CF_PY,-373308.49068092136
NI01PCBRHLT2023,PVFC_LIC_EXP_ATTEXP_PY,0.0
NI01PCBRHLT2023,RA_LIC_OP,10407.814104372648
NI01PCBRHLT2023,RA_LIC_UNWIND,189.52112637568987
NI01PCBRHLT2023,RA_LIC_INCLAIM,10963.241485423301
NI01PCBRHLT2023,RA_LIC_RELEASE_PY,-10281.914106120947
NI01PCBRHLT2023,RA_LIC_DEREC,0.0
NI01PCBRHLT2023,RA_LIC_TASSCHG_PY,1185.9988468936122
NI01PCBRHLT2023,RA_LIC_FASSCHG_PY,0.0
NI01PCBRHLT2023,RA_LIC_CLO,12464.661456944308
NI01PCBRHLT2024,PVFC_LIC_UNWIND,0.0
NI01PCBRHLT2024,PVFC_LIC_EXP_CLAIM_CF_CY,0.0
NI01PCBRHLT2024,PVFC_LIC_EXP_ATTEXP_CY,0.0
NI01PCBRHLT2024,PVFC_LIC_EXP_CLAIM_CF_PY,0.0
NI01PCBRHLT2024,PVFC_LIC_EXP_ATTEXP_PY,0.0
NI01PCBRHLT2024,RA_LIC_OP,0.0
NI01PCBRHLT2024,RA_LIC_UNWIND,0.0
NI01PCBRHLT2024,RA_LIC_INCLAIM,0.0
NI01PCBRHLT2024,RA_LIC_RELEASE_PY,0.0
NI01PCBRHLT2024,RA_LIC_DEREC,0.0
NI01PCBRHLT2024,RA_LIC_TASSCHG_PY,0.0
NI01PCBRHLT2024,RA_LIC_FASSCHG_PY,0.0
NI01PCBRHLT2024,RA_LIC_CLO,0.0
NI01PCBRHLT2022,RA_LIC_RELEASE_CY,0.0
NI01PCBRHLT2023,RA_LIC_RELEASE_CY,0.0
NI01PCBRHLT2024,RA_LIC_RELEASE_CY,0.0
NI01PCBRHLT2022,RA_LIC_FEXPVAR_CY,0.0
NI01PCBRHLT2023,RA_LIC_FEXPVAR_CY,0.0
NI01PCBRHLT2024,RA_LIC_FEXPVAR_CY,0.0
NI01PCBRHLT2022,DA_LIC_OP,0.0
NI01PCBRHLT2023,DA_LIC_OP,0.0
NI01PCBRHLT2024,DA_LIC_OP,0.0
NI01PCBRHLT2022,DA_LIC_INCLAIM_INCEXP,0.0
NI01PCBRHLT2023,DA_LIC_INCLAIM_INCEXP,0.0
NI01PCBRHLT2024,DA_LIC_INCLAIM_INCEXP,0.0
NI01PCBRHLT2022,DA_LIC_CHG,0.0
NI01PCBRHLT2023,DA_LIC_CHG,0.0
NI01PCBRHLT2024,DA_LIC_CHG,0.0
NI01PCBRHLT2022,DA_LIC_CLO,0.0
NI01PCBRHLT2023,DA_LIC_CLO,0.0
NI01PCBRHLT2024,DA_LIC_CLO,0.0
NI01PCECHLT2022,PVFC_LIC_UNWIND,0.0
NI01PCECHLT2022,PVFC_LIC_EXP_CLAIM_CF_CY,0.0
NI01PCECHLT2022,PVFC_LIC_EXP_ATTEXP_CY,0.0
NI01PCECHLT2022,PVFC_LIC_EXP_CLAIM_CF_PY,-3346.9262247614547
NI01PCECHLT2022,PVFC_LIC_EXP_ATTEXP_PY,0.0
NI01PCECHLT2022,RA_LIC_OP,91.27763516349147
NI01PCECHLT2022,RA_LIC_UNWIND,2.5447043572421397
NI01PCECHLT2022,RA_LIC_INCLAIM,41.44472460464286
NI01PCECHLT2022,RA_LIC_RELEASE_PY,-74.4778117297667
NI01PCECHLT2022,RA_LIC_DEREC,0.0
NI01PCECHLT2022,RA_LIC_TASSCHG_PY,63.30675872542785
NI01PCECHLT2022,RA_LIC_FASSCHG_PY,0.0
NI01PCECHLT2022,RA_LIC_CLO,124.09601112103765
NI01PCECHLT2023,PVFC_LIC_UNWIND,0.0
NI01PCECHLT2023,PVFC_LIC_EXP_CLAIM_CF_CY,0.0
NI01PCECHLT2023,PVFC_LIC_EXP_ATTEXP_CY,0.0
NI01PCECHLT2023,PVFC_LIC_EXP_CLAIM_CF_PY,-40065.20252422816
NI01PCECHLT2023,PVFC_LIC_EXP_ATTEXP_PY,0.0
NI01PCECHLT2023,RA_LIC_OP,1372.786981089574
NI01PCECHLT2023,RA_LIC_UNWIND,38.27155475803958
NI01PCECHLT2023,RA_LIC_INCLAIM,623.3156486820642
NI01PCECHLT2023,RA_LIC_RELEASE_PY,-1120.1229100593323
NI01PCECHLT2023,RA_LIC_DEREC,0.0
NI01PCECHLT2023,RA_LIC_TASSCHG_PY,952.1137794333043
NI01PCECHLT2023,RA_LIC_FASSCHG_PY,0.0
NI01PCECHLT2023,RA_LIC_CLO,1866.3650539036503
NI01PCECHLT2024,PVFC_LIC_UNWIND,0.0
NI01PCECHLT2024,PVFC_LIC_EXP_CLAIM_CF_CY,0.0
NI01PCECHLT2024,PVFC_LIC_EXP_ATTEXP_CY,0.0
NI01PCECHLT2024,PVFC_LIC_EXP_CLAIM_CF_PY,0.0
NI01PCECHLT2024,PVFC_LIC_EXP_ATTEXP_PY,0.0
NI01PCECHLT2024,RA_LIC_OP,0.0
NI01PCECHLT2024,RA_LIC_UNWIND,0.0
NI01PCECHLT2024,RA_LIC_INCLAIM,0.0
NI01PCECHLT2024,RA_LIC_RELEASE_PY,0.0
NI01PCECHLT2024,RA_LIC_DEREC,0.0
NI01PCECHLT2024,RA_LIC_TASSCHG_PY,0.0
NI01PCECHLT2024,RA_LIC_FASSCHG_PY,0.0
NI01PCECHLT2024,RA_LIC_CLO,0.0
NI01PCECHLT2022,RA_LIC_RELEASE_CY,0.0
NI01PCECHLT2023,RA_LIC_RELEASE_CY,0.0
NI01PCECHLT2024,RA_LIC_RELEASE_CY,0.0
NI01PCECHLT2022,RA_LIC_FEXPVAR_CY,0.0
NI01PCECHLT2023,RA_LIC_FEXPVAR_CY,0.0
NI01PCECHLT2024,RA_LIC_FEXPVAR_CY,0.0
NI01PCECHLT2022,DA_LIC_OP,0.0
NI01PCECHLT2023,DA_LIC_OP,0.0
NI01PCECHLT2024,DA_LIC_OP,0.0
NI01PCECHLT2022,DA_LIC_INCLAIM_INCEXP,0.0
NI01PCECHLT2023,DA_LIC_INCLAIM_INCEXP,0.0
NI01PCECHLT2024,DA_LIC_INCLAIM_INCEXP,0.0
NI01PCECHLT2022,DA_LIC_CHG,0.0
NI01PCECHLT2023,DA_LIC_CHG,0.0
NI01PCECHLT2024,DA_LIC_CHG,0.0
NI01PCECHLT2022,DA_LIC_CLO,0.0
NI01PCECHLT2023,DA_LIC_CLO,0.0
NI01PCECHLT2024,DA_LIC_CLO,0.0
NI01PCGOHLT2022,PVFC_LIC_UNWIND,0.0
NI01PCGOHLT2022,PVFC_LIC_EXP_CLAIM_CF_CY,0.0
NI01PCGOHLT2022,PVFC_LIC_EXP_ATTEXP_CY,0.0
NI01PCGOHLT2022,PVFC_LIC_EXP_CLAIM_CF_PY,-106390.37551898067
NI01PCGOHLT2022,PVFC_LIC_EXP_ATTEXP_PY,0.0
NI01PCGOHLT2022,RA_LIC_OP,3049.366399341247
NI01PCGOHLT2022,RA_LIC_UNWIND,59.088738316828014
NI01PCGOHLT2022,RA_LIC_INCLAIM,3487.7605217694227
NI01PCGOHLT2022,RA_LIC_RELEASE_PY,-2986.7689141916853
NI01PCGOHLT2022,RA_LIC_DEREC,0.0
NI01PCGOHLT2022,RA_LIC_TASSCHG_PY,659.3198918468548
NI01PCGOHLT2022,RA_LIC_FASSCHG_PY,0.0
NI01PCGOHLT2022,RA_LIC_CLO,4268.766637082667
NI01PCGOHLT2023,PVFC_LIC_UNWIND,0.0
NI01PCGOHLT2023,PVFC_LIC_EXP_CLAIM_CF_CY,0.0
NI01PCGOHLT2023,PVFC_LIC_EXP_ATTEXP_CY,0.0
NI01PCGOHLT2023,PVFC_LIC_EXP_CLAIM_CF_PY,-1762673.095388086
NI01PCGOHLT2023,PVFC_LIC_EXP_ATTEXP_PY,0.0
NI01PCGOHLT2023,RA_LIC_OP,49457.369879192775
NI01PCGOHLT2023,RA_LIC_UNWIND,958.354360847392
NI01PCGOHLT2023,RA_LIC_INCLAIM,56567.640481793474
NI01PCGOHLT2023,RA_LIC_RELEASE_PY,-48442.10750297654
NI01PCGOHLT2023,RA_LIC_DEREC,0.0
NI01PCGOHLT2023,RA_LIC_TASSCHG_PY,10693.443650072231
NI01PCGOHLT2023,RA_LIC_FASSCHG_PY,0.0
NI01PCGOHLT2023,RA_LIC_CLO,69234.70086892933
NI01PCGOHLT2024,PVFC_LIC_UNWIND,0.0
NI01PCGOHLT2024,PVFC_LIC_EXP_CLAIM_CF_CY,0.0
NI01PCGOHLT2024,PVFC_LIC_EXP_ATTEXP_CY,0.0
NI01PCGOHLT2024,PVFC_LIC_EXP_CLAIM_CF_PY,0.0
NI01PCGOHLT2024,PVFC_LIC_EXP_ATTEXP_PY,0.0
NI01PCGOHLT2024,RA_LIC_OP,0.0
NI01PCGOHLT2024,RA_LIC_UNWIND,0.0
NI01PCGOHLT2024,RA_LIC_INCLAIM,0.0
NI01PCGOHLT2024,RA_LIC_RELEASE_PY,0.0
NI01PCGOHLT2024,RA_LIC_DEREC,0.0
NI01PCGOHLT2024,RA_LIC_TASSCHG_PY,0.0
NI01PCGOHLT2024,RA_LIC_FASSCHG_PY,0.0
NI01PCGOHLT2024,RA_LIC_CLO,0.0
NI01PCGOHLT2022,RA_LIC_RELEASE_CY,0.0
NI01PCGOHLT2023,RA_LIC_RELEASE_CY,0.0
NI01PCGOHLT2024,RA_LIC_RELEASE_CY,0.0
NI01PCGOHLT2022,RA_LIC_FEXPVAR_CY,0.0
NI01PCGOHLT2023,RA_LIC_FEXPVAR_CY,0.0
NI01PCGOHLT2024,RA_LIC_FEXPVAR_CY,0.0
NI01PCGOHLT2022,DA_LIC_OP,0.0
NI01PCGOHLT2023,DA_LIC_OP,0.0
NI01PCGOHLT2024,DA_LIC_OP,0.0
NI01PCGOHLT2022,DA_LIC_INCLAIM_INCEXP,0.0
NI01PCGOHLT2023,DA_LIC_INCLAIM_INCEXP,0.0
NI01PCGOHLT2024,DA_LIC_INCLAIM_INCEXP,0.0
NI01PCGOHLT2022,DA_LIC_CHG,0.0
NI01PCGOHLT2023,DA_LIC_CHG,0.0
NI01PCGOHLT2024,DA_LIC_CHG,0.0
NI01PCGOHLT2022,DA_LIC_CLO,0.0
NI01PCGOHLT2023,DA_LIC_CLO,0.0
NI01PCGOHLT2024,DA_LIC_CLO,0.0
NI01PCPLHLT2022,PVFC_LIC_UNWIND,0.0
NI01PCPLHLT2022,PVFC_LIC_EXP_CLAIM_CF_CY,0.0
NI01PCPLHLT2022,PVFC_LIC_EXP_ATTEXP_CY,0.0
NI01PCPLHLT2022,PVFC_LIC_EXP_CLAIM_CF_PY,-86921.2060895586
NI01PCPLHLT2022,PVFC_LIC_EXP_ATTEXP_PY,0.0
NI01PCPLHLT2022,RA_LIC_OP,2498.6870302034354
NI01PCPLHLT2022,RA_LIC_UNWIND,48.91918377887955
NI01PCPLHLT2022,RA_LIC_INCLAIM,3499.914749371878
NI01PCPLHLT2022,RA_LIC_RELEASE_PY,-2426.2679900801345
NI01PCPLHLT2022,RA_LIC_DEREC,0.0
NI01PCPLHLT2022,RA_LIC_TASSCHG_PY,369.9101458992246
NI01PCPLHLT2022,RA_LIC_FASSCHG_PY,0.0
NI01PCPLHLT2022,RA_LIC_CLO,3991.1631191732836
NI01PCPLHLT2023,PVFC_LIC_UNWIND,0.0
NI01PCPLHLT2023,PVFC_LIC_EXP_CLAIM_CF_CY,0.0
NI01PCPLHLT2023,PVFC_LIC_EXP_ATTEXP_CY,0.0
NI01PCPLHLT2023,PVFC_LIC_EXP_CLAIM_CF_PY,-1404512.1145950516
NI01PCPLHLT2023,PVFC_LIC_EXP_ATTEXP_PY,0.0
NI01PCPLHLT2023,RA_LIC_OP,39765.18087940142
NI01PCPLHLT2023,RA_LIC_UNWIND,778.5209463713613
NI01PCPLHLT2023,RA_LIC_INCLAIM,55699.14974902896
NI01PCPLHLT2023,RA_LIC_RELEASE_PY,-38612.67310439558
NI01PCPLHLT2023,RA_LIC_DEREC,0.0
NI01PCPLHLT2023,RA_LIC_TASSCHG_PY,5886.909277954201
NI01PCPLHLT2023,RA_LIC_FASSCHG_PY,0.0
NI01PCPLHLT2023,RA_LIC_CLO,63517.08774836037
NI01PCPLHLT2024,PVFC_LIC_UNWIND,0.0
NI01PCPLHLT2024,PVFC_LIC_EXP_CLAIM_CF_CY,0.0
NI01PCPLHLT2024,PVFC_LIC_EXP_ATTEXP_CY,0.0
NI01PCPLHLT2024,PVFC_LIC_EXP_CLAIM_CF_PY,0.0
NI01PCPLHLT2024,PVFC_LIC_EXP_ATTEXP_PY,0.0
NI01PCPLHLT2024,RA_LIC_OP,0.0
NI01PCPLHLT2024,RA_LIC_UNWIND,0.0
NI01PCPLHLT2024,RA_LIC_INCLAIM,0.0
NI01PCPLHLT2024,RA_LIC_RELEASE_PY,0.0
NI01PCPLHLT2024,RA_LIC_DEREC,0.0
NI01PCPLHLT2024,RA_LIC_TASSCHG_PY,0.0
NI01PCPLHLT2024,RA_LIC_FASSCHG_PY,0.0
NI01PCPLHLT2024,RA_LIC_CLO,0.0
NI01PCPLHLT2022,RA_LIC_RELEASE_CY,0.0
NI01PCPLHLT2023,RA_LIC_RELEASE_CY,0.0
NI01PCPLHLT2024,RA_LIC_RELEASE_CY,0.0
NI01PCPLHLT2022,RA_LIC_FEXPVAR_CY,0.0
NI01PCPLHLT2023,RA_LIC_FEXPVAR_CY,0.0
NI01PCPLHLT2024,RA_LIC_FEXPVAR_CY,0.0
NI01PCPLHLT2022,DA_LIC_OP,0.0
NI01PCPLHLT2023,DA_LIC_OP,0.0
NI01PCPLHLT2024,DA_LIC_OP,0.0
NI01PCPLHLT2022,DA_LIC_INCLAIM_INCEXP,0.0
NI01PCPLHLT2023,DA_LIC_INCLAIM_INCEXP,0.0
NI01PCPLHLT2024,DA_LIC_INCLAIM_INCEXP,0.0
NI01PCPLHLT2022,DA_LIC_CHG,0.0
NI01PCPLHLT2023,DA_LIC_CHG,0.0
NI01PCPLHLT2024,DA_LIC_CHG,0.0
NI01PCPLHLT2022,DA_LIC_CLO,0.0
NI01PCPLHLT2023,DA_LIC_CLO,0.0
NI01PCPLHLT2024,DA_LIC_CLO,0.0
NI01PCSIHLT2022,PVFC_LIC_UNWIND,0.0
NI01PCSIHLT2022,PVFC_LIC_EXP_CLAIM_CF_CY,0.0
NI01PCSIHLT2022,PVFC_LIC_EXP_ATTEXP_CY,0.0
NI01PCSIHLT2022,PVFC_LIC_EXP_CLAIM_CF_PY,-42288.38960328416
NI01PCSIHLT2022,PVFC_LIC_EXP_ATTEXP_PY,0.0
NI01PCSIHLT2022,RA_LIC_OP,1169.0803078395556
NI01PCSIHLT2022,RA_LIC_UNWIND,21.31060725972876
NI01PCSIHLT2022,RA_LIC_INCLAIM,1207.861658160199
NI01PCSIHLT2022,RA_LIC_RELEASE_PY,-1144.0855725031543
NI01PCSIHLT2022,RA_LIC_DEREC,0.0
NI01PCSIHLT2022,RA_LIC_TASSCHG_PY,289.8260701197301
NI01PCSIHLT2022,RA_LIC_FASSCHG_PY,0.0
NI01PCSIHLT2022,RA_LIC_CLO,1543.9930708760598
NI01PCSIHLT2023,PVFC_LIC_UNWIND,0.0
NI01PCSIHLT2023,PVFC_LIC_EXP_CLAIM_CF_CY,0.0
NI01PCSIHLT2023,PVFC_LIC_EXP_ATTEXP_CY,0.0
NI01PCSIHLT2023,PVFC_LIC_EXP_CLAIM_CF_PY,-664800.0437029842
NI01PCSIHLT2023,PVFC_LIC_EXP_ATTEXP_PY,0.0
NI01PCSIHLT2023,RA_LIC_OP,18712.148707111373
NI01PCSIHLT2023,RA_LIC_UNWIND,341.09483275773255
NI01PCSIHLT2023,RA_LIC_INCLAIM,19332.878001237892
NI01PCSIHLT2023,RA_LIC_RELEASE_PY,-18312.08619526054
NI01PCSIHLT2023,RA_LIC_DEREC,0.0
NI01PCSIHLT2023,RA_LIC_TASSCHG_PY,4638.918718338694
NI01PCSIHLT2023,RA_LIC_FASSCHG_PY,0.0
NI01PCSIHLT2023,RA_LIC_CLO,24712.954064185156
NI01PCSIHLT2024,PVFC_LIC_UNWIND,0.0
NI01PCSIHLT2024,PVFC_LIC_EXP_CLAIM_CF_CY,0.0
NI01PCSIHLT2024,PVFC_LIC_EXP_ATTEXP_CY,0.0
NI01PCSIHLT2024,PVFC_LIC_EXP_CLAIM_CF_PY,0.0
NI01PCSIHLT2024,PVFC_LIC_EXP_ATTEXP_PY,0.0
NI01PCSIHLT2024,RA_LIC_OP,0.0
NI01PCSIHLT2024,RA_LIC_UNWIND,0.0
NI01PCSIHLT2024,RA_LIC_INCLAIM,0.0
NI01PCSIHLT2024,RA_LIC_RELEASE_PY,0.0
NI01PCSIHLT2024,RA_LIC_DEREC,0.0
NI01PCSIHLT2024,RA_LIC_TASSCHG_PY,0.0
NI01PCSIHLT2024,RA_LIC_FASSCHG_PY,0.0
NI01PCSIHLT2024,RA_LIC_CLO,0.0
NI01PCSIHLT2022,RA_LIC_RELEASE_CY,0.0
NI01PCSIHLT2023,RA_LIC_RELEASE_CY,0.0
NI01PCSIHLT2024,RA_LIC_RELEASE_CY,0.0
NI01PCSIHLT2022,RA_LIC_FEXPVAR_CY,0.0
NI01PCSIHLT2023,RA_LIC_FEXPVAR_CY,0.0
NI01PCSIHLT2024,RA_LIC_FEXPVAR_CY,0.0
NI01PCSIHLT2022,DA_LIC_OP,0.0
NI01PCSIHLT2023,DA_LIC_OP,0.0
NI01PCSIHLT2024,DA_LIC_OP,0.0
NI01PCSIHLT2022,DA_LIC_INCLAIM_INCEXP,0.0
NI01PCSIHLT2023,DA_LIC_INCLAIM_INCEXP,0.0
NI01PCSIHLT2024,DA_LIC_INCLAIM_INCEXP,0.0
NI01PCSIHLT2022,DA_LIC_CHG,0.0
NI01PCSIHLT2023,DA_LIC_CHG,0.0
NI01PCSIHLT2024,DA_LIC_CHG,0.0
NI01PCSIHLT2022,DA_LIC_CLO,0.0
NI01PCSIHLT2023,DA_LIC_CLO,0.0
NI01PCSIHLT2024,DA_LIC_CLO,0.0
NI01PIMEHLT2022,PVFC_LIC_UNWIND,0.0
NI01PIMEHLT2022,PVFC_LIC_EXP_CLAIM_CF_CY,0.0
NI01PIMEHLT2022,PVFC_LIC_EXP_ATTEXP_CY,0.0
NI01PIMEHLT2022,PVFC_LIC_EXP_CLAIM_CF_PY,-15153.851030452799
NI01PIMEHLT2022,PVFC_LIC_EXP_ATTEXP_PY,0.0
NI01PIMEHLT2022,RA_LIC_OP,418.4909815156038
NI01PIMEHLT2022,RA_LIC_UNWIND,7.659395870953727
NI01PIMEHLT2022,RA_LIC_INCLAIM,477.5728973749752
NI01PIMEHLT2022,RA_LIC_RELEASE_PY,-415.20729140862613
NI01PIMEHLT2022,RA_LIC_DEREC,0.0
NI01PIMEHLT2022,RA_LIC_TASSCHG_PY,143.0878919983769
NI01PIMEHLT2022,RA_LIC_FASSCHG_PY,0.0
NI01PIMEHLT2022,RA_LIC_CLO,631.6038753512834
NI01PIMEHLT2023,PVFC_LIC_UNWIND,0.0
NI01PIMEHLT2023,PVFC_LIC_EXP_CLAIM_CF_CY,0.0
NI01PIMEHLT2023,PVFC_LIC_EXP_ATTEXP_CY,0.0
NI01PIMEHLT2023,PVFC_LIC_EXP_CLAIM_CF_PY,-231167.53532220065
NI01PIMEHLT2023,PVFC_LIC_EXP_ATTEXP_PY,0.0
NI01PIMEHLT2023,RA_LIC_OP,6413.295424512947
NI01PIMEHLT2023,RA_LIC_UNWIND,117.37879826184343
NI01PIMEHLT2023,RA_LIC_INCLAIM,7318.71465070537
NI01PIMEHLT2023,RA_LIC_RELEASE_PY,-6362.973492455225
NI01PIMEHLT2023,RA_LIC_DEREC,0.0
NI01PIMEHLT2023,RA_LIC_TASSCHG_PY,2192.794979076933
NI01PIMEHLT2023,RA_LIC_FASSCHG_PY,0.0
NI01PIMEHLT2023,RA_LIC_CLO,9679.210360101868
NI01PIMEHLT2024,PVFC_LIC_UNWIND,0.0
NI01PIMEHLT2024,PVFC_LIC_EXP_CLAIM_CF_CY,0.0
NI01PIMEHLT2024,PVFC_LIC_EXP_ATTEXP_CY,0.0
NI01PIMEHLT2024,PVFC_LIC_EXP_CLAIM_CF_PY,0.0
NI01PIMEHLT2024,PVFC_LIC_EXP_ATTEXP_PY,0.0
NI01PIMEHLT2024,RA_LIC_OP,0.0
NI01PIMEHLT2024,RA_LIC_UNWIND,0.0
NI01PIMEHLT2024,RA_LIC_INCLAIM,0.0
NI01PIMEHLT2024,RA_LIC_RELEASE_PY,0.0
NI01PIMEHLT2024,RA_LIC_DEREC,0.0
NI01PIMEHLT2024,RA_LIC_TASSCHG_PY,0.0
NI01PIMEHLT2024,RA_LIC_FASSCHG_PY,0.0
NI01PIMEHLT2024,RA_LIC_CLO,0.0
NI01PIMEHLT2022,RA_LIC_RELEASE_CY,0.0
NI01PIMEHLT2023,RA_LIC_RELEASE_CY,0.0
NI01PIMEHLT2024,RA_LIC_RELEASE_CY,0.0
NI01PIMEHLT2022,RA_LIC_FEXPVAR_CY,0.0
NI01PIMEHLT2023,RA_LIC_FEXPVAR_CY,0.0
NI01PIMEHLT2024,RA_LIC_FEXPVAR_CY,0.0
NI01PIMEHLT2022,DA_LIC_OP,0.0
NI01PIMEHLT2023,DA_LIC_OP,0.0
NI01PIMEHLT2024,DA_LIC_OP,0.0
NI01PIMEHLT2022,DA_LIC_INCLAIM_INCEXP,0.0
NI01PIMEHLT2023,DA_LIC_INCLAIM_INCEXP,0.0
NI01PIMEHLT2024,DA_LIC_INCLAIM_INCEXP,0.0
NI01PIMEHLT2022,DA_LIC_CHG,0.0
NI01PIMEHLT2023,DA_LIC_CHG,0.0
NI01PIMEHLT2024,DA_LIC_CHG,0.0
NI01PIMEHLT2022,DA_LIC_CLO,0.0
NI01PIMEHLT2023,DA_LIC_CLO,0.0
NI01PIMEHLT2024,DA_LIC_CLO,0.0
NI01PPBRHLT2022,PVFC_LIC_UNWIND,0.0
NI01PPBRHLT2022,PVFC_LIC_EXP_CLAIM_CF_CY,0.0
NI01PPBRHLT2022,PVFC_LIC_EXP_ATTEXP_CY,0.0
NI01PPBRHLT2022,PVFC_LIC_EXP_CLAIM_CF_PY,-882.7031199718517
NI01PPBRHLT2022,PVFC_LIC_EXP_ATTEXP_PY,0.0
NI01PPBRHLT2022,RA_LIC_OP,23.99906718110384
NI01PPBRHLT2022,RA_LIC_UNWIND,0.5006513685513724
NI01PPBRHLT2022,RA_LIC_INCLAIM,14.723117842821566
NI01PPBRHLT2022,RA_LIC_RELEASE_PY,-23.250994578361063
NI01PPBRHLT2022,RA_LIC_DEREC,0.0
NI01PPBRHLT2022,RA_LIC_TASSCHG_PY,2.810812075304237
NI01PPBRHLT2022,RA_LIC_FASSCHG_PY,0.0
NI01PPBRHLT2022,RA_LIC_CLO,18.78265388941996
NI01PPBRHLT2023,PVFC_LIC_UNWIND,0.0
NI01PPBRHLT2023,PVFC_LIC_EXP_CLAIM_CF_CY,0.0
NI01PPBRHLT2023,PVFC_LIC_EXP_ATTEXP_CY,0.0
NI01PPBRHLT2023,PVFC_LIC_EXP_CLAIM_CF_PY,-13107.507980826114
NI01PPBRHLT2023,PVFC_LIC_EXP_ATTEXP_PY,0.0
NI01PPBRHLT2023,RA_LIC_OP,373.35296795786195
NI01PPBRHLT2023,RA_LIC_UNWIND,7.788622488960543
NI01PPBRHLT2023,RA_LIC_INCLAIM,229.04722515793853
NI01PPBRHLT2023,RA_LIC_RELEASE_PY,-361.7152186914284
NI01PPBRHLT2023,RA_LIC_DEREC,0.0
NI01PPBRHLT2023,RA_LIC_TASSCHG_PY,43.72774253129807
NI01PPBRHLT2023,RA_LIC_FASSCHG_PY,0.0
NI01PPBRHLT2023,RA_LIC_CLO,292.2013394446308
NI01PPBRHLT2024,PVFC_LIC_UNWIND,0.0
NI01PPBRHLT2024,PVFC_LIC_EXP_CLAIM_CF_CY,0.0
NI01PPBRHLT2024,PVFC_LIC_EXP_ATTEXP_CY,0.0
NI01PPBRHLT2024,PVFC_LIC_EXP_CLAIM_CF_PY,0.0
NI01PPBRHLT2024,PVFC_LIC_EXP_ATTEXP_PY,0.0
NI01PPBRHLT2024,RA_LIC_OP,0.0
NI01PPBRHLT2024,RA_LIC_UNWIND,0.0
NI01PPBRHLT2024,RA_LIC_INCLAIM,0.0
NI01PPBRHLT2024,RA_LIC_RELEASE_PY,0.0
NI01PPBRHLT2024,RA_LIC_DEREC,0.0
NI01PPBRHLT2024,RA_LIC_TASSCHG_PY,0.0
NI01PPBRHLT2024,RA_LIC_FASSCHG_PY,0.0
NI01PPBRHLT2024,RA_LIC_CLO,0.0
NI01PPBRHLT2022,RA_LIC_RELEASE_CY,0.0
NI01PPBRHLT2023,RA_LIC_RELEASE_CY,0.0
NI01PPBRHLT2024,RA_LIC_RELEASE_CY,0.0
NI01PPBRHLT2022,RA_LIC_FEXPVAR_CY,0.0
NI01PPBRHLT2023,RA_LIC_FEXPVAR_CY,0.0
NI01PPBRHLT2024,RA_LIC_FEXPVAR_CY,0.0
NI01PPBRHLT2022,DA_LIC_OP,0.0
NI01PPBRHLT2023,DA_LIC_OP,0.0
NI01PPBRHLT2024,DA_LIC_OP,0.0
NI01PPBRHLT2022,DA_LIC_INCLAIM_INCEXP,0.0
NI01PPBRHLT2023,DA_LIC_INCLAIM_INCEXP,0.0
NI01PPBRHLT2024,DA_LIC_INCLAIM_INCEXP,0.0
NI01PPBRHLT2022,DA_LIC_CHG,0.0
NI01PPBRHLT2023,DA_LIC_CHG,0.0
NI01PPBRHLT2024,DA_LIC_CHG,0.0
NI01PPBRHLT2022,DA_LIC_CLO,0.0
NI01PPBRHLT2023,DA_LIC_CLO,0.0
NI01PPBRHLT2024,DA_LIC_CLO,0.0
NI01PPGOHLT2022,PVFC_LIC_UNWIND,0.0
NI01PPGOHLT2022,PVFC_LIC_EXP_CLAIM_CF_CY,0.0
NI01PPGOHLT2022,PVFC_LIC_EXP_ATTEXP_CY,0.0
NI01PPGOHLT2022,PVFC_LIC_EXP_CLAIM_CF_PY,-3259.4586878407026
NI01PPGOHLT2022,PVFC_LIC_EXP_ATTEXP_PY,0.0
NI01PPGOHLT2022,RA_LIC_OP,88.81330786107895
NI01PPGOHLT2022,RA_LIC_UNWIND,1.5394259303131275
NI01PPGOHLT2022,RA_LIC_INCLAIM,72.56804949754938
NI01PPGOHLT2022,RA_LIC_RELEASE_PY,-88.56182865514512
NI01PPGOHLT2022,RA_LIC_DEREC,0.0
NI01PPGOHLT2022,RA_LIC_TASSCHG_PY,6.373825195774529
NI01PPGOHLT2022,RA_LIC_FASSCHG_PY,0.0
NI01PPGOHLT2022,RA_LIC_CLO,80.73277982957089
NI01PPGOHLT2023,PVFC_LIC_UNWIND,0.0
NI01PPGOHLT2023,PVFC_LIC_EXP_CLAIM_CF_CY,0.0
NI01PPGOHLT2023,PVFC_LIC_EXP_ATTEXP_CY,0.0
NI01PPGOHLT2023,PVFC_LIC_EXP_CLAIM_CF_PY,-50426.7507104914
NI01PPGOHLT2023,PVFC_LIC_EXP_ATTEXP_PY,0.0
NI01PPGOHLT2023,RA_LIC_OP,1392.6456598426457
NI01PPGOHLT2023,RA_LIC_UNWIND,24.139117122551443
NI01PPGOHLT2023,RA_LIC_INCLAIM,1137.910315581175
NI01PPGOHLT2023,RA_LIC_RELEASE_PY,-1388.7023158425295
NI01PPGOHLT2023,RA_LIC_DEREC,0.0
NI01PPGOHLT2023,RA_LIC_TASSCHG_PY,99.94538216474962
NI01PPGOHLT2023,RA_LIC_FASSCHG_PY,0.0
NI01PPGOHLT2023,RA_LIC_CLO,1265.9381588685924
NI01PPGOHLT2024,PVFC_LIC_UNWIND,0.0
NI01PPGOHLT2024,PVFC_LIC_EXP_CLAIM_CF_CY,0.0
NI01PPGOHLT2024,PVFC_LIC_EXP_ATTEXP_CY,0.0
NI01PPGOHLT2024,PVFC_LIC_EXP_CLAIM_CF_PY,0.0
NI01PPGOHLT2024,PVFC_LIC_EXP_ATTEXP_PY,0.0
NI01PPGOHLT2024,RA_LIC_OP,0.0
NI01PPGOHLT2024,RA_LIC_UNWIND,0.0
NI01PPGOHLT2024,RA_LIC_INCLAIM,0.0
NI01PPGOHLT2024,RA_LIC_RELEASE_PY,0.0
NI01PPGOHLT2024,RA_LIC_DEREC,0.0
NI01PPGOHLT2024,RA_LIC_TASSCHG_PY,0.0
NI01PPGOHLT2024,RA_LIC_FASSCHG_PY,0.0
NI01PPGOHLT2024,RA_LIC_CLO,0.0
NI01PPGOHLT2022,RA_LIC_RELEASE_CY,0.0
NI01PPGOHLT2023,RA_LIC_RELEASE_CY,0.0
NI01PPGOHLT2024,RA_LIC_RELEASE_CY,0.0
NI01PPGOHLT2022,RA_LIC_FEXPVAR_CY,0.0
NI01PPGOHLT2023,RA_LIC_FEXPVAR_CY,0.0
NI01PPGOHLT2024,RA_LIC_FEXPVAR_CY,0.0
NI01PPGOHLT2022,DA_LIC_OP,0.0
NI01PPGOHLT2023,DA_LIC_OP,0.0
NI01PPGOHLT2024,DA_LIC_OP,0.0
NI01PPGOHLT2022,DA_LIC_INCLAIM_INCEXP,0.0
NI01PPGOHLT2023,DA_LIC_INCLAIM_INCEXP,0.0
NI01PPGOHLT2024,DA_LIC_INCLAIM_INCEXP,0.0
NI01PPGOHLT2022,DA_LIC_CHG,0.0
NI01PPGOHLT2023,DA_LIC_CHG,0.0
NI01PPGOHLT2024,DA_LIC_CHG,0.0
NI01PPGOHLT2022,DA_LIC_CLO,0.0
NI01PPGOHLT2023,DA_LIC_CLO,0.0
NI01PPGOHLT2024,DA_LIC_CLO,0.0
NI01PPPLHLT2022,PVFC_LIC_UNWIND,0.0
NI01PPPLHLT2022,PVFC_LIC_EXP_CLAIM_CF_CY,0.0
NI01PPPLHLT2022,PVFC_LIC_EXP_ATTEXP_CY,0.0
NI01PPPLHLT2022,PVFC_LIC_EXP_CLAIM_CF_PY,-3620.5463350623595
NI01PPPLHLT2022,PVFC_LIC_EXP_ATTEXP_PY,0.0
NI01PPPLHLT2022,RA_LIC_OP,98.61429200305126
NI01PPPLHLT2022,RA_LIC_UNWIND,1.6492661881734525
NI01PPPLHLT2022,RA_LIC_INCLAIM,46.63815092383031
NI01PPPLHLT2022,RA_LIC_RELEASE_PY,-99.01298283924086
NI01PPPLHLT2022,RA_LIC_DEREC,0.0
NI01PPPLHLT2022,RA_LIC_TASSCHG_PY,32.562792744036805
NI01PPPLHLT2022,RA_LIC_FASSCHG_PY,0.0
NI01PPPLHLT2022,RA_LIC_CLO,80.45151901985096
NI01PPPLHLT2023,PVFC_LIC_UNWIND,0.0
NI01PPPLHLT2023,PVFC_LIC_EXP_CLAIM_CF_CY,0.0
NI01PPPLHLT2023,PVFC_LIC_EXP_ATTEXP_CY,0.0
NI01PPPLHLT2023,PVFC_LIC_EXP_CLAIM_CF_PY,-55111.62922332044
NI01PPPLHLT2023,PVFC_LIC_EXP_ATTEXP_PY,0.0
NI01PPPLHLT2023,RA_LIC_OP,1511.052481854836
NI01PPPLHLT2023,RA_LIC_UNWIND,25.27146639963354
NI01PPPLHLT2023,RA_LIC_INCLAIM,714.6296167739426
NI01PPPLHLT2023,RA_LIC_RELEASE_PY,-1517.1615636651932
NI01PPPLHLT2023,RA_LIC_DEREC,0.0
NI01PPPLHLT2023,RA_LIC_TASSCHG_PY,498.9549465150449
NI01PPPLHLT2023,RA_LIC_FASSCHG_PY,0.0
NI01PPPLHLT2023,RA_LIC_CLO,1232.746947878264
NI01PPPLHLT2024,PVFC_LIC_UNWIND,0.0
NI01PPPLHLT2024,PVFC_LIC_EXP_CLAIM_CF_CY,0.0
NI01PPPLHLT2024,PVFC_LIC_EXP_ATTEXP_CY,0.0
NI01PPPLHLT2024,PVFC_LIC_EXP_CLAIM_CF_PY,0.0
NI01PPPLHLT2024,PVFC_LIC_EXP_ATTEXP_PY,0.0
NI01PPPLHLT2024,RA_LIC_OP,0.0
NI01PPPLHLT2024,RA_LIC_UNWIND,0.0
NI01PPPLHLT2024,RA_LIC_INCLAIM,0.0
NI01PPPLHLT2024,RA_LIC_RELEASE_PY,0.0
NI01PPPLHLT2024,RA_LIC_DEREC,0.0
NI01PPPLHLT2024,RA_LIC_TASSCHG_PY,0.0
NI01PPPLHLT2024,RA_LIC_FASSCHG_PY,0.0
NI01PPPLHLT2024,RA_LIC_CLO,0.0
NI01PPPLHLT2022,RA_LIC_RELEASE_CY,0.0
NI01PPPLHLT2023,RA_LIC_RELEASE_CY,0.0
NI01PPPLHLT2024,RA_LIC_RELEASE_CY,0.0
NI01PPPLHLT2022,RA_LIC_FEXPVAR_CY,0.0
NI01PPPLHLT2023,RA_LIC_FEXPVAR_CY,0.0
NI01PPPLHLT2024,RA_LIC_FEXPVAR_CY,0.0
NI01PPPLHLT2022,DA_LIC_OP,0.0
NI01PPPLHLT2023,DA_LIC_OP,0.0
NI01PPPLHLT2024,DA_LIC_OP,0.0
NI01PPPLHLT2022,DA_LIC_INCLAIM_INCEXP,0.0
NI01PPPLHLT2023,DA_LIC_INCLAIM_INCEXP,0.0
NI01PPPLHLT2024,DA_LIC_INCLAIM_INCEXP,0.0
NI01PPPLHLT2022,DA_LIC_CHG,0.0
NI01PPPLHLT2023,DA_LIC_CHG,0.0
NI01PPPLHLT2024,DA_LIC_CHG,0.0
NI01PPPLHLT2022,DA_LIC_CLO,0.0
NI01PPPLHLT2023,DA_LIC_CLO,0.0
NI01PPPLHLT2024,DA_LIC_CLO,0.0
NI01PPSIHLT2022,PVFC_LIC_UNWIND,0.0
NI01PPSIHLT2022,PVFC_LIC_EXP_CLAIM_CF_CY,0.0
NI01PPSIHLT2022,PVFC_LIC_EXP_ATTEXP_CY,0.0
NI01PPSIHLT2022,PVFC_LIC_EXP_CLAIM_CF_PY,-1203.9991127277408
NI01PPSIHLT2022,PVFC_LIC_EXP_ATTEXP_PY,0.0
NI01PPSIHLT2022,RA_LIC_OP,32.78300024676381
NI01PPSIHLT2022,RA_LIC_UNWIND,0.6681207084341996
NI01PPSIHLT2022,RA_LIC_INCLAIM,30.36392032125878
NI01PPSIHLT2022,RA_LIC_RELEASE_PY,-31.706369773357896
NI01PPSIHLT2022,RA_LIC_DEREC,0.0
NI01PPSIHLT2022,RA_LIC_TASSCHG_PY,-1.4220764554903638
NI01PPSIHLT2022,RA_LIC_FASSCHG_PY,0.0
NI01PPSIHLT2022,RA_LIC_CLO,30.68659504760854
NI01PPSIHLT2023,PVFC_LIC_UNWIND,0.0
NI01PPSIHLT2023,PVFC_LIC_EXP_CLAIM_CF_CY,0.0
NI01PPSIHLT2023,PVFC_LIC_EXP_ATTEXP_CY,0.0
NI01PPSIHLT2023,PVFC_LIC_EXP_CLAIM_CF_PY,-18014.924740940154
NI01PPSIHLT2023,PVFC_LIC_EXP_ATTEXP_PY,0.0
NI01PPSIHLT2023,RA_LIC_OP,514.0111861446996
NI01PPSIHLT2023,RA_LIC_UNWIND,10.475597573288033
NI01PPSIHLT2023,RA_LIC_INCLAIM,476.081950488167
NI01PPSIHLT2023,RA_LIC_RELEASE_PY,-497.13048265480063
NI01PPSIHLT2023,RA_LIC_DEREC,0.0
NI01PPSIHLT2023,RA_LIC_TASSCHG_PY,-22.297019802121657
NI01PPSIHLT2023,RA_LIC_FASSCHG_PY,0.0
NI01PPSIHLT2023,RA_LIC_CLO,481.1412317492325
NI01PPSIHLT2024,PVFC_LIC_UNWIND,0.0
NI01PPSIHLT2024,PVFC_LIC_EXP_CLAIM_CF_CY,0.0
NI01PPSIHLT2024,PVFC_LIC_EXP_ATTEXP_CY,0.0
NI01PPSIHLT2024,PVFC_LIC_EXP_CLAIM_CF_PY,0.0
NI01PPSIHLT2024,PVFC_LIC_EXP_ATTEXP_PY,0.0
NI01PPSIHLT2024,RA_LIC_OP,0.0
NI01PPSIHLT2024,RA_LIC_UNWIND,0.0
NI01PPSIHLT2024,RA_LIC_INCLAIM,0.0
NI01PPSIHLT2024,RA_LIC_RELEASE_PY,0.0
NI01PPSIHLT2024,RA_LIC_DEREC,0.0
NI01PPSIHLT2024,RA_LIC_TASSCHG_PY,0.0
NI01PPSIHLT2024,RA_LIC_FASSCHG_PY,0.0
NI01PPSIHLT2024,RA_LIC_CLO,0.0
NI01PPSIHLT2022,RA_LIC_RELEASE_CY,0.0
NI01PPSIHLT2023,RA_LIC_RELEASE_CY,0.0
NI01PPSIHLT2024,RA_LIC_RELEASE_CY,0.0
NI01PPSIHLT2022,RA_LIC_FEXPVAR_CY,0.0
NI01PPSIHLT2023,RA_LIC_FEXPVAR_CY,0.0
NI01PPSIHLT2024,RA_LIC_FEXPVAR_CY,0.0
NI01PPSIHLT2022,DA_LIC_OP,0.0
NI01PPSIHLT2023,DA_LIC_OP,0.0
NI01PPSIHLT2024,DA_LIC_OP,0.0
NI01PPSIHLT2022,DA_LIC_INCLAIM_INCEXP,0.0
NI01PPSIHLT2023,DA_LIC_INCLAIM_INCEXP,0.0
NI01PPSIHLT2024,DA_LIC_INCLAIM_INCEXP,0.0
NI01PPSIHLT2022,DA_LIC_CHG,0.0
NI01PPSIHLT2023,DA_LIC_CHG,0.0
NI01PPSIHLT2024,DA_LIC_CHG,0.0
NI01PPSIHLT2022,DA_LIC_CLO,0.0
NI01PPSIHLT2023,DA_LIC_CLO,0.0
NI01PPSIHLT2024,DA_LIC_CLO,0.0
NI01PIMEDQS2022,PVFC_LIC_UNWIND,0.0
NI01PIMEDQS2022,PVFC_LIC_EXP_CLAIM_CF_CY,0.0
NI01PIMEDQS2022,PVFC_LIC_EXP_ATTEXP_CY,0.0
NI01PIMEDQS2022,PVFC_LIC_EXP_CLAIM_CF_PY,15664.180895717505
NI01PIMEDQS2022,PVFC_LIC_EXP_ATTEXP_PY,0.0
NI01PIMEDQS2022,RA_LIC_OP,-135.8866846373588
NI01PIMEDQS2022,RA_LIC_UNWIND,-2.049865345500401
NI01PIMEDQS2022,RA_LIC_INCLAIM,-174.69857928684849
NI01PIMEDQS2022,RA_LIC_RELEASE_PY,135.93123727700106
NI01PIMEDQS2022,RA_LIC_DEREC,0.0
NI01PIMEDQS2022,RA_LIC_TASSCHG_PY,-29.214900722876965
NI01PIMEDQS2022,RA_LIC_FASSCHG_PY,0.0
NI01PIMEDQS2022,RA_LIC_CLO,-205.9187927155835
NI01PIMEDQS2023,PVFC_LIC_UNWIND,0.0
NI01PIMEDQS2023,PVFC_LIC_EXP_CLAIM_CF_CY,0.0
NI01PIMEDQS2023,PVFC_LIC_EXP_ATTEXP_CY,0.0
NI01PIMEDQS2023,PVFC_LIC_EXP_CLAIM_CF_PY,299154.882221099
NI01PIMEDQS2023,PVFC_LIC_EXP_ATTEXP_PY,0.0
NI01PIMEDQS2023,RA_LIC_OP,-2606.3169160613097
NI01PIMEDQS2023,RA_LIC_UNWIND,-39.31657277446548
NI01PIMEDQS2023,RA_LIC_INCLAIM,-3350.7319986671596
NI01PIMEDQS2023,RA_LIC_RELEASE_PY,2607.1714390682173
NI01PIMEDQS2023,RA_LIC_DEREC,0.0
NI01PIMEDQS2023,RA_LIC_TASSCHG_PY,-560.3440113230364
NI01PIMEDQS2023,RA_LIC_FASSCHG_PY,0.0
NI01PIMEDQS2023,RA_LIC_CLO,-3949.5380597577537
NI01PIMEDQS2024,PVFC_LIC_UNWIND,0.0
NI01PIMEDQS2024,PVFC_LIC_EXP_CLAIM_CF_CY,0.0
NI01PIMEDQS2024,PVFC_LIC_EXP_ATTEXP_CY,0.0
NI01PIMEDQS2024,PVFC_LIC_EXP_CLAIM_CF_PY,0.0
NI01PIMEDQS2024,PVFC_LIC_EXP_ATTEXP_PY,0.0
NI01PIMEDQS2024,RA_LIC_OP,0.0
NI01PIMEDQS2024,RA_LIC_UNWIND,0.0
NI01PIMEDQS2024,RA_LIC_INCLAIM,0.0
NI01PIMEDQS2024,RA_LIC_RELEASE_PY,0.0
NI01PIMEDQS2024,RA_LIC_DEREC,0.0
NI01PIMEDQS2024,RA_LIC_TASSCHG_PY,0.0
NI01PIMEDQS2024,RA_LIC_FASSCHG_PY,0.0
NI01PIMEDQS2024,RA_LIC_CLO,0.0
NI01PIMEDQS2022,RA_LIC_RELEASE_CY,0.0
NI01PIMEDQS2023,RA_LIC_RELEASE_CY,0.0
NI01PIMEDQS2024,RA_LIC_RELEASE_CY,0.0
NI01PIMEDQS2022,RA_LIC_FEXPVAR_CY,0.0
NI01PIMEDQS2023,RA_LIC_FEXPVAR_CY,0.0
NI01PIMEDQS2024,RA_LIC_FEXPVAR_CY,0.0
NI01PIMEDQS2022,DA_LIC_OP,1.8943460301715456
NI01PIMEDQS2023,DA_LIC_OP,36.33370051293683
NI01PIMEDQS2024,DA_LIC_OP,0.0
NI01PIMEDQS2022,DA_LIC_INCLAIM_INCEXP,7.805251278945948
NI01PIMEDQS2023,DA_LIC_INCLAIM_INCEXP,149.70531142705642
NI01PIMEDQS2024,DA_LIC_INCLAIM_INCEXP,0.0
NI01PIMEDQS2022,DA_LIC_CHG,-0.2136802537725125
NI01PIMEDQS2023,DA_LIC_CHG,-4.098403471405775
NI01PIMEDQS2024,DA_LIC_CHG,0.0
NI01PIMEDQS2022,DA_LIC_CLO,9.48591705534498
NI01PIMEDQS2023,DA_LIC_CLO,181.9406084685875
NI01PIMEDQS2024,DA_LIC_CLO,0.0
