GOC_ID,STEP_ID,1
NI01PPSIHLT2023,PVFC_LIC_UNWIND,0.0
NI01PPSIHLT2023,PVFC_LIC_EXP_CLAIM_CF_CY,0.0
NI01PPSIHLT2023,PVFC_LIC_EXP_ATTEXP_CY,0.0
NI01PPSIHLT2023,PVFC_LIC_EXP_CLAIM_CF_PY,0.0
NI01PPSIHLT2023,PVFC_LIC_EXP_ATTEXP_PY,0.0
NI01PPSIHLT2023,RA_LIC_OP,0.0
NI01PPSIHLT2023,RA_LIC_UNWIND,0.0
NI01PPSIHLT2023,RA_LIC_INCLAIM,0.0
NI01PPSIHLT2023,RA_LIC_RELEASE_PY,0.0
NI01PPSIHLT2023,RA_LIC_DEREC,0.0
NI01PPSIHLT2023,RA_LIC_TASSCHG_PY,0.0
NI01PPSIHLT2023,RA_LIC_FASSCHG_PY,0.0
NI01PPSIHLT2023,RA_LIC_CLO,0.0
NI01PPSIHLT2024,PVFC_LIC_UNWIND,0.0
NI01PPSIHLT2024,PVFC_LIC_EXP_CLAIM_CF_CY,0.0
NI01PPSIHLT2024,PVFC_LIC_EXP_ATTEXP_CY,0.0
NI01PPSIHLT2024,PVFC_LIC_EXP_CLAIM_CF_PY,-1713.1631856202177
NI01PPSIHLT2024,PVFC_LIC_EXP_ATTEXP_PY,0.0
NI01PPSIHLT2024,RA_LIC_OP,45.66118706336017
NI01PPSIHLT2024,RA_LIC_UNWIND,0.832846500007919
NI01PPSIHLT2024,RA_LIC_INCLAIM,45.26427766871517
NI01PPSIHLT2024,RA_LIC_RELEASE_PY,-46.463189986766935
NI01PPSIHLT2024,RA_LIC_DEREC,0.0
NI01PPSIHLT2024,RA_LIC_TASSCHG_PY,3.591881866938181
NI01PPSIHLT2024,RA_LIC_FASSCHG_PY,0.0
NI01PPSIHLT2024,RA_LIC_CLO,48.88700311225448
NI01PPSIHLT2025,PVFC_LIC_UNWIND,0.0
NI01PPSIHLT2025,PVFC_LIC_EXP_CLAIM_CF_CY,0.0
NI01PPSIHLT2025,PVFC_LIC_EXP_ATTEXP_CY,0.0
NI01PPSIHLT2025,PVFC_LIC_EXP_CLAIM_CF_PY,-19488.41561578406
NI01PPSIHLT2025,PVFC_LIC_EXP_ATTEXP_PY,0.0
NI01PPSIHLT2025,RA_LIC_OP,0.0
NI01PPSIHLT2025,RA_LIC_UNWIND,0.0
NI01PPSIHLT2025,RA_LIC_INCLAIM,0.0
NI01PPSIHLT2025,RA_LIC_RELEASE_PY,0.0
NI01PPSIHLT2025,RA_LIC_DEREC,0.0
NI01PPSIHLT2025,RA_LIC_TASSCHG_PY,0.0
NI01PPSIHLT2025,RA_LIC_FASSCHG_PY,0.0
NI01PPSIHLT2025,RA_LIC_CLO,0.0
NI01PPSIHLT2026,PVFC_LIC_UNWIND,0.0
NI01PPSIHLT2026,PVFC_LIC_EXP_CLAIM_CF_CY,0.0
NI01PPSIHLT2026,PVFC_LIC_EXP_ATTEXP_CY,0.0
NI01PPSIHLT2026,PVFC_LIC_EXP_CLAIM_CF_PY,0.0
NI01PPSIHLT2026,PVFC_LIC_EXP_ATTEXP_PY,0.0
NI01PPSIHLT2026,RA_LIC_OP,0.0
NI01PPSIHLT2026,RA_LIC_UNWIND,0.0
NI01PPSIHLT2026,RA_LIC_INCLAIM,0.0
NI01PPSIHLT2026,RA_LIC_RELEASE_PY,0.0
NI01PPSIHLT2026,RA_LIC_DEREC,0.0
NI01PPSIHLT2026,RA_LIC_TASSCHG_PY,0.0
NI01PPSIHLT2026,RA_LIC_FASSCHG_PY,0.0
NI01PPSIHLT2026,RA_LIC_CLO,0.0
NI01PPSIHLT2023,RA_LIC_RELEASE_CY,0.0
NI01PPSIHLT2024,RA_LIC_RELEASE_CY,0.0
NI01PPSIHLT2025,RA_LIC_RELEASE_CY,0.0
NI01PPSIHLT2026,RA_LIC_RELEASE_CY,0.0
NI01PPSIHLT2023,RA_LIC_FEXPVAR_CY,0.0
NI01PPSIHLT2024,RA_LIC_FEXPVAR_CY,0.0
NI01PPSIHLT2025,RA_LIC_FEXPVAR_CY,0.0
NI01PPSIHLT2026,RA_LIC_FEXPVAR_CY,0.0
NI01PPSIHLT2023,DA_LIC_OP,0.0
NI01PPSIHLT2024,DA_LIC_OP,0.0
NI01PPSIHLT2025,DA_LIC_OP,0.0
NI01PPSIHLT2026,DA_LIC_OP,0.0
NI01PPSIHLT2023,DA_LIC_INCLAIM_INCEXP,0.0
NI01PPSIHLT2024,DA_LIC_INCLAIM_INCEXP,0.0
NI01PPSIHLT2025,DA_LIC_INCLAIM_INCEXP,0.0
NI01PPSIHLT2026,DA_LIC_INCLAIM_INCEXP,0.0
NI01PPSIHLT2023,DA_LIC_CHG,0.0
NI01PPSIHLT2024,DA_LIC_CHG,0.0
NI01PPSIHLT2025,DA_LIC_CHG,0.0
NI01PPSIHLT2026,DA_LIC_CHG,0.0
NI01PPSIHLT2023,DA_LIC_CLO,0.0
NI01PPSIHLT2024,DA_LIC_CLO,0.0
NI01PPSIHLT2025,DA_LIC_CLO,0.0
NI01PPSIHLT2026,DA_LIC_CLO,0.0
NI01PPBRHLT2023,PVFC_LIC_UNWIND,0.0
NI01PPBRHLT2023,PVFC_LIC_EXP_CLAIM_CF_CY,0.0
NI01PPBRHLT2023,PVFC_LIC_EXP_ATTEXP_CY,0.0
NI01PPBRHLT2023,PVFC_LIC_EXP_CLAIM_CF_PY,0.0
NI01PPBRHLT2023,PVFC_LIC_EXP_ATTEXP_PY,0.0
NI01PPBRHLT2023,RA_LIC_OP,0.0
NI01PPBRHLT2023,RA_LIC_UNWIND,0.0
NI01PPBRHLT2023,RA_LIC_INCLAIM,0.0
NI01PPBRHLT2023,RA_LIC_RELEASE_PY,0.0
NI01PPBRHLT2023,RA_LIC_DEREC,0.0
NI01PPBRHLT2023,RA_LIC_TASSCHG_PY,0.0
NI01PPBRHLT2023,RA_LIC_FASSCHG_PY,0.0
NI01PPBRHLT2023,RA_LIC_CLO,0.0
NI01PPBRHLT2024,PVFC_LIC_UNWIND,0.0
NI01PPBRHLT2024,PVFC_LIC_EXP_CLAIM_CF_CY,0.0
NI01PPBRHLT2024,PVFC_LIC_EXP_ATTEXP_CY,0.0
NI01PPBRHLT2024,PVFC_LIC_EXP_CLAIM_CF_PY,-1329.7461045868022
NI01PPBRHLT2024,PVFC_LIC_EXP_ATTEXP_PY,0.0
NI01PPBRHLT2024,RA_LIC_OP,35.434936395974376
NI01PPBRHLT2024,RA_LIC_UNWIND,0.8038744964751421
NI01PPBRHLT2024,RA_LIC_INCLAIM,37.40293647380047
NI01PPBRHLT2024,RA_LIC_RELEASE_PY,-36.11709353419798
NI01PPBRHLT2024,RA_LIC_DEREC,0.0
NI01PPBRHLT2024,RA_LIC_TASSCHG_PY,2.098288878268622
NI01PPBRHLT2024,RA_LIC_FASSCHG_PY,0.0
NI01PPBRHLT2024,RA_LIC_CLO,39.622942710320636
NI01PPBRHLT2025,PVFC_LIC_UNWIND,0.0
NI01PPBRHLT2025,PVFC_LIC_EXP_CLAIM_CF_CY,0.0
NI01PPBRHLT2025,PVFC_LIC_EXP_ATTEXP_CY,0.0
NI01PPBRHLT2025,PVFC_LIC_EXP_CLAIM_CF_PY,-19544.123715159447
NI01PPBRHLT2025,PVFC_LIC_EXP_ATTEXP_PY,0.0
NI01PPBRHLT2025,RA_LIC_OP,0.0
NI01PPBRHLT2025,RA_LIC_UNWIND,0.0
NI01PPBRHLT2025,RA_LIC_INCLAIM,0.0
NI01PPBRHLT2025,RA_LIC_RELEASE_PY,0.0
NI01PPBRHLT2025,RA_LIC_DEREC,0.0
NI01PPBRHLT2025,RA_LIC_TASSCHG_PY,0.0
NI01PPBRHLT2025,RA_LIC_FASSCHG_PY,0.0
NI01PPBRHLT2025,RA_LIC_CLO,0.0
NI01PPBRHLT2026,PVFC_LIC_UNWIND,0.0
NI01PPBRHLT2026,PVFC_LIC_EXP_CLAIM_CF_CY,0.0
NI01PPBRHLT2026,PVFC_LIC_EXP_ATTEXP_CY,0.0
NI01PPBRHLT2026,PVFC_LIC_EXP_CLAIM_CF_PY,0.0
NI01PPBRHLT2026,PVFC_LIC_EXP_ATTEXP_PY,0.0
NI01PPBRHLT2026,RA_LIC_OP,0.0
NI01PPBRHLT2026,RA_LIC_UNWIND,0.0
NI01PPBRHLT2026,RA_LIC_INCLAIM,0.0
NI01PPBRHLT2026,RA_LIC_RELEASE_PY,0.0
NI01PPBRHLT2026,RA_LIC_DEREC,0.0
NI01PPBRHLT2026,RA_LIC_TASSCHG_PY,0.0
NI01PPBRHLT2026,RA_LIC_FASSCHG_PY,0.0
NI01PPBRHLT2026,RA_LIC_CLO,0.0
NI01PPBRHLT2023,RA_LIC_RELEASE_CY,0.0
NI01PPBRHLT2024,RA_LIC_RELEASE_CY,0.0
NI01PPBRHLT2025,RA_LIC_RELEASE_CY,0.0
NI01PPBRHLT2026,RA_LIC_RELEASE_CY,0.0
NI01PPBRHLT2023,RA_LIC_FEXPVAR_CY,0.0
NI01PPBRHLT2024,RA_LIC_FEXPVAR_CY,0.0
NI01PPBRHLT2025,RA_LIC_FEXPVAR_CY,0.0
NI01PPBRHLT2026,RA_LIC_FEXPVAR_CY,0.0
NI01PPBRHLT2023,DA_LIC_OP,0.0
NI01PPBRHLT2024,DA_LIC_OP,0.0
NI01PPBRHLT2025,DA_LIC_OP,0.0
NI01PPBRHLT2026,DA_LIC_OP,0.0
NI01PPBRHLT2023,DA_LIC_INCLAIM_INCEXP,0.0
NI01PPBRHLT2024,DA_LIC_INCLAIM_INCEXP,0.0
NI01PPBRHLT2025,DA_LIC_INCLAIM_INCEXP,0.0
NI01PPBRHLT2026,DA_LIC_INCLAIM_INCEXP,0.0
NI01PPBRHLT2023,DA_LIC_CHG,0.0
NI01PPBRHLT2024,DA_LIC_CHG,0.0
NI01PPBRHLT2025,DA_LIC_CHG,0.0
NI01PPBRHLT2026,DA_LIC_CHG,0.0
NI01PPBRHLT2023,DA_LIC_CLO,0.0
NI01PPBRHLT2024,DA_LIC_CLO,0.0
NI01PPBRHLT2025,DA_LIC_CLO,0.0
NI01PPBRHLT2026,DA_LIC_CLO,0.0
NI01PPGOHLT2023,PVFC_LIC_UNWIND,0.0
NI01PPGOHLT2023,PVFC_LIC_EXP_CLAIM_CF_CY,0.0
NI01PPGOHLT2023,PVFC_LIC_EXP_ATTEXP_CY,0.0
NI01PPGOHLT2023,PVFC_LIC_EXP_CLAIM_CF_PY,-1600.091204304972
NI01PPGOHLT2023,PVFC_LIC_EXP_ATTEXP_PY,0.0
NI01PPGOHLT2023,RA_LIC_OP,42.65021434932908
NI01PPGOHLT2023,RA_LIC_UNWIND,0.7901006828389885
NI01PPGOHLT2023,RA_LIC_INCLAIM,46.533449382185196
NI01PPGOHLT2023,RA_LIC_RELEASE_PY,-43.420690687575224
NI01PPGOHLT2023,RA_LIC_DEREC,0.0
NI01PPGOHLT2023,RA_LIC_TASSCHG_PY,2.239753293206501
NI01PPGOHLT2023,RA_LIC_FASSCHG_PY,0.0
NI01PPGOHLT2023,RA_LIC_CLO,48.79282701998456
NI01PPGOHLT2024,PVFC_LIC_UNWIND,0.0
NI01PPGOHLT2024,PVFC_LIC_EXP_CLAIM_CF_CY,0.0
NI01PPGOHLT2024,PVFC_LIC_EXP_ATTEXP_CY,0.0
NI01PPGOHLT2024,PVFC_LIC_EXP_CLAIM_CF_PY,-3773.045288349741
NI01PPGOHLT2024,PVFC_LIC_EXP_ATTEXP_PY,0.0
NI01PPGOHLT2024,RA_LIC_OP,100.56800383781565
NI01PPGOHLT2024,RA_LIC_UNWIND,1.863035150379311
NI01PPGOHLT2024,RA_LIC_INCLAIM,109.7245626416885
NI01PPGOHLT2024,RA_LIC_RELEASE_PY,-102.38476533652783
NI01PPGOHLT2024,RA_LIC_DEREC,0.0
NI01PPGOHLT2024,RA_LIC_TASSCHG_PY,5.281275164106999
NI01PPGOHLT2024,RA_LIC_FASSCHG_PY,0.0
NI01PPGOHLT2024,RA_LIC_CLO,115.05211145746263
NI01PPGOHLT2025,PVFC_LIC_UNWIND,0.0
NI01PPGOHLT2025,PVFC_LIC_EXP_CLAIM_CF_CY,0.0
NI01PPGOHLT2025,PVFC_LIC_EXP_ATTEXP_CY,0.0
NI01PPGOHLT2025,PVFC_LIC_EXP_CLAIM_CF_PY,-94267.53106689395
NI01PPGOHLT2025,PVFC_LIC_EXP_ATTEXP_PY,0.0
NI01PPGOHLT2025,RA_LIC_OP,0.0
NI01PPGOHLT2025,RA_LIC_UNWIND,0.0
NI01PPGOHLT2025,RA_LIC_INCLAIM,0.0
NI01PPGOHLT2025,RA_LIC_RELEASE_PY,0.0
NI01PPGOHLT2025,RA_LIC_DEREC,0.0
NI01PPGOHLT2025,RA_LIC_TASSCHG_PY,0.0
NI01PPGOHLT2025,RA_LIC_FASSCHG_PY,0.0
NI01PPGOHLT2025,RA_LIC_CLO,0.0
NI01PPGOHLT2026,PVFC_LIC_UNWIND,0.0
NI01PPGOHLT2026,PVFC_LIC_EXP_CLAIM_CF_CY,0.0
NI01PPGOHLT2026,PVFC_LIC_EXP_ATTEXP_CY,0.0
NI01PPGOHLT2026,PVFC_LIC_EXP_CLAIM_CF_PY,0.0
NI01PPGOHLT2026,PVFC_LIC_EXP_ATTEXP_PY,0.0
NI01PPGOHLT2026,RA_LIC_OP,0.0
NI01PPGOHLT2026,RA_LIC_UNWIND,0.0
NI01PPGOHLT2026,RA_LIC_INCLAIM,0.0
NI01PPGOHLT2026,RA_LIC_RELEASE_PY,0.0
NI01PPGOHLT2026,RA_LIC_DEREC,0.0
NI01PPGOHLT2026,RA_LIC_TASSCHG_PY,0.0
NI01PPGOHLT2026,RA_LIC_FASSCHG_PY,0.0
NI01PPGOHLT2026,RA_LIC_CLO,0.0
NI01PPGOHLT2023,RA_LIC_RELEASE_CY,0.0
NI01PPGOHLT2024,RA_LIC_RELEASE_CY,0.0
NI01PPGOHLT2025,RA_LIC_RELEASE_CY,0.0
NI01PPGOHLT2026,RA_LIC_RELEASE_CY,0.0
NI01PPGOHLT2023,RA_LIC_FEXPVAR_CY,0.0
NI01PPGOHLT2024,RA_LIC_FEXPVAR_CY,0.0
NI01PPGOHLT2025,RA_LIC_FEXPVAR_CY,0.0
NI01PPGOHLT2026,RA_LIC_FEXPVAR_CY,0.0
NI01PPGOHLT2023,DA_LIC_OP,0.0
NI01PPGOHLT2024,DA_LIC_OP,0.0
NI01PPGOHLT2025,DA_LIC_OP,0.0
NI01PPGOHLT2026,DA_LIC_OP,0.0
NI01PPGOHLT2023,DA_LIC_INCLAIM_INCEXP,0.0
NI01PPGOHLT2024,DA_LIC_INCLAIM_INCEXP,0.0
NI01PPGOHLT2025,DA_LIC_INCLAIM_INCEXP,0.0
NI01PPGOHLT2026,DA_LIC_INCLAIM_INCEXP,0.0
NI01PPGOHLT2023,DA_LIC_CHG,0.0
NI01PPGOHLT2024,DA_LIC_CHG,0.0
NI01PPGOHLT2025,DA_LIC_CHG,0.0
NI01PPGOHLT2026,DA_LIC_CHG,0.0
NI01PPGOHLT2023,DA_LIC_CLO,0.0
NI01PPGOHLT2024,DA_LIC_CLO,0.0
NI01PPGOHLT2025,DA_LIC_CLO,0.0
NI01PPGOHLT2026,DA_LIC_CLO,0.0
NI01PPPLHLT2023,PVFC_LIC_UNWIND,0.0
NI01PPPLHLT2023,PVFC_LIC_EXP_CLAIM_CF_CY,0.0
NI01PPPLHLT2023,PVFC_LIC_EXP_ATTEXP_CY,0.0
NI01PPPLHLT2023,PVFC_LIC_EXP_CLAIM_CF_PY,-1064.3601334056414
NI01PPPLHLT2023,PVFC_LIC_EXP_ATTEXP_PY,0.0
NI01PPPLHLT2023,RA_LIC_OP,28.370375208923974
NI01PPPLHLT2023,RA_LIC_UNWIND,0.521200006780393
NI01PPPLHLT2023,RA_LIC_INCLAIM,30.73078915592089
NI01PPPLHLT2023,RA_LIC_RELEASE_PY,-28.891575215704368
NI01PPPLHLT2023,RA_LIC_DEREC,0.0
NI01PPPLHLT2023,RA_LIC_TASSCHG_PY,1.5615472615779276
NI01PPPLHLT2023,RA_LIC_FASSCHG_PY,0.0
NI01PPPLHLT2023,RA_LIC_CLO,32.29233641749881
NI01PPPLHLT2024,PVFC_LIC_UNWIND,0.0
NI01PPPLHLT2024,PVFC_LIC_EXP_CLAIM_CF_CY,0.0
NI01PPPLHLT2024,PVFC_LIC_EXP_ATTEXP_CY,0.0
NI01PPPLHLT2024,PVFC_LIC_EXP_CLAIM_CF_PY,-2401.6539035159035
NI01PPPLHLT2024,PVFC_LIC_EXP_ATTEXP_PY,0.0
NI01PPPLHLT2024,RA_LIC_OP,64.01575954062501
NI01PPPLHLT2024,RA_LIC_UNWIND,1.176051217543669
NI01PPPLHLT2024,RA_LIC_INCLAIM,69.34186786786917
NI01PPPLHLT2024,RA_LIC_RELEASE_PY,-65.19181075816866
NI01PPPLHLT2024,RA_LIC_DEREC,0.0
NI01PPPLHLT2024,RA_LIC_TASSCHG_PY,3.5235217466228725
NI01PPPLHLT2024,RA_LIC_FASSCHG_PY,0.0
NI01PPPLHLT2024,RA_LIC_CLO,72.86538961449207
NI01PPPLHLT2025,PVFC_LIC_UNWIND,0.0
NI01PPPLHLT2025,PVFC_LIC_EXP_CLAIM_CF_CY,0.0
NI01PPPLHLT2025,PVFC_LIC_EXP_ATTEXP_CY,0.0
NI01PPPLHLT2025,PVFC_LIC_EXP_CLAIM_CF_PY,-58413.981020483756
NI01PPPLHLT2025,PVFC_LIC_EXP_ATTEXP_PY,0.0
NI01PPPLHLT2025,RA_LIC_OP,0.0
NI01PPPLHLT2025,RA_LIC_UNWIND,0.0
NI01PPPLHLT2025,RA_LIC_INCLAIM,0.0
NI01PPPLHLT2025,RA_LIC_RELEASE_PY,0.0
NI01PPPLHLT2025,RA_LIC_DEREC,0.0
NI01PPPLHLT2025,RA_LIC_TASSCHG_PY,0.0
NI01PPPLHLT2025,RA_LIC_FASSCHG_PY,0.0
NI01PPPLHLT2025,RA_LIC_CLO,0.0
NI01PPPLHLT2026,PVFC_LIC_UNWIND,0.0
NI01PPPLHLT2026,PVFC_LIC_EXP_CLAIM_CF_CY,0.0
NI01PPPLHLT2026,PVFC_LIC_EXP_ATTEXP_CY,0.0
NI01PPPLHLT2026,PVFC_LIC_EXP_CLAIM_CF_PY,0.0
NI01PPPLHLT2026,PVFC_LIC_EXP_ATTEXP_PY,0.0
NI01PPPLHLT2026,RA_LIC_OP,0.0
NI01PPPLHLT2026,RA_LIC_UNWIND,0.0
NI01PPPLHLT2026,RA_LIC_INCLAIM,0.0
NI01PPPLHLT2026,RA_LIC_RELEASE_PY,0.0
NI01PPPLHLT2026,RA_LIC_DEREC,0.0
NI01PPPLHLT2026,RA_LIC_TASSCHG_PY,0.0
NI01PPPLHLT2026,RA_LIC_FASSCHG_PY,0.0
NI01PPPLHLT2026,RA_LIC_CLO,0.0
NI01PPPLHLT2023,RA_LIC_RELEASE_CY,0.0
NI01PPPLHLT2024,RA_LIC_RELEASE_CY,0.0
NI01PPPLHLT2025,RA_LIC_RELEASE_CY,0.0
NI01PPPLHLT2026,RA_LIC_RELEASE_CY,0.0
NI01PPPLHLT2023,RA_LIC_FEXPVAR_CY,0.0
NI01PPPLHLT2024,RA_LIC_FEXPVAR_CY,0.0
NI01PPPLHLT2025,RA_LIC_FEXPVAR_CY,0.0
NI01PPPLHLT2026,RA_LIC_FEXPVAR_CY,0.0
NI01PPPLHLT2023,DA_LIC_OP,0.0
NI01PPPLHLT2024,DA_LIC_OP,0.0
NI01PPPLHLT2025,DA_LIC_OP,0.0
NI01PPPLHLT2026,DA_LIC_OP,0.0
NI01PPPLHLT2023,DA_LIC_INCLAIM_INCEXP,0.0
NI01PPPLHLT2024,DA_LIC_INCLAIM_INCEXP,0.0
NI01PPPLHLT2025,DA_LIC_INCLAIM_INCEXP,0.0
NI01PPPLHLT2026,DA_LIC_INCLAIM_INCEXP,0.0
NI01PPPLHLT2023,DA_LIC_CHG,0.0
NI01PPPLHLT2024,DA_LIC_CHG,0.0
NI01PPPLHLT2025,DA_LIC_CHG,0.0
NI01PPPLHLT2026,DA_LIC_CHG,0.0
NI01PPPLHLT2023,DA_LIC_CLO,0.0
NI01PPPLHLT2024,DA_LIC_CLO,0.0
NI01PPPLHLT2025,DA_LIC_CLO,0.0
NI01PPPLHLT2026,DA_LIC_CLO,0.0
NI01PCGOHLT2023,PVFC_LIC_UNWIND,0.0
NI01PCGOHLT2023,PVFC_LIC_EXP_CLAIM_CF_CY,0.0
NI01PCGOHLT2023,PVFC_LIC_EXP_ATTEXP_CY,0.0
NI01PCGOHLT2023,PVFC_LIC_EXP_CLAIM_CF_PY,-56657.35938110028
NI01PCGOHLT2023,PVFC_LIC_EXP_ATTEXP_PY,0.0
NI01PCGOHLT2023,RA_LIC_OP,1510.1942411592252
NI01PCGOHLT2023,RA_LIC_UNWIND,28.42089234743147
NI01PCGOHLT2023,RA_LIC_INCLAIM,1667.396860200388
NI01PCGOHLT2023,RA_LIC_RELEASE_PY,-1538.1291735577402
NI01PCGOHLT2023,RA_LIC_DEREC,0.0
NI01PCGOHLT2023,RA_LIC_TASSCHG_PY,74.33042271309446
NI01PCGOHLT2023,RA_LIC_FASSCHG_PY,0.0
NI01PCGOHLT2023,RA_LIC_CLO,1742.2132428623986
NI01PCGOHLT2024,PVFC_LIC_UNWIND,0.0
NI01PCGOHLT2024,PVFC_LIC_EXP_CLAIM_CF_CY,0.0
NI01PCGOHLT2024,PVFC_LIC_EXP_ATTEXP_CY,0.0
NI01PCGOHLT2024,PVFC_LIC_EXP_CLAIM_CF_PY,-222930.5012462342
NI01PCGOHLT2024,PVFC_LIC_EXP_ATTEXP_PY,0.0
NI01PCGOHLT2024,RA_LIC_OP,5941.889550864094
NI01PCGOHLT2024,RA_LIC_UNWIND,111.8225713374518
NI01PCGOHLT2024,RA_LIC_INCLAIM,6560.406410478228
NI01PCGOHLT2024,RA_LIC_RELEASE_PY,-6051.800103029504
NI01PCGOHLT2024,RA_LIC_DEREC,0.0
NI01PCGOHLT2024,RA_LIC_TASSCHG_PY,292.45453994793843
NI01PCGOHLT2024,RA_LIC_FASSCHG_PY,0.0
NI01PCGOHLT2024,RA_LIC_CLO,6854.772969598209
NI01PCGOHLT2025,PVFC_LIC_UNWIND,0.0
NI01PCGOHLT2025,PVFC_LIC_EXP_CLAIM_CF_CY,0.0
NI01PCGOHLT2025,PVFC_LIC_EXP_ATTEXP_CY,0.0
NI01PCGOHLT2025,PVFC_LIC_EXP_CLAIM_CF_PY,-5265496.705781048
NI01PCGOHLT2025,PVFC_LIC_EXP_ATTEXP_PY,0.0
NI01PCGOHLT2025,RA_LIC_OP,0.0
NI01PCGOHLT2025,RA_LIC_UNWIND,0.0
NI01PCGOHLT2025,RA_LIC_INCLAIM,0.0
NI01PCGOHLT2025,RA_LIC_RELEASE_PY,0.0
NI01PCGOHLT2025,RA_LIC_DEREC,0.0
NI01PCGOHLT2025,RA_LIC_TASSCHG_PY,0.0
NI01PCGOHLT2025,RA_LIC_FASSCHG_PY,0.0
NI01PCGOHLT2025,RA_LIC_CLO,0.0
NI01PCGOHLT2026,PVFC_LIC_UNWIND,0.0
NI01PCGOHLT2026,PVFC_LIC_EXP_CLAIM_CF_CY,0.0
NI01PCGOHLT2026,PVFC_LIC_EXP_ATTEXP_CY,0.0
NI01PCGOHLT2026,PVFC_LIC_EXP_CLAIM_CF_PY,0.0
NI01PCGOHLT2026,PVFC_LIC_EXP_ATTEXP_PY,0.0
NI01PCGOHLT2026,RA_LIC_OP,0.0
NI01PCGOHLT2026,RA_LIC_UNWIND,0.0
NI01PCGOHLT2026,RA_LIC_INCLAIM,0.0
NI01PCGOHLT2026,RA_LIC_RELEASE_PY,0.0
NI01PCGOHLT2026,RA_LIC_DEREC,0.0
NI01PCGOHLT2026,RA_LIC_TASSCHG_PY,0.0
NI01PCGOHLT2026,RA_LIC_FASSCHG_PY,0.0
NI01PCGOHLT2026,RA_LIC_CLO,0.0
NI01PCGOHLT2023,RA_LIC_RELEASE_CY,0.0
NI01PCGOHLT2024,RA_LIC_RELEASE_CY,0.0
NI01PCGOHLT2025,RA_LIC_RELEASE_CY,0.0
NI01PCGOHLT2026,RA_LIC_RELEASE_CY,0.0
NI01PCGOHLT2023,RA_LIC_FEXPVAR_CY,0.0
NI01PCGOHLT2024,RA_LIC_FEXPVAR_CY,0.0
NI01PCGOHLT2025,RA_LIC_FEXPVAR_CY,0.0
NI01PCGOHLT2026,RA_LIC_FEXPVAR_CY,0.0
NI01PCGOHLT2023,DA_LIC_OP,0.0
NI01PCGOHLT2024,DA_LIC_OP,0.0
NI01PCGOHLT2025,DA_LIC_OP,0.0
NI01PCGOHLT2026,DA_LIC_OP,0.0
NI01PCGOHLT2023,DA_LIC_INCLAIM_INCEXP,0.0
NI01PCGOHLT2024,DA_LIC_INCLAIM_INCEXP,0.0
NI01PCGOHLT2025,DA_LIC_INCLAIM_INCEXP,0.0
NI01PCGOHLT2026,DA_LIC_INCLAIM_INCEXP,0.0
NI01PCGOHLT2023,DA_LIC_CHG,0.0
NI01PCGOHLT2024,DA_LIC_CHG,0.0
NI01PCGOHLT2025,DA_LIC_CHG,0.0
NI01PCGOHLT2026,DA_LIC_CHG,0.0
NI01PCGOHLT2023,DA_LIC_CLO,0.0
NI01PCGOHLT2024,DA_LIC_CLO,0.0
NI01PCGOHLT2025,DA_LIC_CLO,0.0
NI01PCGOHLT2026,DA_LIC_CLO,0.0
NI01PCPLHLT2023,PVFC_LIC_UNWIND,0.0
NI01PCPLHLT2023,PVFC_LIC_EXP_CLAIM_CF_CY,0.0
NI01PCPLHLT2023,PVFC_LIC_EXP_ATTEXP_CY,0.0
NI01PCPLHLT2023,PVFC_LIC_EXP_CLAIM_CF_PY,-32695.189993119442
NI01PCPLHLT2023,PVFC_LIC_EXP_ATTEXP_PY,0.0
NI01PCPLHLT2023,RA_LIC_OP,871.4858613351921
NI01PCPLHLT2023,RA_LIC_UNWIND,16.636082164846695
NI01PCPLHLT2023,RA_LIC_INCLAIM,967.7647708917372
NI01PCPLHLT2023,RA_LIC_RELEASE_PY,-887.3348481528285
NI01PCPLHLT2023,RA_LIC_DEREC,0.0
NI01PCPLHLT2023,RA_LIC_TASSCHG_PY,40.92925988329104
NI01PCPLHLT2023,RA_LIC_FASSCHG_PY,0.0
NI01PCPLHLT2023,RA_LIC_CLO,1009.4811261222386
NI01PCPLHLT2024,PVFC_LIC_UNWIND,0.0
NI01PCPLHLT2024,PVFC_LIC_EXP_CLAIM_CF_CY,0.0
NI01PCPLHLT2024,PVFC_LIC_EXP_ATTEXP_CY,0.0
NI01PCPLHLT2024,PVFC_LIC_EXP_CLAIM_CF_PY,-181672.00999488495
NI01PCPLHLT2024,PVFC_LIC_EXP_ATTEXP_PY,0.0
NI01PCPLHLT2024,RA_LIC_OP,4842.007678455572
NI01PCPLHLT2024,RA_LIC_UNWIND,92.43068781195457
NI01PCPLHLT2024,RA_LIC_INCLAIM,5376.936860934662
NI01PCPLHLT2024,RA_LIC_RELEASE_PY,-4930.065235406825
NI01PCPLHLT2024,RA_LIC_DEREC,0.0
NI01PCPLHLT2024,RA_LIC_TASSCHG_PY,227.4044817259228
NI01PCPLHLT2024,RA_LIC_FASSCHG_PY,0.0
NI01PCPLHLT2024,RA_LIC_CLO,5608.714473521286
NI01PCPLHLT2025,PVFC_LIC_UNWIND,0.0
NI01PCPLHLT2025,PVFC_LIC_EXP_CLAIM_CF_CY,0.0
NI01PCPLHLT2025,PVFC_LIC_EXP_ATTEXP_CY,0.0
NI01PCPLHLT2025,PVFC_LIC_EXP_CLAIM_CF_PY,-4185386.853575046
NI01PCPLHLT2025,PVFC_LIC_EXP_ATTEXP_PY,0.0
NI01PCPLHLT2025,RA_LIC_OP,0.0
NI01PCPLHLT2025,RA_LIC_UNWIND,0.0
NI01PCPLHLT2025,RA_LIC_INCLAIM,0.0
NI01PCPLHLT2025,RA_LIC_RELEASE_PY,0.0
NI01PCPLHLT2025,RA_LIC_DEREC,0.0
NI01PCPLHLT2025,RA_LIC_TASSCHG_PY,0.0
NI01PCPLHLT2025,RA_LIC_FASSCHG_PY,0.0
NI01PCPLHLT2025,RA_LIC_CLO,0.0
NI01PCPLHLT2026,PVFC_LIC_UNWIND,0.0
NI01PCPLHLT2026,PVFC_LIC_EXP_CLAIM_CF_CY,0.0
NI01PCPLHLT2026,PVFC_LIC_EXP_ATTEXP_CY,0.0
NI01PCPLHLT2026,PVFC_LIC_EXP_CLAIM_CF_PY,0.0
NI01PCPLHLT2026,PVFC_LIC_EXP_ATTEXP_PY,0.0
NI01PCPLHLT2026,RA_LIC_OP,0.0
NI01PCPLHLT2026,RA_LIC_UNWIND,0.0
NI01PCPLHLT2026,RA_LIC_INCLAIM,0.0
NI01PCPLHLT2026,RA_LIC_RELEASE_PY,0.0
NI01PCPLHLT2026,RA_LIC_DEREC,0.0
NI01PCPLHLT2026,RA_LIC_TASSCHG_PY,0.0
NI01PCPLHLT2026,RA_LIC_FASSCHG_PY,0.0
NI01PCPLHLT2026,RA_LIC_CLO,0.0
NI01PCPLHLT2023,RA_LIC_RELEASE_CY,0.0
NI01PCPLHLT2024,RA_LIC_RELEASE_CY,0.0
NI01PCPLHLT2025,RA_LIC_RELEASE_CY,0.0
NI01PCPLHLT2026,RA_LIC_RELEASE_CY,0.0
NI01PCPLHLT2023,RA_LIC_FEXPVAR_CY,0.0
NI01PCPLHLT2024,RA_LIC_FEXPVAR_CY,0.0
NI01PCPLHLT2025,RA_LIC_FEXPVAR_CY,0.0
NI01PCPLHLT2026,RA_LIC_FEXPVAR_CY,0.0
NI01PCPLHLT2023,DA_LIC_OP,0.0
NI01PCPLHLT2024,DA_LIC_OP,0.0
NI01PCPLHLT2025,DA_LIC_OP,0.0
NI01PCPLHLT2026,DA_LIC_OP,0.0
NI01PCPLHLT2023,DA_LIC_INCLAIM_INCEXP,0.0
NI01PCPLHLT2024,DA_LIC_INCLAIM_INCEXP,0.0
NI01PCPLHLT2025,DA_LIC_INCLAIM_INCEXP,0.0
NI01PCPLHLT2026,DA_LIC_INCLAIM_INCEXP,0.0
NI01PCPLHLT2023,DA_LIC_CHG,0.0
NI01PCPLHLT2024,DA_LIC_CHG,0.0
NI01PCPLHLT2025,DA_LIC_CHG,0.0
NI01PCPLHLT2026,DA_LIC_CHG,0.0
NI01PCPLHLT2023,DA_LIC_CLO,0.0
NI01PCPLHLT2024,DA_LIC_CLO,0.0
NI01PCPLHLT2025,DA_LIC_CLO,0.0
NI01PCPLHLT2026,DA_LIC_CLO,0.0
NI01PCSIHLT2023,PVFC_LIC_UNWIND,0.0
NI01PCSIHLT2023,PVFC_LIC_EXP_CLAIM_CF_CY,0.0
NI01PCSIHLT2023,PVFC_LIC_EXP_ATTEXP_CY,0.0
NI01PCSIHLT2023,PVFC_LIC_EXP_CLAIM_CF_PY,-358.98393973643454
NI01PCSIHLT2023,PVFC_LIC_EXP_ATTEXP_PY,0.0
NI01PCSIHLT2023,RA_LIC_OP,9.568668296240062
NI01PCSIHLT2023,RA_LIC_UNWIND,0.1751545863679551
NI01PCSIHLT2023,RA_LIC_INCLAIM,10.521806082672242
NI01PCSIHLT2023,RA_LIC_RELEASE_PY,-9.739862859044312
NI01PCSIHLT2023,RA_LIC_DEREC,0.0
NI01PCSIHLT2023,RA_LIC_TASSCHG_PY,0.4811403376090321
NI01PCSIHLT2023,RA_LIC_FASSCHG_PY,0.0
NI01PCSIHLT2023,RA_LIC_CLO,11.006906443844981
NI01PCSIHLT2024,PVFC_LIC_UNWIND,0.0
NI01PCSIHLT2024,PVFC_LIC_EXP_CLAIM_CF_CY,0.0
NI01PCSIHLT2024,PVFC_LIC_EXP_ATTEXP_CY,0.0
NI01PCSIHLT2024,PVFC_LIC_EXP_CLAIM_CF_PY,-100030.25911738597
NI01PCSIHLT2024,PVFC_LIC_EXP_ATTEXP_PY,0.0
NI01PCSIHLT2024,RA_LIC_OP,2666.2118000252954
NI01PCSIHLT2024,RA_LIC_UNWIND,48.805038542959586
NI01PCSIHLT2024,RA_LIC_INCLAIM,2931.7939201865765
NI01PCSIHLT2024,RA_LIC_RELEASE_PY,-2713.913418402872
NI01PCSIHLT2024,RA_LIC_DEREC,0.0
NI01PCSIHLT2024,RA_LIC_TASSCHG_PY,134.06484642230006
NI01PCSIHLT2024,RA_LIC_FASSCHG_PY,0.0
NI01PCSIHLT2024,RA_LIC_CLO,3066.96218677426
NI01PCSIHLT2025,PVFC_LIC_UNWIND,0.0
NI01PCSIHLT2025,PVFC_LIC_EXP_CLAIM_CF_CY,0.0
NI01PCSIHLT2025,PVFC_LIC_EXP_ATTEXP_CY,0.0
NI01PCSIHLT2025,PVFC_LIC_EXP_CLAIM_CF_PY,-1844558.1354017372
NI01PCSIHLT2025,PVFC_LIC_EXP_ATTEXP_PY,0.0
NI01PCSIHLT2025,RA_LIC_OP,0.0
NI01PCSIHLT2025,RA_LIC_UNWIND,0.0
NI01PCSIHLT2025,RA_LIC_INCLAIM,0.0
NI01PCSIHLT2025,RA_LIC_RELEASE_PY,0.0
NI01PCSIHLT2025,RA_LIC_DEREC,0.0
NI01PCSIHLT2025,RA_LIC_TASSCHG_PY,0.0
NI01PCSIHLT2025,RA_LIC_FASSCHG_PY,0.0
NI01PCSIHLT2025,RA_LIC_CLO,0.0
NI01PCSIHLT2026,PVFC_LIC_UNWIND,0.0
NI01PCSIHLT2026,PVFC_LIC_EXP_CLAIM_CF_CY,0.0
NI01PCSIHLT2026,PVFC_LIC_EXP_ATTEXP_CY,0.0
NI01PCSIHLT2026,PVFC_LIC_EXP_CLAIM_CF_PY,0.0
NI01PCSIHLT2026,PVFC_LIC_EXP_ATTEXP_PY,0.0
NI01PCSIHLT2026,RA_LIC_OP,0.0
NI01PCSIHLT2026,RA_LIC_UNWIND,0.0
NI01PCSIHLT2026,RA_LIC_INCLAIM,0.0
NI01PCSIHLT2026,RA_LIC_RELEASE_PY,0.0
NI01PCSIHLT2026,RA_LIC_DEREC,0.0
NI01PCSIHLT2026,RA_LIC_TASSCHG_PY,0.0
NI01PCSIHLT2026,RA_LIC_FASSCHG_PY,0.0
NI01PCSIHLT2026,RA_LIC_CLO,0.0
NI01PCSIHLT2023,RA_LIC_RELEASE_CY,0.0
NI01PCSIHLT2024,RA_LIC_RELEASE_CY,0.0
NI01PCSIHLT2025,RA_LIC_RELEASE_CY,0.0
NI01PCSIHLT2026,RA_LIC_RELEASE_CY,0.0
NI01PCSIHLT2023,RA_LIC_FEXPVAR_CY,0.0
NI01PCSIHLT2024,RA_LIC_FEXPVAR_CY,0.0
NI01PCSIHLT2025,RA_LIC_FEXPVAR_CY,0.0
NI01PCSIHLT2026,RA_LIC_FEXPVAR_CY,0.0
NI01PCSIHLT2023,DA_LIC_OP,0.0
NI01PCSIHLT2024,DA_LIC_OP,0.0
NI01PCSIHLT2025,DA_LIC_OP,0.0
NI01PCSIHLT2026,DA_LIC_OP,0.0
NI01PCSIHLT2023,DA_LIC_INCLAIM_INCEXP,0.0
NI01PCSIHLT2024,DA_LIC_INCLAIM_INCEXP,0.0
NI01PCSIHLT2025,DA_LIC_INCLAIM_INCEXP,0.0
NI01PCSIHLT2026,DA_LIC_INCLAIM_INCEXP,0.0
NI01PCSIHLT2023,DA_LIC_CHG,0.0
NI01PCSIHLT2024,DA_LIC_CHG,0.0
NI01PCSIHLT2025,DA_LIC_CHG,0.0
NI01PCSIHLT2026,DA_LIC_CHG,0.0
NI01PCSIHLT2023,DA_LIC_CLO,0.0
NI01PCSIHLT2024,DA_LIC_CLO,0.0
NI01PCSIHLT2025,DA_LIC_CLO,0.0
NI01PCSIHLT2026,DA_LIC_CLO,0.0
NI01PIMEHLT2023,PVFC_LIC_UNWIND,0.0
NI01PIMEHLT2023,PVFC_LIC_EXP_CLAIM_CF_CY,0.0
NI01PIMEHLT2023,PVFC_LIC_EXP_ATTEXP_CY,0.0
NI01PIMEHLT2023,PVFC_LIC_EXP_CLAIM_CF_PY,0.0
NI01PIMEHLT2023,PVFC_LIC_EXP_ATTEXP_PY,0.0
NI01PIMEHLT2023,RA_LIC_OP,0.0
NI01PIMEHLT2023,RA_LIC_UNWIND,0.0
NI01PIMEHLT2023,RA_LIC_INCLAIM,0.0
NI01PIMEHLT2023,RA_LIC_RELEASE_PY,0.0
NI01PIMEHLT2023,RA_LIC_DEREC,0.0
NI01PIMEHLT2023,RA_LIC_TASSCHG_PY,0.0
NI01PIMEHLT2023,RA_LIC_FASSCHG_PY,0.0
NI01PIMEHLT2023,RA_LIC_CLO,0.0
NI01PIMEHLT2024,PVFC_LIC_UNWIND,0.0
NI01PIMEHLT2024,PVFC_LIC_EXP_CLAIM_CF_CY,0.0
NI01PIMEHLT2024,PVFC_LIC_EXP_ATTEXP_CY,0.0
NI01PIMEHLT2024,PVFC_LIC_EXP_CLAIM_CF_PY,-28631.28095339911
NI01PIMEHLT2024,PVFC_LIC_EXP_ATTEXP_PY,0.0
NI01PIMEHLT2024,RA_LIC_OP,763.1302838250788
NI01PIMEHLT2024,RA_LIC_UNWIND,15.378100620504355
NI01PIMEHLT2024,RA_LIC_INCLAIM,876.2341683412265
NI01PIMEHLT2024,RA_LIC_RELEASE_PY,-778.1339556810947
NI01PIMEHLT2024,RA_LIC_DEREC,0.0
NI01PIMEHLT2024,RA_LIC_TASSCHG_PY,28.576869772311042
NI01PIMEHLT2024,RA_LIC_FASSCHG_PY,0.0
NI01PIMEHLT2024,RA_LIC_CLO,905.185466878026
NI01PIMEHLT2025,PVFC_LIC_UNWIND,0.0
NI01PIMEHLT2025,PVFC_LIC_EXP_CLAIM_CF_CY,0.0
NI01PIMEHLT2025,PVFC_LIC_EXP_ATTEXP_CY,0.0
NI01PIMEHLT2025,PVFC_LIC_EXP_CLAIM_CF_PY,-713916.0402065923
NI01PIMEHLT2025,PVFC_LIC_EXP_ATTEXP_PY,0.0
NI01PIMEHLT2025,RA_LIC_OP,0.0
NI01PIMEHLT2025,RA_LIC_UNWIND,0.0
NI01PIMEHLT2025,RA_LIC_INCLAIM,0.0
NI01PIMEHLT2025,RA_LIC_RELEASE_PY,0.0
NI01PIMEHLT2025,RA_LIC_DEREC,0.0
NI01PIMEHLT2025,RA_LIC_TASSCHG_PY,0.0
NI01PIMEHLT2025,RA_LIC_FASSCHG_PY,0.0
NI01PIMEHLT2025,RA_LIC_CLO,0.0
NI01PIMEHLT2026,PVFC_LIC_UNWIND,0.0
NI01PIMEHLT2026,PVFC_LIC_EXP_CLAIM_CF_CY,0.0
NI01PIMEHLT2026,PVFC_LIC_EXP_ATTEXP_CY,0.0
NI01PIMEHLT2026,PVFC_LIC_EXP_CLAIM_CF_PY,0.0
NI01PIMEHLT2026,PVFC_LIC_EXP_ATTEXP_PY,0.0
NI01PIMEHLT2026,RA_LIC_OP,0.0
NI01PIMEHLT2026,RA_LIC_UNWIND,0.0
NI01PIMEHLT2026,RA_LIC_INCLAIM,0.0
NI01PIMEHLT2026,RA_LIC_RELEASE_PY,0.0
NI01PIMEHLT2026,RA_LIC_DEREC,0.0
NI01PIMEHLT2026,RA_LIC_TASSCHG_PY,0.0
NI01PIMEHLT2026,RA_LIC_FASSCHG_PY,0.0
NI01PIMEHLT2026,RA_LIC_CLO,0.0
NI01PIMEHLT2023,RA_LIC_RELEASE_CY,0.0
NI01PIMEHLT2024,RA_LIC_RELEASE_CY,0.0
NI01PIMEHLT2025,RA_LIC_RELEASE_CY,0.0
NI01PIMEHLT2026,RA_LIC_RELEASE_CY,0.0
NI01PIMEHLT2023,RA_LIC_FEXPVAR_CY,0.0
NI01PIMEHLT2024,RA_LIC_FEXPVAR_CY,0.0
NI01PIMEHLT2025,RA_LIC_FEXPVAR_CY,0.0
NI01PIMEHLT2026,RA_LIC_FEXPVAR_CY,0.0
NI01PIMEHLT2023,DA_LIC_OP,0.0
NI01PIMEHLT2024,DA_LIC_OP,0.0
NI01PIMEHLT2025,DA_LIC_OP,0.0
NI01PIMEHLT2026,DA_LIC_OP,0.0
NI01PIMEHLT2023,DA_LIC_INCLAIM_INCEXP,0.0
NI01PIMEHLT2024,DA_LIC_INCLAIM_INCEXP,0.0
NI01PIMEHLT2025,DA_LIC_INCLAIM_INCEXP,0.0
NI01PIMEHLT2026,DA_LIC_INCLAIM_INCEXP,0.0
NI01PIMEHLT2023,DA_LIC_CHG,0.0
NI01PIMEHLT2024,DA_LIC_CHG,0.0
NI01PIMEHLT2025,DA_LIC_CHG,0.0
NI01PIMEHLT2026,DA_LIC_CHG,0.0
NI01PIMEHLT2023,DA_LIC_CLO,0.0
NI01PIMEHLT2024,DA_LIC_CLO,0.0
NI01PIMEHLT2025,DA_LIC_CLO,0.0
NI01PIMEHLT2026,DA_LIC_CLO,0.0
NI01PCBCHLT2023,PVFC_LIC_UNWIND,0.0
NI01PCBCHLT2023,PVFC_LIC_EXP_CLAIM_CF_CY,0.0
NI01PCBCHLT2023,PVFC_LIC_EXP_ATTEXP_CY,0.0
NI01PCBCHLT2023,PVFC_LIC_EXP_CLAIM_CF_PY,0.0
NI01PCBCHLT2023,PVFC_LIC_EXP_ATTEXP_PY,0.0
NI01PCBCHLT2023,RA_LIC_OP,0.0
NI01PCBCHLT2023,RA_LIC_UNWIND,0.0
NI01PCBCHLT2023,RA_LIC_INCLAIM,0.0
NI01PCBCHLT2023,RA_LIC_RELEASE_PY,0.0
NI01PCBCHLT2023,RA_LIC_DEREC,0.0
NI01PCBCHLT2023,RA_LIC_TASSCHG_PY,0.0
NI01PCBCHLT2023,RA_LIC_FASSCHG_PY,0.0
NI01PCBCHLT2023,RA_LIC_CLO,0.0
NI01PCBCHLT2024,PVFC_LIC_UNWIND,0.0
NI01PCBCHLT2024,PVFC_LIC_EXP_CLAIM_CF_CY,0.0
NI01PCBCHLT2024,PVFC_LIC_EXP_ATTEXP_CY,0.0
NI01PCBCHLT2024,PVFC_LIC_EXP_CLAIM_CF_PY,-7109.326695767295
NI01PCBCHLT2024,PVFC_LIC_EXP_ATTEXP_PY,0.0
NI01PCBCHLT2024,RA_LIC_OP,189.49814025481692
NI01PCBCHLT2024,RA_LIC_UNWIND,3.884513757308945
NI01PCBCHLT2024,RA_LIC_INCLAIM,219.37961873491577
NI01PCBCHLT2024,RA_LIC_RELEASE_PY,-193.38265401212587
NI01PCBCHLT2024,RA_LIC_DEREC,0.0
NI01PCBCHLT2024,RA_LIC_TASSCHG_PY,6.716850790024234
NI01PCBCHLT2024,RA_LIC_FASSCHG_PY,0.0
NI01PCBCHLT2024,RA_LIC_CLO,226.09646952494
NI01PCBCHLT2025,PVFC_LIC_UNWIND,0.0
NI01PCBCHLT2025,PVFC_LIC_EXP_CLAIM_CF_CY,0.0
NI01PCBCHLT2025,PVFC_LIC_EXP_ATTEXP_CY,0.0
NI01PCBCHLT2025,PVFC_LIC_EXP_CLAIM_CF_PY,-190398.42828482465
NI01PCBCHLT2025,PVFC_LIC_EXP_ATTEXP_PY,0.0
NI01PCBCHLT2025,RA_LIC_OP,0.0
NI01PCBCHLT2025,RA_LIC_UNWIND,0.0
NI01PCBCHLT2025,RA_LIC_INCLAIM,0.0
NI01PCBCHLT2025,RA_LIC_RELEASE_PY,0.0
NI01PCBCHLT2025,RA_LIC_DEREC,0.0
NI01PCBCHLT2025,RA_LIC_TASSCHG_PY,0.0
NI01PCBCHLT2025,RA_LIC_FASSCHG_PY,0.0
NI01PCBCHLT2025,RA_LIC_CLO,0.0
NI01PCBCHLT2026,PVFC_LIC_UNWIND,0.0
NI01PCBCHLT2026,PVFC_LIC_EXP_CLAIM_CF_CY,0.0
NI01PCBCHLT2026,PVFC_LIC_EXP_ATTEXP_CY,0.0
NI01PCBCHLT2026,PVFC_LIC_EXP_CLAIM_CF_PY,0.0
NI01PCBCHLT2026,PVFC_LIC_EXP_ATTEXP_PY,0.0
NI01PCBCHLT2026,RA_LIC_OP,0.0
NI01PCBCHLT2026,RA_LIC_UNWIND,0.0
NI01PCBCHLT2026,RA_LIC_INCLAIM,0.0
NI01PCBCHLT2026,RA_LIC_RELEASE_PY,0.0
NI01PCBCHLT2026,RA_LIC_DEREC,0.0
NI01PCBCHLT2026,RA_LIC_TASSCHG_PY,0.0
NI01PCBCHLT2026,RA_LIC_FASSCHG_PY,0.0
NI01PCBCHLT2026,RA_LIC_CLO,0.0
NI01PCBCHLT2023,RA_LIC_RELEASE_CY,0.0
NI01PCBCHLT2024,RA_LIC_RELEASE_CY,0.0
NI01PCBCHLT2025,RA_LIC_RELEASE_CY,0.0
NI01PCBCHLT2026,RA_LIC_RELEASE_CY,0.0
NI01PCBCHLT2023,RA_LIC_FEXPVAR_CY,0.0
NI01PCBCHLT2024,RA_LIC_FEXPVAR_CY,0.0
NI01PCBCHLT2025,RA_LIC_FEXPVAR_CY,0.0
NI01PCBCHLT2026,RA_LIC_FEXPVAR_CY,0.0
NI01PCBCHLT2023,DA_LIC_OP,0.0
NI01PCBCHLT2024,DA_LIC_OP,0.0
NI01PCBCHLT2025,DA_LIC_OP,0.0
NI01PCBCHLT2026,DA_LIC_OP,0.0
NI01PCBCHLT2023,DA_LIC_INCLAIM_INCEXP,0.0
NI01PCBCHLT2024,DA_LIC_INCLAIM_INCEXP,0.0
NI01PCBCHLT2025,DA_LIC_INCLAIM_INCEXP,0.0
NI01PCBCHLT2026,DA_LIC_INCLAIM_INCEXP,0.0
NI01PCBCHLT2023,DA_LIC_CHG,0.0
NI01PCBCHLT2024,DA_LIC_CHG,0.0
NI01PCBCHLT2025,DA_LIC_CHG,0.0
NI01PCBCHLT2026,DA_LIC_CHG,0.0
NI01PCBCHLT2023,DA_LIC_CLO,0.0
NI01PCBCHLT2024,DA_LIC_CLO,0.0
NI01PCBCHLT2025,DA_LIC_CLO,0.0
NI01PCBCHLT2026,DA_LIC_CLO,0.0
NI01PCBRHLT2023,PVFC_LIC_UNWIND,0.0
NI01PCBRHLT2023,PVFC_LIC_EXP_CLAIM_CF_CY,0.0
NI01PCBRHLT2023,PVFC_LIC_EXP_ATTEXP_CY,0.0
NI01PCBRHLT2023,PVFC_LIC_EXP_CLAIM_CF_PY,-3336.2952997024377
NI01PCBRHLT2023,PVFC_LIC_EXP_ATTEXP_PY,0.0
NI01PCBRHLT2023,RA_LIC_OP,88.92849937686887
NI01PCBRHLT2023,RA_LIC_UNWIND,1.6804194853895453
NI01PCBRHLT2023,RA_LIC_INCLAIM,96.87917310737258
NI01PCBRHLT2023,RA_LIC_RELEASE_PY,-90.56641151186923
NI01PCBRHLT2023,RA_LIC_DEREC,0.0
NI01PCBRHLT2023,RA_LIC_TASSCHG_PY,4.709121739706519
NI01PCBRHLT2023,RA_LIC_FASSCHG_PY,0.0
NI01PCBRHLT2023,RA_LIC_CLO,101.63080219746828
NI01PCBRHLT2024,PVFC_LIC_UNWIND,0.0
NI01PCBRHLT2024,PVFC_LIC_EXP_CLAIM_CF_CY,0.0
NI01PCBRHLT2024,PVFC_LIC_EXP_ATTEXP_CY,0.0
NI01PCBRHLT2024,PVFC_LIC_EXP_CLAIM_CF_PY,-47550.97701595736
NI01PCBRHLT2024,PVFC_LIC_EXP_ATTEXP_PY,0.0
NI01PCBRHLT2024,RA_LIC_OP,1267.433155932303
NI01PCBRHLT2024,RA_LIC_UNWIND,23.949795471432342
NI01PCBRHLT2024,RA_LIC_INCLAIM,1380.7483200096303
NI01PCBRHLT2024,RA_LIC_RELEASE_PY,-1290.7771250867327
NI01PCBRHLT2024,RA_LIC_DEREC,0.0
NI01PCBRHLT2024,RA_LIC_TASSCHG_PY,67.11568361152524
NI01PCBRHLT2024,RA_LIC_FASSCHG_PY,0.0
NI01PCBRHLT2024,RA_LIC_CLO,1448.4698299381582
NI01PCBRHLT2025,PVFC_LIC_UNWIND,0.0
NI01PCBRHLT2025,PVFC_LIC_EXP_CLAIM_CF_CY,0.0
NI01PCBRHLT2025,PVFC_LIC_EXP_ATTEXP_CY,0.0
NI01PCBRHLT2025,PVFC_LIC_EXP_CLAIM_CF_PY,-885022.7166038721
NI01PCBRHLT2025,PVFC_LIC_EXP_ATTEXP_PY,0.0
NI01PCBRHLT2025,RA_LIC_OP,0.0
NI01PCBRHLT2025,RA_LIC_UNWIND,0.0
NI01PCBRHLT2025,RA_LIC_INCLAIM,0.0
NI01PCBRHLT2025,RA_LIC_RELEASE_PY,0.0
NI01PCBRHLT2025,RA_LIC_DEREC,0.0
NI01PCBRHLT2025,RA_LIC_TASSCHG_PY,0.0
NI01PCBRHLT2025,RA_LIC_FASSCHG_PY,0.0
NI01PCBRHLT2025,RA_LIC_CLO,0.0
NI01PCBRHLT2026,PVFC_LIC_UNWIND,0.0
NI01PCBRHLT2026,PVFC_LIC_EXP_CLAIM_CF_CY,0.0
NI01PCBRHLT2026,PVFC_LIC_EXP_ATTEXP_CY,0.0
NI01PCBRHLT2026,PVFC_LIC_EXP_CLAIM_CF_PY,0.0
NI01PCBRHLT2026,PVFC_LIC_EXP_ATTEXP_PY,0.0
NI01PCBRHLT2026,RA_LIC_OP,0.0
NI01PCBRHLT2026,RA_LIC_UNWIND,0.0
NI01PCBRHLT2026,RA_LIC_INCLAIM,0.0
NI01PCBRHLT2026,RA_LIC_RELEASE_PY,0.0
NI01PCBRHLT2026,RA_LIC_DEREC,0.0
NI01PCBRHLT2026,RA_LIC_TASSCHG_PY,0.0
NI01PCBRHLT2026,RA_LIC_FASSCHG_PY,0.0
NI01PCBRHLT2026,RA_LIC_CLO,0.0
NI01PCBRHLT2023,RA_LIC_RELEASE_CY,0.0
NI01PCBRHLT2024,RA_LIC_RELEASE_CY,0.0
NI01PCBRHLT2025,RA_LIC_RELEASE_CY,0.0
NI01PCBRHLT2026,RA_LIC_RELEASE_CY,0.0
NI01PCBRHLT2023,RA_LIC_FEXPVAR_CY,0.0
NI01PCBRHLT2024,RA_LIC_FEXPVAR_CY,0.0
NI01PCBRHLT2025,RA_LIC_FEXPVAR_CY,0.0
NI01PCBRHLT2026,RA_LIC_FEXPVAR_CY,0.0
NI01PCBRHLT2023,DA_LIC_OP,0.0
NI01PCBRHLT2024,DA_LIC_OP,0.0
NI01PCBRHLT2025,DA_LIC_OP,0.0
NI01PCBRHLT2026,DA_LIC_OP,0.0
NI01PCBRHLT2023,DA_LIC_INCLAIM_INCEXP,0.0
NI01PCBRHLT2024,DA_LIC_INCLAIM_INCEXP,0.0
NI01PCBRHLT2025,DA_LIC_INCLAIM_INCEXP,0.0
NI01PCBRHLT2026,DA_LIC_INCLAIM_INCEXP,0.0
NI01PCBRHLT2023,DA_LIC_CHG,0.0
NI01PCBRHLT2024,DA_LIC_CHG,0.0
NI01PCBRHLT2025,DA_LIC_CHG,0.0
NI01PCBRHLT2026,DA_LIC_CHG,0.0
NI01PCBRHLT2023,DA_LIC_CLO,0.0
NI01PCBRHLT2024,DA_LIC_CLO,0.0
NI01PCBRHLT2025,DA_LIC_CLO,0.0
NI01PCBRHLT2026,DA_LIC_CLO,0.0
NI01PCECHLT2023,PVFC_LIC_UNWIND,0.0
NI01PCECHLT2023,PVFC_LIC_EXP_CLAIM_CF_CY,0.0
NI01PCECHLT2023,PVFC_LIC_EXP_ATTEXP_CY,0.0
NI01PCECHLT2023,PVFC_LIC_EXP_CLAIM_CF_PY,0.0
NI01PCECHLT2023,PVFC_LIC_EXP_ATTEXP_PY,0.0
NI01PCECHLT2023,RA_LIC_OP,0.0
NI01PCECHLT2023,RA_LIC_UNWIND,0.0
NI01PCECHLT2023,RA_LIC_INCLAIM,0.0
NI01PCECHLT2023,RA_LIC_RELEASE_PY,0.0
NI01PCECHLT2023,RA_LIC_DEREC,0.0
NI01PCECHLT2023,RA_LIC_TASSCHG_PY,0.0
NI01PCECHLT2023,RA_LIC_FASSCHG_PY,0.0
NI01PCECHLT2023,RA_LIC_CLO,0.0
NI01PCECHLT2024,PVFC_LIC_UNWIND,0.0
NI01PCECHLT2024,PVFC_LIC_EXP_CLAIM_CF_CY,0.0
NI01PCECHLT2024,PVFC_LIC_EXP_ATTEXP_CY,0.0
NI01PCECHLT2024,PVFC_LIC_EXP_CLAIM_CF_PY,-3562.5732287454493
NI01PCECHLT2024,PVFC_LIC_EXP_ATTEXP_PY,0.0
NI01PCECHLT2024,RA_LIC_OP,94.95990693053933
NI01PCECHLT2024,RA_LIC_UNWIND,1.5926757541145151
NI01PCECHLT2024,RA_LIC_INCLAIM,108.8515897603948
NI01PCECHLT2024,RA_LIC_RELEASE_PY,-96.55204233545184
NI01PCECHLT2024,RA_LIC_DEREC,0.0
NI01PCECHLT2024,RA_LIC_TASSCHG_PY,3.633640589671218
NI01PCECHLT2024,RA_LIC_FASSCHG_PY,0.0
NI01PCECHLT2024,RA_LIC_CLO,112.48577069926803
NI01PCECHLT2025,PVFC_LIC_UNWIND,0.0
NI01PCECHLT2025,PVFC_LIC_EXP_CLAIM_CF_CY,0.0
NI01PCECHLT2025,PVFC_LIC_EXP_ATTEXP_CY,0.0
NI01PCECHLT2025,PVFC_LIC_EXP_CLAIM_CF_PY,-87769.34597664118
NI01PCECHLT2025,PVFC_LIC_EXP_ATTEXP_PY,0.0
NI01PCECHLT2025,RA_LIC_OP,0.0
NI01PCECHLT2025,RA_LIC_UNWIND,0.0
NI01PCECHLT2025,RA_LIC_INCLAIM,0.0
NI01PCECHLT2025,RA_LIC_RELEASE_PY,0.0
NI01PCECHLT2025,RA_LIC_DEREC,0.0
NI01PCECHLT2025,RA_LIC_TASSCHG_PY,0.0
NI01PCECHLT2025,RA_LIC_FASSCHG_PY,0.0
NI01PCECHLT2025,RA_LIC_CLO,0.0
NI01PCECHLT2026,PVFC_LIC_UNWIND,0.0
NI01PCECHLT2026,PVFC_LIC_EXP_CLAIM_CF_CY,0.0
NI01PCECHLT2026,PVFC_LIC_EXP_ATTEXP_CY,0.0
NI01PCECHLT2026,PVFC_LIC_EXP_CLAIM_CF_PY,0.0
NI01PCECHLT2026,PVFC_LIC_EXP_ATTEXP_PY,0.0
NI01PCECHLT2026,RA_LIC_OP,0.0
NI01PCECHLT2026,RA_LIC_UNWIND,0.0
NI01PCECHLT2026,RA_LIC_INCLAIM,0.0
NI01PCECHLT2026,RA_LIC_RELEASE_PY,0.0
NI01PCECHLT2026,RA_LIC_DEREC,0.0
NI01PCECHLT2026,RA_LIC_TASSCHG_PY,0.0
NI01PCECHLT2026,RA_LIC_FASSCHG_PY,0.0
NI01PCECHLT2026,RA_LIC_CLO,0.0
NI01PCECHLT2023,RA_LIC_RELEASE_CY,0.0
NI01PCECHLT2024,RA_LIC_RELEASE_CY,0.0
NI01PCECHLT2025,RA_LIC_RELEASE_CY,0.0
NI01PCECHLT2026,RA_LIC_RELEASE_CY,0.0
NI01PCECHLT2023,RA_LIC_FEXPVAR_CY,0.0
NI01PCECHLT2024,RA_LIC_FEXPVAR_CY,0.0
NI01PCECHLT2025,RA_LIC_FEXPVAR_CY,0.0
NI01PCECHLT2026,RA_LIC_FEXPVAR_CY,0.0
NI01PCECHLT2023,DA_LIC_OP,0.0
NI01PCECHLT2024,DA_LIC_OP,0.0
NI01PCECHLT2025,DA_LIC_OP,0.0
NI01PCECHLT2026,DA_LIC_OP,0.0
NI01PCECHLT2023,DA_LIC_INCLAIM_INCEXP,0.0
NI01PCECHLT2024,DA_LIC_INCLAIM_INCEXP,0.0
NI01PCECHLT2025,DA_LIC_INCLAIM_INCEXP,0.0
NI01PCECHLT2026,DA_LIC_INCLAIM_INCEXP,0.0
NI01PCECHLT2023,DA_LIC_CHG,0.0
NI01PCECHLT2024,DA_LIC_CHG,0.0
NI01PCECHLT2025,DA_LIC_CHG,0.0
NI01PCECHLT2026,DA_LIC_CHG,0.0
NI01PCECHLT2023,DA_LIC_CLO,0.0
NI01PCECHLT2024,DA_LIC_CLO,0.0
NI01PCECHLT2025,DA_LIC_CLO,0.0
NI01PCECHLT2026,DA_LIC_CLO,0.0
NI01PIMEDQS2024,PVFC_LIC_UNWIND,0.0
NI01PIMEDQS2024,PVFC_LIC_EXP_CLAIM_CF_CY,0.0
NI01PIMEDQS2024,PVFC_LIC_EXP_ATTEXP_CY,0.0
NI01PIMEDQS2024,PVFC_LIC_EXP_CLAIM_CF_PY,89692.65806102598
NI01PIMEDQS2024,PVFC_LIC_EXP_ATTEXP_PY,0.0
NI01PIMEDQS2024,RA_LIC_OP,-824.8524949027582
NI01PIMEDQS2024,RA_LIC_UNWIND,-17.211843369849326
NI01PIMEDQS2024,RA_LIC_INCLAIM,-876.4710238076402
NI01PIMEDQS2024,RA_LIC_RELEASE_PY,839.5620039351269
NI01PIMEDQS2024,RA_LIC_DEREC,0.0
NI01PIMEDQS2024,RA_LIC_TASSCHG_PY,-99.9531497698723
NI01PIMEDQS2024,RA_LIC_FASSCHG_PY,0.0
NI01PIMEDQS2024,RA_LIC_CLO,-978.926507914993
NI01PIMEDQS2025,PVFC_LIC_UNWIND,0.0
NI01PIMEDQS2025,PVFC_LIC_EXP_CLAIM_CF_CY,0.0
NI01PIMEDQS2025,PVFC_LIC_EXP_ATTEXP_CY,0.0
NI01PIMEDQS2025,PVFC_LIC_EXP_CLAIM_CF_PY,768724.1724006915
NI01PIMEDQS2025,PVFC_LIC_EXP_ATTEXP_PY,0.0
NI01PIMEDQS2025,RA_LIC_OP,-7057.02665409015
NI01PIMEDQS2025,RA_LIC_UNWIND,-147.25594961238616
NI01PIMEDQS2025,RA_LIC_INCLAIM,-7498.649049097419
NI01PIMEDQS2025,RA_LIC_RELEASE_PY,7182.873878838187
NI01PIMEDQS2025,RA_LIC_DEREC,0.0
NI01PIMEDQS2025,RA_LIC_TASSCHG_PY,-855.1493102647523
NI01PIMEDQS2025,RA_LIC_FASSCHG_PY,0.0
NI01PIMEDQS2025,RA_LIC_CLO,-8375.20708422652
NI01PIMEDQS2026,PVFC_LIC_UNWIND,0.0
NI01PIMEDQS2026,PVFC_LIC_EXP_CLAIM_CF_CY,0.0
NI01PIMEDQS2026,PVFC_LIC_EXP_ATTEXP_CY,0.0
NI01PIMEDQS2026,PVFC_LIC_EXP_CLAIM_CF_PY,0.0
NI01PIMEDQS2026,PVFC_LIC_EXP_ATTEXP_PY,0.0
NI01PIMEDQS2026,RA_LIC_OP,0.0
NI01PIMEDQS2026,RA_LIC_UNWIND,0.0
NI01PIMEDQS2026,RA_LIC_INCLAIM,0.0
NI01PIMEDQS2026,RA_LIC_RELEASE_PY,0.0
NI01PIMEDQS2026,RA_LIC_DEREC,0.0
NI01PIMEDQS2026,RA_LIC_TASSCHG_PY,0.0
NI01PIMEDQS2026,RA_LIC_FASSCHG_PY,0.0
NI01PIMEDQS2026,RA_LIC_CLO,0.0
NI01PIMEDQS2024,RA_LIC_RELEASE_CY,0.0
NI01PIMEDQS2025,RA_LIC_RELEASE_CY,0.0
NI01PIMEDQS2026,RA_LIC_RELEASE_CY,0.0
NI01PIMEDQS2024,RA_LIC_FEXPVAR_CY,0.0
NI01PIMEDQS2025,RA_LIC_FEXPVAR_CY,0.0
NI01PIMEDQS2026,RA_LIC_FEXPVAR_CY,0.0
NI01PIMEDQS2024,DA_LIC_OP,68.85771601059294
NI01PIMEDQS2025,DA_LIC_OP,589.112283989407
NI01PIMEDQS2026,DA_LIC_OP,0.0
NI01PIMEDQS2024,DA_LIC_INCLAIM_INCEXP,30.958939660815798
NI01PIMEDQS2025,DA_LIC_INCLAIM_INCEXP,264.8692508282977
NI01PIMEDQS2026,DA_LIC_INCLAIM_INCEXP,0.0
NI01PIMEDQS2024,DA_LIC_CHG,-64.58939814288208
NI01PIMEDQS2025,DA_LIC_CHG,-552.5946846044214
NI01PIMEDQS2026,DA_LIC_CHG,0.0
NI01PIMEDQS2024,DA_LIC_CLO,35.227257528526664
NI01PIMEDQS2025,DA_LIC_CLO,301.38685021328337
NI01PIMEDQS2026,DA_LIC_CLO,0.0
