GOC_ID,STEP_ID,1
NI01PPBRHLT2023,PVFC_LIC_UNWIND,0.0
NI01PPBRHLT2023,PVFC_LIC_EXP_CLAIM_CF_CY,0.0
NI01PPBRHLT2023,PVFC_LIC_EXP_ATTEXP_CY,0.0
NI01PPBRHLT2023,PVFC_LIC_EXP_CLAIM_CF_PY,-2327.202093838927
NI01PPBRHLT2023,PVFC_LIC_EXP_ATTEXP_PY,0.0
NI01PPBRHLT2023,RA_LIC_OP,65.80260735206846
NI01PPBRHLT2023,RA_LIC_UNWIND,1.4586248991988235
NI01PPBRHLT2023,RA_LIC_INCLAIM,139.04218050150232
NI01PPBRHLT2023,RA_LIC_RELEASE_PY,-67.20322693248474
NI01PPBRHLT2023,RA_LIC_DEREC,0.0
NI01PPBRHLT2023,RA_LIC_TASSCHG_PY,0.7105533168005069
NI01PPBRHLT2023,RA_LIC_FASSCHG_PY,0.0
NI01PPBRHLT2023,RA_LIC_CLO,139.81073913708533
NI01PPBRHLT2024,PVFC_LIC_UNWIND,0.0
NI01PPBRHLT2024,PVFC_LIC_EXP_CLAIM_CF_CY,0.0
NI01PPBRHLT2024,PVFC_LIC_EXP_ATTEXP_CY,0.0
NI01PPBRHLT2024,PVFC_LIC_EXP_CLAIM_CF_PY,-11016.289232935287
NI01PPBRHLT2024,PVFC_LIC_EXP_ATTEXP_PY,0.0
NI01PPBRHLT2024,RA_LIC_OP,311.40154396244327
NI01PPBRHLT2024,RA_LIC_UNWIND,6.902736288888085
NI01PPBRHLT2024,RA_LIC_INCLAIM,657.9974780089242
NI01PPBRHLT2024,RA_LIC_RELEASE_PY,-318.02977827407267
NI01PPBRHLT2024,RA_LIC_DEREC,0.0
NI01PPBRHLT2024,RA_LIC_TASSCHG_PY,3.3625931984039776
NI01PPBRHLT2024,RA_LIC_FASSCHG_PY,0.0
NI01PPBRHLT2024,RA_LIC_CLO,661.6345731845868
NI01PPBRHLT2025,PVFC_LIC_UNWIND,0.0
NI01PPBRHLT2025,PVFC_LIC_EXP_CLAIM_CF_CY,0.0
NI01PPBRHLT2025,PVFC_LIC_EXP_ATTEXP_CY,0.0
NI01PPBRHLT2025,PVFC_LIC_EXP_CLAIM_CF_PY,0.0
NI01PPBRHLT2025,PVFC_LIC_EXP_ATTEXP_PY,0.0
NI01PPBRHLT2025,RA_LIC_OP,0.0
NI01PPBRHLT2025,RA_LIC_UNWIND,0.0
NI01PPBRHLT2025,RA_LIC_INCLAIM,0.0
NI01PPBRHLT2025,RA_LIC_RELEASE_PY,0.0
NI01PPBRHLT2025,RA_LIC_DEREC,0.0
NI01PPBRHLT2025,RA_LIC_TASSCHG_PY,0.0
NI01PPBRHLT2025,RA_LIC_FASSCHG_PY,0.0
NI01PPBRHLT2025,RA_LIC_CLO,0.0
NI01PPBRHLT2023,RA_LIC_RELEASE_CY,0.0
NI01PPBRHLT2024,RA_LIC_RELEASE_CY,0.0
NI01PPBRHLT2025,RA_LIC_RELEASE_CY,0.0
NI01PPBRHLT2023,RA_LIC_FEXPVAR_CY,0.0
NI01PPBRHLT2024,RA_LIC_FEXPVAR_CY,0.0
NI01PPBRHLT2025,RA_LIC_FEXPVAR_CY,0.0
NI01PPBRHLT2023,DA_LIC_OP,0.0
NI01PPBRHLT2024,DA_LIC_OP,0.0
NI01PPBRHLT2025,DA_LIC_OP,0.0
NI01PPBRHLT2023,DA_LIC_INCLAIM_INCEXP,0.0
NI01PPBRHLT2024,DA_LIC_INCLAIM_INCEXP,0.0
NI01PPBRHLT2025,DA_LIC_INCLAIM_INCEXP,0.0
NI01PPBRHLT2023,DA_LIC_CHG,0.0
NI01PPBRHLT2024,DA_LIC_CHG,0.0
NI01PPBRHLT2025,DA_LIC_CHG,0.0
NI01PPBRHLT2023,DA_LIC_CLO,0.0
NI01PPBRHLT2024,DA_LIC_CLO,0.0
NI01PPBRHLT2025,DA_LIC_CLO,0.0
NI01PPGOHLT2023,PVFC_LIC_UNWIND,0.0
NI01PPGOHLT2023,PVFC_LIC_EXP_CLAIM_CF_CY,0.0
NI01PPGOHLT2023,PVFC_LIC_EXP_ATTEXP_CY,0.0
NI01PPGOHLT2023,PVFC_LIC_EXP_CLAIM_CF_PY,-4387.450667360393
NI01PPGOHLT2023,PVFC_LIC_EXP_ATTEXP_PY,0.0
NI01PPGOHLT2023,RA_LIC_OP,124.06317972010295
NI01PPGOHLT2023,RA_LIC_UNWIND,2.7500679729195388
NI01PPGOHLT2023,RA_LIC_INCLAIM,32.56808774325108
NI01PPGOHLT2023,RA_LIC_RELEASE_PY,-126.57863776748096
NI01PPGOHLT2023,RA_LIC_DEREC,0.0
NI01PPGOHLT2023,RA_LIC_TASSCHG_PY,63.37193606653994
NI01PPGOHLT2023,RA_LIC_FASSCHG_PY,0.0
NI01PPGOHLT2023,RA_LIC_CLO,96.17463373533255
NI01PPGOHLT2024,PVFC_LIC_UNWIND,0.0
NI01PPGOHLT2024,PVFC_LIC_EXP_CLAIM_CF_CY,0.0
NI01PPGOHLT2024,PVFC_LIC_EXP_ATTEXP_CY,0.0
NI01PPGOHLT2024,PVFC_LIC_EXP_CLAIM_CF_PY,-71622.41466761826
NI01PPGOHLT2024,PVFC_LIC_EXP_ATTEXP_PY,0.0
NI01PPGOHLT2024,RA_LIC_OP,2026.9468393524692
NI01PPGOHLT2024,RA_LIC_UNWIND,44.93066837630369
NI01PPGOHLT2024,RA_LIC_INCLAIM,532.0981024657707
NI01PPGOHLT2024,RA_LIC_RELEASE_PY,-2068.044445831359
NI01PPGOHLT2024,RA_LIC_DEREC,0.0
NI01PPGOHLT2024,RA_LIC_TASSCHG_PY,1035.372024185721
NI01PPGOHLT2024,RA_LIC_FASSCHG_PY,0.0
NI01PPGOHLT2024,RA_LIC_CLO,1571.3031885489054
NI01PPGOHLT2025,PVFC_LIC_UNWIND,0.0
NI01PPGOHLT2025,PVFC_LIC_EXP_CLAIM_CF_CY,0.0
NI01PPGOHLT2025,PVFC_LIC_EXP_ATTEXP_CY,0.0
NI01PPGOHLT2025,PVFC_LIC_EXP_CLAIM_CF_PY,0.0
NI01PPGOHLT2025,PVFC_LIC_EXP_ATTEXP_PY,0.0
NI01PPGOHLT2025,RA_LIC_OP,0.0
NI01PPGOHLT2025,RA_LIC_UNWIND,0.0
NI01PPGOHLT2025,RA_LIC_INCLAIM,0.0
NI01PPGOHLT2025,RA_LIC_RELEASE_PY,0.0
NI01PPGOHLT2025,RA_LIC_DEREC,0.0
NI01PPGOHLT2025,RA_LIC_TASSCHG_PY,0.0
NI01PPGOHLT2025,RA_LIC_FASSCHG_PY,0.0
NI01PPGOHLT2025,RA_LIC_CLO,0.0
NI01PPGOHLT2023,RA_LIC_RELEASE_CY,0.0
NI01PPGOHLT2024,RA_LIC_RELEASE_CY,0.0
NI01PPGOHLT2025,RA_LIC_RELEASE_CY,0.0
NI01PPGOHLT2023,RA_LIC_FEXPVAR_CY,0.0
NI01PPGOHLT2024,RA_LIC_FEXPVAR_CY,0.0
NI01PPGOHLT2025,RA_LIC_FEXPVAR_CY,0.0
NI01PPGOHLT2023,DA_LIC_OP,0.0
NI01PPGOHLT2024,DA_LIC_OP,0.0
NI01PPGOHLT2025,DA_LIC_OP,0.0
NI01PPGOHLT2023,DA_LIC_INCLAIM_INCEXP,0.0
NI01PPGOHLT2024,DA_LIC_INCLAIM_INCEXP,0.0
NI01PPGOHLT2025,DA_LIC_INCLAIM_INCEXP,0.0
NI01PPGOHLT2023,DA_LIC_CHG,0.0
NI01PPGOHLT2024,DA_LIC_CHG,0.0
NI01PPGOHLT2025,DA_LIC_CHG,0.0
NI01PPGOHLT2023,DA_LIC_CLO,0.0
NI01PPGOHLT2024,DA_LIC_CLO,0.0
NI01PPGOHLT2025,DA_LIC_CLO,0.0
NI01PPPLHLT2023,PVFC_LIC_UNWIND,0.0
NI01PPPLHLT2023,PVFC_LIC_EXP_CLAIM_CF_CY,0.0
NI01PPPLHLT2023,PVFC_LIC_EXP_ATTEXP_CY,0.0
NI01PPPLHLT2023,PVFC_LIC_EXP_CLAIM_CF_PY,-5418.783019489573
NI01PPPLHLT2023,PVFC_LIC_EXP_ATTEXP_PY,0.0
NI01PPPLHLT2023,RA_LIC_OP,153.22497731440632
NI01PPPLHLT2023,RA_LIC_UNWIND,3.3964880129167234
NI01PPPLHLT2023,RA_LIC_INCLAIM,394.1655779997677
NI01PPPLHLT2023,RA_LIC_RELEASE_PY,-156.49032787208904
NI01PPPLHLT2023,RA_LIC_DEREC,0.0
NI01PPPLHLT2023,RA_LIC_TASSCHG_PY,-0.1311374552339883
NI01PPPLHLT2023,RA_LIC_FASSCHG_PY,0.0
NI01PPPLHLT2023,RA_LIC_CLO,394.1655779997677
NI01PPPLHLT2024,PVFC_LIC_UNWIND,0.0
NI01PPPLHLT2024,PVFC_LIC_EXP_CLAIM_CF_CY,0.0
NI01PPPLHLT2024,PVFC_LIC_EXP_ATTEXP_CY,0.0
NI01PPPLHLT2024,PVFC_LIC_EXP_CLAIM_CF_PY,-40733.447252001184
NI01PPPLHLT2024,PVFC_LIC_EXP_ATTEXP_PY,0.0
NI01PPPLHLT2024,RA_LIC_OP,1151.7525282628662
NI01PPPLHLT2024,RA_LIC_UNWIND,25.530522011854494
NI01PPPLHLT2024,RA_LIC_INCLAIM,2962.8407128681815
NI01PPPLHLT2024,RA_LIC_RELEASE_PY,-1176.2973239377816
NI01PPPLHLT2024,RA_LIC_DEREC,0.0
NI01PPPLHLT2024,RA_LIC_TASSCHG_PY,-0.9857263369390871
NI01PPPLHLT2024,RA_LIC_FASSCHG_PY,0.0
NI01PPPLHLT2024,RA_LIC_CLO,2962.8407128681815
NI01PPPLHLT2025,PVFC_LIC_UNWIND,0.0
NI01PPPLHLT2025,PVFC_LIC_EXP_CLAIM_CF_CY,0.0
NI01PPPLHLT2025,PVFC_LIC_EXP_ATTEXP_CY,0.0
NI01PPPLHLT2025,PVFC_LIC_EXP_CLAIM_CF_PY,0.0
NI01PPPLHLT2025,PVFC_LIC_EXP_ATTEXP_PY,0.0
NI01PPPLHLT2025,RA_LIC_OP,0.0
NI01PPPLHLT2025,RA_LIC_UNWIND,0.0
NI01PPPLHLT2025,RA_LIC_INCLAIM,0.0
NI01PPPLHLT2025,RA_LIC_RELEASE_PY,0.0
NI01PPPLHLT2025,RA_LIC_DEREC,0.0
NI01PPPLHLT2025,RA_LIC_TASSCHG_PY,0.0
NI01PPPLHLT2025,RA_LIC_FASSCHG_PY,0.0
NI01PPPLHLT2025,RA_LIC_CLO,0.0
NI01PPPLHLT2023,RA_LIC_RELEASE_CY,0.0
NI01PPPLHLT2024,RA_LIC_RELEASE_CY,0.0
NI01PPPLHLT2025,RA_LIC_RELEASE_CY,0.0
NI01PPPLHLT2023,RA_LIC_FEXPVAR_CY,0.0
NI01PPPLHLT2024,RA_LIC_FEXPVAR_CY,0.0
NI01PPPLHLT2025,RA_LIC_FEXPVAR_CY,0.0
NI01PPPLHLT2023,DA_LIC_OP,0.0
NI01PPPLHLT2024,DA_LIC_OP,0.0
NI01PPPLHLT2025,DA_LIC_OP,0.0
NI01PPPLHLT2023,DA_LIC_INCLAIM_INCEXP,0.0
NI01PPPLHLT2024,DA_LIC_INCLAIM_INCEXP,0.0
NI01PPPLHLT2025,DA_LIC_INCLAIM_INCEXP,0.0
NI01PPPLHLT2023,DA_LIC_CHG,0.0
NI01PPPLHLT2024,DA_LIC_CHG,0.0
NI01PPPLHLT2025,DA_LIC_CHG,0.0
NI01PPPLHLT2023,DA_LIC_CLO,0.0
NI01PPPLHLT2024,DA_LIC_CLO,0.0
NI01PPPLHLT2025,DA_LIC_CLO,0.0
NI01PPSIHLT2023,PVFC_LIC_UNWIND,0.0
NI01PPSIHLT2023,PVFC_LIC_EXP_CLAIM_CF_CY,0.0
NI01PPSIHLT2023,PVFC_LIC_EXP_ATTEXP_CY,0.0
NI01PPSIHLT2023,PVFC_LIC_EXP_CLAIM_CF_PY,0.0
NI01PPSIHLT2023,PVFC_LIC_EXP_ATTEXP_PY,0.0
NI01PPSIHLT2023,RA_LIC_OP,0.0
NI01PPSIHLT2023,RA_LIC_UNWIND,0.0
NI01PPSIHLT2023,RA_LIC_INCLAIM,0.0
NI01PPSIHLT2023,RA_LIC_RELEASE_PY,0.0
NI01PPSIHLT2023,RA_LIC_DEREC,0.0
NI01PPSIHLT2023,RA_LIC_TASSCHG_PY,0.0
NI01PPSIHLT2023,RA_LIC_FASSCHG_PY,0.0
NI01PPSIHLT2023,RA_LIC_CLO,0.0
NI01PPSIHLT2024,PVFC_LIC_UNWIND,0.0
NI01PPSIHLT2024,PVFC_LIC_EXP_CLAIM_CF_CY,0.0
NI01PPSIHLT2024,PVFC_LIC_EXP_ATTEXP_CY,0.0
NI01PPSIHLT2024,PVFC_LIC_EXP_CLAIM_CF_PY,-30956.816105591235
NI01PPSIHLT2024,PVFC_LIC_EXP_ATTEXP_PY,0.0
NI01PPSIHLT2024,RA_LIC_OP,875.2920613620249
NI01PPSIHLT2024,RA_LIC_UNWIND,19.402313162801715
NI01PPSIHLT2024,RA_LIC_INCLAIM,201.2928538233951
NI01PPSIHLT2024,RA_LIC_RELEASE_PY,-893.5997871318989
NI01PPSIHLT2024,RA_LIC_DEREC,0.0
NI01PPSIHLT2024,RA_LIC_TASSCHG_PY,457.9891182952381
NI01PPSIHLT2024,RA_LIC_FASSCHG_PY,0.0
NI01PPSIHLT2024,RA_LIC_CLO,660.3765595115608
NI01PPSIHLT2025,PVFC_LIC_UNWIND,0.0
NI01PPSIHLT2025,PVFC_LIC_EXP_CLAIM_CF_CY,0.0
NI01PPSIHLT2025,PVFC_LIC_EXP_ATTEXP_CY,0.0
NI01PPSIHLT2025,PVFC_LIC_EXP_CLAIM_CF_PY,0.0
NI01PPSIHLT2025,PVFC_LIC_EXP_ATTEXP_PY,0.0
NI01PPSIHLT2025,RA_LIC_OP,0.0
NI01PPSIHLT2025,RA_LIC_UNWIND,0.0
NI01PPSIHLT2025,RA_LIC_INCLAIM,0.0
NI01PPSIHLT2025,RA_LIC_RELEASE_PY,0.0
NI01PPSIHLT2025,RA_LIC_DEREC,0.0
NI01PPSIHLT2025,RA_LIC_TASSCHG_PY,0.0
NI01PPSIHLT2025,RA_LIC_FASSCHG_PY,0.0
NI01PPSIHLT2025,RA_LIC_CLO,0.0
NI01PPSIHLT2023,RA_LIC_RELEASE_CY,0.0
NI01PPSIHLT2024,RA_LIC_RELEASE_CY,0.0
NI01PPSIHLT2025,RA_LIC_RELEASE_CY,0.0
NI01PPSIHLT2023,RA_LIC_FEXPVAR_CY,0.0
NI01PPSIHLT2024,RA_LIC_FEXPVAR_CY,0.0
NI01PPSIHLT2025,RA_LIC_FEXPVAR_CY,0.0
NI01PPSIHLT2023,DA_LIC_OP,0.0
NI01PPSIHLT2024,DA_LIC_OP,0.0
NI01PPSIHLT2025,DA_LIC_OP,0.0
NI01PPSIHLT2023,DA_LIC_INCLAIM_INCEXP,0.0
NI01PPSIHLT2024,DA_LIC_INCLAIM_INCEXP,0.0
NI01PPSIHLT2025,DA_LIC_INCLAIM_INCEXP,0.0
NI01PPSIHLT2023,DA_LIC_CHG,0.0
NI01PPSIHLT2024,DA_LIC_CHG,0.0
NI01PPSIHLT2025,DA_LIC_CHG,0.0
NI01PPSIHLT2023,DA_LIC_CLO,0.0
NI01PPSIHLT2024,DA_LIC_CLO,0.0
NI01PPSIHLT2025,DA_LIC_CLO,0.0
NI01PCBCHLT2023,PVFC_LIC_UNWIND,0.0
NI01PCBCHLT2023,PVFC_LIC_EXP_CLAIM_CF_CY,0.0
NI01PCBCHLT2023,PVFC_LIC_EXP_ATTEXP_CY,0.0
NI01PCBCHLT2023,PVFC_LIC_EXP_CLAIM_CF_PY,-69734.47765088601
NI01PCBCHLT2023,PVFC_LIC_EXP_ATTEXP_PY,0.0
NI01PCBCHLT2023,RA_LIC_OP,1972.099831968188
NI01PCBCHLT2023,RA_LIC_UNWIND,43.7148926823522
NI01PCBCHLT2023,RA_LIC_INCLAIM,395.28417901075437
NI01PCBCHLT2023,RA_LIC_RELEASE_PY,-2010.4349916278322
NI01PCBCHLT2023,RA_LIC_DEREC,0.0
NI01PCBCHLT2023,RA_LIC_TASSCHG_PY,1516.6999212621233
NI01PCBCHLT2023,RA_LIC_FASSCHG_PY,0.0
NI01PCBCHLT2023,RA_LIC_CLO,1917.3638332955857
NI01PCBCHLT2024,PVFC_LIC_UNWIND,0.0
NI01PCBCHLT2024,PVFC_LIC_EXP_CLAIM_CF_CY,0.0
NI01PCBCHLT2024,PVFC_LIC_EXP_ATTEXP_CY,0.0
NI01PCBCHLT2024,PVFC_LIC_EXP_CLAIM_CF_PY,-411367.65123617527
NI01PCBCHLT2024,PVFC_LIC_EXP_ATTEXP_PY,0.0
NI01PCBCHLT2024,RA_LIC_OP,11650.172444268219
NI01PCBCHLT2024,RA_LIC_UNWIND,258.24556641425505
NI01PCBCHLT2024,RA_LIC_INCLAIM,2335.1398216845246
NI01PCBCHLT2024,RA_LIC_RELEASE_PY,-11876.63725780034
NI01PCBCHLT2024,RA_LIC_DEREC,0.0
NI01PCBCHLT2024,RA_LIC_TASSCHG_PY,8959.899160519171
NI01PCBCHLT2024,RA_LIC_FASSCHG_PY,0.0
NI01PCBCHLT2024,RA_LIC_CLO,11326.819735085825
NI01PCBCHLT2025,PVFC_LIC_UNWIND,0.0
NI01PCBCHLT2025,PVFC_LIC_EXP_CLAIM_CF_CY,0.0
NI01PCBCHLT2025,PVFC_LIC_EXP_ATTEXP_CY,0.0
NI01PCBCHLT2025,PVFC_LIC_EXP_CLAIM_CF_PY,0.0
NI01PCBCHLT2025,PVFC_LIC_EXP_ATTEXP_PY,0.0
NI01PCBCHLT2025,RA_LIC_OP,0.0
NI01PCBCHLT2025,RA_LIC_UNWIND,0.0
NI01PCBCHLT2025,RA_LIC_INCLAIM,0.0
NI01PCBCHLT2025,RA_LIC_RELEASE_PY,0.0
NI01PCBCHLT2025,RA_LIC_DEREC,0.0
NI01PCBCHLT2025,RA_LIC_TASSCHG_PY,0.0
NI01PCBCHLT2025,RA_LIC_FASSCHG_PY,0.0
NI01PCBCHLT2025,RA_LIC_CLO,0.0
NI01PCBCHLT2023,RA_LIC_RELEASE_CY,0.0
NI01PCBCHLT2024,RA_LIC_RELEASE_CY,0.0
NI01PCBCHLT2025,RA_LIC_RELEASE_CY,0.0
NI01PCBCHLT2023,RA_LIC_FEXPVAR_CY,0.0
NI01PCBCHLT2024,RA_LIC_FEXPVAR_CY,0.0
NI01PCBCHLT2025,RA_LIC_FEXPVAR_CY,0.0
NI01PCBCHLT2023,DA_LIC_OP,0.0
NI01PCBCHLT2024,DA_LIC_OP,0.0
NI01PCBCHLT2025,DA_LIC_OP,0.0
NI01PCBCHLT2023,DA_LIC_INCLAIM_INCEXP,0.0
NI01PCBCHLT2024,DA_LIC_INCLAIM_INCEXP,0.0
NI01PCBCHLT2025,DA_LIC_INCLAIM_INCEXP,0.0
NI01PCBCHLT2023,DA_LIC_CHG,0.0
NI01PCBCHLT2024,DA_LIC_CHG,0.0
NI01PCBCHLT2025,DA_LIC_CHG,0.0
NI01PCBCHLT2023,DA_LIC_CLO,0.0
NI01PCBCHLT2024,DA_LIC_CLO,0.0
NI01PCBCHLT2025,DA_LIC_CLO,0.0
NI01PCBRHLT2023,PVFC_LIC_UNWIND,0.0
NI01PCBRHLT2023,PVFC_LIC_EXP_CLAIM_CF_CY,0.0
NI01PCBRHLT2023,PVFC_LIC_EXP_ATTEXP_CY,0.0
NI01PCBRHLT2023,PVFC_LIC_EXP_CLAIM_CF_PY,-52292.46233361396
NI01PCBRHLT2023,PVFC_LIC_EXP_ATTEXP_PY,0.0
NI01PCBRHLT2023,RA_LIC_OP,1478.7764373213872
NI01PCBRHLT2023,RA_LIC_UNWIND,32.77955416393839
NI01PCBRHLT2023,RA_LIC_INCLAIM,1298.8572595918117
NI01PCBRHLT2023,RA_LIC_RELEASE_PY,-1507.3948144346407
NI01PCBRHLT2023,RA_LIC_DEREC,0.0
NI01PCBRHLT2023,RA_LIC_TASSCHG_PY,258.2008220031512
NI01PCBRHLT2023,RA_LIC_FASSCHG_PY,0.0
NI01PCBRHLT2023,RA_LIC_CLO,1561.2192586456474
NI01PCBRHLT2024,PVFC_LIC_UNWIND,0.0
NI01PCBRHLT2024,PVFC_LIC_EXP_CLAIM_CF_CY,0.0
NI01PCBRHLT2024,PVFC_LIC_EXP_ATTEXP_CY,0.0
NI01PCBRHLT2024,PVFC_LIC_EXP_CLAIM_CF_PY,-418408.9344399541
NI01PCBRHLT2024,PVFC_LIC_EXP_ATTEXP_PY,0.0
NI01PCBRHLT2024,RA_LIC_OP,11849.585610217677
NI01PCBRHLT2024,RA_LIC_UNWIND,262.6658929147773
NI01PCBRHLT2024,RA_LIC_INCLAIM,10407.874986745504
NI01PCBRHLT2024,RA_LIC_RELEASE_PY,-12078.9075692849
NI01PCBRHLT2024,RA_LIC_DEREC,0.0
NI01PCBRHLT2024,RA_LIC_TASSCHG_PY,2068.9893805022602
NI01PCBRHLT2024,RA_LIC_FASSCHG_PY,0.0
NI01PCBRHLT2024,RA_LIC_CLO,12510.208301095317
NI01PCBRHLT2025,PVFC_LIC_UNWIND,0.0
NI01PCBRHLT2025,PVFC_LIC_EXP_CLAIM_CF_CY,0.0
NI01PCBRHLT2025,PVFC_LIC_EXP_ATTEXP_CY,0.0
NI01PCBRHLT2025,PVFC_LIC_EXP_CLAIM_CF_PY,0.0
NI01PCBRHLT2025,PVFC_LIC_EXP_ATTEXP_PY,0.0
NI01PCBRHLT2025,RA_LIC_OP,0.0
NI01PCBRHLT2025,RA_LIC_UNWIND,0.0
NI01PCBRHLT2025,RA_LIC_INCLAIM,0.0
NI01PCBRHLT2025,RA_LIC_RELEASE_PY,0.0
NI01PCBRHLT2025,RA_LIC_DEREC,0.0
NI01PCBRHLT2025,RA_LIC_TASSCHG_PY,0.0
NI01PCBRHLT2025,RA_LIC_FASSCHG_PY,0.0
NI01PCBRHLT2025,RA_LIC_CLO,0.0
NI01PCBRHLT2023,RA_LIC_RELEASE_CY,0.0
NI01PCBRHLT2024,RA_LIC_RELEASE_CY,0.0
NI01PCBRHLT2025,RA_LIC_RELEASE_CY,0.0
NI01PCBRHLT2023,RA_LIC_FEXPVAR_CY,0.0
NI01PCBRHLT2024,RA_LIC_FEXPVAR_CY,0.0
NI01PCBRHLT2025,RA_LIC_FEXPVAR_CY,0.0
NI01PCBRHLT2023,DA_LIC_OP,0.0
NI01PCBRHLT2024,DA_LIC_OP,0.0
NI01PCBRHLT2025,DA_LIC_OP,0.0
NI01PCBRHLT2023,DA_LIC_INCLAIM_INCEXP,0.0
NI01PCBRHLT2024,DA_LIC_INCLAIM_INCEXP,0.0
NI01PCBRHLT2025,DA_LIC_INCLAIM_INCEXP,0.0
NI01PCBRHLT2023,DA_LIC_CHG,0.0
NI01PCBRHLT2024,DA_LIC_CHG,0.0
NI01PCBRHLT2025,DA_LIC_CHG,0.0
NI01PCBRHLT2023,DA_LIC_CLO,0.0
NI01PCBRHLT2024,DA_LIC_CLO,0.0
NI01PCBRHLT2025,DA_LIC_CLO,0.0
NI01PCECHLT2023,PVFC_LIC_UNWIND,0.0
NI01PCECHLT2023,PVFC_LIC_EXP_CLAIM_CF_CY,0.0
NI01PCECHLT2023,PVFC_LIC_EXP_ATTEXP_CY,0.0
NI01PCECHLT2023,PVFC_LIC_EXP_CLAIM_CF_PY,-39802.48968090447
NI01PCECHLT2023,PVFC_LIC_EXP_ATTEXP_PY,0.0
NI01PCECHLT2023,RA_LIC_OP,1125.4238742977923
NI01PCECHLT2023,RA_LIC_UNWIND,24.946903341087243
NI01PCECHLT2023,RA_LIC_INCLAIM,959.1607727644844
NI01PCECHLT2023,RA_LIC_RELEASE_PY,-1150.1581404374122
NI01PCECHLT2023,RA_LIC_DEREC,0.0
NI01PCECHLT2023,RA_LIC_TASSCHG_PY,104.98265339791021
NI01PCECHLT2023,RA_LIC_FASSCHG_PY,0.0
NI01PCECHLT2023,RA_LIC_CLO,1064.356063363862
NI01PCECHLT2024,PVFC_LIC_UNWIND,0.0
NI01PCECHLT2024,PVFC_LIC_EXP_CLAIM_CF_CY,0.0
NI01PCECHLT2024,PVFC_LIC_EXP_ATTEXP_CY,0.0
NI01PCECHLT2024,PVFC_LIC_EXP_CLAIM_CF_PY,-8557.815285027518
NI01PCECHLT2024,PVFC_LIC_EXP_ATTEXP_PY,0.0
NI01PCECHLT2024,RA_LIC_OP,241.6929682258745
NI01PCECHLT2024,RA_LIC_UNWIND,5.357529064605511
NI01PCECHLT2024,RA_LIC_INCLAIM,205.98675705179727
NI01PCECHLT2024,RA_LIC_RELEASE_PY,-247.0048319038185
NI01PCECHLT2024,RA_LIC_DEREC,0.0
NI01PCECHLT2024,RA_LIC_TASSCHG_PY,22.545788916910027
NI01PCECHLT2024,RA_LIC_FASSCHG_PY,0.0
NI01PCECHLT2024,RA_LIC_CLO,228.57821135536875
NI01PCECHLT2025,PVFC_LIC_UNWIND,0.0
NI01PCECHLT2025,PVFC_LIC_EXP_CLAIM_CF_CY,0.0
NI01PCECHLT2025,PVFC_LIC_EXP_ATTEXP_CY,0.0
NI01PCECHLT2025,PVFC_LIC_EXP_CLAIM_CF_PY,0.0
NI01PCECHLT2025,PVFC_LIC_EXP_ATTEXP_PY,0.0
NI01PCECHLT2025,RA_LIC_OP,0.0
NI01PCECHLT2025,RA_LIC_UNWIND,0.0
NI01PCECHLT2025,RA_LIC_INCLAIM,0.0
NI01PCECHLT2025,RA_LIC_RELEASE_PY,0.0
NI01PCECHLT2025,RA_LIC_DEREC,0.0
NI01PCECHLT2025,RA_LIC_TASSCHG_PY,0.0
NI01PCECHLT2025,RA_LIC_FASSCHG_PY,0.0
NI01PCECHLT2025,RA_LIC_CLO,0.0
NI01PCECHLT2023,RA_LIC_RELEASE_CY,0.0
NI01PCECHLT2024,RA_LIC_RELEASE_CY,0.0
NI01PCECHLT2025,RA_LIC_RELEASE_CY,0.0
NI01PCECHLT2023,RA_LIC_FEXPVAR_CY,0.0
NI01PCECHLT2024,RA_LIC_FEXPVAR_CY,0.0
NI01PCECHLT2025,RA_LIC_FEXPVAR_CY,0.0
NI01PCECHLT2023,DA_LIC_OP,0.0
NI01PCECHLT2024,DA_LIC_OP,0.0
NI01PCECHLT2025,DA_LIC_OP,0.0
NI01PCECHLT2023,DA_LIC_INCLAIM_INCEXP,0.0
NI01PCECHLT2024,DA_LIC_INCLAIM_INCEXP,0.0
NI01PCECHLT2025,DA_LIC_INCLAIM_INCEXP,0.0
NI01PCECHLT2023,DA_LIC_CHG,0.0
NI01PCECHLT2024,DA_LIC_CHG,0.0
NI01PCECHLT2025,DA_LIC_CHG,0.0
NI01PCECHLT2023,DA_LIC_CLO,0.0
NI01PCECHLT2024,DA_LIC_CLO,0.0
NI01PCECHLT2025,DA_LIC_CLO,0.0
NI01PCGOHLT2023,PVFC_LIC_UNWIND,0.0
NI01PCGOHLT2023,PVFC_LIC_EXP_CLAIM_CF_CY,0.0
NI01PCGOHLT2023,PVFC_LIC_EXP_ATTEXP_CY,0.0
NI01PCGOHLT2023,PVFC_LIC_EXP_CLAIM_CF_PY,-456337.48117833544
NI01PCGOHLT2023,PVFC_LIC_EXP_ATTEXP_PY,0.0
NI01PCGOHLT2023,RA_LIC_OP,12906.430145502803
NI01PCGOHLT2023,RA_LIC_UNWIND,286.09262045311556
NI01PCGOHLT2023,RA_LIC_INCLAIM,15205.22361755393
NI01PCGOHLT2023,RA_LIC_RELEASE_PY,-13165.887811200073
NI01PCGOHLT2023,RA_LIC_DEREC,0.0
NI01PCGOHLT2023,RA_LIC_TASSCHG_PY,84.59356994600608
NI01PCGOHLT2023,RA_LIC_FASSCHG_PY,0.0
NI01PCGOHLT2023,RA_LIC_CLO,15316.452142255781
NI01PCGOHLT2024,PVFC_LIC_UNWIND,0.0
NI01PCGOHLT2024,PVFC_LIC_EXP_CLAIM_CF_CY,0.0
NI01PCGOHLT2024,PVFC_LIC_EXP_ATTEXP_CY,0.0
NI01PCGOHLT2024,PVFC_LIC_EXP_CLAIM_CF_PY,-2061886.300559227
NI01PCGOHLT2024,PVFC_LIC_EXP_ATTEXP_PY,0.0
NI01PCGOHLT2024,RA_LIC_OP,58357.19699467962
NI01PCGOHLT2024,RA_LIC_UNWIND,1293.5849202518702
NI01PCGOHLT2024,RA_LIC_INCLAIM,68751.3293756863
NI01PCGOHLT2024,RA_LIC_RELEASE_PY,-59530.350371576125
NI01PCGOHLT2024,RA_LIC_DEREC,0.0
NI01PCGOHLT2024,RA_LIC_TASSCHG_PY,382.4948936435722
NI01PCGOHLT2024,RA_LIC_FASSCHG_PY,0.0
NI01PCGOHLT2024,RA_LIC_CLO,69254.25581268525
NI01PCGOHLT2025,PVFC_LIC_UNWIND,0.0
NI01PCGOHLT2025,PVFC_LIC_EXP_CLAIM_CF_CY,0.0
NI01PCGOHLT2025,PVFC_LIC_EXP_ATTEXP_CY,0.0
NI01PCGOHLT2025,PVFC_LIC_EXP_CLAIM_CF_PY,0.0
NI01PCGOHLT2025,PVFC_LIC_EXP_ATTEXP_PY,0.0
NI01PCGOHLT2025,RA_LIC_OP,0.0
NI01PCGOHLT2025,RA_LIC_UNWIND,0.0
NI01PCGOHLT2025,RA_LIC_INCLAIM,0.0
NI01PCGOHLT2025,RA_LIC_RELEASE_PY,0.0
NI01PCGOHLT2025,RA_LIC_DEREC,0.0
NI01PCGOHLT2025,RA_LIC_TASSCHG_PY,0.0
NI01PCGOHLT2025,RA_LIC_FASSCHG_PY,0.0
NI01PCGOHLT2025,RA_LIC_CLO,0.0
NI01PCGOHLT2023,RA_LIC_RELEASE_CY,0.0
NI01PCGOHLT2024,RA_LIC_RELEASE_CY,0.0
NI01PCGOHLT2025,RA_LIC_RELEASE_CY,0.0
NI01PCGOHLT2023,RA_LIC_FEXPVAR_CY,0.0
NI01PCGOHLT2024,RA_LIC_FEXPVAR_CY,0.0
NI01PCGOHLT2025,RA_LIC_FEXPVAR_CY,0.0
NI01PCGOHLT2023,DA_LIC_OP,0.0
NI01PCGOHLT2024,DA_LIC_OP,0.0
NI01PCGOHLT2025,DA_LIC_OP,0.0
NI01PCGOHLT2023,DA_LIC_INCLAIM_INCEXP,0.0
NI01PCGOHLT2024,DA_LIC_INCLAIM_INCEXP,0.0
NI01PCGOHLT2025,DA_LIC_INCLAIM_INCEXP,0.0
NI01PCGOHLT2023,DA_LIC_CHG,0.0
NI01PCGOHLT2024,DA_LIC_CHG,0.0
NI01PCGOHLT2025,DA_LIC_CHG,0.0
NI01PCGOHLT2023,DA_LIC_CLO,0.0
NI01PCGOHLT2024,DA_LIC_CLO,0.0
NI01PCGOHLT2025,DA_LIC_CLO,0.0
NI01PCPLHLT2023,PVFC_LIC_UNWIND,0.0
NI01PCPLHLT2023,PVFC_LIC_EXP_CLAIM_CF_CY,0.0
NI01PCPLHLT2023,PVFC_LIC_EXP_ATTEXP_CY,0.0
NI01PCPLHLT2023,PVFC_LIC_EXP_CLAIM_CF_PY,-273736.1316765533
NI01PCPLHLT2023,PVFC_LIC_EXP_ATTEXP_PY,0.0
NI01PCPLHLT2023,RA_LIC_OP,7742.928384977606
NI01PCPLHLT2023,RA_LIC_UNWIND,171.63496386418723
NI01PCPLHLT2023,RA_LIC_INCLAIM,8006.506560678369
NI01PCPLHLT2023,RA_LIC_RELEASE_PY,-7894.752777111775
NI01PCPLHLT2023,RA_LIC_DEREC,0.0
NI01PCPLHLT2023,RA_LIC_TASSCHG_PY,1558.0636009442003
NI01PCPLHLT2023,RA_LIC_FASSCHG_PY,0.0
NI01PCPLHLT2023,RA_LIC_CLO,9584.380733352587
NI01PCPLHLT2024,PVFC_LIC_UNWIND,0.0
NI01PCPLHLT2024,PVFC_LIC_EXP_CLAIM_CF_CY,0.0
NI01PCPLHLT2024,PVFC_LIC_EXP_ATTEXP_CY,0.0
NI01PCPLHLT2024,PVFC_LIC_EXP_CLAIM_CF_PY,-2285015.941591347
NI01PCPLHLT2024,PVFC_LIC_EXP_ATTEXP_PY,0.0
NI01PCPLHLT2024,RA_LIC_OP,64697.18492465564
NI01PCPLHLT2024,RA_LIC_UNWIND,1434.12136139627
NI01PCPLHLT2024,RA_LIC_INCLAIM,66899.55141024789
NI01PCPLHLT2024,RA_LIC_RELEASE_PY,-65965.77611982089
NI01PCPLHLT2024,RA_LIC_DEREC,0.0
NI01PCPLHLT2024,RA_LIC_TASSCHG_PY,13018.631182258227
NI01PCPLHLT2024,RA_LIC_FASSCHG_PY,0.0
NI01PCPLHLT2024,RA_LIC_CLO,80083.71275873714
NI01PCPLHLT2025,PVFC_LIC_UNWIND,0.0
NI01PCPLHLT2025,PVFC_LIC_EXP_CLAIM_CF_CY,0.0
NI01PCPLHLT2025,PVFC_LIC_EXP_ATTEXP_CY,0.0
NI01PCPLHLT2025,PVFC_LIC_EXP_CLAIM_CF_PY,0.0
NI01PCPLHLT2025,PVFC_LIC_EXP_ATTEXP_PY,0.0
NI01PCPLHLT2025,RA_LIC_OP,0.0
NI01PCPLHLT2025,RA_LIC_UNWIND,0.0
NI01PCPLHLT2025,RA_LIC_INCLAIM,0.0
NI01PCPLHLT2025,RA_LIC_RELEASE_PY,0.0
NI01PCPLHLT2025,RA_LIC_DEREC,0.0
NI01PCPLHLT2025,RA_LIC_TASSCHG_PY,0.0
NI01PCPLHLT2025,RA_LIC_FASSCHG_PY,0.0
NI01PCPLHLT2025,RA_LIC_CLO,0.0
NI01PCPLHLT2023,RA_LIC_RELEASE_CY,0.0
NI01PCPLHLT2024,RA_LIC_RELEASE_CY,0.0
NI01PCPLHLT2025,RA_LIC_RELEASE_CY,0.0
NI01PCPLHLT2023,RA_LIC_FEXPVAR_CY,0.0
NI01PCPLHLT2024,RA_LIC_FEXPVAR_CY,0.0
NI01PCPLHLT2025,RA_LIC_FEXPVAR_CY,0.0
NI01PCPLHLT2023,DA_LIC_OP,0.0
NI01PCPLHLT2024,DA_LIC_OP,0.0
NI01PCPLHLT2025,DA_LIC_OP,0.0
NI01PCPLHLT2023,DA_LIC_INCLAIM_INCEXP,0.0
NI01PCPLHLT2024,DA_LIC_INCLAIM_INCEXP,0.0
NI01PCPLHLT2025,DA_LIC_INCLAIM_INCEXP,0.0
NI01PCPLHLT2023,DA_LIC_CHG,0.0
NI01PCPLHLT2024,DA_LIC_CHG,0.0
NI01PCPLHLT2025,DA_LIC_CHG,0.0
NI01PCPLHLT2023,DA_LIC_CLO,0.0
NI01PCPLHLT2024,DA_LIC_CLO,0.0
NI01PCPLHLT2025,DA_LIC_CLO,0.0
NI01PCSIHLT2023,PVFC_LIC_UNWIND,0.0
NI01PCSIHLT2023,PVFC_LIC_EXP_CLAIM_CF_CY,0.0
NI01PCSIHLT2023,PVFC_LIC_EXP_ATTEXP_CY,0.0
NI01PCSIHLT2023,PVFC_LIC_EXP_CLAIM_CF_PY,-198815.5308185632
NI01PCSIHLT2023,PVFC_LIC_EXP_ATTEXP_PY,0.0
NI01PCSIHLT2023,RA_LIC_OP,5622.67077054455
NI01PCSIHLT2023,RA_LIC_UNWIND,124.63590602167804
NI01PCSIHLT2023,RA_LIC_INCLAIM,5123.4286336812465
NI01PCSIHLT2023,RA_LIC_RELEASE_PY,-5735.405467291101
NI01PCSIHLT2023,RA_LIC_DEREC,0.0
NI01PCSIHLT2023,RA_LIC_TASSCHG_PY,756.3136674134579
NI01PCSIHLT2023,RA_LIC_FASSCHG_PY,0.0
NI01PCSIHLT2023,RA_LIC_CLO,5891.643510369832
NI01PCSIHLT2024,PVFC_LIC_UNWIND,0.0
NI01PCSIHLT2024,PVFC_LIC_EXP_CLAIM_CF_CY,0.0
NI01PCSIHLT2024,PVFC_LIC_EXP_ATTEXP_CY,0.0
NI01PCSIHLT2024,PVFC_LIC_EXP_CLAIM_CF_PY,-703746.2603414037
NI01PCSIHLT2024,PVFC_LIC_EXP_ATTEXP_PY,0.0
NI01PCSIHLT2024,RA_LIC_OP,19926.574985423686
NI01PCSIHLT2024,RA_LIC_UNWIND,441.70587761030436
NI01PCSIHLT2024,RA_LIC_INCLAIM,18157.275966849582
NI01PCSIHLT2024,RA_LIC_RELEASE_PY,-20326.103337669992
NI01PCSIHLT2024,RA_LIC_DEREC,0.0
NI01PCSIHLT2024,RA_LIC_TASSCHG_PY,2680.352740047675
NI01PCSIHLT2024,RA_LIC_FASSCHG_PY,0.0
NI01PCSIHLT2024,RA_LIC_CLO,20879.806232261253
NI01PCSIHLT2025,PVFC_LIC_UNWIND,0.0
NI01PCSIHLT2025,PVFC_LIC_EXP_CLAIM_CF_CY,0.0
NI01PCSIHLT2025,PVFC_LIC_EXP_ATTEXP_CY,0.0
NI01PCSIHLT2025,PVFC_LIC_EXP_CLAIM_CF_PY,0.0
NI01PCSIHLT2025,PVFC_LIC_EXP_ATTEXP_PY,0.0
NI01PCSIHLT2025,RA_LIC_OP,0.0
NI01PCSIHLT2025,RA_LIC_UNWIND,0.0
NI01PCSIHLT2025,RA_LIC_INCLAIM,0.0
NI01PCSIHLT2025,RA_LIC_RELEASE_PY,0.0
NI01PCSIHLT2025,RA_LIC_DEREC,0.0
NI01PCSIHLT2025,RA_LIC_TASSCHG_PY,0.0
NI01PCSIHLT2025,RA_LIC_FASSCHG_PY,0.0
NI01PCSIHLT2025,RA_LIC_CLO,0.0
NI01PCSIHLT2023,RA_LIC_RELEASE_CY,0.0
NI01PCSIHLT2024,RA_LIC_RELEASE_CY,0.0
NI01PCSIHLT2025,RA_LIC_RELEASE_CY,0.0
NI01PCSIHLT2023,RA_LIC_FEXPVAR_CY,0.0
NI01PCSIHLT2024,RA_LIC_FEXPVAR_CY,0.0
NI01PCSIHLT2025,RA_LIC_FEXPVAR_CY,0.0
NI01PCSIHLT2023,DA_LIC_OP,0.0
NI01PCSIHLT2024,DA_LIC_OP,0.0
NI01PCSIHLT2025,DA_LIC_OP,0.0
NI01PCSIHLT2023,DA_LIC_INCLAIM_INCEXP,0.0
NI01PCSIHLT2024,DA_LIC_INCLAIM_INCEXP,0.0
NI01PCSIHLT2025,DA_LIC_INCLAIM_INCEXP,0.0
NI01PCSIHLT2023,DA_LIC_CHG,0.0
NI01PCSIHLT2024,DA_LIC_CHG,0.0
NI01PCSIHLT2025,DA_LIC_CHG,0.0
NI01PCSIHLT2023,DA_LIC_CLO,0.0
NI01PCSIHLT2024,DA_LIC_CLO,0.0
NI01PCSIHLT2025,DA_LIC_CLO,0.0
NI01PIMEHLT2023,PVFC_LIC_UNWIND,0.0
NI01PIMEHLT2023,PVFC_LIC_EXP_CLAIM_CF_CY,0.0
NI01PIMEHLT2023,PVFC_LIC_EXP_ATTEXP_CY,0.0
NI01PIMEHLT2023,PVFC_LIC_EXP_CLAIM_CF_PY,-84587.00058166146
NI01PIMEHLT2023,PVFC_LIC_EXP_ATTEXP_PY,0.0
NI01PIMEHLT2023,RA_LIC_OP,2393.5034499292587
NI01PIMEHLT2023,RA_LIC_UNWIND,53.05600900745029
NI01PIMEHLT2023,RA_LIC_INCLAIM,1802.8842951005681
NI01PIMEHLT2023,RA_LIC_RELEASE_PY,-2437.02986005407
NI01PIMEHLT2023,RA_LIC_DEREC,0.0
NI01PIMEHLT2023,RA_LIC_TASSCHG_PY,512.0851222842836
NI01PIMEHLT2023,RA_LIC_FASSCHG_PY,0.0
NI01PIMEHLT2023,RA_LIC_CLO,2324.499016267491
NI01PIMEHLT2024,PVFC_LIC_UNWIND,0.0
NI01PIMEHLT2024,PVFC_LIC_EXP_CLAIM_CF_CY,0.0
NI01PIMEHLT2024,PVFC_LIC_EXP_ATTEXP_CY,0.0
NI01PIMEHLT2024,PVFC_LIC_EXP_CLAIM_CF_PY,-227321.58991379652
NI01PIMEHLT2024,PVFC_LIC_EXP_ATTEXP_PY,0.0
NI01PIMEHLT2024,RA_LIC_OP,6432.700458787719
NI01PIMEHLT2024,RA_LIC_UNWIND,142.59156948102915
NI01PIMEHLT2024,RA_LIC_INCLAIM,4845.372014223487
NI01PIMEHLT2024,RA_LIC_RELEASE_PY,-6549.680594491109
NI01PIMEHLT2024,RA_LIC_DEREC,0.0
NI01PIMEHLT2024,RA_LIC_TASSCHG_PY,1376.2629843520108
NI01PIMEHLT2024,RA_LIC_FASSCHG_PY,0.0
NI01PIMEHLT2024,RA_LIC_CLO,6247.246432353138
NI01PIMEHLT2025,PVFC_LIC_UNWIND,0.0
NI01PIMEHLT2025,PVFC_LIC_EXP_CLAIM_CF_CY,0.0
NI01PIMEHLT2025,PVFC_LIC_EXP_ATTEXP_CY,0.0
NI01PIMEHLT2025,PVFC_LIC_EXP_CLAIM_CF_PY,0.0
NI01PIMEHLT2025,PVFC_LIC_EXP_ATTEXP_PY,0.0
NI01PIMEHLT2025,RA_LIC_OP,0.0
NI01PIMEHLT2025,RA_LIC_UNWIND,0.0
NI01PIMEHLT2025,RA_LIC_INCLAIM,0.0
NI01PIMEHLT2025,RA_LIC_RELEASE_PY,0.0
NI01PIMEHLT2025,RA_LIC_DEREC,0.0
NI01PIMEHLT2025,RA_LIC_TASSCHG_PY,0.0
NI01PIMEHLT2025,RA_LIC_FASSCHG_PY,0.0
NI01PIMEHLT2025,RA_LIC_CLO,0.0
NI01PIMEHLT2023,RA_LIC_RELEASE_CY,0.0
NI01PIMEHLT2024,RA_LIC_RELEASE_CY,0.0
NI01PIMEHLT2025,RA_LIC_RELEASE_CY,0.0
NI01PIMEHLT2023,RA_LIC_FEXPVAR_CY,0.0
NI01PIMEHLT2024,RA_LIC_FEXPVAR_CY,0.0
NI01PIMEHLT2025,RA_LIC_FEXPVAR_CY,0.0
NI01PIMEHLT2023,DA_LIC_OP,0.0
NI01PIMEHLT2024,DA_LIC_OP,0.0
NI01PIMEHLT2025,DA_LIC_OP,0.0
NI01PIMEHLT2023,DA_LIC_INCLAIM_INCEXP,0.0
NI01PIMEHLT2024,DA_LIC_INCLAIM_INCEXP,0.0
NI01PIMEHLT2025,DA_LIC_INCLAIM_INCEXP,0.0
NI01PIMEHLT2023,DA_LIC_CHG,0.0
NI01PIMEHLT2024,DA_LIC_CHG,0.0
NI01PIMEHLT2025,DA_LIC_CHG,0.0
NI01PIMEHLT2023,DA_LIC_CLO,0.0
NI01PIMEHLT2024,DA_LIC_CLO,0.0
NI01PIMEHLT2025,DA_LIC_CLO,0.0
NI01PIMEDQS2023,PVFC_LIC_UNWIND,0.0
NI01PIMEDQS2023,PVFC_LIC_EXP_CLAIM_CF_CY,0.0
NI01PIMEDQS2023,PVFC_LIC_EXP_ATTEXP_CY,0.0
NI01PIMEDQS2023,PVFC_LIC_EXP_CLAIM_CF_PY,33834.80021231199
NI01PIMEDQS2023,PVFC_LIC_EXP_ATTEXP_PY,0.0
NI01PIMEDQS2023,RA_LIC_OP,-192.7204195365081
NI01PIMEDQS2023,RA_LIC_UNWIND,-4.2719705773354955
NI01PIMEDQS2023,RA_LIC_INCLAIM,-180.30476925347062
NI01PIMEDQS2023,RA_LIC_RELEASE_PY,196.05302764012092
NI01PIMEDQS2023,RA_LIC_DEREC,0.0
NI01PIMEDQS2023,RA_LIC_TASSCHG_PY,-5.027335252056233
NI01PIMEDQS2023,RA_LIC_FASSCHG_PY,0.0
NI01PIMEDQS2023,RA_LIC_CLO,-186.2714669792495
NI01PIMEDQS2024,PVFC_LIC_UNWIND,0.0
NI01PIMEDQS2024,PVFC_LIC_EXP_CLAIM_CF_CY,0.0
NI01PIMEDQS2024,PVFC_LIC_EXP_ATTEXP_CY,0.0
NI01PIMEDQS2024,PVFC_LIC_EXP_CLAIM_CF_PY,588705.2221722922
NI01PIMEDQS2024,PVFC_LIC_EXP_ATTEXP_PY,0.0
NI01PIMEDQS2024,RA_LIC_OP,-3347.669102580752
NI01PIMEDQS2024,RA_LIC_UNWIND,-74.20668730004995
NI01PIMEDQS2024,RA_LIC_INCLAIM,-3132.001821755334
NI01PIMEDQS2024,RA_LIC_RELEASE_PY,3405.558501152559
NI01PIMEDQS2024,RA_LIC_DEREC,0.0
NI01PIMEDQS2024,RA_LIC_TASSCHG_PY,-87.32782406814702
NI01PIMEDQS2024,RA_LIC_FASSCHG_PY,0.0
NI01PIMEDQS2024,RA_LIC_CLO,-3235.6469345517235
NI01PIMEDQS2025,PVFC_LIC_UNWIND,0.0
NI01PIMEDQS2025,PVFC_LIC_EXP_CLAIM_CF_CY,0.0
NI01PIMEDQS2025,PVFC_LIC_EXP_ATTEXP_CY,0.0
NI01PIMEDQS2025,PVFC_LIC_EXP_CLAIM_CF_PY,0.0
NI01PIMEDQS2025,PVFC_LIC_EXP_ATTEXP_PY,0.0
NI01PIMEDQS2025,RA_LIC_OP,0.0
NI01PIMEDQS2025,RA_LIC_UNWIND,0.0
NI01PIMEDQS2025,RA_LIC_INCLAIM,0.0
NI01PIMEDQS2025,RA_LIC_RELEASE_PY,0.0
NI01PIMEDQS2025,RA_LIC_DEREC,0.0
NI01PIMEDQS2025,RA_LIC_TASSCHG_PY,0.0
NI01PIMEDQS2025,RA_LIC_FASSCHG_PY,0.0
NI01PIMEDQS2025,RA_LIC_CLO,0.0
NI01PIMEDQS2023,RA_LIC_RELEASE_CY,0.0
NI01PIMEDQS2024,RA_LIC_RELEASE_CY,0.0
NI01PIMEDQS2025,RA_LIC_RELEASE_CY,0.0
NI01PIMEDQS2023,RA_LIC_FEXPVAR_CY,0.0
NI01PIMEDQS2024,RA_LIC_FEXPVAR_CY,0.0
NI01PIMEDQS2025,RA_LIC_FEXPVAR_CY,0.0
NI01PIMEDQS2023,DA_LIC_OP,0.0
NI01PIMEDQS2024,DA_LIC_OP,2.0809359845348707
NI01PIMEDQS2025,DA_LIC_OP,0.0
NI01PIMEDQS2023,DA_LIC_INCLAIM_INCEXP,0.0
NI01PIMEDQS2024,DA_LIC_INCLAIM_INCEXP,12.190091586220323
NI01PIMEDQS2025,DA_LIC_INCLAIM_INCEXP,0.0
NI01PIMEDQS2023,DA_LIC_CHG,0.0
NI01PIMEDQS2024,DA_LIC_CHG,-1.4137665020186385
NI01PIMEDQS2025,DA_LIC_CHG,0.0
NI01PIMEDQS2023,DA_LIC_CLO,0.0
NI01PIMEDQS2024,DA_LIC_CLO,12.857261068736555
NI01PIMEDQS2025,DA_LIC_CLO,0.0
