GOC_ID,STEP_ID,1
NI01PCBCHLT2021,PVFC_LIC_UNWIND,0.0
NI01PCBCHLT2021,PVFC_LIC_EXP_CLAIM_CF_CY,0.0
NI01PCBCHLT2021,PVFC_LIC_EXP_ATTEXP_CY,0.0
NI01PCBCHLT2021,PVFC_LIC_EXP_CLAIM_CF_PY,-10.109762840225926
NI01PCBCHLT2021,PVFC_LIC_EXP_ATTEXP_PY,0.0
NI01PCBCHLT2021,RA_LIC_OP,0.0016829863437995763
NI01PCBCHLT2021,RA_LIC_UNWIND,2.6865394587162228e-05
NI01PCBCHLT2021,RA_LIC_INCLAIM,0.013005211892008867
NI01PCBCHLT2021,RA_LIC_RELEASE_PY,-0.0017098517383867383
NI01PCBCHLT2021,RA_LIC_DEREC,0.0
NI01PCBCHLT2021,RA_LIC_TASSCHG_PY,0.0008534226659722704
NI01PCBCHLT2021,RA_LIC_FASSCHG_PY,0.0
NI01PCBCHLT2021,RA_LIC_CLO,0.013858634557981135
NI01PCBCHLT2022,PVFC_LIC_UNWIND,0.0
NI01PCBCHLT2022,PVFC_LIC_EXP_CLAIM_CF_CY,0.0
NI01PCBCHLT2022,PVFC_LIC_EXP_ATTEXP_CY,0.0
NI01PCBCHLT2022,PVFC_LIC_EXP_CLAIM_CF_PY,-8502.316998322303
NI01PCBCHLT2022,PVFC_LIC_EXP_ATTEXP_PY,0.0
NI01PCBCHLT2022,RA_LIC_OP,275.8884032184775
NI01PCBCHLT2022,RA_LIC_UNWIND,4.403987496270011
NI01PCBCHLT2022,RA_LIC_INCLAIM,2131.9169674923796
NI01PCBCHLT2022,RA_LIC_RELEASE_PY,-280.2923907147474
NI01PCBCHLT2022,RA_LIC_DEREC,0.0
NI01PCBCHLT2022,RA_LIC_TASSCHG_PY,139.8997784224356
NI01PCBCHLT2022,RA_LIC_FASSCHG_PY,0.0
NI01PCBCHLT2022,RA_LIC_CLO,2271.816745914815
NI01PCBCHLT2023,PVFC_LIC_UNWIND,0.0
NI01PCBCHLT2023,PVFC_LIC_EXP_CLAIM_CF_CY,0.0
NI01PCBCHLT2023,PVFC_LIC_EXP_ATTEXP_CY,0.0
NI01PCBCHLT2023,PVFC_LIC_EXP_CLAIM_CF_PY,0.0
NI01PCBCHLT2023,PVFC_LIC_EXP_ATTEXP_PY,0.0
NI01PCBCHLT2023,RA_LIC_OP,0.0
NI01PCBCHLT2023,RA_LIC_UNWIND,0.0
NI01PCBCHLT2023,RA_LIC_INCLAIM,0.0
NI01PCBCHLT2023,RA_LIC_RELEASE_PY,0.0
NI01PCBCHLT2023,RA_LIC_DEREC,0.0
NI01PCBCHLT2023,RA_LIC_TASSCHG_PY,0.0
NI01PCBCHLT2023,RA_LIC_FASSCHG_PY,0.0
NI01PCBCHLT2023,RA_LIC_CLO,0.0
NI01PCBCHLT2021,RA_LIC_RELEASE_CY,0.0
NI01PCBCHLT2022,RA_LIC_RELEASE_CY,0.0
NI01PCBCHLT2023,RA_LIC_RELEASE_CY,0.0
NI01PCBCHLT2021,RA_LIC_FEXPVAR_CY,0.0
NI01PCBCHLT2022,RA_LIC_FEXPVAR_CY,0.0
NI01PCBCHLT2023,RA_LIC_FEXPVAR_CY,0.0
NI01PCBCHLT2021,DA_LIC_OP,0.0
NI01PCBCHLT2022,DA_LIC_OP,0.0
NI01PCBCHLT2023,DA_LIC_OP,0.0
NI01PCBCHLT2021,DA_LIC_INCLAIM_INCEXP,0.0
NI01PCBCHLT2022,DA_LIC_INCLAIM_INCEXP,0.0
NI01PCBCHLT2023,DA_LIC_INCLAIM_INCEXP,0.0
NI01PCBCHLT2021,DA_LIC_CHG,0.0
NI01PCBCHLT2022,DA_LIC_CHG,0.0
NI01PCBCHLT2023,DA_LIC_CHG,0.0
NI01PCBCHLT2021,DA_LIC_CLO,0.0
NI01PCBCHLT2022,DA_LIC_CLO,0.0
NI01PCBCHLT2023,DA_LIC_CLO,0.0
NI01PCBRHLT2021,PVFC_LIC_UNWIND,0.0
NI01PCBRHLT2021,PVFC_LIC_EXP_CLAIM_CF_CY,0.0
NI01PCBRHLT2021,PVFC_LIC_EXP_ATTEXP_CY,0.0
NI01PCBRHLT2021,PVFC_LIC_EXP_CLAIM_CF_PY,-975.9200941437448
NI01PCBRHLT2021,PVFC_LIC_EXP_ATTEXP_PY,0.0
NI01PCBRHLT2021,RA_LIC_OP,0.16236509057921084
NI01PCBRHLT2021,RA_LIC_UNWIND,0.002330047588481235
NI01PCBRHLT2021,RA_LIC_INCLAIM,0.11022330496066776
NI01PCBRHLT2021,RA_LIC_RELEASE_PY,-0.16423318625495906
NI01PCBRHLT2021,RA_LIC_DEREC,0.0
NI01PCBRHLT2021,RA_LIC_TASSCHG_PY,0.006279303519194832
NI01PCBRHLT2021,RA_LIC_FASSCHG_PY,0.0
NI01PCBRHLT2021,RA_LIC_CLO,0.11696456039259559
NI01PCBRHLT2022,PVFC_LIC_UNWIND,0.0
NI01PCBRHLT2022,PVFC_LIC_EXP_CLAIM_CF_CY,0.0
NI01PCBRHLT2022,PVFC_LIC_EXP_ATTEXP_CY,0.0
NI01PCBRHLT2022,PVFC_LIC_EXP_CLAIM_CF_PY,-469983.294936092
NI01PCBRHLT2022,PVFC_LIC_EXP_ATTEXP_PY,0.0
NI01PCBRHLT2022,RA_LIC_OP,15331.018538673357
NI01PCBRHLT2022,RA_LIC_UNWIND,220.01036458985476
NI01PCBRHLT2022,RA_LIC_INCLAIM,10407.628423804854
NI01PCBRHLT2022,RA_LIC_RELEASE_PY,-15507.409962068274
NI01PCBRHLT2022,RA_LIC_DEREC,0.0
NI01PCBRHLT2022,RA_LIC_TASSCHG_PY,592.9114338514031
NI01PCBRHLT2022,RA_LIC_FASSCHG_PY,0.0
NI01PCBRHLT2022,RA_LIC_CLO,11044.158798851196
NI01PCBRHLT2023,PVFC_LIC_UNWIND,0.0
NI01PCBRHLT2023,PVFC_LIC_EXP_CLAIM_CF_CY,0.0
NI01PCBRHLT2023,PVFC_LIC_EXP_ATTEXP_CY,0.0
NI01PCBRHLT2023,PVFC_LIC_EXP_CLAIM_CF_PY,0.0
NI01PCBRHLT2023,PVFC_LIC_EXP_ATTEXP_PY,0.0
NI01PCBRHLT2023,RA_LIC_OP,0.0
NI01PCBRHLT2023,RA_LIC_UNWIND,0.0
NI01PCBRHLT2023,RA_LIC_INCLAIM,0.0
NI01PCBRHLT2023,RA_LIC_RELEASE_PY,0.0
NI01PCBRHLT2023,RA_LIC_DEREC,0.0
NI01PCBRHLT2023,RA_LIC_TASSCHG_PY,0.0
NI01PCBRHLT2023,RA_LIC_FASSCHG_PY,0.0
NI01PCBRHLT2023,RA_LIC_CLO,0.0
NI01PCBRHLT2021,RA_LIC_RELEASE_CY,0.0
NI01PCBRHLT2022,RA_LIC_RELEASE_CY,0.0
NI01PCBRHLT2023,RA_LIC_RELEASE_CY,0.0
NI01PCBRHLT2021,RA_LIC_FEXPVAR_CY,0.0
NI01PCBRHLT2022,RA_LIC_FEXPVAR_CY,0.0
NI01PCBRHLT2023,RA_LIC_FEXPVAR_CY,0.0
NI01PCBRHLT2021,DA_LIC_OP,0.0
NI01PCBRHLT2022,DA_LIC_OP,0.0
NI01PCBRHLT2023,DA_LIC_OP,0.0
NI01PCBRHLT2021,DA_LIC_INCLAIM_INCEXP,0.0
NI01PCBRHLT2022,DA_LIC_INCLAIM_INCEXP,0.0
NI01PCBRHLT2023,DA_LIC_INCLAIM_INCEXP,0.0
NI01PCBRHLT2021,DA_LIC_CHG,0.0
NI01PCBRHLT2022,DA_LIC_CHG,0.0
NI01PCBRHLT2023,DA_LIC_CHG,0.0
NI01PCBRHLT2021,DA_LIC_CLO,0.0
NI01PCBRHLT2022,DA_LIC_CLO,0.0
NI01PCBRHLT2023,DA_LIC_CLO,0.0
NI01PCECHLT2021,PVFC_LIC_UNWIND,0.0
NI01PCECHLT2021,PVFC_LIC_EXP_CLAIM_CF_CY,0.0
NI01PCECHLT2021,PVFC_LIC_EXP_ATTEXP_CY,0.0
NI01PCECHLT2021,PVFC_LIC_EXP_CLAIM_CF_PY,-18.964014867552493
NI01PCECHLT2021,PVFC_LIC_EXP_ATTEXP_PY,0.0
NI01PCECHLT2021,RA_LIC_OP,0.0031569660485564525
NI01PCECHLT2021,RA_LIC_UNWIND,2.7140496613649097e-05
NI01PCECHLT2021,RA_LIC_INCLAIM,0.007657489193828663
NI01PCECHLT2021,RA_LIC_RELEASE_PY,-0.0031839568859701886
NI01PCECHLT2021,RA_LIC_DEREC,0.0
NI01PCECHLT2021,RA_LIC_TASSCHG_PY,0.0005034888012202714
NI01PCECHLT2021,RA_LIC_FASSCHG_PY,0.0
NI01PCECHLT2021,RA_LIC_CLO,0.008161127654248847
NI01PCECHLT2022,PVFC_LIC_UNWIND,0.0
NI01PCECHLT2022,PVFC_LIC_EXP_CLAIM_CF_CY,0.0
NI01PCECHLT2022,PVFC_LIC_EXP_ATTEXP_CY,0.0
NI01PCECHLT2022,PVFC_LIC_EXP_CLAIM_CF_PY,-17464.937316400777
NI01PCECHLT2022,PVFC_LIC_EXP_ATTEXP_PY,0.0
NI01PCECHLT2022,RA_LIC_OP,570.8200861834488
NI01PCECHLT2022,RA_LIC_UNWIND,4.9073510382377314
NI01PCECHLT2022,RA_LIC_INCLAIM,1384.5725846715397
NI01PCECHLT2022,RA_LIC_RELEASE_PY,-575.7003769124913
NI01PCECHLT2022,RA_LIC_DEREC,0.0
NI01PCECHLT2022,RA_LIC_TASSCHG_PY,91.03725427657773
NI01PCECHLT2022,RA_LIC_FASSCHG_PY,0.0
NI01PCECHLT2022,RA_LIC_CLO,1475.6368992573125
NI01PCECHLT2023,PVFC_LIC_UNWIND,0.0
NI01PCECHLT2023,PVFC_LIC_EXP_CLAIM_CF_CY,0.0
NI01PCECHLT2023,PVFC_LIC_EXP_ATTEXP_CY,0.0
NI01PCECHLT2023,PVFC_LIC_EXP_CLAIM_CF_PY,0.0
NI01PCECHLT2023,PVFC_LIC_EXP_ATTEXP_PY,0.0
NI01PCECHLT2023,RA_LIC_OP,0.0
NI01PCECHLT2023,RA_LIC_UNWIND,0.0
NI01PCECHLT2023,RA_LIC_INCLAIM,0.0
NI01PCECHLT2023,RA_LIC_RELEASE_PY,0.0
NI01PCECHLT2023,RA_LIC_DEREC,0.0
NI01PCECHLT2023,RA_LIC_TASSCHG_PY,0.0
NI01PCECHLT2023,RA_LIC_FASSCHG_PY,0.0
NI01PCECHLT2023,RA_LIC_CLO,0.0
NI01PCECHLT2021,RA_LIC_RELEASE_CY,0.0
NI01PCECHLT2022,RA_LIC_RELEASE_CY,0.0
NI01PCECHLT2023,RA_LIC_RELEASE_CY,0.0
NI01PCECHLT2021,RA_LIC_FEXPVAR_CY,0.0
NI01PCECHLT2022,RA_LIC_FEXPVAR_CY,0.0
NI01PCECHLT2023,RA_LIC_FEXPVAR_CY,0.0
NI01PCECHLT2021,DA_LIC_OP,0.0
NI01PCECHLT2022,DA_LIC_OP,0.0
NI01PCECHLT2023,DA_LIC_OP,0.0
NI01PCECHLT2021,DA_LIC_INCLAIM_INCEXP,0.0
NI01PCECHLT2022,DA_LIC_INCLAIM_INCEXP,0.0
NI01PCECHLT2023,DA_LIC_INCLAIM_INCEXP,0.0
NI01PCECHLT2021,DA_LIC_CHG,0.0
NI01PCECHLT2022,DA_LIC_CHG,0.0
NI01PCECHLT2023,DA_LIC_CHG,0.0
NI01PCECHLT2021,DA_LIC_CLO,0.0
NI01PCECHLT2022,DA_LIC_CLO,0.0
NI01PCECHLT2023,DA_LIC_CLO,0.0
NI01PCGOHLT2021,PVFC_LIC_UNWIND,0.0
NI01PCGOHLT2021,PVFC_LIC_EXP_CLAIM_CF_CY,0.0
NI01PCGOHLT2021,PVFC_LIC_EXP_ATTEXP_CY,0.0
NI01PCGOHLT2021,PVFC_LIC_EXP_CLAIM_CF_PY,-4076.2839971600333
NI01PCGOHLT2021,PVFC_LIC_EXP_ATTEXP_PY,0.0
NI01PCGOHLT2021,RA_LIC_OP,0.6751114843657366
NI01PCGOHLT2021,RA_LIC_UNWIND,0.009773951587730558
NI01PCGOHLT2021,RA_LIC_INCLAIM,0.6525880834865215
NI01PCGOHLT2021,RA_LIC_RELEASE_PY,-0.6823722841389401
NI01PCGOHLT2021,RA_LIC_DEREC,0.0
NI01PCGOHLT2021,RA_LIC_TASSCHG_PY,0.037833915060349506
NI01PCGOHLT2021,RA_LIC_FASSCHG_PY,0.0
NI01PCGOHLT2021,RA_LIC_CLO,0.692935150361398
NI01PCGOHLT2022,PVFC_LIC_UNWIND,0.0
NI01PCGOHLT2022,PVFC_LIC_EXP_CLAIM_CF_CY,0.0
NI01PCGOHLT2022,PVFC_LIC_EXP_ATTEXP_CY,0.0
NI01PCGOHLT2022,PVFC_LIC_EXP_CLAIM_CF_PY,-1568875.3492169837
NI01PCGOHLT2022,PVFC_LIC_EXP_ATTEXP_PY,0.0
NI01PCGOHLT2022,RA_LIC_OP,51241.79476588057
NI01PCGOHLT2022,RA_LIC_UNWIND,741.85498678144
NI01PCGOHLT2022,RA_LIC_INCLAIM,49532.24084477272
NI01PCGOHLT2022,RA_LIC_RELEASE_PY,-51792.89842865443
NI01PCGOHLT2022,RA_LIC_DEREC,0.0
NI01PCGOHLT2022,RA_LIC_TASSCHG_PY,2871.6408409694945
NI01PCGOHLT2022,RA_LIC_FASSCHG_PY,0.0
NI01PCGOHLT2022,RA_LIC_CLO,52594.6330097498
NI01PCGOHLT2023,PVFC_LIC_UNWIND,0.0
NI01PCGOHLT2023,PVFC_LIC_EXP_CLAIM_CF_CY,0.0
NI01PCGOHLT2023,PVFC_LIC_EXP_ATTEXP_CY,0.0
NI01PCGOHLT2023,PVFC_LIC_EXP_CLAIM_CF_PY,0.0
NI01PCGOHLT2023,PVFC_LIC_EXP_ATTEXP_PY,0.0
NI01PCGOHLT2023,RA_LIC_OP,0.0
NI01PCGOHLT2023,RA_LIC_UNWIND,0.0
NI01PCGOHLT2023,RA_LIC_INCLAIM,0.0
NI01PCGOHLT2023,RA_LIC_RELEASE_PY,0.0
NI01PCGOHLT2023,RA_LIC_DEREC,0.0
NI01PCGOHLT2023,RA_LIC_TASSCHG_PY,0.0
NI01PCGOHLT2023,RA_LIC_FASSCHG_PY,0.0
NI01PCGOHLT2023,RA_LIC_CLO,0.0
NI01PCGOHLT2021,RA_LIC_RELEASE_CY,0.0
NI01PCGOHLT2022,RA_LIC_RELEASE_CY,0.0
NI01PCGOHLT2023,RA_LIC_RELEASE_CY,0.0
NI01PCGOHLT2021,RA_LIC_FEXPVAR_CY,0.0
NI01PCGOHLT2022,RA_LIC_FEXPVAR_CY,0.0
NI01PCGOHLT2023,RA_LIC_FEXPVAR_CY,0.0
NI01PCGOHLT2021,DA_LIC_OP,0.0
NI01PCGOHLT2022,DA_LIC_OP,0.0
NI01PCGOHLT2023,DA_LIC_OP,0.0
NI01PCGOHLT2021,DA_LIC_INCLAIM_INCEXP,0.0
NI01PCGOHLT2022,DA_LIC_INCLAIM_INCEXP,0.0
NI01PCGOHLT2023,DA_LIC_INCLAIM_INCEXP,0.0
NI01PCGOHLT2021,DA_LIC_CHG,0.0
NI01PCGOHLT2022,DA_LIC_CHG,0.0
NI01PCGOHLT2023,DA_LIC_CHG,0.0
NI01PCGOHLT2021,DA_LIC_CLO,0.0
NI01PCGOHLT2022,DA_LIC_CLO,0.0
NI01PCGOHLT2023,DA_LIC_CLO,0.0
NI01PCPLHLT2021,PVFC_LIC_UNWIND,0.0
NI01PCPLHLT2021,PVFC_LIC_EXP_CLAIM_CF_CY,0.0
NI01PCPLHLT2021,PVFC_LIC_EXP_ATTEXP_CY,0.0
NI01PCPLHLT2021,PVFC_LIC_EXP_CLAIM_CF_PY,-2352.4883386639412
NI01PCPLHLT2021,PVFC_LIC_EXP_ATTEXP_PY,0.0
NI01PCPLHLT2021,RA_LIC_OP,0.3916220202670463
NI01PCPLHLT2021,RA_LIC_UNWIND,0.005851400184984834
NI01PCPLHLT2021,RA_LIC_INCLAIM,0.45924519015053406
NI01PCPLHLT2021,RA_LIC_RELEASE_PY,-0.3951508233159946
NI01PCPLHLT2021,RA_LIC_DEREC,0.0
NI01PCPLHLT2021,RA_LIC_TASSCHG_PY,0.026583838518029975
NI01PCPLHLT2021,RA_LIC_FASSCHG_PY,0.0
NI01PCPLHLT2021,RA_LIC_CLO,0.4881516258046006
NI01PCPLHLT2022,PVFC_LIC_UNWIND,0.0
NI01PCPLHLT2022,PVFC_LIC_EXP_CLAIM_CF_CY,0.0
NI01PCPLHLT2022,PVFC_LIC_EXP_ATTEXP_CY,0.0
NI01PCPLHLT2022,PVFC_LIC_EXP_CLAIM_CF_PY,-1039255.9315548312
NI01PCPLHLT2022,PVFC_LIC_EXP_ATTEXP_PY,0.0
NI01PCPLHLT2022,RA_LIC_OP,33991.02487570918
NI01PCPLHLT2022,RA_LIC_UNWIND,507.8751422351651
NI01PCPLHLT2022,RA_LIC_INCLAIM,39860.4109947955
NI01PCPLHLT2022,RA_LIC_RELEASE_PY,-34297.30906303984
NI01PCPLHLT2022,RA_LIC_DEREC,0.0
NI01PCPLHLT2022,RA_LIC_TASSCHG_PY,2307.357272050284
NI01PCPLHLT2022,RA_LIC_FASSCHG_PY,0.0
NI01PCPLHLT2022,RA_LIC_CLO,42369.3592217503
NI01PCPLHLT2023,PVFC_LIC_UNWIND,0.0
NI01PCPLHLT2023,PVFC_LIC_EXP_CLAIM_CF_CY,0.0
NI01PCPLHLT2023,PVFC_LIC_EXP_ATTEXP_CY,0.0
NI01PCPLHLT2023,PVFC_LIC_EXP_CLAIM_CF_PY,0.0
NI01PCPLHLT2023,PVFC_LIC_EXP_ATTEXP_PY,0.0
NI01PCPLHLT2023,RA_LIC_OP,0.0
NI01PCPLHLT2023,RA_LIC_UNWIND,0.0
NI01PCPLHLT2023,RA_LIC_INCLAIM,0.0
NI01PCPLHLT2023,RA_LIC_RELEASE_PY,0.0
NI01PCPLHLT2023,RA_LIC_DEREC,0.0
NI01PCPLHLT2023,RA_LIC_TASSCHG_PY,0.0
NI01PCPLHLT2023,RA_LIC_FASSCHG_PY,0.0
NI01PCPLHLT2023,RA_LIC_CLO,0.0
NI01PCPLHLT2021,RA_LIC_RELEASE_CY,0.0
NI01PCPLHLT2022,RA_LIC_RELEASE_CY,0.0
NI01PCPLHLT2023,RA_LIC_RELEASE_CY,0.0
NI01PCPLHLT2021,RA_LIC_FEXPVAR_CY,0.0
NI01PCPLHLT2022,RA_LIC_FEXPVAR_CY,0.0
NI01PCPLHLT2023,RA_LIC_FEXPVAR_CY,0.0
NI01PCPLHLT2021,DA_LIC_OP,0.0
NI01PCPLHLT2022,DA_LIC_OP,0.0
NI01PCPLHLT2023,DA_LIC_OP,0.0
NI01PCPLHLT2021,DA_LIC_INCLAIM_INCEXP,0.0
NI01PCPLHLT2022,DA_LIC_INCLAIM_INCEXP,0.0
NI01PCPLHLT2023,DA_LIC_INCLAIM_INCEXP,0.0
NI01PCPLHLT2021,DA_LIC_CHG,0.0
NI01PCPLHLT2022,DA_LIC_CHG,0.0
NI01PCPLHLT2023,DA_LIC_CHG,0.0
NI01PCPLHLT2021,DA_LIC_CLO,0.0
NI01PCPLHLT2022,DA_LIC_CLO,0.0
NI01PCPLHLT2023,DA_LIC_CLO,0.0
NI01PCSIHLT2021,PVFC_LIC_UNWIND,0.0
NI01PCSIHLT2021,PVFC_LIC_EXP_CLAIM_CF_CY,0.0
NI01PCSIHLT2021,PVFC_LIC_EXP_ATTEXP_CY,0.0
NI01PCSIHLT2021,PVFC_LIC_EXP_CLAIM_CF_PY,-1237.7459036892687
NI01PCSIHLT2021,PVFC_LIC_EXP_ATTEXP_PY,0.0
NI01PCSIHLT2021,RA_LIC_OP,0.2060492897742933
NI01PCSIHLT2021,RA_LIC_UNWIND,0.002709051528094869
NI01PCSIHLT2021,RA_LIC_INCLAIM,0.20356772791165403
NI01PCSIHLT2021,RA_LIC_RELEASE_PY,-0.20818946197353755
NI01PCSIHLT2021,RA_LIC_DEREC,0.0
NI01PCSIHLT2021,RA_LIC_TASSCHG_PY,0.012132824115184182
NI01PCSIHLT2021,RA_LIC_FASSCHG_PY,0.0
NI01PCSIHLT2021,RA_LIC_CLO,0.21626943135568877
NI01PCSIHLT2022,PVFC_LIC_UNWIND,0.0
NI01PCSIHLT2022,PVFC_LIC_EXP_CLAIM_CF_CY,0.0
NI01PCSIHLT2022,PVFC_LIC_EXP_ATTEXP_CY,0.0
NI01PCSIHLT2022,PVFC_LIC_EXP_CLAIM_CF_PY,-580768.5299770222
NI01PCSIHLT2022,PVFC_LIC_EXP_ATTEXP_PY,0.0
NI01PCSIHLT2022,RA_LIC_OP,18966.880047135797
NI01PCSIHLT2022,RA_LIC_UNWIND,249.3687575005452
NI01PCSIHLT2022,RA_LIC_INCLAIM,18738.45176073023
NI01PCSIHLT2022,RA_LIC_RELEASE_PY,-19163.883343908845
NI01PCSIHLT2022,RA_LIC_DEREC,0.0
NI01PCSIHLT2022,RA_LIC_TASSCHG_PY,1116.8289872669334
NI01PCSIHLT2022,RA_LIC_FASSCHG_PY,0.0
NI01PCSIHLT2022,RA_LIC_CLO,19907.646208724655
NI01PCSIHLT2023,PVFC_LIC_UNWIND,0.0
NI01PCSIHLT2023,PVFC_LIC_EXP_CLAIM_CF_CY,0.0
NI01PCSIHLT2023,PVFC_LIC_EXP_ATTEXP_CY,0.0
NI01PCSIHLT2023,PVFC_LIC_EXP_CLAIM_CF_PY,0.0
NI01PCSIHLT2023,PVFC_LIC_EXP_ATTEXP_PY,0.0
NI01PCSIHLT2023,RA_LIC_OP,0.0
NI01PCSIHLT2023,RA_LIC_UNWIND,0.0
NI01PCSIHLT2023,RA_LIC_INCLAIM,0.0
NI01PCSIHLT2023,RA_LIC_RELEASE_PY,0.0
NI01PCSIHLT2023,RA_LIC_DEREC,0.0
NI01PCSIHLT2023,RA_LIC_TASSCHG_PY,0.0
NI01PCSIHLT2023,RA_LIC_FASSCHG_PY,0.0
NI01PCSIHLT2023,RA_LIC_CLO,0.0
NI01PCSIHLT2021,RA_LIC_RELEASE_CY,0.0
NI01PCSIHLT2022,RA_LIC_RELEASE_CY,0.0
NI01PCSIHLT2023,RA_LIC_RELEASE_CY,0.0
NI01PCSIHLT2021,RA_LIC_FEXPVAR_CY,0.0
NI01PCSIHLT2022,RA_LIC_FEXPVAR_CY,0.0
NI01PCSIHLT2023,RA_LIC_FEXPVAR_CY,0.0
NI01PCSIHLT2021,DA_LIC_OP,0.0
NI01PCSIHLT2022,DA_LIC_OP,0.0
NI01PCSIHLT2023,DA_LIC_OP,0.0
NI01PCSIHLT2021,DA_LIC_INCLAIM_INCEXP,0.0
NI01PCSIHLT2022,DA_LIC_INCLAIM_INCEXP,0.0
NI01PCSIHLT2023,DA_LIC_INCLAIM_INCEXP,0.0
NI01PCSIHLT2021,DA_LIC_CHG,0.0
NI01PCSIHLT2022,DA_LIC_CHG,0.0
NI01PCSIHLT2023,DA_LIC_CHG,0.0
NI01PCSIHLT2021,DA_LIC_CLO,0.0
NI01PCSIHLT2022,DA_LIC_CLO,0.0
NI01PCSIHLT2023,DA_LIC_CLO,0.0
NI01PIMEHLT2021,PVFC_LIC_UNWIND,0.0
NI01PIMEHLT2021,PVFC_LIC_EXP_CLAIM_CF_CY,0.0
NI01PIMEHLT2021,PVFC_LIC_EXP_ATTEXP_CY,0.0
NI01PIMEHLT2021,PVFC_LIC_EXP_CLAIM_CF_PY,-107.07331944581165
NI01PIMEHLT2021,PVFC_LIC_EXP_ATTEXP_PY,0.0
NI01PIMEHLT2021,RA_LIC_OP,0.01782464507435277
NI01PIMEHLT2021,RA_LIC_UNWIND,0.00035836754420866555
NI01PIMEHLT2021,RA_LIC_INCLAIM,0.0890963554795356
NI01PIMEHLT2021,RA_LIC_RELEASE_PY,-0.018107052553198635
NI01PIMEHLT2021,RA_LIC_DEREC,0.0
NI01PIMEHLT2021,RA_LIC_TASSCHG_PY,0.005712666892413601
NI01PIMEHLT2021,RA_LIC_FASSCHG_PY,0.0
NI01PIMEHLT2021,RA_LIC_CLO,0.09488498243731198
NI01PIMEHLT2022,PVFC_LIC_UNWIND,0.0
NI01PIMEHLT2022,PVFC_LIC_EXP_CLAIM_CF_CY,0.0
NI01PIMEHLT2022,PVFC_LIC_EXP_ATTEXP_CY,0.0
NI01PIMEHLT2022,PVFC_LIC_EXP_CLAIM_CF_PY,-39649.80390078231
NI01PIMEHLT2022,PVFC_LIC_EXP_ATTEXP_PY,0.0
NI01PIMEHLT2022,RA_LIC_OP,1288.664768007977
NI01PIMEHLT2022,RA_LIC_UNWIND,25.908826026709395
NI01PIMEHLT2022,RA_LIC_INCLAIM,6441.38123286368
NI01PIMEHLT2022,RA_LIC_RELEASE_PY,-1309.0819245175485
NI01PIMEHLT2022,RA_LIC_DEREC,0.0
NI01PIMEHLT2022,RA_LIC_TASSCHG_PY,413.0075255305657
NI01PIMEHLT2022,RA_LIC_FASSCHG_PY,0.0
NI01PIMEHLT2022,RA_LIC_CLO,6859.880427911385
NI01PIMEHLT2023,PVFC_LIC_UNWIND,0.0
NI01PIMEHLT2023,PVFC_LIC_EXP_CLAIM_CF_CY,0.0
NI01PIMEHLT2023,PVFC_LIC_EXP_ATTEXP_CY,0.0
NI01PIMEHLT2023,PVFC_LIC_EXP_CLAIM_CF_PY,0.0
NI01PIMEHLT2023,PVFC_LIC_EXP_ATTEXP_PY,0.0
NI01PIMEHLT2023,RA_LIC_OP,0.0
NI01PIMEHLT2023,RA_LIC_UNWIND,0.0
NI01PIMEHLT2023,RA_LIC_INCLAIM,0.0
NI01PIMEHLT2023,RA_LIC_RELEASE_PY,0.0
NI01PIMEHLT2023,RA_LIC_DEREC,0.0
NI01PIMEHLT2023,RA_LIC_TASSCHG_PY,0.0
NI01PIMEHLT2023,RA_LIC_FASSCHG_PY,0.0
NI01PIMEHLT2023,RA_LIC_CLO,0.0
NI01PIMEHLT2021,RA_LIC_RELEASE_CY,0.0
NI01PIMEHLT2022,RA_LIC_RELEASE_CY,0.0
NI01PIMEHLT2023,RA_LIC_RELEASE_CY,0.0
NI01PIMEHLT2021,RA_LIC_FEXPVAR_CY,0.0
NI01PIMEHLT2022,RA_LIC_FEXPVAR_CY,0.0
NI01PIMEHLT2023,RA_LIC_FEXPVAR_CY,0.0
NI01PIMEHLT2021,DA_LIC_OP,0.0
NI01PIMEHLT2022,DA_LIC_OP,0.0
NI01PIMEHLT2023,DA_LIC_OP,0.0
NI01PIMEHLT2021,DA_LIC_INCLAIM_INCEXP,0.0
NI01PIMEHLT2022,DA_LIC_INCLAIM_INCEXP,0.0
NI01PIMEHLT2023,DA_LIC_INCLAIM_INCEXP,0.0
NI01PIMEHLT2021,DA_LIC_CHG,0.0
NI01PIMEHLT2022,DA_LIC_CHG,0.0
NI01PIMEHLT2023,DA_LIC_CHG,0.0
NI01PIMEHLT2021,DA_LIC_CLO,0.0
NI01PIMEHLT2022,DA_LIC_CLO,0.0
NI01PIMEHLT2023,DA_LIC_CLO,0.0
NI01PPBRHLT2021,PVFC_LIC_UNWIND,0.0
NI01PPBRHLT2021,PVFC_LIC_EXP_CLAIM_CF_CY,0.0
NI01PPBRHLT2021,PVFC_LIC_EXP_ATTEXP_CY,0.0
NI01PPBRHLT2021,PVFC_LIC_EXP_CLAIM_CF_PY,-11.82718773981469
NI01PPBRHLT2021,PVFC_LIC_EXP_ATTEXP_PY,0.0
NI01PPBRHLT2021,RA_LIC_OP,0.0019688884661546607
NI01PPBRHLT2021,RA_LIC_UNWIND,5.190289523683767e-05
NI01PPBRHLT2021,RA_LIC_INCLAIM,0.00532429525980028
NI01PPBRHLT2021,RA_LIC_RELEASE_PY,-0.001958316811476332
NI01PPBRHLT2021,RA_LIC_DEREC,0.0
NI01PPBRHLT2021,RA_LIC_TASSCHG_PY,0.00028235456541783014
NI01PPBRHLT2021,RA_LIC_FASSCHG_PY,0.0
NI01PPBRHLT2021,RA_LIC_CLO,0.005669124375133275
NI01PPBRHLT2022,PVFC_LIC_UNWIND,0.0
NI01PPBRHLT2022,PVFC_LIC_EXP_CLAIM_CF_CY,0.0
NI01PPBRHLT2022,PVFC_LIC_EXP_ATTEXP_CY,0.0
NI01PPBRHLT2022,PVFC_LIC_EXP_CLAIM_CF_PY,-4124.502326412128
NI01PPBRHLT2022,PVFC_LIC_EXP_ATTEXP_PY,0.0
NI01PPBRHLT2022,RA_LIC_OP,136.93284008054087
NI01PPBRHLT2022,RA_LIC_UNWIND,3.609757980381541
NI01PPBRHLT2022,RA_LIC_INCLAIM,370.29566879211086
NI01PPBRHLT2022,RA_LIC_RELEASE_PY,-136.19759949970614
NI01PPBRHLT2022,RA_LIC_DEREC,0.0
NI01PPBRHLT2022,RA_LIC_TASSCHG_PY,19.637279214643552
NI01PPBRHLT2022,RA_LIC_FASSCHG_PY,0.0
NI01PPBRHLT2022,RA_LIC_CLO,394.2779465679706
NI01PPBRHLT2023,PVFC_LIC_UNWIND,0.0
NI01PPBRHLT2023,PVFC_LIC_EXP_CLAIM_CF_CY,0.0
NI01PPBRHLT2023,PVFC_LIC_EXP_ATTEXP_CY,0.0
NI01PPBRHLT2023,PVFC_LIC_EXP_CLAIM_CF_PY,0.0
NI01PPBRHLT2023,PVFC_LIC_EXP_ATTEXP_PY,0.0
NI01PPBRHLT2023,RA_LIC_OP,0.0
NI01PPBRHLT2023,RA_LIC_UNWIND,0.0
NI01PPBRHLT2023,RA_LIC_INCLAIM,0.0
NI01PPBRHLT2023,RA_LIC_RELEASE_PY,0.0
NI01PPBRHLT2023,RA_LIC_DEREC,0.0
NI01PPBRHLT2023,RA_LIC_TASSCHG_PY,0.0
NI01PPBRHLT2023,RA_LIC_FASSCHG_PY,0.0
NI01PPBRHLT2023,RA_LIC_CLO,0.0
NI01PPBRHLT2021,RA_LIC_RELEASE_CY,0.0
NI01PPBRHLT2022,RA_LIC_RELEASE_CY,0.0
NI01PPBRHLT2023,RA_LIC_RELEASE_CY,0.0
NI01PPBRHLT2021,RA_LIC_FEXPVAR_CY,0.0
NI01PPBRHLT2022,RA_LIC_FEXPVAR_CY,0.0
NI01PPBRHLT2023,RA_LIC_FEXPVAR_CY,0.0
NI01PPBRHLT2021,DA_LIC_OP,0.0
NI01PPBRHLT2022,DA_LIC_OP,0.0
NI01PPBRHLT2023,DA_LIC_OP,0.0
NI01PPBRHLT2021,DA_LIC_INCLAIM_INCEXP,0.0
NI01PPBRHLT2022,DA_LIC_INCLAIM_INCEXP,0.0
NI01PPBRHLT2023,DA_LIC_INCLAIM_INCEXP,0.0
NI01PPBRHLT2021,DA_LIC_CHG,0.0
NI01PPBRHLT2022,DA_LIC_CHG,0.0
NI01PPBRHLT2023,DA_LIC_CHG,0.0
NI01PPBRHLT2021,DA_LIC_CLO,0.0
NI01PPBRHLT2022,DA_LIC_CLO,0.0
NI01PPBRHLT2023,DA_LIC_CLO,0.0
NI01PPGOHLT2021,PVFC_LIC_UNWIND,0.0
NI01PPGOHLT2021,PVFC_LIC_EXP_CLAIM_CF_CY,0.0
NI01PPGOHLT2021,PVFC_LIC_EXP_ATTEXP_CY,0.0
NI01PPGOHLT2021,PVFC_LIC_EXP_CLAIM_CF_PY,-60.203067288775856
NI01PPGOHLT2021,PVFC_LIC_EXP_ATTEXP_PY,0.0
NI01PPGOHLT2021,RA_LIC_OP,0.010022088717908585
NI01PPGOHLT2021,RA_LIC_UNWIND,0.0001476566457620253
NI01PPGOHLT2021,RA_LIC_INCLAIM,0.01728241834200149
NI01PPGOHLT2021,RA_LIC_RELEASE_PY,-0.010139367679883673
NI01PPGOHLT2021,RA_LIC_DEREC,0.0
NI01PPGOHLT2021,RA_LIC_TASSCHG_PY,0.0010686929234612107
NI01PPGOHLT2021,RA_LIC_FASSCHG_PY,0.0
NI01PPGOHLT2021,RA_LIC_CLO,0.01838148894924964
NI01PPGOHLT2022,PVFC_LIC_UNWIND,0.0
NI01PPGOHLT2022,PVFC_LIC_EXP_CLAIM_CF_CY,0.0
NI01PPGOHLT2022,PVFC_LIC_EXP_ATTEXP_CY,0.0
NI01PPGOHLT2022,PVFC_LIC_EXP_CLAIM_CF_PY,-24760.37679452321
NI01PPGOHLT2022,PVFC_LIC_EXP_ATTEXP_PY,0.0
NI01PPGOHLT2022,RA_LIC_OP,807.819765258391
NI01PPGOHLT2022,RA_LIC_UNWIND,11.901706348415969
NI01PPGOHLT2022,RA_LIC_INCLAIM,1393.0308861850067
NI01PPGOHLT2022,RA_LIC_RELEASE_PY,-817.2729108250603
NI01PPGOHLT2022,RA_LIC_DEREC,0.0
NI01PPGOHLT2022,RA_LIC_TASSCHG_PY,86.14085255711997
NI01PPGOHLT2022,RA_LIC_FASSCHG_PY,0.0
NI01PPGOHLT2022,RA_LIC_CLO,1481.6202995238737
NI01PPGOHLT2023,PVFC_LIC_UNWIND,0.0
NI01PPGOHLT2023,PVFC_LIC_EXP_CLAIM_CF_CY,0.0
NI01PPGOHLT2023,PVFC_LIC_EXP_ATTEXP_CY,0.0
NI01PPGOHLT2023,PVFC_LIC_EXP_CLAIM_CF_PY,0.0
NI01PPGOHLT2023,PVFC_LIC_EXP_ATTEXP_PY,0.0
NI01PPGOHLT2023,RA_LIC_OP,0.0
NI01PPGOHLT2023,RA_LIC_UNWIND,0.0
NI01PPGOHLT2023,RA_LIC_INCLAIM,0.0
NI01PPGOHLT2023,RA_LIC_RELEASE_PY,0.0
NI01PPGOHLT2023,RA_LIC_DEREC,0.0
NI01PPGOHLT2023,RA_LIC_TASSCHG_PY,0.0
NI01PPGOHLT2023,RA_LIC_FASSCHG_PY,0.0
NI01PPGOHLT2023,RA_LIC_CLO,0.0
NI01PPGOHLT2021,RA_LIC_RELEASE_CY,0.0
NI01PPGOHLT2022,RA_LIC_RELEASE_CY,0.0
NI01PPGOHLT2023,RA_LIC_RELEASE_CY,0.0
NI01PPGOHLT2021,RA_LIC_FEXPVAR_CY,0.0
NI01PPGOHLT2022,RA_LIC_FEXPVAR_CY,0.0
NI01PPGOHLT2023,RA_LIC_FEXPVAR_CY,0.0
NI01PPGOHLT2021,DA_LIC_OP,0.0
NI01PPGOHLT2022,DA_LIC_OP,0.0
NI01PPGOHLT2023,DA_LIC_OP,0.0
NI01PPGOHLT2021,DA_LIC_INCLAIM_INCEXP,0.0
NI01PPGOHLT2022,DA_LIC_INCLAIM_INCEXP,0.0
NI01PPGOHLT2023,DA_LIC_INCLAIM_INCEXP,0.0
NI01PPGOHLT2021,DA_LIC_CHG,0.0
NI01PPGOHLT2022,DA_LIC_CHG,0.0
NI01PPGOHLT2023,DA_LIC_CHG,0.0
NI01PPGOHLT2021,DA_LIC_CLO,0.0
NI01PPGOHLT2022,DA_LIC_CLO,0.0
NI01PPGOHLT2023,DA_LIC_CLO,0.0
NI01PPPLHLT2021,PVFC_LIC_UNWIND,0.0
NI01PPPLHLT2021,PVFC_LIC_EXP_CLAIM_CF_CY,0.0
NI01PPPLHLT2021,PVFC_LIC_EXP_ATTEXP_CY,0.0
NI01PPPLHLT2021,PVFC_LIC_EXP_CLAIM_CF_PY,-19.37860200703699
NI01PPPLHLT2021,PVFC_LIC_EXP_ATTEXP_PY,0.0
NI01PPPLHLT2021,RA_LIC_OP,0.003225982948891569
NI01PPPLHLT2021,RA_LIC_UNWIND,4.0569339380243476e-05
NI01PPPLHLT2021,RA_LIC_INCLAIM,0.004310897336891157
NI01PPPLHLT2021,RA_LIC_RELEASE_PY,-0.003266552288271813
NI01PPPLHLT2021,RA_LIC_DEREC,0.0
NI01PPPLHLT2021,RA_LIC_TASSCHG_PY,0.00028062175568093026
NI01PPPLHLT2021,RA_LIC_FASSCHG_PY,0.0
NI01PPPLHLT2021,RA_LIC_CLO,0.004591519092572087
NI01PPPLHLT2022,PVFC_LIC_UNWIND,0.0
NI01PPPLHLT2022,PVFC_LIC_EXP_CLAIM_CF_CY,0.0
NI01PPPLHLT2022,PVFC_LIC_EXP_ATTEXP_CY,0.0
NI01PPPLHLT2022,PVFC_LIC_EXP_CLAIM_CF_PY,-34756.377663576444
NI01PPPLHLT2022,PVFC_LIC_EXP_ATTEXP_PY,0.0
NI01PPPLHLT2022,RA_LIC_OP,1130.8587594375444
NI01PPPLHLT2022,RA_LIC_UNWIND,14.221461653573325
NI01PPPLHLT2022,RA_LIC_INCLAIM,1511.1722819658353
NI01PPPLHLT2022,RA_LIC_RELEASE_PY,-1145.0802210911177
NI01PPPLHLT2022,RA_LIC_DEREC,0.0
NI01PPPLHLT2022,RA_LIC_TASSCHG_PY,98.37112456206876
NI01PPPLHLT2022,RA_LIC_FASSCHG_PY,0.0
NI01PPPLHLT2022,RA_LIC_CLO,1609.543406527904
NI01PPPLHLT2023,PVFC_LIC_UNWIND,0.0
NI01PPPLHLT2023,PVFC_LIC_EXP_CLAIM_CF_CY,0.0
NI01PPPLHLT2023,PVFC_LIC_EXP_ATTEXP_CY,0.0
NI01PPPLHLT2023,PVFC_LIC_EXP_CLAIM_CF_PY,0.0
NI01PPPLHLT2023,PVFC_LIC_EXP_ATTEXP_PY,0.0
NI01PPPLHLT2023,RA_LIC_OP,0.0
NI01PPPLHLT2023,RA_LIC_UNWIND,0.0
NI01PPPLHLT2023,RA_LIC_INCLAIM,0.0
NI01PPPLHLT2023,RA_LIC_RELEASE_PY,0.0
NI01PPPLHLT2023,RA_LIC_DEREC,0.0
NI01PPPLHLT2023,RA_LIC_TASSCHG_PY,0.0
NI01PPPLHLT2023,RA_LIC_FASSCHG_PY,0.0
NI01PPPLHLT2023,RA_LIC_CLO,0.0
NI01PPPLHLT2021,RA_LIC_RELEASE_CY,0.0
NI01PPPLHLT2022,RA_LIC_RELEASE_CY,0.0
NI01PPPLHLT2023,RA_LIC_RELEASE_CY,0.0
NI01PPPLHLT2021,RA_LIC_FEXPVAR_CY,0.0
NI01PPPLHLT2022,RA_LIC_FEXPVAR_CY,0.0
NI01PPPLHLT2023,RA_LIC_FEXPVAR_CY,0.0
NI01PPPLHLT2021,DA_LIC_OP,0.0
NI01PPPLHLT2022,DA_LIC_OP,0.0
NI01PPPLHLT2023,DA_LIC_OP,0.0
NI01PPPLHLT2021,DA_LIC_INCLAIM_INCEXP,0.0
NI01PPPLHLT2022,DA_LIC_INCLAIM_INCEXP,0.0
NI01PPPLHLT2023,DA_LIC_INCLAIM_INCEXP,0.0
NI01PPPLHLT2021,DA_LIC_CHG,0.0
NI01PPPLHLT2022,DA_LIC_CHG,0.0
NI01PPPLHLT2023,DA_LIC_CHG,0.0
NI01PPPLHLT2021,DA_LIC_CLO,0.0
NI01PPPLHLT2022,DA_LIC_CLO,0.0
NI01PPPLHLT2023,DA_LIC_CLO,0.0
NI01PPSIHLT2021,PVFC_LIC_UNWIND,0.0
NI01PPSIHLT2021,PVFC_LIC_EXP_CLAIM_CF_CY,0.0
NI01PPSIHLT2021,PVFC_LIC_EXP_ATTEXP_CY,0.0
NI01PPSIHLT2021,PVFC_LIC_EXP_CLAIM_CF_PY,-22.718712153642628
NI01PPSIHLT2021,PVFC_LIC_EXP_ATTEXP_PY,0.0
NI01PPSIHLT2021,RA_LIC_OP,0.003782015751286602
NI01PPSIHLT2021,RA_LIC_UNWIND,5.2524025877934934e-05
NI01PPSIHLT2021,RA_LIC_INCLAIM,0.006833810779498394
NI01PPSIHLT2021,RA_LIC_RELEASE_PY,-0.003814058499050352
NI01PPSIHLT2021,RA_LIC_DEREC,0.0
NI01PPSIHLT2021,RA_LIC_TASSCHG_PY,0.0004122117946931306
NI01PPSIHLT2021,RA_LIC_FASSCHG_PY,0.0
NI01PPSIHLT2021,RA_LIC_CLO,0.007266503852305708
NI01PPSIHLT2022,PVFC_LIC_UNWIND,0.0
NI01PPSIHLT2022,PVFC_LIC_EXP_CLAIM_CF_CY,0.0
NI01PPSIHLT2022,PVFC_LIC_EXP_ATTEXP_CY,0.0
NI01PPSIHLT2022,PVFC_LIC_EXP_CLAIM_CF_PY,-8732.811060604492
NI01PPSIHLT2022,PVFC_LIC_EXP_ATTEXP_PY,0.0
NI01PPSIHLT2022,RA_LIC_OP,285.87306353436963
NI01PPSIHLT2022,RA_LIC_UNWIND,3.9701590829640923
NI01PPSIHLT2022,RA_LIC_INCLAIM,516.5505782160769
NI01PPSIHLT2022,RA_LIC_RELEASE_PY,-288.29509428983806
NI01PPSIHLT2022,RA_LIC_DEREC,0.0
NI01PPSIHLT2022,RA_LIC_TASSCHG_PY,31.158053356556707
NI01PPSIHLT2022,RA_LIC_FASSCHG_PY,0.0
NI01PPSIHLT2022,RA_LIC_CLO,549.256759900129
NI01PPSIHLT2023,PVFC_LIC_UNWIND,0.0
NI01PPSIHLT2023,PVFC_LIC_EXP_CLAIM_CF_CY,0.0
NI01PPSIHLT2023,PVFC_LIC_EXP_ATTEXP_CY,0.0
NI01PPSIHLT2023,PVFC_LIC_EXP_CLAIM_CF_PY,0.0
NI01PPSIHLT2023,PVFC_LIC_EXP_ATTEXP_PY,0.0
NI01PPSIHLT2023,RA_LIC_OP,0.0
NI01PPSIHLT2023,RA_LIC_UNWIND,0.0
NI01PPSIHLT2023,RA_LIC_INCLAIM,0.0
NI01PPSIHLT2023,RA_LIC_RELEASE_PY,0.0
NI01PPSIHLT2023,RA_LIC_DEREC,0.0
NI01PPSIHLT2023,RA_LIC_TASSCHG_PY,0.0
NI01PPSIHLT2023,RA_LIC_FASSCHG_PY,0.0
NI01PPSIHLT2023,RA_LIC_CLO,0.0
NI01PPSIHLT2021,RA_LIC_RELEASE_CY,0.0
NI01PPSIHLT2022,RA_LIC_RELEASE_CY,0.0
NI01PPSIHLT2023,RA_LIC_RELEASE_CY,0.0
NI01PPSIHLT2021,RA_LIC_FEXPVAR_CY,0.0
NI01PPSIHLT2022,RA_LIC_FEXPVAR_CY,0.0
NI01PPSIHLT2023,RA_LIC_FEXPVAR_CY,0.0
NI01PPSIHLT2021,DA_LIC_OP,0.0
NI01PPSIHLT2022,DA_LIC_OP,0.0
NI01PPSIHLT2023,DA_LIC_OP,0.0
NI01PPSIHLT2021,DA_LIC_INCLAIM_INCEXP,0.0
NI01PPSIHLT2022,DA_LIC_INCLAIM_INCEXP,0.0
NI01PPSIHLT2023,DA_LIC_INCLAIM_INCEXP,0.0
NI01PPSIHLT2021,DA_LIC_CHG,0.0
NI01PPSIHLT2022,DA_LIC_CHG,0.0
NI01PPSIHLT2023,DA_LIC_CHG,0.0
NI01PPSIHLT2021,DA_LIC_CLO,0.0
NI01PPSIHLT2022,DA_LIC_CLO,0.0
NI01PPSIHLT2023,DA_LIC_CLO,0.0
NI01PAMIHQS2021,PVFC_LIC_UNWIND,0.0
NI01PAMIHQS2021,PVFC_LIC_EXP_CLAIM_CF_CY,0.0
NI01PAMIHQS2021,PVFC_LIC_EXP_ATTEXP_CY,0.0
NI01PAMIHQS2021,PVFC_LIC_EXP_CLAIM_CF_PY,37457.91110726805
NI01PAMIHQS2021,PVFC_LIC_EXP_ATTEXP_PY,0.0
NI01PAMIHQS2021,RA_LIC_OP,0.0
NI01PAMIHQS2021,RA_LIC_UNWIND,0.0
NI01PAMIHQS2021,RA_LIC_INCLAIM,0.0
NI01PAMIHQS2021,RA_LIC_RELEASE_PY,0.0
NI01PAMIHQS2021,RA_LIC_DEREC,0.0
NI01PAMIHQS2021,RA_LIC_TASSCHG_PY,0.0
NI01PAMIHQS2021,RA_LIC_FASSCHG_PY,0.0
NI01PAMIHQS2021,RA_LIC_CLO,0.0
NI01PAMIHQS2022,PVFC_LIC_UNWIND,0.0
NI01PAMIHQS2022,PVFC_LIC_EXP_CLAIM_CF_CY,0.0
NI01PAMIHQS2022,PVFC_LIC_EXP_ATTEXP_CY,0.0
NI01PAMIHQS2022,PVFC_LIC_EXP_CLAIM_CF_PY,0.0
NI01PAMIHQS2022,PVFC_LIC_EXP_ATTEXP_PY,0.0
NI01PAMIHQS2022,RA_LIC_OP,0.0
NI01PAMIHQS2022,RA_LIC_UNWIND,0.0
NI01PAMIHQS2022,RA_LIC_INCLAIM,0.0
NI01PAMIHQS2022,RA_LIC_RELEASE_PY,0.0
NI01PAMIHQS2022,RA_LIC_DEREC,0.0
NI01PAMIHQS2022,RA_LIC_TASSCHG_PY,0.0
NI01PAMIHQS2022,RA_LIC_FASSCHG_PY,0.0
NI01PAMIHQS2022,RA_LIC_CLO,0.0
NI01PAMIHQS2023,PVFC_LIC_UNWIND,0.0
NI01PAMIHQS2023,PVFC_LIC_EXP_CLAIM_CF_CY,0.0
NI01PAMIHQS2023,PVFC_LIC_EXP_ATTEXP_CY,0.0
NI01PAMIHQS2023,PVFC_LIC_EXP_CLAIM_CF_PY,0.0
NI01PAMIHQS2023,PVFC_LIC_EXP_ATTEXP_PY,0.0
NI01PAMIHQS2023,RA_LIC_OP,0.0
NI01PAMIHQS2023,RA_LIC_UNWIND,0.0
NI01PAMIHQS2023,RA_LIC_INCLAIM,0.0
NI01PAMIHQS2023,RA_LIC_RELEASE_PY,0.0
NI01PAMIHQS2023,RA_LIC_DEREC,0.0
NI01PAMIHQS2023,RA_LIC_TASSCHG_PY,0.0
NI01PAMIHQS2023,RA_LIC_FASSCHG_PY,0.0
NI01PAMIHQS2023,RA_LIC_CLO,0.0
NI01PAMIHQS2021,RA_LIC_RELEASE_CY,0.0
NI01PAMIHQS2022,RA_LIC_RELEASE_CY,0.0
NI01PAMIHQS2023,RA_LIC_RELEASE_CY,0.0
NI01PAMIHQS2021,RA_LIC_FEXPVAR_CY,0.0
NI01PAMIHQS2022,RA_LIC_FEXPVAR_CY,0.0
NI01PAMIHQS2023,RA_LIC_FEXPVAR_CY,0.0
NI01PAMIHQS2021,DA_LIC_OP,14.803419302091294
NI01PAMIHQS2022,DA_LIC_OP,0.0
NI01PAMIHQS2023,DA_LIC_OP,0.0
NI01PAMIHQS2021,DA_LIC_INCLAIM_INCEXP,0.0
NI01PAMIHQS2022,DA_LIC_INCLAIM_INCEXP,0.0
NI01PAMIHQS2023,DA_LIC_INCLAIM_INCEXP,0.0
NI01PAMIHQS2021,DA_LIC_CHG,-14.803419302091294
NI01PAMIHQS2022,DA_LIC_CHG,0.0
NI01PAMIHQS2023,DA_LIC_CHG,0.0
NI01PAMIHQS2021,DA_LIC_CLO,0.0
NI01PAMIHQS2022,DA_LIC_CLO,0.0
NI01PAMIHQS2023,DA_LIC_CLO,0.0
NI01PIMEDQS2021,PVFC_LIC_UNWIND,0.0
NI01PIMEDQS2021,PVFC_LIC_EXP_CLAIM_CF_CY,0.0
NI01PIMEDQS2021,PVFC_LIC_EXP_ATTEXP_CY,0.0
NI01PIMEDQS2021,PVFC_LIC_EXP_CLAIM_CF_PY,303.64416301120764
NI01PIMEDQS2021,PVFC_LIC_EXP_ATTEXP_PY,0.0
NI01PIMEDQS2021,RA_LIC_OP,0.01600131757795089
NI01PIMEDQS2021,RA_LIC_UNWIND,0.00023504829472735303
NI01PIMEDQS2021,RA_LIC_INCLAIM,0.07986598691931386
NI01PIMEDQS2021,RA_LIC_RELEASE_PY,-0.01619720001028492
NI01PIMEDQS2021,RA_LIC_DEREC,0.0
NI01PIMEDQS2021,RA_LIC_TASSCHG_PY,0.005185096099984383
NI01PIMEDQS2021,RA_LIC_FASSCHG_PY,0.0
NI01PIMEDQS2021,RA_LIC_CLO,0.08509024888169157
NI01PIMEDQS2022,PVFC_LIC_UNWIND,0.0
NI01PIMEDQS2022,PVFC_LIC_EXP_CLAIM_CF_CY,0.0
NI01PIMEDQS2022,PVFC_LIC_EXP_ATTEXP_CY,0.0
NI01PIMEDQS2022,PVFC_LIC_EXP_CLAIM_CF_PY,50024.06977190015
NI01PIMEDQS2022,PVFC_LIC_EXP_ATTEXP_PY,0.0
NI01PIMEDQS2022,RA_LIC_OP,518.2285628928921
NI01PIMEDQS2022,RA_LIC_UNWIND,7.612419376941071
NI01PIMEDQS2022,RA_LIC_INCLAIM,2586.5892245180194
NI01PIMEDQS2022,RA_LIC_RELEASE_PY,-524.5725324385193
NI01PIMEDQS2022,RA_LIC_DEREC,0.0
NI01PIMEDQS2022,RA_LIC_TASSCHG_PY,167.92772765532158
NI01PIMEDQS2022,RA_LIC_FASSCHG_PY,0.0
NI01PIMEDQS2022,RA_LIC_CLO,2755.7854020046548
NI01PIMEDQS2023,PVFC_LIC_UNWIND,0.0
NI01PIMEDQS2023,PVFC_LIC_EXP_CLAIM_CF_CY,0.0
NI01PIMEDQS2023,PVFC_LIC_EXP_ATTEXP_CY,0.0
NI01PIMEDQS2023,PVFC_LIC_EXP_CLAIM_CF_PY,0.0
NI01PIMEDQS2023,PVFC_LIC_EXP_ATTEXP_PY,0.0
NI01PIMEDQS2023,RA_LIC_OP,0.0
NI01PIMEDQS2023,RA_LIC_UNWIND,0.0
NI01PIMEDQS2023,RA_LIC_INCLAIM,0.0
NI01PIMEDQS2023,RA_LIC_RELEASE_PY,0.0
NI01PIMEDQS2023,RA_LIC_DEREC,0.0
NI01PIMEDQS2023,RA_LIC_TASSCHG_PY,0.0
NI01PIMEDQS2023,RA_LIC_FASSCHG_PY,0.0
NI01PIMEDQS2023,RA_LIC_CLO,0.0
NI01PIMEDQS2021,RA_LIC_RELEASE_CY,0.0
NI01PIMEDQS2022,RA_LIC_RELEASE_CY,0.0
NI01PIMEDQS2023,RA_LIC_RELEASE_CY,0.0
NI01PIMEDQS2021,RA_LIC_FEXPVAR_CY,0.0
NI01PIMEDQS2022,RA_LIC_FEXPVAR_CY,0.0
NI01PIMEDQS2023,RA_LIC_FEXPVAR_CY,0.0
NI01PIMEDQS2021,DA_LIC_OP,0.12055450324342035
NI01PIMEDQS2022,DA_LIC_OP,19.759708184444094
NI01PIMEDQS2023,DA_LIC_OP,0.0
NI01PIMEDQS2021,DA_LIC_INCLAIM_INCEXP,0.21520578203186053
NI01PIMEDQS2022,DA_LIC_INCLAIM_INCEXP,35.2737005930696
NI01PIMEDQS2023,DA_LIC_INCLAIM_INCEXP,0.0
NI01PIMEDQS2021,DA_LIC_CHG,-0.10394431406749934
NI01PIMEDQS2022,DA_LIC_CHG,-17.03718449454183
NI01PIMEDQS2023,DA_LIC_CHG,0.0
NI01PIMEDQS2021,DA_LIC_CLO,0.23181597120778152
NI01PIMEDQS2022,DA_LIC_CLO,37.99622428297186
NI01PIMEDQS2023,DA_LIC_CLO,0.0
