GOC_ID,VARIABLE_NAME,1
NI01PCBCHLT2023,CLOSING_CURVE_ID,20241231_NGN_LP100
NI01PCBCHLT2023,OPENING_CURVE_ID,20231231_NGN_LP100
NI01PCBCHLT2024,CLOSING_CURVE_ID,20241231_NGN_LP100
NI01PCBCHLT2024,OPENING_CURVE_ID,20231231_NGN_LP100
NI01PCBCHLT2025,CLOSING_CURVE_ID,20241231_NGN_LP100
NI01PCBCHLT2025,OPENING_CURVE_ID,20231231_NGN_LP100
NI01PCBRHLT2023,CLOSING_CURVE_ID,20251231_NGN_LP100
NI01PCBRHLT2023,OPENING_CURVE_ID,20241231_NGN_LP100
NI01PCBRHLT2024,CLOSING_CURVE_ID,20251231_NGN_LP100
NI01PCBRHLT2024,OPENING_CURVE_ID,20241231_NGN_LP100
NI01PCBRHLT2025,CLOSING_CURVE_ID,20251231_NGN_LP100
NI01PCBRHLT2025,OPENING_CURVE_ID,20241231_NGN_LP100
NI01PCECHLT2023,CLOSING_CURVE_ID,20251231_NGN_LP100
NI01PCECHLT2023,OPENING_CURVE_ID,20241231_NGN_LP100
NI01PCECHLT2024,CLOSING_CURVE_ID,20251231_NGN_LP100
NI01PCECHLT2024,OPENING_CURVE_ID,20241231_NGN_LP100
NI01PCECHLT2025,CLOSING_CURVE_ID,20251231_NGN_LP100
NI01PCECHLT2025,OPENING_CURVE_ID,20241231_NGN_LP100
NI01PCGOHLT2022,CLOSING_CURVE_ID,20241231_NGN_LP100
NI01PCGOHLT2022,OPENING_CURVE_ID,20231231_NGN_LP100
NI01PCGOHLT2023,CLOSING_CURVE_ID,20241231_NGN_LP100
NI01PCGOHLT2023,OPENING_CURVE_ID,20231231_NGN_LP100
NI01PCGOHLT2024,CLOSING_CURVE_ID,20241231_NGN_LP100
NI01PCGOHLT2024,OPENING_CURVE_ID,20231231_NGN_LP100
NI01PCPLHLT2023,CLOSING_CURVE_ID,20251231_NGN_LP100
NI01PCPLHLT2023,OPENING_CURVE_ID,20241231_NGN_LP100
NI01PCPLHLT2024,CLOSING_CURVE_ID,20251231_NGN_LP100
NI01PCPLHLT2024,OPENING_CURVE_ID,20241231_NGN_LP100
NI01PCPLHLT2025,CLOSING_CURVE_ID,20251231_NGN_LP100
NI01PCPLHLT2025,OPENING_CURVE_ID,20241231_NGN_LP100
NI01PCSIHLT2023,CLOSING_CURVE_ID,20241231_NGN_LP100
NI01PCSIHLT2023,OPENING_CURVE_ID,20231231_NGN_LP100
NI01PCSIHLT2024,CLOSING_CURVE_ID,20241231_NGN_LP100
NI01PCSIHLT2024,OPENING_CURVE_ID,20231231_NGN_LP100
NI01PCSIHLT2025,CLOSING_CURVE_ID,20241231_NGN_LP100
NI01PCSIHLT2025,OPENING_CURVE_ID,20231231_NGN_LP100
NI01PIMEHLT2023,CLOSING_CURVE_ID,20251231_NGN_LP100
NI01PIMEHLT2023,OPENING_CURVE_ID,20241231_NGN_LP100
NI01PIMEHLT2024,CLOSING_CURVE_ID,20251231_NGN_LP100
NI01PIMEHLT2024,OPENING_CURVE_ID,20241231_NGN_LP100
NI01PIMEHLT2025,CLOSING_CURVE_ID,20251231_NGN_LP100
NI01PIMEHLT2025,OPENING_CURVE_ID,20241231_NGN_LP100
NI01PPBRHLT2023,CLOSING_CURVE_ID,20251231_NGN_LP100
NI01PPBRHLT2023,OPENING_CURVE_ID,20241231_NGN_LP100
NI01PPBRHLT2024,CLOSING_CURVE_ID,20251231_NGN_LP100
NI01PPBRHLT2024,OPENING_CURVE_ID,20241231_NGN_LP100
NI01PPBRHLT2025,CLOSING_CURVE_ID,20251231_NGN_LP100
NI01PPBRHLT2025,OPENING_CURVE_ID,20241231_NGN_LP100
NI01PPGOHLT2023,CLOSING_CURVE_ID,20251231_NGN_LP100
NI01PPGOHLT2023,OPENING_CURVE_ID,20241231_NGN_LP100
NI01PPGOHLT2024,CLOSING_CURVE_ID,20251231_NGN_LP100
NI01PPGOHLT2024,OPENING_CURVE_ID,20241231_NGN_LP100
NI01PPGOHLT2025,CLOSING_CURVE_ID,20251231_NGN_LP100
NI01PPGOHLT2025,OPENING_CURVE_ID,20241231_NGN_LP100
NI01PPPLHLT2023,CLOSING_CURVE_ID,20251231_NGN_LP100
NI01PPPLHLT2023,OPENING_CURVE_ID,20241231_NGN_LP100
NI01PPPLHLT2024,CLOSING_CURVE_ID,20251231_NGN_LP100
NI01PPPLHLT2024,OPENING_CURVE_ID,20241231_NGN_LP100
NI01PPPLHLT2025,CLOSING_CURVE_ID,20251231_NGN_LP100
NI01PPPLHLT2025,OPENING_CURVE_ID,20241231_NGN_LP100
NI01PPSIHLT2023,CLOSING_CURVE_ID,20251231_NGN_LP100
NI01PPSIHLT2023,OPENING_CURVE_ID,20241231_NGN_LP100
NI01PPSIHLT2024,CLOSING_CURVE_ID,20251231_NGN_LP100
NI01PPSIHLT2024,OPENING_CURVE_ID,20241231_NGN_LP100
NI01PPSIHLT2025,CLOSING_CURVE_ID,20251231_NGN_LP100
NI01PPSIHLT2025,OPENING_CURVE_ID,20241231_NGN_LP100
NI01PIMEDQS2023,CLOSING_CURVE_ID,20251231_NGN_LP100
NI01PIMEDQS2023,OPENING_CURVE_ID,20231231_NGN_LP100
NI01PIMEDQS2024,CLOSING_CURVE_ID,20251231_NGN_LP100
NI01PIMEDQS2024,OPENING_CURVE_ID,20231231_NGN_LP100
NI01PIMEDQS2025,CLOSING_CURVE_ID,20251231_NGN_LP100
NI01PIMEDQS2025,OPENING_CURVE_ID,20231231_NGN_LP100
