GOC_ID,VARIABLE_NAME,1
NI03PAVTNPF2012,CLOSING_CURVE_ID,20240331_NGN_LP100
NI03PAVTNPF2012,OPENING_CURVE_ID,20231231_NGN_LP100
NI03PAVTNPF2013,CLOSING_CURVE_ID,20240331_NGN_LP100
NI03PAVTNPF2013,OPENING_CURVE_ID,20231231_NGN_LP100
NI03PAVTNPF2014,CLOSING_CURVE_ID,20240331_NGN_LP100
NI03PAVTNPF2014,OPENING_CURVE_ID,20231231_NGN_LP100
NI03PAVTNPF2015,CLOSING_CURVE_ID,20240331_NGN_LP100
NI03PAVTNPF2015,OPENING_CURVE_ID,20231231_NGN_LP100
NI03PAVTNPF2016,CLOSING_CURVE_ID,20240331_NGN_LP100
NI03PAVTNPF2016,OPENING_CURVE_ID,20231231_NGN_LP100
NI03PAVTNPF2017,CLOSING_CURVE_ID,20240331_NGN_LP100
NI03PAVTNPF2017,OPENING_CURVE_ID,20231231_NGN_LP100
NI03PAVTNPF2018,CLOSING_CURVE_ID,20240331_NGN_LP100
NI03PAVTNPF2018,OPENING_CURVE_ID,20231231_NGN_LP100
NI03PAVTNPF2019,CLOSING_CURVE_ID,20240331_NGN_LP100
NI03PAVTNPF2019,OPENING_CURVE_ID,20231231_NGN_LP100
NI03PAVTNPF2020,CLOSING_CURVE_ID,20240331_NGN_LP100
NI03PAVTNPF2020,OPENING_CURVE_ID,20231231_NGN_LP100
NI03PAVTNPF2021,CLOSING_CURVE_ID,20240331_NGN_LP100
NI03PAVTNPF2021,OPENING_CURVE_ID,20231231_NGN_LP100
NI03PAVTNPF2022,CLOSING_CURVE_ID,20240331_NGN_LP100
NI03PAVTNPF2022,OPENING_CURVE_ID,20231231_NGN_LP100
NI03PAVTNPF2023,CLOSING_CURVE_ID,20240331_NGN_LP100
NI03PAVTNPF2023,OPENING_CURVE_ID,20231231_NGN_LP100
NI03PAVTNPF2024,CLOSING_CURVE_ID,20240331_NGN_LP100
NI03PAVTNPF2024,OPENING_CURVE_ID,20231231_NGN_LP100
NI03PENGYPF2012,CLOSING_CURVE_ID,20240331_USD_LP100
NI03PENGYPF2012,OPENING_CURVE_ID,20231231_USD_LP100
NI03PENGYPF2013,CLOSING_CURVE_ID,20240331_USD_LP100
NI03PENGYPF2013,OPENING_CURVE_ID,20231231_USD_LP100
NI03PENGYPF2014,CLOSING_CURVE_ID,20240331_USD_LP100
NI03PENGYPF2014,OPENING_CURVE_ID,20231231_USD_LP100
NI03PENGYPF2015,CLOSING_CURVE_ID,20240331_USD_LP100
NI03PENGYPF2015,OPENING_CURVE_ID,20231231_USD_LP100
NI03PENGYPF2016,CLOSING_CURVE_ID,20240331_USD_LP100
NI03PENGYPF2016,OPENING_CURVE_ID,20231231_USD_LP100
NI03PENGYPF2017,CLOSING_CURVE_ID,20240331_USD_LP100
NI03PENGYPF2017,OPENING_CURVE_ID,20231231_USD_LP100
NI03PENGYPF2018,CLOSING_CURVE_ID,20240331_USD_LP100
NI03PENGYPF2018,OPENING_CURVE_ID,20231231_USD_LP100
NI03PENGYPF2019,CLOSING_CURVE_ID,20240331_USD_LP100
NI03PENGYPF2019,OPENING_CURVE_ID,20231231_USD_LP100
NI03PENGYPF2020,CLOSING_CURVE_ID,20240331_USD_LP100
NI03PENGYPF2020,OPENING_CURVE_ID,20231231_USD_LP100
NI03PENGYPF2021,CLOSING_CURVE_ID,20240331_USD_LP100
NI03PENGYPF2021,OPENING_CURVE_ID,20231231_USD_LP100
NI03PENGYPF2022,CLOSING_CURVE_ID,20240331_USD_LP100
NI03PENGYPF2022,OPENING_CURVE_ID,20231231_USD_LP100
NI03PENGYPF2023,CLOSING_CURVE_ID,20240331_USD_LP100
NI03PENGYPF2023,OPENING_CURVE_ID,20231231_USD_LP100
NI03PENGYPF2024,CLOSING_CURVE_ID,20240331_USD_LP100
NI03PENGYPF2024,OPENING_CURVE_ID,20231231_USD_LP100
NI03PENGYST2012,CLOSING_CURVE_ID,20240331_USD_LP100
NI03PENGYST2012,OPENING_CURVE_ID,20231231_USD_LP100
NI03PENGYST2013,CLOSING_CURVE_ID,20240331_USD_LP100
NI03PENGYST2013,OPENING_CURVE_ID,20231231_USD_LP100
NI03PENGYST2014,CLOSING_CURVE_ID,20240331_USD_LP100
NI03PENGYST2014,OPENING_CURVE_ID,20231231_USD_LP100
NI03PENGYST2015,CLOSING_CURVE_ID,20240331_USD_LP100
NI03PENGYST2015,OPENING_CURVE_ID,20231231_USD_LP100
NI03PENGYST2016,CLOSING_CURVE_ID,20240331_USD_LP100
NI03PENGYST2016,OPENING_CURVE_ID,20231231_USD_LP100
NI03PENGYST2017,CLOSING_CURVE_ID,20240331_USD_LP100
NI03PENGYST2017,OPENING_CURVE_ID,20231231_USD_LP100
NI03PENGYST2018,CLOSING_CURVE_ID,20240331_USD_LP100
NI03PENGYST2018,OPENING_CURVE_ID,20231231_USD_LP100
NI03PENGYST2019,CLOSING_CURVE_ID,20240331_USD_LP100
NI03PENGYST2019,OPENING_CURVE_ID,20231231_USD_LP100
NI03PENGYST2020,CLOSING_CURVE_ID,20240331_USD_LP100
NI03PENGYST2020,OPENING_CURVE_ID,20231231_USD_LP100
NI03PENGYST2021,CLOSING_CURVE_ID,20240331_USD_LP100
NI03PENGYST2021,OPENING_CURVE_ID,20231231_USD_LP100
NI03PENGYST2022,CLOSING_CURVE_ID,20240331_USD_LP100
NI03PENGYST2022,OPENING_CURVE_ID,20231231_USD_LP100
NI03PENGYST2023,CLOSING_CURVE_ID,20240331_USD_LP100
NI03PENGYST2023,OPENING_CURVE_ID,20231231_USD_LP100
NI03PENGYST2024,CLOSING_CURVE_ID,20240331_USD_LP100
NI03PENGYST2024,OPENING_CURVE_ID,20231231_USD_LP100
NI03PEGNRPF2012,CLOSING_CURVE_ID,20240331_NGN_LP100
NI03PEGNRPF2012,OPENING_CURVE_ID,20231231_NGN_LP100
NI03PEGNRPF2013,CLOSING_CURVE_ID,20240331_NGN_LP100
NI03PEGNRPF2013,OPENING_CURVE_ID,20231231_NGN_LP100
NI03PEGNRPF2014,CLOSING_CURVE_ID,20240331_NGN_LP100
NI03PEGNRPF2014,OPENING_CURVE_ID,20231231_NGN_LP100
NI03PEGNRPF2015,CLOSING_CURVE_ID,20240331_NGN_LP100
NI03PEGNRPF2015,OPENING_CURVE_ID,20231231_NGN_LP100
NI03PEGNRPF2016,CLOSING_CURVE_ID,20240331_NGN_LP100
NI03PEGNRPF2016,OPENING_CURVE_ID,20231231_NGN_LP100
NI03PEGNRPF2017,CLOSING_CURVE_ID,20240331_NGN_LP100
NI03PEGNRPF2017,OPENING_CURVE_ID,20231231_NGN_LP100
NI03PEGNRPF2018,CLOSING_CURVE_ID,20240331_NGN_LP100
NI03PEGNRPF2018,OPENING_CURVE_ID,20231231_NGN_LP100
NI03PEGNRPF2019,CLOSING_CURVE_ID,20240331_NGN_LP100
NI03PEGNRPF2019,OPENING_CURVE_ID,20231231_NGN_LP100
NI03PEGNRPF2020,CLOSING_CURVE_ID,20240331_NGN_LP100
NI03PEGNRPF2020,OPENING_CURVE_ID,20231231_NGN_LP100
NI03PEGNRPF2021,CLOSING_CURVE_ID,20240331_NGN_LP100
NI03PEGNRPF2021,OPENING_CURVE_ID,20231231_NGN_LP100
NI03PEGNRPF2022,CLOSING_CURVE_ID,20240331_NGN_LP100
NI03PEGNRPF2022,OPENING_CURVE_ID,20231231_NGN_LP100
NI03PEGNRPF2023,CLOSING_CURVE_ID,20240331_NGN_LP100
NI03PEGNRPF2023,OPENING_CURVE_ID,20231231_NGN_LP100
NI03PEGNRPF2024,CLOSING_CURVE_ID,20240331_NGN_LP100
NI03PEGNRPF2024,OPENING_CURVE_ID,20231231_NGN_LP100
NI03PEGNRST2012,CLOSING_CURVE_ID,20240331_NGN_LP100
NI03PEGNRST2012,OPENING_CURVE_ID,20231231_NGN_LP100
NI03PEGNRST2013,CLOSING_CURVE_ID,20240331_NGN_LP100
NI03PEGNRST2013,OPENING_CURVE_ID,20231231_NGN_LP100
NI03PEGNRST2014,CLOSING_CURVE_ID,20240331_NGN_LP100
NI03PEGNRST2014,OPENING_CURVE_ID,20231231_NGN_LP100
NI03PEGNRST2015,CLOSING_CURVE_ID,20240331_NGN_LP100
NI03PEGNRST2015,OPENING_CURVE_ID,20231231_NGN_LP100
NI03PEGNRST2016,CLOSING_CURVE_ID,20240331_NGN_LP100
NI03PEGNRST2016,OPENING_CURVE_ID,20231231_NGN_LP100
NI03PEGNRST2017,CLOSING_CURVE_ID,20240331_NGN_LP100
NI03PEGNRST2017,OPENING_CURVE_ID,20231231_NGN_LP100
NI03PEGNRST2018,CLOSING_CURVE_ID,20240331_NGN_LP100
NI03PEGNRST2018,OPENING_CURVE_ID,20231231_NGN_LP100
NI03PEGNRST2019,CLOSING_CURVE_ID,20240331_NGN_LP100
NI03PEGNRST2019,OPENING_CURVE_ID,20231231_NGN_LP100
NI03PEGNRST2020,CLOSING_CURVE_ID,20240331_NGN_LP100
NI03PEGNRST2020,OPENING_CURVE_ID,20231231_NGN_LP100
NI03PEGNRST2021,CLOSING_CURVE_ID,20240331_NGN_LP100
NI03PEGNRST2021,OPENING_CURVE_ID,20231231_NGN_LP100
NI03PEGNRST2022,CLOSING_CURVE_ID,20240331_NGN_LP100
NI03PEGNRST2022,OPENING_CURVE_ID,20231231_NGN_LP100
NI03PEGNRST2023,CLOSING_CURVE_ID,20240331_NGN_LP100
NI03PEGNRST2023,OPENING_CURVE_ID,20231231_NGN_LP100
NI03PEGNRST2024,CLOSING_CURVE_ID,20240331_NGN_LP100
NI03PEGNRST2024,OPENING_CURVE_ID,20231231_NGN_LP100
NI03PFICIPF2012,CLOSING_CURVE_ID,20240331_NGN_LP100
NI03PFICIPF2012,OPENING_CURVE_ID,20231231_NGN_LP100
NI03PFICIPF2013,CLOSING_CURVE_ID,20240331_NGN_LP100
NI03PFICIPF2013,OPENING_CURVE_ID,20231231_NGN_LP100
NI03PFICIPF2014,CLOSING_CURVE_ID,20240331_NGN_LP100
NI03PFICIPF2014,OPENING_CURVE_ID,20231231_NGN_LP100
NI03PFICIPF2015,CLOSING_CURVE_ID,20240331_NGN_LP100
NI03PFICIPF2015,OPENING_CURVE_ID,20231231_NGN_LP100
NI03PFICIPF2016,CLOSING_CURVE_ID,20240331_NGN_LP100
NI03PFICIPF2016,OPENING_CURVE_ID,20231231_NGN_LP100
NI03PFICIPF2017,CLOSING_CURVE_ID,20240331_NGN_LP100
NI03PFICIPF2017,OPENING_CURVE_ID,20231231_NGN_LP100
NI03PFICIPF2018,CLOSING_CURVE_ID,20240331_NGN_LP100
NI03PFICIPF2018,OPENING_CURVE_ID,20231231_NGN_LP100
NI03PFICIPF2019,CLOSING_CURVE_ID,20240331_NGN_LP100
NI03PFICIPF2019,OPENING_CURVE_ID,20231231_NGN_LP100
NI03PFICIPF2020,CLOSING_CURVE_ID,20240331_NGN_LP100
NI03PFICIPF2020,OPENING_CURVE_ID,20231231_NGN_LP100
NI03PFICIPF2021,CLOSING_CURVE_ID,20240331_NGN_LP100
NI03PFICIPF2021,OPENING_CURVE_ID,20231231_NGN_LP100
NI03PFICIPF2022,CLOSING_CURVE_ID,20240331_NGN_LP100
NI03PFICIPF2022,OPENING_CURVE_ID,20231231_NGN_LP100
NI03PFICIPF2023,CLOSING_CURVE_ID,20240331_NGN_LP100
NI03PFICIPF2023,OPENING_CURVE_ID,20231231_NGN_LP100
NI03PFICIPF2024,CLOSING_CURVE_ID,20240331_NGN_LP100
NI03PFICIPF2024,OPENING_CURVE_ID,20231231_NGN_LP100
NI03PFICIST2012,CLOSING_CURVE_ID,20240331_NGN_LP100
NI03PFICIST2012,OPENING_CURVE_ID,20231231_NGN_LP100
NI03PFICIST2013,CLOSING_CURVE_ID,20240331_NGN_LP100
NI03PFICIST2013,OPENING_CURVE_ID,20231231_NGN_LP100
NI03PFICIST2014,CLOSING_CURVE_ID,20240331_NGN_LP100
NI03PFICIST2014,OPENING_CURVE_ID,20231231_NGN_LP100
NI03PFICIST2015,CLOSING_CURVE_ID,20240331_NGN_LP100
NI03PFICIST2015,OPENING_CURVE_ID,20231231_NGN_LP100
NI03PFICIST2016,CLOSING_CURVE_ID,20240331_NGN_LP100
NI03PFICIST2016,OPENING_CURVE_ID,20231231_NGN_LP100
NI03PFICIST2017,CLOSING_CURVE_ID,20240331_NGN_LP100
NI03PFICIST2017,OPENING_CURVE_ID,20231231_NGN_LP100
NI03PFICIST2018,CLOSING_CURVE_ID,20240331_NGN_LP100
NI03PFICIST2018,OPENING_CURVE_ID,20231231_NGN_LP100
NI03PFICIST2019,CLOSING_CURVE_ID,20240331_NGN_LP100
NI03PFICIST2019,OPENING_CURVE_ID,20231231_NGN_LP100
NI03PFICIST2020,CLOSING_CURVE_ID,20240331_NGN_LP100
NI03PFICIST2020,OPENING_CURVE_ID,20231231_NGN_LP100
NI03PFICIST2021,CLOSING_CURVE_ID,20240331_NGN_LP100
NI03PFICIST2021,OPENING_CURVE_ID,20231231_NGN_LP100
NI03PFICIST2022,CLOSING_CURVE_ID,20240331_NGN_LP100
NI03PFICIST2022,OPENING_CURVE_ID,20231231_NGN_LP100
NI03PFICIST2023,CLOSING_CURVE_ID,20240331_NGN_LP100
NI03PFICIST2023,OPENING_CURVE_ID,20231231_NGN_LP100
NI03PFICIST2024,CLOSING_CURVE_ID,20240331_NGN_LP100
NI03PFICIST2024,OPENING_CURVE_ID,20231231_NGN_LP100
NI03PFIPIPF2012,CLOSING_CURVE_ID,20240331_NGN_LP100
NI03PFIPIPF2012,OPENING_CURVE_ID,20231231_NGN_LP100
NI03PFIPIPF2013,CLOSING_CURVE_ID,20240331_NGN_LP100
NI03PFIPIPF2013,OPENING_CURVE_ID,20231231_NGN_LP100
NI03PFIPIPF2014,CLOSING_CURVE_ID,20240331_NGN_LP100
NI03PFIPIPF2014,OPENING_CURVE_ID,20231231_NGN_LP100
NI03PFIPIPF2015,CLOSING_CURVE_ID,20240331_NGN_LP100
NI03PFIPIPF2015,OPENING_CURVE_ID,20231231_NGN_LP100
NI03PFIPIPF2016,CLOSING_CURVE_ID,20240331_NGN_LP100
NI03PFIPIPF2016,OPENING_CURVE_ID,20231231_NGN_LP100
NI03PFIPIPF2017,CLOSING_CURVE_ID,20240331_NGN_LP100
NI03PFIPIPF2017,OPENING_CURVE_ID,20231231_NGN_LP100
NI03PFIPIPF2018,CLOSING_CURVE_ID,20240331_NGN_LP100
NI03PFIPIPF2018,OPENING_CURVE_ID,20231231_NGN_LP100
NI03PFIPIPF2019,CLOSING_CURVE_ID,20240331_NGN_LP100
NI03PFIPIPF2019,OPENING_CURVE_ID,20231231_NGN_LP100
NI03PFIPIPF2020,CLOSING_CURVE_ID,20240331_NGN_LP100
NI03PFIPIPF2020,OPENING_CURVE_ID,20231231_NGN_LP100
NI03PFIPIPF2021,CLOSING_CURVE_ID,20240331_NGN_LP100
NI03PFIPIPF2021,OPENING_CURVE_ID,20231231_NGN_LP100
NI03PFIPIPF2022,CLOSING_CURVE_ID,20240331_NGN_LP100
NI03PFIPIPF2022,OPENING_CURVE_ID,20231231_NGN_LP100
NI03PFIPIPF2023,CLOSING_CURVE_ID,20240331_NGN_LP100
NI03PFIPIPF2023,OPENING_CURVE_ID,20231231_NGN_LP100
NI03PFIPIPF2024,CLOSING_CURVE_ID,20240331_NGN_LP100
NI03PFIPIPF2024,OPENING_CURVE_ID,20231231_NGN_LP100
NI03PFIPIST2012,CLOSING_CURVE_ID,20240331_NGN_LP100
NI03PFIPIST2012,OPENING_CURVE_ID,20231231_NGN_LP100
NI03PFIPIST2013,CLOSING_CURVE_ID,20240331_NGN_LP100
NI03PFIPIST2013,OPENING_CURVE_ID,20231231_NGN_LP100
NI03PFIPIST2014,CLOSING_CURVE_ID,20240331_NGN_LP100
NI03PFIPIST2014,OPENING_CURVE_ID,20231231_NGN_LP100
NI03PFIPIST2015,CLOSING_CURVE_ID,20240331_NGN_LP100
NI03PFIPIST2015,OPENING_CURVE_ID,20231231_NGN_LP100
NI03PFIPIST2016,CLOSING_CURVE_ID,20240331_NGN_LP100
NI03PFIPIST2016,OPENING_CURVE_ID,20231231_NGN_LP100
NI03PFIPIST2017,CLOSING_CURVE_ID,20240331_NGN_LP100
NI03PFIPIST2017,OPENING_CURVE_ID,20231231_NGN_LP100
NI03PFIPIST2018,CLOSING_CURVE_ID,20240331_NGN_LP100
NI03PFIPIST2018,OPENING_CURVE_ID,20231231_NGN_LP100
NI03PFIPIST2019,CLOSING_CURVE_ID,20240331_NGN_LP100
NI03PFIPIST2019,OPENING_CURVE_ID,20231231_NGN_LP100
NI03PFIPIST2020,CLOSING_CURVE_ID,20240331_NGN_LP100
NI03PFIPIST2020,OPENING_CURVE_ID,20231231_NGN_LP100
NI03PFIPIST2021,CLOSING_CURVE_ID,20240331_NGN_LP100
NI03PFIPIST2021,OPENING_CURVE_ID,20231231_NGN_LP100
NI03PFIPIST2022,CLOSING_CURVE_ID,20240331_NGN_LP100
NI03PFIPIST2022,OPENING_CURVE_ID,20231231_NGN_LP100
NI03PFIPIST2023,CLOSING_CURVE_ID,20240331_NGN_LP100
NI03PFIPIST2023,OPENING_CURVE_ID,20231231_NGN_LP100
NI03PFIPIST2024,CLOSING_CURVE_ID,20240331_NGN_LP100
NI03PFIPIST2024,OPENING_CURVE_ID,20231231_NGN_LP100
NI03PFXARCI2012,CLOSING_CURVE_ID,20151231_NGN_LP100
NI03PFXARCI2012,OPENING_CURVE_ID,20151231_NGN_LP100
NI03PFXARCI2013,CLOSING_CURVE_ID,20151231_NGN_LP100
NI03PFXARCI2013,OPENING_CURVE_ID,20151231_NGN_LP100
NI03PFXARCI2014,CLOSING_CURVE_ID,20151231_NGN_LP100
NI03PFXARCI2014,OPENING_CURVE_ID,20151231_NGN_LP100
NI03PFXARCI2015,CLOSING_CURVE_ID,20151231_NGN_LP100
NI03PFXARCI2015,OPENING_CURVE_ID,20151231_NGN_LP100
NI03PFXARCI2016,CLOSING_CURVE_ID,20151231_NGN_LP100
NI03PFXARCI2016,OPENING_CURVE_ID,20151231_NGN_LP100
NI03PFXARCI2017,CLOSING_CURVE_ID,20151231_NGN_LP100
NI03PFXARCI2017,OPENING_CURVE_ID,20151231_NGN_LP100
NI03PFXARCI2018,CLOSING_CURVE_ID,20151231_NGN_LP100
NI03PFXARCI2018,OPENING_CURVE_ID,20151231_NGN_LP100
NI03PFXARCI2019,CLOSING_CURVE_ID,20151231_NGN_LP100
NI03PFXARCI2019,OPENING_CURVE_ID,20151231_NGN_LP100
NI03PFXARCI2020,CLOSING_CURVE_ID,20151231_NGN_LP100
NI03PFXARCI2020,OPENING_CURVE_ID,20151231_NGN_LP100
NI03PFXARCI2021,CLOSING_CURVE_ID,20151231_NGN_LP100
NI03PFXARCI2021,OPENING_CURVE_ID,20151231_NGN_LP100
NI03PFXARCI2022,CLOSING_CURVE_ID,20151231_NGN_LP100
NI03PFXARCI2022,OPENING_CURVE_ID,20151231_NGN_LP100
NI03PFXARCI2023,CLOSING_CURVE_ID,20151231_NGN_LP100
NI03PFXARCI2023,OPENING_CURVE_ID,20151231_NGN_LP100
NI03PFXARCI2024,CLOSING_CURVE_ID,20151231_NGN_LP100
NI03PFXARCI2024,OPENING_CURVE_ID,20151231_NGN_LP100
NI03PGACIPF2012,CLOSING_CURVE_ID,20240331_NGN_LP100
NI03PGACIPF2012,OPENING_CURVE_ID,20231231_NGN_LP100
NI03PGACIPF2013,CLOSING_CURVE_ID,20240331_NGN_LP100
NI03PGACIPF2013,OPENING_CURVE_ID,20231231_NGN_LP100
NI03PGACIPF2014,CLOSING_CURVE_ID,20240331_NGN_LP100
NI03PGACIPF2014,OPENING_CURVE_ID,20231231_NGN_LP100
NI03PGACIPF2015,CLOSING_CURVE_ID,20240331_NGN_LP100
NI03PGACIPF2015,OPENING_CURVE_ID,20231231_NGN_LP100
NI03PGACIPF2016,CLOSING_CURVE_ID,20240331_NGN_LP100
NI03PGACIPF2016,OPENING_CURVE_ID,20231231_NGN_LP100
NI03PGACIPF2017,CLOSING_CURVE_ID,20240331_NGN_LP100
NI03PGACIPF2017,OPENING_CURVE_ID,20231231_NGN_LP100
NI03PGACIPF2018,CLOSING_CURVE_ID,20240331_NGN_LP100
NI03PGACIPF2018,OPENING_CURVE_ID,20231231_NGN_LP100
NI03PGACIPF2019,CLOSING_CURVE_ID,20240331_NGN_LP100
NI03PGACIPF2019,OPENING_CURVE_ID,20231231_NGN_LP100
NI03PGACIPF2020,CLOSING_CURVE_ID,20240331_NGN_LP100
NI03PGACIPF2020,OPENING_CURVE_ID,20231231_NGN_LP100
NI03PGACIPF2021,CLOSING_CURVE_ID,20240331_NGN_LP100
NI03PGACIPF2021,OPENING_CURVE_ID,20231231_NGN_LP100
NI03PGACIPF2022,CLOSING_CURVE_ID,20240331_NGN_LP100
NI03PGACIPF2022,OPENING_CURVE_ID,20231231_NGN_LP100
NI03PGACIPF2023,CLOSING_CURVE_ID,20240331_NGN_LP100
NI03PGACIPF2023,OPENING_CURVE_ID,20231231_NGN_LP100
NI03PGACIPF2024,CLOSING_CURVE_ID,20240331_NGN_LP100
NI03PGACIPF2024,OPENING_CURVE_ID,20231231_NGN_LP100
NI03PGACIXL2012,CLOSING_CURVE_ID,20240331_NGN_LP100
NI03PGACIXL2012,OPENING_CURVE_ID,20231231_NGN_LP100
NI03PGACIXL2013,CLOSING_CURVE_ID,20240331_NGN_LP100
NI03PGACIXL2013,OPENING_CURVE_ID,20231231_NGN_LP100
NI03PGACIXL2014,CLOSING_CURVE_ID,20240331_NGN_LP100
NI03PGACIXL2014,OPENING_CURVE_ID,20231231_NGN_LP100
NI03PGACIXL2015,CLOSING_CURVE_ID,20240331_NGN_LP100
NI03PGACIXL2015,OPENING_CURVE_ID,20231231_NGN_LP100
NI03PGACIXL2016,CLOSING_CURVE_ID,20240331_NGN_LP100
NI03PGACIXL2016,OPENING_CURVE_ID,20231231_NGN_LP100
NI03PGACIXL2017,CLOSING_CURVE_ID,20240331_NGN_LP100
NI03PGACIXL2017,OPENING_CURVE_ID,20231231_NGN_LP100
NI03PGACIXL2018,CLOSING_CURVE_ID,20240331_NGN_LP100
NI03PGACIXL2018,OPENING_CURVE_ID,20231231_NGN_LP100
NI03PGACIXL2019,CLOSING_CURVE_ID,20240331_NGN_LP100
NI03PGACIXL2019,OPENING_CURVE_ID,20231231_NGN_LP100
NI03PGACIXL2020,CLOSING_CURVE_ID,20240331_NGN_LP100
NI03PGACIXL2020,OPENING_CURVE_ID,20231231_NGN_LP100
NI03PGACIXL2021,CLOSING_CURVE_ID,20240331_NGN_LP100
NI03PGACIXL2021,OPENING_CURVE_ID,20231231_NGN_LP100
NI03PGACIXL2022,CLOSING_CURVE_ID,20240331_NGN_LP100
NI03PGACIXL2022,OPENING_CURVE_ID,20231231_NGN_LP100
NI03PGACIXL2023,CLOSING_CURVE_ID,20240331_NGN_LP100
NI03PGACIXL2023,OPENING_CURVE_ID,20231231_NGN_LP100
NI03PGACIXL2024,CLOSING_CURVE_ID,20240331_NGN_LP100
NI03PGACIXL2024,OPENING_CURVE_ID,20231231_NGN_LP100
NI03PGAPIPF2012,CLOSING_CURVE_ID,20240331_NGN_LP100
NI03PGAPIPF2012,OPENING_CURVE_ID,20231231_NGN_LP100
NI03PGAPIPF2013,CLOSING_CURVE_ID,20240331_NGN_LP100
NI03PGAPIPF2013,OPENING_CURVE_ID,20231231_NGN_LP100
NI03PGAPIPF2014,CLOSING_CURVE_ID,20240331_NGN_LP100
NI03PGAPIPF2014,OPENING_CURVE_ID,20231231_NGN_LP100
NI03PGAPIPF2015,CLOSING_CURVE_ID,20240331_NGN_LP100
NI03PGAPIPF2015,OPENING_CURVE_ID,20231231_NGN_LP100
NI03PGAPIPF2016,CLOSING_CURVE_ID,20240331_NGN_LP100
NI03PGAPIPF2016,OPENING_CURVE_ID,20231231_NGN_LP100
NI03PGAPIPF2017,CLOSING_CURVE_ID,20240331_NGN_LP100
NI03PGAPIPF2017,OPENING_CURVE_ID,20231231_NGN_LP100
NI03PGAPIPF2018,CLOSING_CURVE_ID,20240331_NGN_LP100
NI03PGAPIPF2018,OPENING_CURVE_ID,20231231_NGN_LP100
NI03PGAPIPF2019,CLOSING_CURVE_ID,20240331_NGN_LP100
NI03PGAPIPF2019,OPENING_CURVE_ID,20231231_NGN_LP100
NI03PGAPIPF2020,CLOSING_CURVE_ID,20240331_NGN_LP100
NI03PGAPIPF2020,OPENING_CURVE_ID,20231231_NGN_LP100
NI03PGAPIPF2021,CLOSING_CURVE_ID,20240331_NGN_LP100
NI03PGAPIPF2021,OPENING_CURVE_ID,20231231_NGN_LP100
NI03PGAPIPF2022,CLOSING_CURVE_ID,20240331_NGN_LP100
NI03PGAPIPF2022,OPENING_CURVE_ID,20231231_NGN_LP100
NI03PGAPIPF2023,CLOSING_CURVE_ID,20240331_NGN_LP100
NI03PGAPIPF2023,OPENING_CURVE_ID,20231231_NGN_LP100
NI03PGAPIPF2024,CLOSING_CURVE_ID,20240331_NGN_LP100
NI03PGAPIPF2024,OPENING_CURVE_ID,20231231_NGN_LP100
NI03PGAPIXL2012,CLOSING_CURVE_ID,20240331_NGN_LP100
NI03PGAPIXL2012,OPENING_CURVE_ID,20231231_NGN_LP100
NI03PGAPIXL2013,CLOSING_CURVE_ID,20240331_NGN_LP100
NI03PGAPIXL2013,OPENING_CURVE_ID,20231231_NGN_LP100
NI03PGAPIXL2014,CLOSING_CURVE_ID,20240331_NGN_LP100
NI03PGAPIXL2014,OPENING_CURVE_ID,20231231_NGN_LP100
NI03PGAPIXL2015,CLOSING_CURVE_ID,20240331_NGN_LP100
NI03PGAPIXL2015,OPENING_CURVE_ID,20231231_NGN_LP100
NI03PGAPIXL2016,CLOSING_CURVE_ID,20240331_NGN_LP100
NI03PGAPIXL2016,OPENING_CURVE_ID,20231231_NGN_LP100
NI03PGAPIXL2017,CLOSING_CURVE_ID,20240331_NGN_LP100
NI03PGAPIXL2017,OPENING_CURVE_ID,20231231_NGN_LP100
NI03PGAPIXL2018,CLOSING_CURVE_ID,20240331_NGN_LP100
NI03PGAPIXL2018,OPENING_CURVE_ID,20231231_NGN_LP100
NI03PGAPIXL2019,CLOSING_CURVE_ID,20240331_NGN_LP100
NI03PGAPIXL2019,OPENING_CURVE_ID,20231231_NGN_LP100
NI03PGAPIXL2020,CLOSING_CURVE_ID,20240331_NGN_LP100
NI03PGAPIXL2020,OPENING_CURVE_ID,20231231_NGN_LP100
NI03PGAPIXL2021,CLOSING_CURVE_ID,20240331_NGN_LP100
NI03PGAPIXL2021,OPENING_CURVE_ID,20231231_NGN_LP100
NI03PGAPIXL2022,CLOSING_CURVE_ID,20240331_NGN_LP100
NI03PGAPIXL2022,OPENING_CURVE_ID,20231231_NGN_LP100
NI03PGAPIXL2023,CLOSING_CURVE_ID,20240331_NGN_LP100
NI03PGAPIXL2023,OPENING_CURVE_ID,20231231_NGN_LP100
NI03PGAPIXL2024,CLOSING_CURVE_ID,20240331_NGN_LP100
NI03PGAPIXL2024,OPENING_CURVE_ID,20231231_NGN_LP100
NI03PMCGOST2012,CLOSING_CURVE_ID,20240331_NGN_LP100
NI03PMCGOST2012,OPENING_CURVE_ID,20231231_NGN_LP100
NI03PMCGOST2013,CLOSING_CURVE_ID,20240331_NGN_LP100
NI03PMCGOST2013,OPENING_CURVE_ID,20231231_NGN_LP100
NI03PMCGOST2014,CLOSING_CURVE_ID,20240331_NGN_LP100
NI03PMCGOST2014,OPENING_CURVE_ID,20231231_NGN_LP100
NI03PMCGOST2015,CLOSING_CURVE_ID,20240331_NGN_LP100
NI03PMCGOST2015,OPENING_CURVE_ID,20231231_NGN_LP100
NI03PMCGOST2016,CLOSING_CURVE_ID,20240331_NGN_LP100
NI03PMCGOST2016,OPENING_CURVE_ID,20231231_NGN_LP100
NI03PMCGOST2017,CLOSING_CURVE_ID,20240331_NGN_LP100
NI03PMCGOST2017,OPENING_CURVE_ID,20231231_NGN_LP100
NI03PMCGOST2018,CLOSING_CURVE_ID,20240331_NGN_LP100
NI03PMCGOST2018,OPENING_CURVE_ID,20231231_NGN_LP100
NI03PMCGOST2019,CLOSING_CURVE_ID,20240331_NGN_LP100
NI03PMCGOST2019,OPENING_CURVE_ID,20231231_NGN_LP100
NI03PMCGOST2020,CLOSING_CURVE_ID,20240331_NGN_LP100
NI03PMCGOST2020,OPENING_CURVE_ID,20231231_NGN_LP100
NI03PMCGOST2021,CLOSING_CURVE_ID,20240331_NGN_LP100
NI03PMCGOST2021,OPENING_CURVE_ID,20231231_NGN_LP100
NI03PMCGOST2022,CLOSING_CURVE_ID,20240331_NGN_LP100
NI03PMCGOST2022,OPENING_CURVE_ID,20231231_NGN_LP100
NI03PMCGOST2023,CLOSING_CURVE_ID,20240331_NGN_LP100
NI03PMCGOST2023,OPENING_CURVE_ID,20231231_NGN_LP100
NI03PMCGOST2024,CLOSING_CURVE_ID,20240331_NGN_LP100
NI03PMCGOST2024,OPENING_CURVE_ID,20231231_NGN_LP100
NI03PMHHLST2012,CLOSING_CURVE_ID,20240331_NGN_LP100
NI03PMHHLST2012,OPENING_CURVE_ID,20231231_NGN_LP100
NI03PMHHLST2013,CLOSING_CURVE_ID,20240331_NGN_LP100
NI03PMHHLST2013,OPENING_CURVE_ID,20231231_NGN_LP100
NI03PMHHLST2014,CLOSING_CURVE_ID,20240331_NGN_LP100
NI03PMHHLST2014,OPENING_CURVE_ID,20231231_NGN_LP100
NI03PMHHLST2015,CLOSING_CURVE_ID,20240331_NGN_LP100
NI03PMHHLST2015,OPENING_CURVE_ID,20231231_NGN_LP100
NI03PMHHLST2016,CLOSING_CURVE_ID,20240331_NGN_LP100
NI03PMHHLST2016,OPENING_CURVE_ID,20231231_NGN_LP100
NI03PMHHLST2017,CLOSING_CURVE_ID,20240331_NGN_LP100
NI03PMHHLST2017,OPENING_CURVE_ID,20231231_NGN_LP100
NI03PMHHLST2018,CLOSING_CURVE_ID,20240331_NGN_LP100
NI03PMHHLST2018,OPENING_CURVE_ID,20231231_NGN_LP100
NI03PMHHLST2019,CLOSING_CURVE_ID,20240331_NGN_LP100
NI03PMHHLST2019,OPENING_CURVE_ID,20231231_NGN_LP100
NI03PMHHLST2020,CLOSING_CURVE_ID,20240331_NGN_LP100
NI03PMHHLST2020,OPENING_CURVE_ID,20231231_NGN_LP100
NI03PMHHLST2021,CLOSING_CURVE_ID,20240331_NGN_LP100
NI03PMHHLST2021,OPENING_CURVE_ID,20231231_NGN_LP100
NI03PMHHLST2022,CLOSING_CURVE_ID,20240331_NGN_LP100
NI03PMHHLST2022,OPENING_CURVE_ID,20231231_NGN_LP100
NI03PMHHLST2023,CLOSING_CURVE_ID,20240331_NGN_LP100
NI03PMHHLST2023,OPENING_CURVE_ID,20231231_NGN_LP100
NI03PMHHLST2024,CLOSING_CURVE_ID,20240331_NGN_LP100
NI03PMHHLST2024,OPENING_CURVE_ID,20231231_NGN_LP100
NI03PMTCIXL2012,CLOSING_CURVE_ID,20240331_NGN_LP100
NI03PMTCIXL2012,OPENING_CURVE_ID,20231231_NGN_LP100
NI03PMTCIXL2013,CLOSING_CURVE_ID,20240331_NGN_LP100
NI03PMTCIXL2013,OPENING_CURVE_ID,20231231_NGN_LP100
NI03PMTCIXL2014,CLOSING_CURVE_ID,20240331_NGN_LP100
NI03PMTCIXL2014,OPENING_CURVE_ID,20231231_NGN_LP100
NI03PMTCIXL2015,CLOSING_CURVE_ID,20240331_NGN_LP100
NI03PMTCIXL2015,OPENING_CURVE_ID,20231231_NGN_LP100
NI03PMTCIXL2016,CLOSING_CURVE_ID,20240331_NGN_LP100
NI03PMTCIXL2016,OPENING_CURVE_ID,20231231_NGN_LP100
NI03PMTCIXL2017,CLOSING_CURVE_ID,20240331_NGN_LP100
NI03PMTCIXL2017,OPENING_CURVE_ID,20231231_NGN_LP100
NI03PMTCIXL2018,CLOSING_CURVE_ID,20240331_NGN_LP100
NI03PMTCIXL2018,OPENING_CURVE_ID,20231231_NGN_LP100
NI03PMTCIXL2019,CLOSING_CURVE_ID,20240331_NGN_LP100
NI03PMTCIXL2019,OPENING_CURVE_ID,20231231_NGN_LP100
NI03PMTCIXL2020,CLOSING_CURVE_ID,20240331_NGN_LP100
NI03PMTCIXL2020,OPENING_CURVE_ID,20231231_NGN_LP100
NI03PMTCIXL2021,CLOSING_CURVE_ID,20240331_NGN_LP100
NI03PMTCIXL2021,OPENING_CURVE_ID,20231231_NGN_LP100
NI03PMTCIXL2022,CLOSING_CURVE_ID,20240331_NGN_LP100
NI03PMTCIXL2022,OPENING_CURVE_ID,20231231_NGN_LP100
NI03PMTCIXL2023,CLOSING_CURVE_ID,20240331_NGN_LP100
NI03PMTCIXL2023,OPENING_CURVE_ID,20231231_NGN_LP100
NI03PMTCIXL2024,CLOSING_CURVE_ID,20240331_NGN_LP100
NI03PMTCIXL2024,OPENING_CURVE_ID,20231231_NGN_LP100
NI03PMTPIXL2012,CLOSING_CURVE_ID,20240331_NGN_LP100
NI03PMTPIXL2012,OPENING_CURVE_ID,20231231_NGN_LP100
NI03PMTPIXL2013,CLOSING_CURVE_ID,20240331_NGN_LP100
NI03PMTPIXL2013,OPENING_CURVE_ID,20231231_NGN_LP100
NI03PMTPIXL2014,CLOSING_CURVE_ID,20240331_NGN_LP100
NI03PMTPIXL2014,OPENING_CURVE_ID,20231231_NGN_LP100
NI03PMTPIXL2015,CLOSING_CURVE_ID,20240331_NGN_LP100
NI03PMTPIXL2015,OPENING_CURVE_ID,20231231_NGN_LP100
NI03PMTPIXL2016,CLOSING_CURVE_ID,20240331_NGN_LP100
NI03PMTPIXL2016,OPENING_CURVE_ID,20231231_NGN_LP100
NI03PMTPIXL2017,CLOSING_CURVE_ID,20240331_NGN_LP100
NI03PMTPIXL2017,OPENING_CURVE_ID,20231231_NGN_LP100
NI03PMTPIXL2018,CLOSING_CURVE_ID,20240331_NGN_LP100
NI03PMTPIXL2018,OPENING_CURVE_ID,20231231_NGN_LP100
NI03PMTPIXL2019,CLOSING_CURVE_ID,20240331_NGN_LP100
NI03PMTPIXL2019,OPENING_CURVE_ID,20231231_NGN_LP100
NI03PMTPIXL2020,CLOSING_CURVE_ID,20240331_NGN_LP100
NI03PMTPIXL2020,OPENING_CURVE_ID,20231231_NGN_LP100
NI03PMTPIXL2021,CLOSING_CURVE_ID,20240331_NGN_LP100
NI03PMTPIXL2021,OPENING_CURVE_ID,20231231_NGN_LP100
NI03PMTPIXL2022,CLOSING_CURVE_ID,20240331_NGN_LP100
NI03PMTPIXL2022,OPENING_CURVE_ID,20231231_NGN_LP100
NI03PMTPIXL2023,CLOSING_CURVE_ID,20240331_NGN_LP100
NI03PMTPIXL2023,OPENING_CURVE_ID,20231231_NGN_LP100
NI03PMTPIXL2024,CLOSING_CURVE_ID,20240331_NGN_LP100
NI03PMTPIXL2024,OPENING_CURVE_ID,20231231_NGN_LP100
