GOC_ID,VARIABLE_NAME,1
NI03PAVTNCI2012,CLOSING_CURVE_ID,20240930_NGN_LP100
NI03PAVTNCI2012,OPENING_CURVE_ID,20231231_NGN_LP100
NI03PAVTNCI2013,CLOSING_CURVE_ID,20240930_NGN_LP100
NI03PAVTNCI2013,OPENING_CURVE_ID,20231231_NGN_LP100
NI03PAVTNCI2014,CLOSING_CURVE_ID,20240930_NGN_LP100
NI03PAVTNCI2014,OPENING_CURVE_ID,20231231_NGN_LP100
NI03PAVTNCI2015,CLOSING_CURVE_ID,20240930_NGN_LP100
NI03PAVTNCI2015,OPENING_CURVE_ID,20231231_NGN_LP100
NI03PAVTNCI2016,CLOSING_CURVE_ID,20240930_NGN_LP100
NI03PAVTNCI2016,OPENING_CURVE_ID,20231231_NGN_LP100
NI03PAVTNCI2017,CLOSING_CURVE_ID,20240930_NGN_LP100
NI03PAVTNCI2017,OPENING_CURVE_ID,20231231_NGN_LP100
NI03PAVTNCI2018,CLOSING_CURVE_ID,20240930_NGN_LP100
NI03PAVTNCI2018,OPENING_CURVE_ID,20231231_NGN_LP100
NI03PAVTNCI2019,CLOSING_CURVE_ID,20240930_NGN_LP100
NI03PAVTNCI2019,OPENING_CURVE_ID,20231231_NGN_LP100
NI03PAVTNCI2020,CLOSING_CURVE_ID,20240930_NGN_LP100
NI03PAVTNCI2020,OPENING_CURVE_ID,20231231_NGN_LP100
NI03PAVTNCI2021,CLOSING_CURVE_ID,20240930_NGN_LP100
NI03PAVTNCI2021,OPENING_CURVE_ID,20231231_NGN_LP100
NI03PAVTNCI2022,CLOSING_CURVE_ID,20240930_NGN_LP100
NI03PAVTNCI2022,OPENING_CURVE_ID,20231231_NGN_LP100
NI03PAVTNCI2023,CLOSING_CURVE_ID,20240930_NGN_LP100
NI03PAVTNCI2023,OPENING_CURVE_ID,20231231_NGN_LP100
NI03PAVTNCI2024,CLOSING_CURVE_ID,20240930_NGN_LP100
NI03PAVTNCI2024,OPENING_CURVE_ID,20231231_NGN_LP100
NI03PENGYCI2012,CLOSING_CURVE_ID,20240930_USD_LP100
NI03PENGYCI2012,OPENING_CURVE_ID,20231231_USD_LP100
NI03PENGYCI2013,CLOSING_CURVE_ID,20240930_USD_LP100
NI03PENGYCI2013,OPENING_CURVE_ID,20231231_USD_LP100
NI03PENGYCI2014,CLOSING_CURVE_ID,20240930_USD_LP100
NI03PENGYCI2014,OPENING_CURVE_ID,20231231_USD_LP100
NI03PENGYCI2015,CLOSING_CURVE_ID,20240930_USD_LP100
NI03PENGYCI2015,OPENING_CURVE_ID,20231231_USD_LP100
NI03PENGYCI2016,CLOSING_CURVE_ID,20240930_USD_LP100
NI03PENGYCI2016,OPENING_CURVE_ID,20231231_USD_LP100
NI03PENGYCI2017,CLOSING_CURVE_ID,20240930_USD_LP100
NI03PENGYCI2017,OPENING_CURVE_ID,20231231_USD_LP100
NI03PENGYCI2018,CLOSING_CURVE_ID,20240930_USD_LP100
NI03PENGYCI2018,OPENING_CURVE_ID,20231231_USD_LP100
NI03PENGYCI2019,CLOSING_CURVE_ID,20240930_USD_LP100
NI03PENGYCI2019,OPENING_CURVE_ID,20231231_USD_LP100
NI03PENGYCI2020,CLOSING_CURVE_ID,20240930_USD_LP100
NI03PENGYCI2020,OPENING_CURVE_ID,20231231_USD_LP100
NI03PENGYCI2021,CLOSING_CURVE_ID,20240930_USD_LP100
NI03PENGYCI2021,OPENING_CURVE_ID,20231231_USD_LP100
NI03PENGYCI2022,CLOSING_CURVE_ID,20240930_USD_LP100
NI03PENGYCI2022,OPENING_CURVE_ID,20231231_USD_LP100
NI03PENGYCI2023,CLOSING_CURVE_ID,20240930_USD_LP100
NI03PENGYCI2023,OPENING_CURVE_ID,20231231_USD_LP100
NI03PENGYCI2024,CLOSING_CURVE_ID,20240930_USD_LP100
NI03PENGYCI2024,OPENING_CURVE_ID,20231231_USD_LP100
NI03PEGNRCI2012,CLOSING_CURVE_ID,20240930_NGN_LP100
NI03PEGNRCI2012,OPENING_CURVE_ID,20231231_NGN_LP100
NI03PEGNRCI2013,CLOSING_CURVE_ID,20240930_NGN_LP100
NI03PEGNRCI2013,OPENING_CURVE_ID,20231231_NGN_LP100
NI03PEGNRCI2014,CLOSING_CURVE_ID,20240930_NGN_LP100
NI03PEGNRCI2014,OPENING_CURVE_ID,20231231_NGN_LP100
NI03PEGNRCI2015,CLOSING_CURVE_ID,20240930_NGN_LP100
NI03PEGNRCI2015,OPENING_CURVE_ID,20231231_NGN_LP100
NI03PEGNRCI2016,CLOSING_CURVE_ID,20240930_NGN_LP100
NI03PEGNRCI2016,OPENING_CURVE_ID,20231231_NGN_LP100
NI03PEGNRCI2017,CLOSING_CURVE_ID,20240930_NGN_LP100
NI03PEGNRCI2017,OPENING_CURVE_ID,20231231_NGN_LP100
NI03PEGNRCI2018,CLOSING_CURVE_ID,20240930_NGN_LP100
NI03PEGNRCI2018,OPENING_CURVE_ID,20231231_NGN_LP100
NI03PEGNRCI2019,CLOSING_CURVE_ID,20240930_NGN_LP100
NI03PEGNRCI2019,OPENING_CURVE_ID,20231231_NGN_LP100
NI03PEGNRCI2020,CLOSING_CURVE_ID,20240930_NGN_LP100
NI03PEGNRCI2020,OPENING_CURVE_ID,20231231_NGN_LP100
NI03PEGNRCI2021,CLOSING_CURVE_ID,20240930_NGN_LP100
NI03PEGNRCI2021,OPENING_CURVE_ID,20231231_NGN_LP100
NI03PEGNRCI2022,CLOSING_CURVE_ID,20240930_NGN_LP100
NI03PEGNRCI2022,OPENING_CURVE_ID,20231231_NGN_LP100
NI03PEGNRCI2023,CLOSING_CURVE_ID,20240930_NGN_LP100
NI03PEGNRCI2023,OPENING_CURVE_ID,20231231_NGN_LP100
NI03PEGNRCI2024,CLOSING_CURVE_ID,20240930_NGN_LP100
NI03PEGNRCI2024,OPENING_CURVE_ID,20231231_NGN_LP100
NI03PFIRECI2012,CLOSING_CURVE_ID,20240930_NGN_LP100
NI03PFIRECI2012,OPENING_CURVE_ID,20231231_NGN_LP100
NI03PFIRECI2013,CLOSING_CURVE_ID,20240930_NGN_LP100
NI03PFIRECI2013,OPENING_CURVE_ID,20231231_NGN_LP100
NI03PFIRECI2014,CLOSING_CURVE_ID,20240930_NGN_LP100
NI03PFIRECI2014,OPENING_CURVE_ID,20231231_NGN_LP100
NI03PFIRECI2015,CLOSING_CURVE_ID,20240930_NGN_LP100
NI03PFIRECI2015,OPENING_CURVE_ID,20231231_NGN_LP100
NI03PFIRECI2016,CLOSING_CURVE_ID,20240930_NGN_LP100
NI03PFIRECI2016,OPENING_CURVE_ID,20231231_NGN_LP100
NI03PFIRECI2017,CLOSING_CURVE_ID,20240930_NGN_LP100
NI03PFIRECI2017,OPENING_CURVE_ID,20231231_NGN_LP100
NI03PFIRECI2018,CLOSING_CURVE_ID,20240930_NGN_LP100
NI03PFIRECI2018,OPENING_CURVE_ID,20231231_NGN_LP100
NI03PFIRECI2019,CLOSING_CURVE_ID,20240930_NGN_LP100
NI03PFIRECI2019,OPENING_CURVE_ID,20231231_NGN_LP100
NI03PFIRECI2020,CLOSING_CURVE_ID,20240930_NGN_LP100
NI03PFIRECI2020,OPENING_CURVE_ID,20231231_NGN_LP100
NI03PFIRECI2021,CLOSING_CURVE_ID,20240930_NGN_LP100
NI03PFIRECI2021,OPENING_CURVE_ID,20231231_NGN_LP100
NI03PFIRECI2022,CLOSING_CURVE_ID,20240930_NGN_LP100
NI03PFIRECI2022,OPENING_CURVE_ID,20231231_NGN_LP100
NI03PFIRECI2023,CLOSING_CURVE_ID,20240930_NGN_LP100
NI03PFIRECI2023,OPENING_CURVE_ID,20231231_NGN_LP100
NI03PFIRECI2024,CLOSING_CURVE_ID,20240930_NGN_LP100
NI03PFIRECI2024,OPENING_CURVE_ID,20231231_NGN_LP100
NI03PFIREPI2012,CLOSING_CURVE_ID,20240930_NGN_LP100
NI03PFIREPI2012,OPENING_CURVE_ID,20231231_NGN_LP100
NI03PFIREPI2013,CLOSING_CURVE_ID,20240930_NGN_LP100
NI03PFIREPI2013,OPENING_CURVE_ID,20231231_NGN_LP100
NI03PFIREPI2014,CLOSING_CURVE_ID,20240930_NGN_LP100
NI03PFIREPI2014,OPENING_CURVE_ID,20231231_NGN_LP100
NI03PFIREPI2015,CLOSING_CURVE_ID,20240930_NGN_LP100
NI03PFIREPI2015,OPENING_CURVE_ID,20231231_NGN_LP100
NI03PFIREPI2016,CLOSING_CURVE_ID,20240930_NGN_LP100
NI03PFIREPI2016,OPENING_CURVE_ID,20231231_NGN_LP100
NI03PFIREPI2017,CLOSING_CURVE_ID,20240930_NGN_LP100
NI03PFIREPI2017,OPENING_CURVE_ID,20231231_NGN_LP100
NI03PFIREPI2018,CLOSING_CURVE_ID,20240930_NGN_LP100
NI03PFIREPI2018,OPENING_CURVE_ID,20231231_NGN_LP100
NI03PFIREPI2019,CLOSING_CURVE_ID,20240930_NGN_LP100
NI03PFIREPI2019,OPENING_CURVE_ID,20231231_NGN_LP100
NI03PFIREPI2020,CLOSING_CURVE_ID,20240930_NGN_LP100
NI03PFIREPI2020,OPENING_CURVE_ID,20231231_NGN_LP100
NI03PFIREPI2021,CLOSING_CURVE_ID,20240930_NGN_LP100
NI03PFIREPI2021,OPENING_CURVE_ID,20231231_NGN_LP100
NI03PFIREPI2022,CLOSING_CURVE_ID,20240930_NGN_LP100
NI03PFIREPI2022,OPENING_CURVE_ID,20231231_NGN_LP100
NI03PFIREPI2023,CLOSING_CURVE_ID,20240930_NGN_LP100
NI03PFIREPI2023,OPENING_CURVE_ID,20231231_NGN_LP100
NI03PFIREPI2024,CLOSING_CURVE_ID,20240930_NGN_LP100
NI03PFIREPI2024,OPENING_CURVE_ID,20231231_NGN_LP100
NI03PFXAGCI2012,CLOSING_CURVE_ID,20151231_NGN_LP100
NI03PFXAGCI2012,OPENING_CURVE_ID,20151231_NGN_LP100
NI03PFXAGCI2013,CLOSING_CURVE_ID,20151231_NGN_LP100
NI03PFXAGCI2013,OPENING_CURVE_ID,20151231_NGN_LP100
NI03PFXAGCI2014,CLOSING_CURVE_ID,20151231_NGN_LP100
NI03PFXAGCI2014,OPENING_CURVE_ID,20151231_NGN_LP100
NI03PFXAGCI2015,CLOSING_CURVE_ID,20151231_NGN_LP100
NI03PFXAGCI2015,OPENING_CURVE_ID,20151231_NGN_LP100
NI03PFXAGCI2016,CLOSING_CURVE_ID,20151231_NGN_LP100
NI03PFXAGCI2016,OPENING_CURVE_ID,20151231_NGN_LP100
NI03PFXAGCI2017,CLOSING_CURVE_ID,20151231_NGN_LP100
NI03PFXAGCI2017,OPENING_CURVE_ID,20151231_NGN_LP100
NI03PFXAGCI2018,CLOSING_CURVE_ID,20151231_NGN_LP100
NI03PFXAGCI2018,OPENING_CURVE_ID,20151231_NGN_LP100
NI03PFXAGCI2019,CLOSING_CURVE_ID,20151231_NGN_LP100
NI03PFXAGCI2019,OPENING_CURVE_ID,20151231_NGN_LP100
NI03PFXAGCI2020,CLOSING_CURVE_ID,20151231_NGN_LP100
NI03PFXAGCI2020,OPENING_CURVE_ID,20151231_NGN_LP100
NI03PFXAGCI2021,CLOSING_CURVE_ID,20151231_NGN_LP100
NI03PFXAGCI2021,OPENING_CURVE_ID,20151231_NGN_LP100
NI03PFXAGCI2022,CLOSING_CURVE_ID,20151231_NGN_LP100
NI03PFXAGCI2022,OPENING_CURVE_ID,20151231_NGN_LP100
NI03PFXAGCI2023,CLOSING_CURVE_ID,20151231_NGN_LP100
NI03PFXAGCI2023,OPENING_CURVE_ID,20151231_NGN_LP100
NI03PFXAGCI2024,CLOSING_CURVE_ID,20151231_NGN_LP100
NI03PFXAGCI2024,OPENING_CURVE_ID,20151231_NGN_LP100
NI03PGAACCI2012,CLOSING_CURVE_ID,20240930_NGN_LP100
NI03PGAACCI2012,OPENING_CURVE_ID,20231231_NGN_LP100
NI03PGAACCI2013,CLOSING_CURVE_ID,20240930_NGN_LP100
NI03PGAACCI2013,OPENING_CURVE_ID,20231231_NGN_LP100
NI03PGAACCI2014,CLOSING_CURVE_ID,20240930_NGN_LP100
NI03PGAACCI2014,OPENING_CURVE_ID,20231231_NGN_LP100
NI03PGAACCI2015,CLOSING_CURVE_ID,20240930_NGN_LP100
NI03PGAACCI2015,OPENING_CURVE_ID,20231231_NGN_LP100
NI03PGAACCI2016,CLOSING_CURVE_ID,20240930_NGN_LP100
NI03PGAACCI2016,OPENING_CURVE_ID,20231231_NGN_LP100
NI03PGAACCI2017,CLOSING_CURVE_ID,20240930_NGN_LP100
NI03PGAACCI2017,OPENING_CURVE_ID,20231231_NGN_LP100
NI03PGAACCI2018,CLOSING_CURVE_ID,20240930_NGN_LP100
NI03PGAACCI2018,OPENING_CURVE_ID,20231231_NGN_LP100
NI03PGAACCI2019,CLOSING_CURVE_ID,20240930_NGN_LP100
NI03PGAACCI2019,OPENING_CURVE_ID,20231231_NGN_LP100
NI03PGAACCI2020,CLOSING_CURVE_ID,20240930_NGN_LP100
NI03PGAACCI2020,OPENING_CURVE_ID,20231231_NGN_LP100
NI03PGAACCI2021,CLOSING_CURVE_ID,20240930_NGN_LP100
NI03PGAACCI2021,OPENING_CURVE_ID,20231231_NGN_LP100
NI03PGAACCI2022,CLOSING_CURVE_ID,20240930_NGN_LP100
NI03PGAACCI2022,OPENING_CURVE_ID,20231231_NGN_LP100
NI03PGAACCI2023,CLOSING_CURVE_ID,20240930_NGN_LP100
NI03PGAACCI2023,OPENING_CURVE_ID,20231231_NGN_LP100
NI03PGAACCI2024,CLOSING_CURVE_ID,20240930_NGN_LP100
NI03PGAACCI2024,OPENING_CURVE_ID,20231231_NGN_LP100
NI03PGAACPI2012,CLOSING_CURVE_ID,20240930_NGN_LP100
NI03PGAACPI2012,OPENING_CURVE_ID,20231231_NGN_LP100
NI03PGAACPI2013,CLOSING_CURVE_ID,20240930_NGN_LP100
NI03PGAACPI2013,OPENING_CURVE_ID,20231231_NGN_LP100
NI03PGAACPI2014,CLOSING_CURVE_ID,20240930_NGN_LP100
NI03PGAACPI2014,OPENING_CURVE_ID,20231231_NGN_LP100
NI03PGAACPI2015,CLOSING_CURVE_ID,20240930_NGN_LP100
NI03PGAACPI2015,OPENING_CURVE_ID,20231231_NGN_LP100
NI03PGAACPI2016,CLOSING_CURVE_ID,20240930_NGN_LP100
NI03PGAACPI2016,OPENING_CURVE_ID,20231231_NGN_LP100
NI03PGAACPI2017,CLOSING_CURVE_ID,20240930_NGN_LP100
NI03PGAACPI2017,OPENING_CURVE_ID,20231231_NGN_LP100
NI03PGAACPI2018,CLOSING_CURVE_ID,20240930_NGN_LP100
NI03PGAACPI2018,OPENING_CURVE_ID,20231231_NGN_LP100
NI03PGAACPI2019,CLOSING_CURVE_ID,20240930_NGN_LP100
NI03PGAACPI2019,OPENING_CURVE_ID,20231231_NGN_LP100
NI03PGAACPI2020,CLOSING_CURVE_ID,20240930_NGN_LP100
NI03PGAACPI2020,OPENING_CURVE_ID,20231231_NGN_LP100
NI03PGAACPI2021,CLOSING_CURVE_ID,20240930_NGN_LP100
NI03PGAACPI2021,OPENING_CURVE_ID,20231231_NGN_LP100
NI03PGAACPI2022,CLOSING_CURVE_ID,20240930_NGN_LP100
NI03PGAACPI2022,OPENING_CURVE_ID,20231231_NGN_LP100
NI03PGAACPI2023,CLOSING_CURVE_ID,20240930_NGN_LP100
NI03PGAACPI2023,OPENING_CURVE_ID,20231231_NGN_LP100
NI03PGAACPI2024,CLOSING_CURVE_ID,20240930_NGN_LP100
NI03PGAACPI2024,OPENING_CURVE_ID,20231231_NGN_LP100
NI03PMCGOCI2012,CLOSING_CURVE_ID,20240930_NGN_LP100
NI03PMCGOCI2012,OPENING_CURVE_ID,20231231_NGN_LP100
NI03PMCGOCI2013,CLOSING_CURVE_ID,20240930_NGN_LP100
NI03PMCGOCI2013,OPENING_CURVE_ID,20231231_NGN_LP100
NI03PMCGOCI2014,CLOSING_CURVE_ID,20240930_NGN_LP100
NI03PMCGOCI2014,OPENING_CURVE_ID,20231231_NGN_LP100
NI03PMCGOCI2015,CLOSING_CURVE_ID,20240930_NGN_LP100
NI03PMCGOCI2015,OPENING_CURVE_ID,20231231_NGN_LP100
NI03PMCGOCI2016,CLOSING_CURVE_ID,20240930_NGN_LP100
NI03PMCGOCI2016,OPENING_CURVE_ID,20231231_NGN_LP100
NI03PMCGOCI2017,CLOSING_CURVE_ID,20240930_NGN_LP100
NI03PMCGOCI2017,OPENING_CURVE_ID,20231231_NGN_LP100
NI03PMCGOCI2018,CLOSING_CURVE_ID,20240930_NGN_LP100
NI03PMCGOCI2018,OPENING_CURVE_ID,20231231_NGN_LP100
NI03PMCGOCI2019,CLOSING_CURVE_ID,20240930_NGN_LP100
NI03PMCGOCI2019,OPENING_CURVE_ID,20231231_NGN_LP100
NI03PMCGOCI2020,CLOSING_CURVE_ID,20240930_NGN_LP100
NI03PMCGOCI2020,OPENING_CURVE_ID,20231231_NGN_LP100
NI03PMCGOCI2021,CLOSING_CURVE_ID,20240930_NGN_LP100
NI03PMCGOCI2021,OPENING_CURVE_ID,20231231_NGN_LP100
NI03PMCGOCI2022,CLOSING_CURVE_ID,20240930_NGN_LP100
NI03PMCGOCI2022,OPENING_CURVE_ID,20231231_NGN_LP100
NI03PMCGOCI2023,CLOSING_CURVE_ID,20240930_NGN_LP100
NI03PMCGOCI2023,OPENING_CURVE_ID,20231231_NGN_LP100
NI03PMCGOCI2024,CLOSING_CURVE_ID,20240930_NGN_LP100
NI03PMCGOCI2024,OPENING_CURVE_ID,20231231_NGN_LP100
NI03PMHHLCI2012,CLOSING_CURVE_ID,20240930_NGN_LP100
NI03PMHHLCI2012,OPENING_CURVE_ID,20231231_NGN_LP100
NI03PMHHLCI2013,CLOSING_CURVE_ID,20240930_NGN_LP100
NI03PMHHLCI2013,OPENING_CURVE_ID,20231231_NGN_LP100
NI03PMHHLCI2014,CLOSING_CURVE_ID,20240930_NGN_LP100
NI03PMHHLCI2014,OPENING_CURVE_ID,20231231_NGN_LP100
NI03PMHHLCI2015,CLOSING_CURVE_ID,20240930_NGN_LP100
NI03PMHHLCI2015,OPENING_CURVE_ID,20231231_NGN_LP100
NI03PMHHLCI2016,CLOSING_CURVE_ID,20240930_NGN_LP100
NI03PMHHLCI2016,OPENING_CURVE_ID,20231231_NGN_LP100
NI03PMHHLCI2017,CLOSING_CURVE_ID,20240930_NGN_LP100
NI03PMHHLCI2017,OPENING_CURVE_ID,20231231_NGN_LP100
NI03PMHHLCI2018,CLOSING_CURVE_ID,20240930_NGN_LP100
NI03PMHHLCI2018,OPENING_CURVE_ID,20231231_NGN_LP100
NI03PMHHLCI2019,CLOSING_CURVE_ID,20240930_NGN_LP100
NI03PMHHLCI2019,OPENING_CURVE_ID,20231231_NGN_LP100
NI03PMHHLCI2020,CLOSING_CURVE_ID,20240930_NGN_LP100
NI03PMHHLCI2020,OPENING_CURVE_ID,20231231_NGN_LP100
NI03PMHHLCI2021,CLOSING_CURVE_ID,20240930_NGN_LP100
NI03PMHHLCI2021,OPENING_CURVE_ID,20231231_NGN_LP100
NI03PMHHLCI2022,CLOSING_CURVE_ID,20240930_NGN_LP100
NI03PMHHLCI2022,OPENING_CURVE_ID,20231231_NGN_LP100
NI03PMHHLCI2023,CLOSING_CURVE_ID,20240930_NGN_LP100
NI03PMHHLCI2023,OPENING_CURVE_ID,20231231_NGN_LP100
NI03PMHHLCI2024,CLOSING_CURVE_ID,20240930_NGN_LP100
NI03PMHHLCI2024,OPENING_CURVE_ID,20231231_NGN_LP100
NI03PMTORCI2012,CLOSING_CURVE_ID,20240930_NGN_LP100
NI03PMTORCI2012,OPENING_CURVE_ID,20231231_NGN_LP100
NI03PMTORCI2013,CLOSING_CURVE_ID,20240930_NGN_LP100
NI03PMTORCI2013,OPENING_CURVE_ID,20231231_NGN_LP100
NI03PMTORCI2014,CLOSING_CURVE_ID,20240930_NGN_LP100
NI03PMTORCI2014,OPENING_CURVE_ID,20231231_NGN_LP100
NI03PMTORCI2015,CLOSING_CURVE_ID,20240930_NGN_LP100
NI03PMTORCI2015,OPENING_CURVE_ID,20231231_NGN_LP100
NI03PMTORCI2016,CLOSING_CURVE_ID,20240930_NGN_LP100
NI03PMTORCI2016,OPENING_CURVE_ID,20231231_NGN_LP100
NI03PMTORCI2017,CLOSING_CURVE_ID,20240930_NGN_LP100
NI03PMTORCI2017,OPENING_CURVE_ID,20231231_NGN_LP100
NI03PMTORCI2018,CLOSING_CURVE_ID,20240930_NGN_LP100
NI03PMTORCI2018,OPENING_CURVE_ID,20231231_NGN_LP100
NI03PMTORCI2019,CLOSING_CURVE_ID,20240930_NGN_LP100
NI03PMTORCI2019,OPENING_CURVE_ID,20231231_NGN_LP100
NI03PMTORCI2020,CLOSING_CURVE_ID,20240930_NGN_LP100
NI03PMTORCI2020,OPENING_CURVE_ID,20231231_NGN_LP100
NI03PMTORCI2021,CLOSING_CURVE_ID,20240930_NGN_LP100
NI03PMTORCI2021,OPENING_CURVE_ID,20231231_NGN_LP100
NI03PMTORCI2022,CLOSING_CURVE_ID,20240930_NGN_LP100
NI03PMTORCI2022,OPENING_CURVE_ID,20231231_NGN_LP100
NI03PMTORCI2023,CLOSING_CURVE_ID,20240930_NGN_LP100
NI03PMTORCI2023,OPENING_CURVE_ID,20231231_NGN_LP100
NI03PMTORCI2024,CLOSING_CURVE_ID,20240930_NGN_LP100
NI03PMTORCI2024,OPENING_CURVE_ID,20231231_NGN_LP100
NI03PMTORPI2012,CLOSING_CURVE_ID,20240930_NGN_LP100
NI03PMTORPI2012,OPENING_CURVE_ID,20231231_NGN_LP100
NI03PMTORPI2013,CLOSING_CURVE_ID,20240930_NGN_LP100
NI03PMTORPI2013,OPENING_CURVE_ID,20231231_NGN_LP100
NI03PMTORPI2014,CLOSING_CURVE_ID,20240930_NGN_LP100
NI03PMTORPI2014,OPENING_CURVE_ID,20231231_NGN_LP100
NI03PMTORPI2015,CLOSING_CURVE_ID,20240930_NGN_LP100
NI03PMTORPI2015,OPENING_CURVE_ID,20231231_NGN_LP100
NI03PMTORPI2016,CLOSING_CURVE_ID,20240930_NGN_LP100
NI03PMTORPI2016,OPENING_CURVE_ID,20231231_NGN_LP100
NI03PMTORPI2017,CLOSING_CURVE_ID,20240930_NGN_LP100
NI03PMTORPI2017,OPENING_CURVE_ID,20231231_NGN_LP100
NI03PMTORPI2018,CLOSING_CURVE_ID,20240930_NGN_LP100
NI03PMTORPI2018,OPENING_CURVE_ID,20231231_NGN_LP100
NI03PMTORPI2019,CLOSING_CURVE_ID,20240930_NGN_LP100
NI03PMTORPI2019,OPENING_CURVE_ID,20231231_NGN_LP100
NI03PMTORPI2020,CLOSING_CURVE_ID,20240930_NGN_LP100
NI03PMTORPI2020,OPENING_CURVE_ID,20231231_NGN_LP100
NI03PMTORPI2021,CLOSING_CURVE_ID,20240930_NGN_LP100
NI03PMTORPI2021,OPENING_CURVE_ID,20231231_NGN_LP100
NI03PMTORPI2022,CLOSING_CURVE_ID,20240930_NGN_LP100
NI03PMTORPI2022,OPENING_CURVE_ID,20231231_NGN_LP100
NI03PMTORPI2023,CLOSING_CURVE_ID,20240930_NGN_LP100
NI03PMTORPI2023,OPENING_CURVE_ID,20231231_NGN_LP100
NI03PMTORPI2024,CLOSING_CURVE_ID,20240930_NGN_LP100
NI03PMTORPI2024,OPENING_CURVE_ID,20231231_NGN_LP100
NI03PAVTNPF2012,CLOSING_CURVE_ID,20240930_NGN_LP100
NI03PAVTNPF2012,OPENING_CURVE_ID,20231231_NGN_LP100
NI03PAVTNPF2013,CLOSING_CURVE_ID,20240930_NGN_LP100
NI03PAVTNPF2013,OPENING_CURVE_ID,20231231_NGN_LP100
NI03PAVTNPF2014,CLOSING_CURVE_ID,20240930_NGN_LP100
NI03PAVTNPF2014,OPENING_CURVE_ID,20231231_NGN_LP100
NI03PAVTNPF2015,CLOSING_CURVE_ID,20240930_NGN_LP100
NI03PAVTNPF2015,OPENING_CURVE_ID,20231231_NGN_LP100
NI03PAVTNPF2016,CLOSING_CURVE_ID,20240930_NGN_LP100
NI03PAVTNPF2016,OPENING_CURVE_ID,20231231_NGN_LP100
NI03PAVTNPF2017,CLOSING_CURVE_ID,20240930_NGN_LP100
NI03PAVTNPF2017,OPENING_CURVE_ID,20231231_NGN_LP100
NI03PAVTNPF2018,CLOSING_CURVE_ID,20240930_NGN_LP100
NI03PAVTNPF2018,OPENING_CURVE_ID,20231231_NGN_LP100
NI03PAVTNPF2019,CLOSING_CURVE_ID,20240930_NGN_LP100
NI03PAVTNPF2019,OPENING_CURVE_ID,20231231_NGN_LP100
NI03PAVTNPF2020,CLOSING_CURVE_ID,20240930_NGN_LP100
NI03PAVTNPF2020,OPENING_CURVE_ID,20231231_NGN_LP100
NI03PAVTNPF2021,CLOSING_CURVE_ID,20240930_NGN_LP100
NI03PAVTNPF2021,OPENING_CURVE_ID,20231231_NGN_LP100
NI03PAVTNPF2022,CLOSING_CURVE_ID,20240930_NGN_LP100
NI03PAVTNPF2022,OPENING_CURVE_ID,20231231_NGN_LP100
NI03PAVTNPF2023,CLOSING_CURVE_ID,20240930_NGN_LP100
NI03PAVTNPF2023,OPENING_CURVE_ID,20231231_NGN_LP100
NI03PAVTNPF2024,CLOSING_CURVE_ID,20240930_NGN_LP100
NI03PAVTNPF2024,OPENING_CURVE_ID,20231231_NGN_LP100
NI03PENGYPF2012,CLOSING_CURVE_ID,20240930_USD_LP100
NI03PENGYPF2012,OPENING_CURVE_ID,20231231_USD_LP100
NI03PENGYPF2013,CLOSING_CURVE_ID,20240930_USD_LP100
NI03PENGYPF2013,OPENING_CURVE_ID,20231231_USD_LP100
NI03PENGYPF2014,CLOSING_CURVE_ID,20240930_USD_LP100
NI03PENGYPF2014,OPENING_CURVE_ID,20231231_USD_LP100
NI03PENGYPF2015,CLOSING_CURVE_ID,20240930_USD_LP100
NI03PENGYPF2015,OPENING_CURVE_ID,20231231_USD_LP100
NI03PENGYPF2016,CLOSING_CURVE_ID,20240930_USD_LP100
NI03PENGYPF2016,OPENING_CURVE_ID,20231231_USD_LP100
NI03PENGYPF2017,CLOSING_CURVE_ID,20240930_USD_LP100
NI03PENGYPF2017,OPENING_CURVE_ID,20231231_USD_LP100
NI03PENGYPF2018,CLOSING_CURVE_ID,20240930_USD_LP100
NI03PENGYPF2018,OPENING_CURVE_ID,20231231_USD_LP100
NI03PENGYPF2019,CLOSING_CURVE_ID,20240930_USD_LP100
NI03PENGYPF2019,OPENING_CURVE_ID,20231231_USD_LP100
NI03PENGYPF2020,CLOSING_CURVE_ID,20240930_USD_LP100
NI03PENGYPF2020,OPENING_CURVE_ID,20231231_USD_LP100
NI03PENGYPF2021,CLOSING_CURVE_ID,20240930_USD_LP100
NI03PENGYPF2021,OPENING_CURVE_ID,20231231_USD_LP100
NI03PENGYPF2022,CLOSING_CURVE_ID,20240930_USD_LP100
NI03PENGYPF2022,OPENING_CURVE_ID,20231231_USD_LP100
NI03PENGYPF2023,CLOSING_CURVE_ID,20240930_USD_LP100
NI03PENGYPF2023,OPENING_CURVE_ID,20231231_USD_LP100
NI03PENGYPF2024,CLOSING_CURVE_ID,20240930_USD_LP100
NI03PENGYPF2024,OPENING_CURVE_ID,20231231_USD_LP100
NI03PENGYST2012,CLOSING_CURVE_ID,20240930_USD_LP100
NI03PENGYST2012,OPENING_CURVE_ID,20231231_USD_LP100
NI03PENGYST2013,CLOSING_CURVE_ID,20240930_USD_LP100
NI03PENGYST2013,OPENING_CURVE_ID,20231231_USD_LP100
NI03PENGYST2014,CLOSING_CURVE_ID,20240930_USD_LP100
NI03PENGYST2014,OPENING_CURVE_ID,20231231_USD_LP100
NI03PENGYST2015,CLOSING_CURVE_ID,20240930_USD_LP100
NI03PENGYST2015,OPENING_CURVE_ID,20231231_USD_LP100
NI03PENGYST2016,CLOSING_CURVE_ID,20240930_USD_LP100
NI03PENGYST2016,OPENING_CURVE_ID,20231231_USD_LP100
NI03PENGYST2017,CLOSING_CURVE_ID,20240930_USD_LP100
NI03PENGYST2017,OPENING_CURVE_ID,20231231_USD_LP100
NI03PENGYST2018,CLOSING_CURVE_ID,20240930_USD_LP100
NI03PENGYST2018,OPENING_CURVE_ID,20231231_USD_LP100
NI03PENGYST2019,CLOSING_CURVE_ID,20240930_USD_LP100
NI03PENGYST2019,OPENING_CURVE_ID,20231231_USD_LP100
NI03PENGYST2020,CLOSING_CURVE_ID,20240930_USD_LP100
NI03PENGYST2020,OPENING_CURVE_ID,20231231_USD_LP100
NI03PENGYST2021,CLOSING_CURVE_ID,20240930_USD_LP100
NI03PENGYST2021,OPENING_CURVE_ID,20231231_USD_LP100
NI03PENGYST2022,CLOSING_CURVE_ID,20240930_USD_LP100
NI03PENGYST2022,OPENING_CURVE_ID,20231231_USD_LP100
NI03PENGYST2023,CLOSING_CURVE_ID,20240930_USD_LP100
NI03PENGYST2023,OPENING_CURVE_ID,20231231_USD_LP100
NI03PENGYST2024,CLOSING_CURVE_ID,20240930_USD_LP100
NI03PENGYST2024,OPENING_CURVE_ID,20231231_USD_LP100
NI03PEGNRPF2012,CLOSING_CURVE_ID,20240930_NGN_LP100
NI03PEGNRPF2012,OPENING_CURVE_ID,20231231_NGN_LP100
NI03PEGNRPF2013,CLOSING_CURVE_ID,20240930_NGN_LP100
NI03PEGNRPF2013,OPENING_CURVE_ID,20231231_NGN_LP100
NI03PEGNRPF2014,CLOSING_CURVE_ID,20240930_NGN_LP100
NI03PEGNRPF2014,OPENING_CURVE_ID,20231231_NGN_LP100
NI03PEGNRPF2015,CLOSING_CURVE_ID,20240930_NGN_LP100
NI03PEGNRPF2015,OPENING_CURVE_ID,20231231_NGN_LP100
NI03PEGNRPF2016,CLOSING_CURVE_ID,20240930_NGN_LP100
NI03PEGNRPF2016,OPENING_CURVE_ID,20231231_NGN_LP100
NI03PEGNRPF2017,CLOSING_CURVE_ID,20240930_NGN_LP100
NI03PEGNRPF2017,OPENING_CURVE_ID,20231231_NGN_LP100
NI03PEGNRPF2018,CLOSING_CURVE_ID,20240930_NGN_LP100
NI03PEGNRPF2018,OPENING_CURVE_ID,20231231_NGN_LP100
NI03PEGNRPF2019,CLOSING_CURVE_ID,20240930_NGN_LP100
NI03PEGNRPF2019,OPENING_CURVE_ID,20231231_NGN_LP100
NI03PEGNRPF2020,CLOSING_CURVE_ID,20240930_NGN_LP100
NI03PEGNRPF2020,OPENING_CURVE_ID,20231231_NGN_LP100
NI03PEGNRPF2021,CLOSING_CURVE_ID,20240930_NGN_LP100
NI03PEGNRPF2021,OPENING_CURVE_ID,20231231_NGN_LP100
NI03PEGNRPF2022,CLOSING_CURVE_ID,20240930_NGN_LP100
NI03PEGNRPF2022,OPENING_CURVE_ID,20231231_NGN_LP100
NI03PEGNRPF2023,CLOSING_CURVE_ID,20240930_NGN_LP100
NI03PEGNRPF2023,OPENING_CURVE_ID,20231231_NGN_LP100
NI03PEGNRPF2024,CLOSING_CURVE_ID,20240930_NGN_LP100
NI03PEGNRPF2024,OPENING_CURVE_ID,20231231_NGN_LP100
NI03PEGNRST2012,CLOSING_CURVE_ID,20240930_NGN_LP100
NI03PEGNRST2012,OPENING_CURVE_ID,20231231_NGN_LP100
NI03PEGNRST2013,CLOSING_CURVE_ID,20240930_NGN_LP100
NI03PEGNRST2013,OPENING_CURVE_ID,20231231_NGN_LP100
NI03PEGNRST2014,CLOSING_CURVE_ID,20240930_NGN_LP100
NI03PEGNRST2014,OPENING_CURVE_ID,20231231_NGN_LP100
NI03PEGNRST2015,CLOSING_CURVE_ID,20240930_NGN_LP100
NI03PEGNRST2015,OPENING_CURVE_ID,20231231_NGN_LP100
NI03PEGNRST2016,CLOSING_CURVE_ID,20240930_NGN_LP100
NI03PEGNRST2016,OPENING_CURVE_ID,20231231_NGN_LP100
NI03PEGNRST2017,CLOSING_CURVE_ID,20240930_NGN_LP100
NI03PEGNRST2017,OPENING_CURVE_ID,20231231_NGN_LP100
NI03PEGNRST2018,CLOSING_CURVE_ID,20240930_NGN_LP100
NI03PEGNRST2018,OPENING_CURVE_ID,20231231_NGN_LP100
NI03PEGNRST2019,CLOSING_CURVE_ID,20240930_NGN_LP100
NI03PEGNRST2019,OPENING_CURVE_ID,20231231_NGN_LP100
NI03PEGNRST2020,CLOSING_CURVE_ID,20240930_NGN_LP100
NI03PEGNRST2020,OPENING_CURVE_ID,20231231_NGN_LP100
NI03PEGNRST2021,CLOSING_CURVE_ID,20240930_NGN_LP100
NI03PEGNRST2021,OPENING_CURVE_ID,20231231_NGN_LP100
NI03PEGNRST2022,CLOSING_CURVE_ID,20240930_NGN_LP100
NI03PEGNRST2022,OPENING_CURVE_ID,20231231_NGN_LP100
NI03PEGNRST2023,CLOSING_CURVE_ID,20240930_NGN_LP100
NI03PEGNRST2023,OPENING_CURVE_ID,20231231_NGN_LP100
NI03PEGNRST2024,CLOSING_CURVE_ID,20240930_NGN_LP100
NI03PEGNRST2024,OPENING_CURVE_ID,20231231_NGN_LP100
NI03PFICIPF2012,CLOSING_CURVE_ID,20240930_NGN_LP100
NI03PFICIPF2012,OPENING_CURVE_ID,20231231_NGN_LP100
NI03PFICIPF2013,CLOSING_CURVE_ID,20240930_NGN_LP100
NI03PFICIPF2013,OPENING_CURVE_ID,20231231_NGN_LP100
NI03PFICIPF2014,CLOSING_CURVE_ID,20240930_NGN_LP100
NI03PFICIPF2014,OPENING_CURVE_ID,20231231_NGN_LP100
NI03PFICIPF2015,CLOSING_CURVE_ID,20240930_NGN_LP100
NI03PFICIPF2015,OPENING_CURVE_ID,20231231_NGN_LP100
NI03PFICIPF2016,CLOSING_CURVE_ID,20240930_NGN_LP100
NI03PFICIPF2016,OPENING_CURVE_ID,20231231_NGN_LP100
NI03PFICIPF2017,CLOSING_CURVE_ID,20240930_NGN_LP100
NI03PFICIPF2017,OPENING_CURVE_ID,20231231_NGN_LP100
NI03PFICIPF2018,CLOSING_CURVE_ID,20240930_NGN_LP100
NI03PFICIPF2018,OPENING_CURVE_ID,20231231_NGN_LP100
NI03PFICIPF2019,CLOSING_CURVE_ID,20240930_NGN_LP100
NI03PFICIPF2019,OPENING_CURVE_ID,20231231_NGN_LP100
NI03PFICIPF2020,CLOSING_CURVE_ID,20240930_NGN_LP100
NI03PFICIPF2020,OPENING_CURVE_ID,20231231_NGN_LP100
NI03PFICIPF2021,CLOSING_CURVE_ID,20240930_NGN_LP100
NI03PFICIPF2021,OPENING_CURVE_ID,20231231_NGN_LP100
NI03PFICIPF2022,CLOSING_CURVE_ID,20240930_NGN_LP100
NI03PFICIPF2022,OPENING_CURVE_ID,20231231_NGN_LP100
NI03PFICIPF2023,CLOSING_CURVE_ID,20240930_NGN_LP100
NI03PFICIPF2023,OPENING_CURVE_ID,20231231_NGN_LP100
NI03PFICIPF2024,CLOSING_CURVE_ID,20240930_NGN_LP100
NI03PFICIPF2024,OPENING_CURVE_ID,20231231_NGN_LP100
NI03PFICIST2012,CLOSING_CURVE_ID,20240930_NGN_LP100
NI03PFICIST2012,OPENING_CURVE_ID,20231231_NGN_LP100
NI03PFICIST2013,CLOSING_CURVE_ID,20240930_NGN_LP100
NI03PFICIST2013,OPENING_CURVE_ID,20231231_NGN_LP100
NI03PFICIST2014,CLOSING_CURVE_ID,20240930_NGN_LP100
NI03PFICIST2014,OPENING_CURVE_ID,20231231_NGN_LP100
NI03PFICIST2015,CLOSING_CURVE_ID,20240930_NGN_LP100
NI03PFICIST2015,OPENING_CURVE_ID,20231231_NGN_LP100
NI03PFICIST2016,CLOSING_CURVE_ID,20240930_NGN_LP100
NI03PFICIST2016,OPENING_CURVE_ID,20231231_NGN_LP100
NI03PFICIST2017,CLOSING_CURVE_ID,20240930_NGN_LP100
NI03PFICIST2017,OPENING_CURVE_ID,20231231_NGN_LP100
NI03PFICIST2018,CLOSING_CURVE_ID,20240930_NGN_LP100
NI03PFICIST2018,OPENING_CURVE_ID,20231231_NGN_LP100
NI03PFICIST2019,CLOSING_CURVE_ID,20240930_NGN_LP100
NI03PFICIST2019,OPENING_CURVE_ID,20231231_NGN_LP100
NI03PFICIST2020,CLOSING_CURVE_ID,20240930_NGN_LP100
NI03PFICIST2020,OPENING_CURVE_ID,20231231_NGN_LP100
NI03PFICIST2021,CLOSING_CURVE_ID,20240930_NGN_LP100
NI03PFICIST2021,OPENING_CURVE_ID,20231231_NGN_LP100
NI03PFICIST2022,CLOSING_CURVE_ID,20240930_NGN_LP100
NI03PFICIST2022,OPENING_CURVE_ID,20231231_NGN_LP100
NI03PFICIST2023,CLOSING_CURVE_ID,20240930_NGN_LP100
NI03PFICIST2023,OPENING_CURVE_ID,20231231_NGN_LP100
NI03PFICIST2024,CLOSING_CURVE_ID,20240930_NGN_LP100
NI03PFICIST2024,OPENING_CURVE_ID,20231231_NGN_LP100
NI03PFIPIPF2012,CLOSING_CURVE_ID,20240930_NGN_LP100
NI03PFIPIPF2012,OPENING_CURVE_ID,20231231_NGN_LP100
NI03PFIPIPF2013,CLOSING_CURVE_ID,20240930_NGN_LP100
NI03PFIPIPF2013,OPENING_CURVE_ID,20231231_NGN_LP100
NI03PFIPIPF2014,CLOSING_CURVE_ID,20240930_NGN_LP100
NI03PFIPIPF2014,OPENING_CURVE_ID,20231231_NGN_LP100
NI03PFIPIPF2015,CLOSING_CURVE_ID,20240930_NGN_LP100
NI03PFIPIPF2015,OPENING_CURVE_ID,20231231_NGN_LP100
NI03PFIPIPF2016,CLOSING_CURVE_ID,20240930_NGN_LP100
NI03PFIPIPF2016,OPENING_CURVE_ID,20231231_NGN_LP100
NI03PFIPIPF2017,CLOSING_CURVE_ID,20240930_NGN_LP100
NI03PFIPIPF2017,OPENING_CURVE_ID,20231231_NGN_LP100
NI03PFIPIPF2018,CLOSING_CURVE_ID,20240930_NGN_LP100
NI03PFIPIPF2018,OPENING_CURVE_ID,20231231_NGN_LP100
NI03PFIPIPF2019,CLOSING_CURVE_ID,20240930_NGN_LP100
NI03PFIPIPF2019,OPENING_CURVE_ID,20231231_NGN_LP100
NI03PFIPIPF2020,CLOSING_CURVE_ID,20240930_NGN_LP100
NI03PFIPIPF2020,OPENING_CURVE_ID,20231231_NGN_LP100
NI03PFIPIPF2021,CLOSING_CURVE_ID,20240930_NGN_LP100
NI03PFIPIPF2021,OPENING_CURVE_ID,20231231_NGN_LP100
NI03PFIPIPF2022,CLOSING_CURVE_ID,20240930_NGN_LP100
NI03PFIPIPF2022,OPENING_CURVE_ID,20231231_NGN_LP100
NI03PFIPIPF2023,CLOSING_CURVE_ID,20240930_NGN_LP100
NI03PFIPIPF2023,OPENING_CURVE_ID,20231231_NGN_LP100
NI03PFIPIPF2024,CLOSING_CURVE_ID,20240930_NGN_LP100
NI03PFIPIPF2024,OPENING_CURVE_ID,20231231_NGN_LP100
NI03PFIPIST2012,CLOSING_CURVE_ID,20240930_NGN_LP100
NI03PFIPIST2012,OPENING_CURVE_ID,20231231_NGN_LP100
NI03PFIPIST2013,CLOSING_CURVE_ID,20240930_NGN_LP100
NI03PFIPIST2013,OPENING_CURVE_ID,20231231_NGN_LP100
NI03PFIPIST2014,CLOSING_CURVE_ID,20240930_NGN_LP100
NI03PFIPIST2014,OPENING_CURVE_ID,20231231_NGN_LP100
NI03PFIPIST2015,CLOSING_CURVE_ID,20240930_NGN_LP100
NI03PFIPIST2015,OPENING_CURVE_ID,20231231_NGN_LP100
NI03PFIPIST2016,CLOSING_CURVE_ID,20240930_NGN_LP100
NI03PFIPIST2016,OPENING_CURVE_ID,20231231_NGN_LP100
NI03PFIPIST2017,CLOSING_CURVE_ID,20240930_NGN_LP100
NI03PFIPIST2017,OPENING_CURVE_ID,20231231_NGN_LP100
NI03PFIPIST2018,CLOSING_CURVE_ID,20240930_NGN_LP100
NI03PFIPIST2018,OPENING_CURVE_ID,20231231_NGN_LP100
NI03PFIPIST2019,CLOSING_CURVE_ID,20240930_NGN_LP100
NI03PFIPIST2019,OPENING_CURVE_ID,20231231_NGN_LP100
NI03PFIPIST2020,CLOSING_CURVE_ID,20240930_NGN_LP100
NI03PFIPIST2020,OPENING_CURVE_ID,20231231_NGN_LP100
NI03PFIPIST2021,CLOSING_CURVE_ID,20240930_NGN_LP100
NI03PFIPIST2021,OPENING_CURVE_ID,20231231_NGN_LP100
NI03PFIPIST2022,CLOSING_CURVE_ID,20240930_NGN_LP100
NI03PFIPIST2022,OPENING_CURVE_ID,20231231_NGN_LP100
NI03PFIPIST2023,CLOSING_CURVE_ID,20240930_NGN_LP100
NI03PFIPIST2023,OPENING_CURVE_ID,20231231_NGN_LP100
NI03PFIPIST2024,CLOSING_CURVE_ID,20240930_NGN_LP100
NI03PFIPIST2024,OPENING_CURVE_ID,20231231_NGN_LP100
NI03PFXARCI2012,CLOSING_CURVE_ID,20151231_NGN_LP100
NI03PFXARCI2012,OPENING_CURVE_ID,20151231_NGN_LP100
NI03PFXARCI2013,CLOSING_CURVE_ID,20151231_NGN_LP100
NI03PFXARCI2013,OPENING_CURVE_ID,20151231_NGN_LP100
NI03PFXARCI2014,CLOSING_CURVE_ID,20151231_NGN_LP100
NI03PFXARCI2014,OPENING_CURVE_ID,20151231_NGN_LP100
NI03PFXARCI2015,CLOSING_CURVE_ID,20151231_NGN_LP100
NI03PFXARCI2015,OPENING_CURVE_ID,20151231_NGN_LP100
NI03PFXARCI2016,CLOSING_CURVE_ID,20151231_NGN_LP100
NI03PFXARCI2016,OPENING_CURVE_ID,20151231_NGN_LP100
NI03PFXARCI2017,CLOSING_CURVE_ID,20151231_NGN_LP100
NI03PFXARCI2017,OPENING_CURVE_ID,20151231_NGN_LP100
NI03PFXARCI2018,CLOSING_CURVE_ID,20151231_NGN_LP100
NI03PFXARCI2018,OPENING_CURVE_ID,20151231_NGN_LP100
NI03PFXARCI2019,CLOSING_CURVE_ID,20151231_NGN_LP100
NI03PFXARCI2019,OPENING_CURVE_ID,20151231_NGN_LP100
NI03PFXARCI2020,CLOSING_CURVE_ID,20151231_NGN_LP100
NI03PFXARCI2020,OPENING_CURVE_ID,20151231_NGN_LP100
NI03PFXARCI2021,CLOSING_CURVE_ID,20151231_NGN_LP100
NI03PFXARCI2021,OPENING_CURVE_ID,20151231_NGN_LP100
NI03PFXARCI2022,CLOSING_CURVE_ID,20151231_NGN_LP100
NI03PFXARCI2022,OPENING_CURVE_ID,20151231_NGN_LP100
NI03PFXARCI2023,CLOSING_CURVE_ID,20151231_NGN_LP100
NI03PFXARCI2023,OPENING_CURVE_ID,20151231_NGN_LP100
NI03PFXARCI2024,CLOSING_CURVE_ID,20151231_NGN_LP100
NI03PFXARCI2024,OPENING_CURVE_ID,20151231_NGN_LP100
NI03PGACIPF2012,CLOSING_CURVE_ID,20240930_NGN_LP100
NI03PGACIPF2012,OPENING_CURVE_ID,20231231_NGN_LP100
NI03PGACIPF2013,CLOSING_CURVE_ID,20240930_NGN_LP100
NI03PGACIPF2013,OPENING_CURVE_ID,20231231_NGN_LP100
NI03PGACIPF2014,CLOSING_CURVE_ID,20240930_NGN_LP100
NI03PGACIPF2014,OPENING_CURVE_ID,20231231_NGN_LP100
NI03PGACIPF2015,CLOSING_CURVE_ID,20240930_NGN_LP100
NI03PGACIPF2015,OPENING_CURVE_ID,20231231_NGN_LP100
NI03PGACIPF2016,CLOSING_CURVE_ID,20240930_NGN_LP100
NI03PGACIPF2016,OPENING_CURVE_ID,20231231_NGN_LP100
NI03PGACIPF2017,CLOSING_CURVE_ID,20240930_NGN_LP100
NI03PGACIPF2017,OPENING_CURVE_ID,20231231_NGN_LP100
NI03PGACIPF2018,CLOSING_CURVE_ID,20240930_NGN_LP100
NI03PGACIPF2018,OPENING_CURVE_ID,20231231_NGN_LP100
NI03PGACIPF2019,CLOSING_CURVE_ID,20240930_NGN_LP100
NI03PGACIPF2019,OPENING_CURVE_ID,20231231_NGN_LP100
NI03PGACIPF2020,CLOSING_CURVE_ID,20240930_NGN_LP100
NI03PGACIPF2020,OPENING_CURVE_ID,20231231_NGN_LP100
NI03PGACIPF2021,CLOSING_CURVE_ID,20240930_NGN_LP100
NI03PGACIPF2021,OPENING_CURVE_ID,20231231_NGN_LP100
NI03PGACIPF2022,CLOSING_CURVE_ID,20240930_NGN_LP100
NI03PGACIPF2022,OPENING_CURVE_ID,20231231_NGN_LP100
NI03PGACIPF2023,CLOSING_CURVE_ID,20240930_NGN_LP100
NI03PGACIPF2023,OPENING_CURVE_ID,20231231_NGN_LP100
NI03PGACIPF2024,CLOSING_CURVE_ID,20240930_NGN_LP100
NI03PGACIPF2024,OPENING_CURVE_ID,20231231_NGN_LP100
NI03PGACIXL2012,CLOSING_CURVE_ID,20240930_NGN_LP100
NI03PGACIXL2012,OPENING_CURVE_ID,20231231_NGN_LP100
NI03PGACIXL2013,CLOSING_CURVE_ID,20240930_NGN_LP100
NI03PGACIXL2013,OPENING_CURVE_ID,20231231_NGN_LP100
NI03PGACIXL2014,CLOSING_CURVE_ID,20240930_NGN_LP100
NI03PGACIXL2014,OPENING_CURVE_ID,20231231_NGN_LP100
NI03PGACIXL2015,CLOSING_CURVE_ID,20240930_NGN_LP100
NI03PGACIXL2015,OPENING_CURVE_ID,20231231_NGN_LP100
NI03PGACIXL2016,CLOSING_CURVE_ID,20240930_NGN_LP100
NI03PGACIXL2016,OPENING_CURVE_ID,20231231_NGN_LP100
NI03PGACIXL2017,CLOSING_CURVE_ID,20240930_NGN_LP100
NI03PGACIXL2017,OPENING_CURVE_ID,20231231_NGN_LP100
NI03PGACIXL2018,CLOSING_CURVE_ID,20240930_NGN_LP100
NI03PGACIXL2018,OPENING_CURVE_ID,20231231_NGN_LP100
NI03PGACIXL2019,CLOSING_CURVE_ID,20240930_NGN_LP100
NI03PGACIXL2019,OPENING_CURVE_ID,20231231_NGN_LP100
NI03PGACIXL2020,CLOSING_CURVE_ID,20240930_NGN_LP100
NI03PGACIXL2020,OPENING_CURVE_ID,20231231_NGN_LP100
NI03PGACIXL2021,CLOSING_CURVE_ID,20240930_NGN_LP100
NI03PGACIXL2021,OPENING_CURVE_ID,20231231_NGN_LP100
NI03PGACIXL2022,CLOSING_CURVE_ID,20240930_NGN_LP100
NI03PGACIXL2022,OPENING_CURVE_ID,20231231_NGN_LP100
NI03PGACIXL2023,CLOSING_CURVE_ID,20240930_NGN_LP100
NI03PGACIXL2023,OPENING_CURVE_ID,20231231_NGN_LP100
NI03PGACIXL2024,CLOSING_CURVE_ID,20240930_NGN_LP100
NI03PGACIXL2024,OPENING_CURVE_ID,20231231_NGN_LP100
NI03PGAPIPF2012,CLOSING_CURVE_ID,20240930_NGN_LP100
NI03PGAPIPF2012,OPENING_CURVE_ID,20231231_NGN_LP100
NI03PGAPIPF2013,CLOSING_CURVE_ID,20240930_NGN_LP100
NI03PGAPIPF2013,OPENING_CURVE_ID,20231231_NGN_LP100
NI03PGAPIPF2014,CLOSING_CURVE_ID,20240930_NGN_LP100
NI03PGAPIPF2014,OPENING_CURVE_ID,20231231_NGN_LP100
NI03PGAPIPF2015,CLOSING_CURVE_ID,20240930_NGN_LP100
NI03PGAPIPF2015,OPENING_CURVE_ID,20231231_NGN_LP100
NI03PGAPIPF2016,CLOSING_CURVE_ID,20240930_NGN_LP100
NI03PGAPIPF2016,OPENING_CURVE_ID,20231231_NGN_LP100
NI03PGAPIPF2017,CLOSING_CURVE_ID,20240930_NGN_LP100
NI03PGAPIPF2017,OPENING_CURVE_ID,20231231_NGN_LP100
NI03PGAPIPF2018,CLOSING_CURVE_ID,20240930_NGN_LP100
NI03PGAPIPF2018,OPENING_CURVE_ID,20231231_NGN_LP100
NI03PGAPIPF2019,CLOSING_CURVE_ID,20240930_NGN_LP100
NI03PGAPIPF2019,OPENING_CURVE_ID,20231231_NGN_LP100
NI03PGAPIPF2020,CLOSING_CURVE_ID,20240930_NGN_LP100
NI03PGAPIPF2020,OPENING_CURVE_ID,20231231_NGN_LP100
NI03PGAPIPF2021,CLOSING_CURVE_ID,20240930_NGN_LP100
NI03PGAPIPF2021,OPENING_CURVE_ID,20231231_NGN_LP100
NI03PGAPIPF2022,CLOSING_CURVE_ID,20240930_NGN_LP100
NI03PGAPIPF2022,OPENING_CURVE_ID,20231231_NGN_LP100
NI03PGAPIPF2023,CLOSING_CURVE_ID,20240930_NGN_LP100
NI03PGAPIPF2023,OPENING_CURVE_ID,20231231_NGN_LP100
NI03PGAPIPF2024,CLOSING_CURVE_ID,20240930_NGN_LP100
NI03PGAPIPF2024,OPENING_CURVE_ID,20231231_NGN_LP100
NI03PGAPIXL2012,CLOSING_CURVE_ID,20240930_NGN_LP100
NI03PGAPIXL2012,OPENING_CURVE_ID,20231231_NGN_LP100
NI03PGAPIXL2013,CLOSING_CURVE_ID,20240930_NGN_LP100
NI03PGAPIXL2013,OPENING_CURVE_ID,20231231_NGN_LP100
NI03PGAPIXL2014,CLOSING_CURVE_ID,20240930_NGN_LP100
NI03PGAPIXL2014,OPENING_CURVE_ID,20231231_NGN_LP100
NI03PGAPIXL2015,CLOSING_CURVE_ID,20240930_NGN_LP100
NI03PGAPIXL2015,OPENING_CURVE_ID,20231231_NGN_LP100
NI03PGAPIXL2016,CLOSING_CURVE_ID,20240930_NGN_LP100
NI03PGAPIXL2016,OPENING_CURVE_ID,20231231_NGN_LP100
NI03PGAPIXL2017,CLOSING_CURVE_ID,20240930_NGN_LP100
NI03PGAPIXL2017,OPENING_CURVE_ID,20231231_NGN_LP100
NI03PGAPIXL2018,CLOSING_CURVE_ID,20240930_NGN_LP100
NI03PGAPIXL2018,OPENING_CURVE_ID,20231231_NGN_LP100
NI03PGAPIXL2019,CLOSING_CURVE_ID,20240930_NGN_LP100
NI03PGAPIXL2019,OPENING_CURVE_ID,20231231_NGN_LP100
NI03PGAPIXL2020,CLOSING_CURVE_ID,20240930_NGN_LP100
NI03PGAPIXL2020,OPENING_CURVE_ID,20231231_NGN_LP100
NI03PGAPIXL2021,CLOSING_CURVE_ID,20240930_NGN_LP100
NI03PGAPIXL2021,OPENING_CURVE_ID,20231231_NGN_LP100
NI03PGAPIXL2022,CLOSING_CURVE_ID,20240930_NGN_LP100
NI03PGAPIXL2022,OPENING_CURVE_ID,20231231_NGN_LP100
NI03PGAPIXL2023,CLOSING_CURVE_ID,20240930_NGN_LP100
NI03PGAPIXL2023,OPENING_CURVE_ID,20231231_NGN_LP100
NI03PGAPIXL2024,CLOSING_CURVE_ID,20240930_NGN_LP100
NI03PGAPIXL2024,OPENING_CURVE_ID,20231231_NGN_LP100
NI03PMCGOST2012,CLOSING_CURVE_ID,20240930_NGN_LP100
NI03PMCGOST2012,OPENING_CURVE_ID,20231231_NGN_LP100
NI03PMCGOST2013,CLOSING_CURVE_ID,20240930_NGN_LP100
NI03PMCGOST2013,OPENING_CURVE_ID,20231231_NGN_LP100
NI03PMCGOST2014,CLOSING_CURVE_ID,20240930_NGN_LP100
NI03PMCGOST2014,OPENING_CURVE_ID,20231231_NGN_LP100
NI03PMCGOST2015,CLOSING_CURVE_ID,20240930_NGN_LP100
NI03PMCGOST2015,OPENING_CURVE_ID,20231231_NGN_LP100
NI03PMCGOST2016,CLOSING_CURVE_ID,20240930_NGN_LP100
NI03PMCGOST2016,OPENING_CURVE_ID,20231231_NGN_LP100
NI03PMCGOST2017,CLOSING_CURVE_ID,20240930_NGN_LP100
NI03PMCGOST2017,OPENING_CURVE_ID,20231231_NGN_LP100
NI03PMCGOST2018,CLOSING_CURVE_ID,20240930_NGN_LP100
NI03PMCGOST2018,OPENING_CURVE_ID,20231231_NGN_LP100
NI03PMCGOST2019,CLOSING_CURVE_ID,20240930_NGN_LP100
NI03PMCGOST2019,OPENING_CURVE_ID,20231231_NGN_LP100
NI03PMCGOST2020,CLOSING_CURVE_ID,20240930_NGN_LP100
NI03PMCGOST2020,OPENING_CURVE_ID,20231231_NGN_LP100
NI03PMCGOST2021,CLOSING_CURVE_ID,20240930_NGN_LP100
NI03PMCGOST2021,OPENING_CURVE_ID,20231231_NGN_LP100
NI03PMCGOST2022,CLOSING_CURVE_ID,20240930_NGN_LP100
NI03PMCGOST2022,OPENING_CURVE_ID,20231231_NGN_LP100
NI03PMCGOST2023,CLOSING_CURVE_ID,20240930_NGN_LP100
NI03PMCGOST2023,OPENING_CURVE_ID,20231231_NGN_LP100
NI03PMCGOST2024,CLOSING_CURVE_ID,20240930_NGN_LP100
NI03PMCGOST2024,OPENING_CURVE_ID,20231231_NGN_LP100
NI03PMHHLST2012,CLOSING_CURVE_ID,20240930_NGN_LP100
NI03PMHHLST2012,OPENING_CURVE_ID,20231231_NGN_LP100
NI03PMHHLST2013,CLOSING_CURVE_ID,20240930_NGN_LP100
NI03PMHHLST2013,OPENING_CURVE_ID,20231231_NGN_LP100
NI03PMHHLST2014,CLOSING_CURVE_ID,20240930_NGN_LP100
NI03PMHHLST2014,OPENING_CURVE_ID,20231231_NGN_LP100
NI03PMHHLST2015,CLOSING_CURVE_ID,20240930_NGN_LP100
NI03PMHHLST2015,OPENING_CURVE_ID,20231231_NGN_LP100
NI03PMHHLST2016,CLOSING_CURVE_ID,20240930_NGN_LP100
NI03PMHHLST2016,OPENING_CURVE_ID,20231231_NGN_LP100
NI03PMHHLST2017,CLOSING_CURVE_ID,20240930_NGN_LP100
NI03PMHHLST2017,OPENING_CURVE_ID,20231231_NGN_LP100
NI03PMHHLST2018,CLOSING_CURVE_ID,20240930_NGN_LP100
NI03PMHHLST2018,OPENING_CURVE_ID,20231231_NGN_LP100
NI03PMHHLST2019,CLOSING_CURVE_ID,20240930_NGN_LP100
NI03PMHHLST2019,OPENING_CURVE_ID,20231231_NGN_LP100
NI03PMHHLST2020,CLOSING_CURVE_ID,20240930_NGN_LP100
NI03PMHHLST2020,OPENING_CURVE_ID,20231231_NGN_LP100
NI03PMHHLST2021,CLOSING_CURVE_ID,20240930_NGN_LP100
NI03PMHHLST2021,OPENING_CURVE_ID,20231231_NGN_LP100
NI03PMHHLST2022,CLOSING_CURVE_ID,20240930_NGN_LP100
NI03PMHHLST2022,OPENING_CURVE_ID,20231231_NGN_LP100
NI03PMHHLST2023,CLOSING_CURVE_ID,20240930_NGN_LP100
NI03PMHHLST2023,OPENING_CURVE_ID,20231231_NGN_LP100
NI03PMHHLST2024,CLOSING_CURVE_ID,20240930_NGN_LP100
NI03PMHHLST2024,OPENING_CURVE_ID,20231231_NGN_LP100
NI03PMTCIXL2012,CLOSING_CURVE_ID,20240930_NGN_LP100
NI03PMTCIXL2012,OPENING_CURVE_ID,20231231_NGN_LP100
NI03PMTCIXL2013,CLOSING_CURVE_ID,20240930_NGN_LP100
NI03PMTCIXL2013,OPENING_CURVE_ID,20231231_NGN_LP100
NI03PMTCIXL2014,CLOSING_CURVE_ID,20240930_NGN_LP100
NI03PMTCIXL2014,OPENING_CURVE_ID,20231231_NGN_LP100
NI03PMTCIXL2015,CLOSING_CURVE_ID,20240930_NGN_LP100
NI03PMTCIXL2015,OPENING_CURVE_ID,20231231_NGN_LP100
NI03PMTCIXL2016,CLOSING_CURVE_ID,20240930_NGN_LP100
NI03PMTCIXL2016,OPENING_CURVE_ID,20231231_NGN_LP100
NI03PMTCIXL2017,CLOSING_CURVE_ID,20240930_NGN_LP100
NI03PMTCIXL2017,OPENING_CURVE_ID,20231231_NGN_LP100
NI03PMTCIXL2018,CLOSING_CURVE_ID,20240930_NGN_LP100
NI03PMTCIXL2018,OPENING_CURVE_ID,20231231_NGN_LP100
NI03PMTCIXL2019,CLOSING_CURVE_ID,20240930_NGN_LP100
NI03PMTCIXL2019,OPENING_CURVE_ID,20231231_NGN_LP100
NI03PMTCIXL2020,CLOSING_CURVE_ID,20240930_NGN_LP100
NI03PMTCIXL2020,OPENING_CURVE_ID,20231231_NGN_LP100
NI03PMTCIXL2021,CLOSING_CURVE_ID,20240930_NGN_LP100
NI03PMTCIXL2021,OPENING_CURVE_ID,20231231_NGN_LP100
NI03PMTCIXL2022,CLOSING_CURVE_ID,20240930_NGN_LP100
NI03PMTCIXL2022,OPENING_CURVE_ID,20231231_NGN_LP100
NI03PMTCIXL2023,CLOSING_CURVE_ID,20240930_NGN_LP100
NI03PMTCIXL2023,OPENING_CURVE_ID,20231231_NGN_LP100
NI03PMTCIXL2024,CLOSING_CURVE_ID,20240930_NGN_LP100
NI03PMTCIXL2024,OPENING_CURVE_ID,20231231_NGN_LP100
NI03PMTPIXL2012,CLOSING_CURVE_ID,20240930_NGN_LP100
NI03PMTPIXL2012,OPENING_CURVE_ID,20231231_NGN_LP100
NI03PMTPIXL2013,CLOSING_CURVE_ID,20240930_NGN_LP100
NI03PMTPIXL2013,OPENING_CURVE_ID,20231231_NGN_LP100
NI03PMTPIXL2014,CLOSING_CURVE_ID,20240930_NGN_LP100
NI03PMTPIXL2014,OPENING_CURVE_ID,20231231_NGN_LP100
NI03PMTPIXL2015,CLOSING_CURVE_ID,20240930_NGN_LP100
NI03PMTPIXL2015,OPENING_CURVE_ID,20231231_NGN_LP100
NI03PMTPIXL2016,CLOSING_CURVE_ID,20240930_NGN_LP100
NI03PMTPIXL2016,OPENING_CURVE_ID,20231231_NGN_LP100
NI03PMTPIXL2017,CLOSING_CURVE_ID,20240930_NGN_LP100
NI03PMTPIXL2017,OPENING_CURVE_ID,20231231_NGN_LP100
NI03PMTPIXL2018,CLOSING_CURVE_ID,20240930_NGN_LP100
NI03PMTPIXL2018,OPENING_CURVE_ID,20231231_NGN_LP100
NI03PMTPIXL2019,CLOSING_CURVE_ID,20240930_NGN_LP100
NI03PMTPIXL2019,OPENING_CURVE_ID,20231231_NGN_LP100
NI03PMTPIXL2020,CLOSING_CURVE_ID,20240930_NGN_LP100
NI03PMTPIXL2020,OPENING_CURVE_ID,20231231_NGN_LP100
NI03PMTPIXL2021,CLOSING_CURVE_ID,20240930_NGN_LP100
NI03PMTPIXL2021,OPENING_CURVE_ID,20231231_NGN_LP100
NI03PMTPIXL2022,CLOSING_CURVE_ID,20240930_NGN_LP100
NI03PMTPIXL2022,OPENING_CURVE_ID,20231231_NGN_LP100
NI03PMTPIXL2023,CLOSING_CURVE_ID,20240930_NGN_LP100
NI03PMTPIXL2023,OPENING_CURVE_ID,20231231_NGN_LP100
NI03PMTPIXL2024,CLOSING_CURVE_ID,20240930_NGN_LP100
NI03PMTPIXL2024,OPENING_CURVE_ID,20231231_NGN_LP100
