GOC_ID,VARIABLE_NAME,1
NI01PCBCHLT2021,CLOSING_CURVE_ID,20231231_NGN_LP100
NI01PCBCHLT2021,OPENING_CURVE_ID,20221231_NGN_LP100
NI01PCBCHLT2022,CLOSING_CURVE_ID,20231231_NGN_LP100
NI01PCBCHLT2022,OPENING_CURVE_ID,20221231_NGN_LP100
NI01PCBCHLT2023,CLOSING_CURVE_ID,20231231_NGN_LP100
NI01PCBCHLT2023,OPENING_CURVE_ID,20221231_NGN_LP100
NI01PCBRHLT2021,CLOSING_CURVE_ID,20231231_NGN_LP100
NI01PCBRHLT2021,OPENING_CURVE_ID,20221231_NGN_LP100
NI01PCBRHLT2022,CLOSING_CURVE_ID,20231231_NGN_LP100
NI01PCBRHLT2022,OPENING_CURVE_ID,20221231_NGN_LP100
NI01PCBRHLT2023,CLOSING_CURVE_ID,20231231_NGN_LP100
NI01PCBRHLT2023,OPENING_CURVE_ID,20221231_NGN_LP100
NI01PCECHLT2021,CLOSING_CURVE_ID,20231231_NGN_LP100
NI01PCECHLT2021,OPENING_CURVE_ID,20221231_NGN_LP100
NI01PCECHLT2022,CLOSING_CURVE_ID,20231231_NGN_LP100
NI01PCECHLT2022,OPENING_CURVE_ID,20221231_NGN_LP100
NI01PCECHLT2023,CLOSING_CURVE_ID,20231231_NGN_LP100
NI01PCECHLT2023,OPENING_CURVE_ID,20221231_NGN_LP100
NI01PCGOHLT2021,CLOSING_CURVE_ID,20231231_NGN_LP100
NI01PCGOHLT2021,OPENING_CURVE_ID,20221231_NGN_LP100
NI01PCGOHLT2022,CLOSING_CURVE_ID,20231231_NGN_LP100
NI01PCGOHLT2022,OPENING_CURVE_ID,20221231_NGN_LP100
NI01PCGOHLT2023,CLOSING_CURVE_ID,20231231_NGN_LP100
NI01PCGOHLT2023,OPENING_CURVE_ID,20221231_NGN_LP100
NI01PCPLHLT2021,CLOSING_CURVE_ID,20231231_NGN_LP100
NI01PCPLHLT2021,OPENING_CURVE_ID,20221231_NGN_LP100
NI01PCPLHLT2022,CLOSING_CURVE_ID,20231231_NGN_LP100
NI01PCPLHLT2022,OPENING_CURVE_ID,20221231_NGN_LP100
NI01PCPLHLT2023,CLOSING_CURVE_ID,20231231_NGN_LP100
NI01PCPLHLT2023,OPENING_CURVE_ID,20221231_NGN_LP100
NI01PCSIHLT2021,CLOSING_CURVE_ID,20231231_NGN_LP100
NI01PCSIHLT2021,OPENING_CURVE_ID,20221231_NGN_LP100
NI01PCSIHLT2022,CLOSING_CURVE_ID,20231231_NGN_LP100
NI01PCSIHLT2022,OPENING_CURVE_ID,20221231_NGN_LP100
NI01PCSIHLT2023,CLOSING_CURVE_ID,20231231_NGN_LP100
NI01PCSIHLT2023,OPENING_CURVE_ID,20221231_NGN_LP100
NI01PIMEHLT2021,CLOSING_CURVE_ID,20231231_NGN_LP100
NI01PIMEHLT2021,OPENING_CURVE_ID,20221231_NGN_LP100
NI01PIMEHLT2022,CLOSING_CURVE_ID,20231231_NGN_LP100
NI01PIMEHLT2022,OPENING_CURVE_ID,20221231_NGN_LP100
NI01PIMEHLT2023,CLOSING_CURVE_ID,20231231_NGN_LP100
NI01PIMEHLT2023,OPENING_CURVE_ID,20221231_NGN_LP100
NI01PPBRHLT2021,CLOSING_CURVE_ID,20231231_NGN_LP100
NI01PPBRHLT2021,OPENING_CURVE_ID,20221231_NGN_LP100
NI01PPBRHLT2022,CLOSING_CURVE_ID,20231231_NGN_LP100
NI01PPBRHLT2022,OPENING_CURVE_ID,20221231_NGN_LP100
NI01PPBRHLT2023,CLOSING_CURVE_ID,20231231_NGN_LP100
NI01PPBRHLT2023,OPENING_CURVE_ID,20221231_NGN_LP100
NI01PPGOHLT2021,CLOSING_CURVE_ID,20231231_NGN_LP100
NI01PPGOHLT2021,OPENING_CURVE_ID,20221231_NGN_LP100
NI01PPGOHLT2022,CLOSING_CURVE_ID,20231231_NGN_LP100
NI01PPGOHLT2022,OPENING_CURVE_ID,20221231_NGN_LP100
NI01PPGOHLT2023,CLOSING_CURVE_ID,20231231_NGN_LP100
NI01PPGOHLT2023,OPENING_CURVE_ID,20221231_NGN_LP100
NI01PPPLHLT2021,CLOSING_CURVE_ID,20231231_NGN_LP100
NI01PPPLHLT2021,OPENING_CURVE_ID,20221231_NGN_LP100
NI01PPPLHLT2022,CLOSING_CURVE_ID,20231231_NGN_LP100
NI01PPPLHLT2022,OPENING_CURVE_ID,20221231_NGN_LP100
NI01PPPLHLT2023,CLOSING_CURVE_ID,20231231_NGN_LP100
NI01PPPLHLT2023,OPENING_CURVE_ID,20221231_NGN_LP100
NI01PPSIHLT2021,CLOSING_CURVE_ID,20231231_NGN_LP100
NI01PPSIHLT2021,OPENING_CURVE_ID,20221231_NGN_LP100
NI01PPSIHLT2022,CLOSING_CURVE_ID,20231231_NGN_LP100
NI01PPSIHLT2022,OPENING_CURVE_ID,20221231_NGN_LP100
NI01PPSIHLT2023,CLOSING_CURVE_ID,20231231_NGN_LP100
NI01PPSIHLT2023,OPENING_CURVE_ID,20221231_NGN_LP100
NI01PIMEDQS2021,CLOSING_CURVE_ID,20231231_NGN_LP100
NI01PIMEDQS2021,OPENING_CURVE_ID,20221231_NGN_LP100
NI01PIMEDQS2022,CLOSING_CURVE_ID,20231231_NGN_LP100
NI01PIMEDQS2022,OPENING_CURVE_ID,20221231_NGN_LP100
NI01PIMEDQS2023,CLOSING_CURVE_ID,20231231_NGN_LP100
NI01PIMEDQS2023,OPENING_CURVE_ID,20221231_NGN_LP100
NI01PAMIHQS2021,CLOSING_CURVE_ID,20231231_NGN_LP100
NI01PAMIHQS2021,OPENING_CURVE_ID,20221231_NGN_LP100
NI01PAMIHQS2022,CLOSING_CURVE_ID,20231231_NGN_LP100
NI01PAMIHQS2022,OPENING_CURVE_ID,20221231_NGN_LP100
NI01PAMIHQS2023,CLOSING_CURVE_ID,20231231_NGN_LP100
NI01PAMIHQS2023,OPENING_CURVE_ID,20221231_NGN_LP100
