GOC_ID,VARIABLE_NAME,1
NI02PPRIVSH2012,CLOSING_CURVE_ID,20240630_NGN_LP100
NI02PPRIVSH2012,OPENING_CURVE_ID,20231231_NGN_LP100
NI02PPRIVSH2013,CLOSING_CURVE_ID,20240630_NGN_LP100
NI02PPRIVSH2013,OPENING_CURVE_ID,20231231_NGN_LP100
NI02PPRIVSH2014,CLOSING_CURVE_ID,20240630_NGN_LP100
NI02PPRIVSH2014,OPENING_CURVE_ID,20231231_NGN_LP100
NI02PPRIVSH2015,CLOSING_CURVE_ID,20240630_NGN_LP100
NI02PPRIVSH2015,OPENING_CURVE_ID,20231231_NGN_LP100
NI02PPRIVSH2016,CLOSING_CURVE_ID,20240630_NGN_LP100
NI02PPRIVSH2016,OPENING_CURVE_ID,20231231_NGN_LP100
NI02PPRIVSH2017,CLOSING_CURVE_ID,20240630_NGN_LP100
NI02PPRIVSH2017,OPENING_CURVE_ID,20231231_NGN_LP100
NI02PPRIVSH2018,CLOSING_CURVE_ID,20240630_NGN_LP100
NI02PPRIVSH2018,OPENING_CURVE_ID,20231231_NGN_LP100
NI02PPRIVSH2019,CLOSING_CURVE_ID,20240630_NGN_LP100
NI02PPRIVSH2019,OPENING_CURVE_ID,20231231_NGN_LP100
NI02PPRIVSH2020,CLOSING_CURVE_ID,20240630_NGN_LP100
NI02PPRIVSH2020,OPENING_CURVE_ID,20231231_NGN_LP100
NI02PPRIVSH2021,CLOSING_CURVE_ID,20240630_NGN_LP100
NI02PPRIVSH2021,OPENING_CURVE_ID,20231231_NGN_LP100
NI02PPRIVSH2022,CLOSING_CURVE_ID,20240630_NGN_LP100
NI02PPRIVSH2022,OPENING_CURVE_ID,20231231_NGN_LP100
NI02PPRIVSH2023,CLOSING_CURVE_ID,20240630_NGN_LP100
NI02PPRIVSH2023,OPENING_CURVE_ID,20231231_NGN_LP100
NI02PPRIVSH2024,CLOSING_CURVE_ID,20240630_NGN_LP100
NI02PPRIVSH2024,OPENING_CURVE_ID,20231231_NGN_LP100
NI02PPUBLSH2012,CLOSING_CURVE_ID,20240630_NGN_LP100
NI02PPUBLSH2012,OPENING_CURVE_ID,20231231_NGN_LP100
NI02PPUBLSH2013,CLOSING_CURVE_ID,20240630_NGN_LP100
NI02PPUBLSH2013,OPENING_CURVE_ID,20231231_NGN_LP100
NI02PPUBLSH2014,CLOSING_CURVE_ID,20240630_NGN_LP100
NI02PPUBLSH2014,OPENING_CURVE_ID,20231231_NGN_LP100
NI02PPUBLSH2015,CLOSING_CURVE_ID,20240630_NGN_LP100
NI02PPUBLSH2015,OPENING_CURVE_ID,20231231_NGN_LP100
NI02PPUBLSH2016,CLOSING_CURVE_ID,20240630_NGN_LP100
NI02PPUBLSH2016,OPENING_CURVE_ID,20231231_NGN_LP100
NI02PPUBLSH2017,CLOSING_CURVE_ID,20240630_NGN_LP100
NI02PPUBLSH2017,OPENING_CURVE_ID,20231231_NGN_LP100
NI02PPUBLSH2018,CLOSING_CURVE_ID,20240630_NGN_LP100
NI02PPUBLSH2018,OPENING_CURVE_ID,20231231_NGN_LP100
NI02PPUBLSH2019,CLOSING_CURVE_ID,20240630_NGN_LP100
NI02PPUBLSH2019,OPENING_CURVE_ID,20231231_NGN_LP100
NI02PPUBLSH2020,CLOSING_CURVE_ID,20240630_NGN_LP100
NI02PPUBLSH2020,OPENING_CURVE_ID,20231231_NGN_LP100
NI02PPUBLSH2021,CLOSING_CURVE_ID,20240630_NGN_LP100
NI02PPUBLSH2021,OPENING_CURVE_ID,20231231_NGN_LP100
NI02PPUBLSH2022,CLOSING_CURVE_ID,20240630_NGN_LP100
NI02PPUBLSH2022,OPENING_CURVE_ID,20231231_NGN_LP100
NI02PPUBLSH2023,CLOSING_CURVE_ID,20240630_NGN_LP100
NI02PPUBLSH2023,OPENING_CURVE_ID,20231231_NGN_LP100
NI02PPUBLSH2024,CLOSING_CURVE_ID,20240630_NGN_LP100
NI02PPUBLSH2024,OPENING_CURVE_ID,20231231_NGN_LP100
NI02PPRIVPF2012,CLOSING_CURVE_ID,20240630_NGN_LP100
NI02PPRIVPF2012,OPENING_CURVE_ID,20221231_NGN_LP100
NI02PPRIVPF2013,CLOSING_CURVE_ID,20240630_NGN_LP100
NI02PPRIVPF2013,OPENING_CURVE_ID,20221231_NGN_LP100
NI02PPRIVPF2014,CLOSING_CURVE_ID,20240630_NGN_LP100
NI02PPRIVPF2014,OPENING_CURVE_ID,20221231_NGN_LP100
NI02PPRIVPF2015,CLOSING_CURVE_ID,20240630_NGN_LP100
NI02PPRIVPF2015,OPENING_CURVE_ID,20221231_NGN_LP100
NI02PPRIVPF2016,CLOSING_CURVE_ID,20240630_NGN_LP100
NI02PPRIVPF2016,OPENING_CURVE_ID,20231231_NGN_LP100
NI02PPRIVPF2017,CLOSING_CURVE_ID,20240630_NGN_LP100
NI02PPRIVPF2017,OPENING_CURVE_ID,20231231_NGN_LP100
NI02PPRIVPF2018,CLOSING_CURVE_ID,20240630_NGN_LP100
NI02PPRIVPF2018,OPENING_CURVE_ID,20231231_NGN_LP100
NI02PPRIVPF2019,CLOSING_CURVE_ID,20240630_NGN_LP100
NI02PPRIVPF2019,OPENING_CURVE_ID,20231231_NGN_LP100
NI02PPRIVPF2020,CLOSING_CURVE_ID,20240630_NGN_LP100
NI02PPRIVPF2020,OPENING_CURVE_ID,20231231_NGN_LP100
NI02PPRIVPF2021,CLOSING_CURVE_ID,20240630_NGN_LP100
NI02PPRIVPF2021,OPENING_CURVE_ID,20231231_NGN_LP100
NI02PPRIVPF2022,CLOSING_CURVE_ID,20240630_NGN_LP100
NI02PPRIVPF2022,OPENING_CURVE_ID,20231231_NGN_LP100
NI02PPRIVPF2023,CLOSING_CURVE_ID,20240630_NGN_LP100
NI02PPRIVPF2023,OPENING_CURVE_ID,20231231_NGN_LP100
NI02PPRIVPF2024,CLOSING_CURVE_ID,20240630_NGN_LP100
NI02PPRIVPF2024,OPENING_CURVE_ID,20231231_NGN_LP100
NI02PPRIVQS2012,CLOSING_CURVE_ID,20240630_NGN_LP100
NI02PPRIVQS2012,OPENING_CURVE_ID,20231231_NGN_LP100
NI02PPRIVQS2013,CLOSING_CURVE_ID,20240630_NGN_LP100
NI02PPRIVQS2013,OPENING_CURVE_ID,20231231_NGN_LP100
NI02PPRIVQS2014,CLOSING_CURVE_ID,20240630_NGN_LP100
NI02PPRIVQS2014,OPENING_CURVE_ID,20231231_NGN_LP100
NI02PPRIVQS2015,CLOSING_CURVE_ID,20240630_NGN_LP100
NI02PPRIVQS2015,OPENING_CURVE_ID,20231231_NGN_LP100
NI02PPRIVQS2016,CLOSING_CURVE_ID,20240630_NGN_LP100
NI02PPRIVQS2016,OPENING_CURVE_ID,20231231_NGN_LP100
NI02PPRIVQS2017,CLOSING_CURVE_ID,20240630_NGN_LP100
NI02PPRIVQS2017,OPENING_CURVE_ID,20231231_NGN_LP100
NI02PPRIVQS2018,CLOSING_CURVE_ID,20240630_NGN_LP100
NI02PPRIVQS2018,OPENING_CURVE_ID,20231231_NGN_LP100
NI02PPRIVQS2019,CLOSING_CURVE_ID,20240630_NGN_LP100
NI02PPRIVQS2019,OPENING_CURVE_ID,20231231_NGN_LP100
NI02PPRIVQS2020,CLOSING_CURVE_ID,20240630_NGN_LP100
NI02PPRIVQS2020,OPENING_CURVE_ID,20231231_NGN_LP100
NI02PPRIVQS2021,CLOSING_CURVE_ID,20240630_NGN_LP100
NI02PPRIVQS2021,OPENING_CURVE_ID,20231231_NGN_LP100
NI02PPRIVQS2022,CLOSING_CURVE_ID,20240630_NGN_LP100
NI02PPRIVQS2022,OPENING_CURVE_ID,20231231_NGN_LP100
NI02PPRIVQS2023,CLOSING_CURVE_ID,20240630_NGN_LP100
NI02PPRIVQS2023,OPENING_CURVE_ID,20231231_NGN_LP100
NI02PPRIVQS2024,CLOSING_CURVE_ID,20240630_NGN_LP100
NI02PPRIVQS2024,OPENING_CURVE_ID,20231231_NGN_LP100
NI02PPRIVST2012,CLOSING_CURVE_ID,20240630_NGN_LP100
NI02PPRIVST2012,OPENING_CURVE_ID,20231231_NGN_LP100
NI02PPRIVST2013,CLOSING_CURVE_ID,20240630_NGN_LP100
NI02PPRIVST2013,OPENING_CURVE_ID,20231231_NGN_LP100
NI02PPRIVST2014,CLOSING_CURVE_ID,20240630_NGN_LP100
NI02PPRIVST2014,OPENING_CURVE_ID,20231231_NGN_LP100
NI02PPRIVST2015,CLOSING_CURVE_ID,20240630_NGN_LP100
NI02PPRIVST2015,OPENING_CURVE_ID,20231231_NGN_LP100
NI02PPRIVST2016,CLOSING_CURVE_ID,20240630_NGN_LP100
NI02PPRIVST2016,OPENING_CURVE_ID,20231231_NGN_LP100
NI02PPRIVST2017,CLOSING_CURVE_ID,20240630_NGN_LP100
NI02PPRIVST2017,OPENING_CURVE_ID,20231231_NGN_LP100
NI02PPRIVST2018,CLOSING_CURVE_ID,20240630_NGN_LP100
NI02PPRIVST2018,OPENING_CURVE_ID,20231231_NGN_LP100
NI02PPRIVST2019,CLOSING_CURVE_ID,20240630_NGN_LP100
NI02PPRIVST2019,OPENING_CURVE_ID,20231231_NGN_LP100
NI02PPRIVST2020,CLOSING_CURVE_ID,20240630_NGN_LP100
NI02PPRIVST2020,OPENING_CURVE_ID,20231231_NGN_LP100
NI02PPRIVST2021,CLOSING_CURVE_ID,20240630_NGN_LP100
NI02PPRIVST2021,OPENING_CURVE_ID,20231231_NGN_LP100
NI02PPRIVST2022,CLOSING_CURVE_ID,20240630_NGN_LP100
NI02PPRIVST2022,OPENING_CURVE_ID,20231231_NGN_LP100
NI02PPRIVST2023,CLOSING_CURVE_ID,20240630_NGN_LP100
NI02PPRIVST2023,OPENING_CURVE_ID,20231231_NGN_LP100
NI02PPRIVST2024,CLOSING_CURVE_ID,20240630_NGN_LP100
NI02PPRIVST2024,OPENING_CURVE_ID,20231231_NGN_LP100
NI02PPUBLPF2012,CLOSING_CURVE_ID,20240630_NGN_LP100
NI02PPUBLPF2012,OPENING_CURVE_ID,20231231_NGN_LP100
NI02PPUBLPF2013,CLOSING_CURVE_ID,20240630_NGN_LP100
NI02PPUBLPF2013,OPENING_CURVE_ID,20231231_NGN_LP100
NI02PPUBLPF2014,CLOSING_CURVE_ID,20240630_NGN_LP100
NI02PPUBLPF2014,OPENING_CURVE_ID,20231231_NGN_LP100
NI02PPUBLPF2015,CLOSING_CURVE_ID,20240630_NGN_LP100
NI02PPUBLPF2015,OPENING_CURVE_ID,20231231_NGN_LP100
NI02PPUBLPF2016,CLOSING_CURVE_ID,20240630_NGN_LP100
NI02PPUBLPF2016,OPENING_CURVE_ID,20231231_NGN_LP100
NI02PPUBLPF2017,CLOSING_CURVE_ID,20240630_NGN_LP100
NI02PPUBLPF2017,OPENING_CURVE_ID,20231231_NGN_LP100
NI02PPUBLPF2018,CLOSING_CURVE_ID,20240630_NGN_LP100
NI02PPUBLPF2018,OPENING_CURVE_ID,20231231_NGN_LP100
NI02PPUBLPF2019,CLOSING_CURVE_ID,20240630_NGN_LP100
NI02PPUBLPF2019,OPENING_CURVE_ID,20231231_NGN_LP100
NI02PPUBLPF2020,CLOSING_CURVE_ID,20240630_NGN_LP100
NI02PPUBLPF2020,OPENING_CURVE_ID,20231231_NGN_LP100
NI02PPUBLPF2021,CLOSING_CURVE_ID,20240630_NGN_LP100
NI02PPUBLPF2021,OPENING_CURVE_ID,20231231_NGN_LP100
NI02PPUBLPF2022,CLOSING_CURVE_ID,20240630_NGN_LP100
NI02PPUBLPF2022,OPENING_CURVE_ID,20231231_NGN_LP100
NI02PPUBLPF2023,CLOSING_CURVE_ID,20240630_NGN_LP100
NI02PPUBLPF2023,OPENING_CURVE_ID,20231231_NGN_LP100
NI02PPUBLPF2024,CLOSING_CURVE_ID,20240630_NGN_LP100
NI02PPUBLPF2024,OPENING_CURVE_ID,20231231_NGN_LP100
NI02PPUBLQS2012,CLOSING_CURVE_ID,20240630_NGN_LP100
NI02PPUBLQS2012,OPENING_CURVE_ID,20231231_NGN_LP100
NI02PPUBLQS2013,CLOSING_CURVE_ID,20240630_NGN_LP100
NI02PPUBLQS2013,OPENING_CURVE_ID,20231231_NGN_LP100
NI02PPUBLQS2014,CLOSING_CURVE_ID,20240630_NGN_LP100
NI02PPUBLQS2014,OPENING_CURVE_ID,20231231_NGN_LP100
NI02PPUBLQS2015,CLOSING_CURVE_ID,20240630_NGN_LP100
NI02PPUBLQS2015,OPENING_CURVE_ID,20231231_NGN_LP100
NI02PPUBLQS2016,CLOSING_CURVE_ID,20240630_NGN_LP100
NI02PPUBLQS2016,OPENING_CURVE_ID,20231231_NGN_LP100
NI02PPUBLQS2017,CLOSING_CURVE_ID,20240630_NGN_LP100
NI02PPUBLQS2017,OPENING_CURVE_ID,20231231_NGN_LP100
NI02PPUBLQS2018,CLOSING_CURVE_ID,20240630_NGN_LP100
NI02PPUBLQS2018,OPENING_CURVE_ID,20231231_NGN_LP100
NI02PPUBLQS2019,CLOSING_CURVE_ID,20240630_NGN_LP100
NI02PPUBLQS2019,OPENING_CURVE_ID,20231231_NGN_LP100
NI02PPUBLQS2020,CLOSING_CURVE_ID,20240630_NGN_LP100
NI02PPUBLQS2020,OPENING_CURVE_ID,20231231_NGN_LP100
NI02PPUBLQS2021,CLOSING_CURVE_ID,20240630_NGN_LP100
NI02PPUBLQS2021,OPENING_CURVE_ID,20231231_NGN_LP100
NI02PPUBLQS2022,CLOSING_CURVE_ID,20240630_NGN_LP100
NI02PPUBLQS2022,OPENING_CURVE_ID,20231231_NGN_LP100
NI02PPUBLQS2023,CLOSING_CURVE_ID,20240630_NGN_LP100
NI02PPUBLQS2023,OPENING_CURVE_ID,20231231_NGN_LP100
NI02PPUBLQS2024,CLOSING_CURVE_ID,20240630_NGN_LP100
NI02PPUBLQS2024,OPENING_CURVE_ID,20231231_NGN_LP100
NI02PPUBLST2012,CLOSING_CURVE_ID,20240630_NGN_LP100
NI02PPUBLST2012,OPENING_CURVE_ID,20231231_NGN_LP100
NI02PPUBLST2013,CLOSING_CURVE_ID,20240630_NGN_LP100
NI02PPUBLST2013,OPENING_CURVE_ID,20231231_NGN_LP100
NI02PPUBLST2014,CLOSING_CURVE_ID,20240630_NGN_LP100
NI02PPUBLST2014,OPENING_CURVE_ID,20231231_NGN_LP100
NI02PPUBLST2015,CLOSING_CURVE_ID,20240630_NGN_LP100
NI02PPUBLST2015,OPENING_CURVE_ID,20231231_NGN_LP100
NI02PPUBLST2016,CLOSING_CURVE_ID,20240630_NGN_LP100
NI02PPUBLST2016,OPENING_CURVE_ID,20231231_NGN_LP100
NI02PPUBLST2017,CLOSING_CURVE_ID,20240630_NGN_LP100
NI02PPUBLST2017,OPENING_CURVE_ID,20231231_NGN_LP100
NI02PPUBLST2018,CLOSING_CURVE_ID,20240630_NGN_LP100
NI02PPUBLST2018,OPENING_CURVE_ID,20231231_NGN_LP100
NI02PPUBLST2019,CLOSING_CURVE_ID,20240630_NGN_LP100
NI02PPUBLST2019,OPENING_CURVE_ID,20231231_NGN_LP100
NI02PPUBLST2020,CLOSING_CURVE_ID,20240630_NGN_LP100
NI02PPUBLST2020,OPENING_CURVE_ID,20231231_NGN_LP100
NI02PPUBLST2021,CLOSING_CURVE_ID,20240630_NGN_LP100
NI02PPUBLST2021,OPENING_CURVE_ID,20231231_NGN_LP100
NI02PPUBLST2022,CLOSING_CURVE_ID,20240630_NGN_LP100
NI02PPUBLST2022,OPENING_CURVE_ID,20231231_NGN_LP100
NI02PPUBLST2023,CLOSING_CURVE_ID,20240630_NGN_LP100
NI02PPUBLST2023,OPENING_CURVE_ID,20231231_NGN_LP100
NI02PPUBLST2024,CLOSING_CURVE_ID,20240630_NGN_LP100
NI02PPUBLST2024,OPENING_CURVE_ID,20231231_NGN_LP100
