GOC_ID,VARIABLE_NAME,1
NI01PCBCHLT2022,ACTUAL_PREMIUM_CF_PAST_SERVICE,0
NI01PCBCHLT2022,ACTUAL_PREMIUM_CF_FUTURE_SERVICE,0
NI01PCBCHLT2022,ACTUAL_ACQUISITION_CF_PAST_SERVICE,0
NI01PCBCHLT2022,ACTUAL_ACQUISITION_CF_FUTURE_SERVICE,0
NI01PCBCHLT2022,ACTUAL_INV_COMP_PAYABLE,0
NI01PCBCHLT2022,ACTUAL_CHANGE_FV_FINANCIAL_UNDERLYING_ITEMS,0
NI01PCBCHLT2022,ACTUAL_CHANGE_FV_TECHNICAL_UNDERLYING_ITEMS,0
NI01PCBCHLT2022,FIN_RISK_MITIGATION,0
NI01PCBCHLT2022,RE_RISK_MITIGATION,0
NI01PCBCHLT2022,ACTUAL_COVERAGE_UNIT,0
NI01PCBCHLT2022,THEORETICAL_PREMIUM_DERECOGNITION_LRC,0
NI01PCBCHLT2022,THEORETICAL_PREMIUM_RECOGNITION,0
NI01PCBCHLT2022,ACTUAL_ACQUISITION_CF_BF_INIT_RECOG,0
NI01PCBCHLT2022,ACTUAL_COMMISSION_CF_PAST_SERVICE,0
NI01PCBCHLT2022,ACTUAL_COMMISSION_CF_FUTURE_SERVICE,0
NI01PCBCHLT2023,ACTUAL_PREMIUM_CF_PAST_SERVICE,0
NI01PCBCHLT2023,ACTUAL_PREMIUM_CF_FUTURE_SERVICE,0
NI01PCBCHLT2023,ACTUAL_ACQUISITION_CF_PAST_SERVICE,0
NI01PCBCHLT2023,ACTUAL_ACQUISITION_CF_FUTURE_SERVICE,0
NI01PCBCHLT2023,ACTUAL_INV_COMP_PAYABLE,0
NI01PCBCHLT2023,ACTUAL_CHANGE_FV_FINANCIAL_UNDERLYING_ITEMS,0
NI01PCBCHLT2023,ACTUAL_CHANGE_FV_TECHNICAL_UNDERLYING_ITEMS,0
NI01PCBCHLT2023,FIN_RISK_MITIGATION,0
NI01PCBCHLT2023,RE_RISK_MITIGATION,0
NI01PCBCHLT2023,ACTUAL_COVERAGE_UNIT,0
NI01PCBCHLT2023,THEORETICAL_PREMIUM_DERECOGNITION_LRC,0
NI01PCBCHLT2023,THEORETICAL_PREMIUM_RECOGNITION,0
NI01PCBCHLT2023,ACTUAL_ACQUISITION_CF_BF_INIT_RECOG,0
NI01PCBCHLT2023,ACTUAL_COMMISSION_CF_PAST_SERVICE,0
NI01PCBCHLT2023,ACTUAL_COMMISSION_CF_FUTURE_SERVICE,0
NI01PCBCHLT2024,ACTUAL_PREMIUM_CF_PAST_SERVICE,0
NI01PCBCHLT2024,ACTUAL_PREMIUM_CF_FUTURE_SERVICE,0
NI01PCBCHLT2024,ACTUAL_ACQUISITION_CF_PAST_SERVICE,0
NI01PCBCHLT2024,ACTUAL_ACQUISITION_CF_FUTURE_SERVICE,0
NI01PCBCHLT2024,ACTUAL_INV_COMP_PAYABLE,0
NI01PCBCHLT2024,ACTUAL_CHANGE_FV_FINANCIAL_UNDERLYING_ITEMS,0
NI01PCBCHLT2024,ACTUAL_CHANGE_FV_TECHNICAL_UNDERLYING_ITEMS,0
NI01PCBCHLT2024,FIN_RISK_MITIGATION,0
NI01PCBCHLT2024,RE_RISK_MITIGATION,0
NI01PCBCHLT2024,ACTUAL_COVERAGE_UNIT,0
NI01PCBCHLT2024,THEORETICAL_PREMIUM_DERECOGNITION_LRC,0
NI01PCBCHLT2024,THEORETICAL_PREMIUM_RECOGNITION,0
NI01PCBCHLT2024,ACTUAL_ACQUISITION_CF_BF_INIT_RECOG,0
NI01PCBCHLT2024,ACTUAL_COMMISSION_CF_PAST_SERVICE,0
NI01PCBCHLT2024,ACTUAL_COMMISSION_CF_FUTURE_SERVICE,0
NI01PCBCHLT2022,THEORETICAL_PREMIUM_DERECOGNITION_LIC,0
NI01PCBCHLT2023,THEORETICAL_PREMIUM_DERECOGNITION_LIC,0
NI01PCBCHLT2024,THEORETICAL_PREMIUM_DERECOGNITION_LIC,0
NI01PCBRHLT2022,ACTUAL_PREMIUM_CF_PAST_SERVICE,0
NI01PCBRHLT2022,ACTUAL_PREMIUM_CF_FUTURE_SERVICE,0
NI01PCBRHLT2022,ACTUAL_ACQUISITION_CF_PAST_SERVICE,0
NI01PCBRHLT2022,ACTUAL_ACQUISITION_CF_FUTURE_SERVICE,0
NI01PCBRHLT2022,ACTUAL_INV_COMP_PAYABLE,0
NI01PCBRHLT2022,ACTUAL_CHANGE_FV_FINANCIAL_UNDERLYING_ITEMS,0
NI01PCBRHLT2022,ACTUAL_CHANGE_FV_TECHNICAL_UNDERLYING_ITEMS,0
NI01PCBRHLT2022,FIN_RISK_MITIGATION,0
NI01PCBRHLT2022,RE_RISK_MITIGATION,0
NI01PCBRHLT2022,ACTUAL_COVERAGE_UNIT,0
NI01PCBRHLT2022,THEORETICAL_PREMIUM_DERECOGNITION_LRC,0
NI01PCBRHLT2022,THEORETICAL_PREMIUM_RECOGNITION,0
NI01PCBRHLT2022,ACTUAL_ACQUISITION_CF_BF_INIT_RECOG,0
NI01PCBRHLT2022,ACTUAL_COMMISSION_CF_PAST_SERVICE,0
NI01PCBRHLT2022,ACTUAL_COMMISSION_CF_FUTURE_SERVICE,0
NI01PCBRHLT2023,ACTUAL_PREMIUM_CF_PAST_SERVICE,0
NI01PCBRHLT2023,ACTUAL_PREMIUM_CF_FUTURE_SERVICE,0
NI01PCBRHLT2023,ACTUAL_ACQUISITION_CF_PAST_SERVICE,0
NI01PCBRHLT2023,ACTUAL_ACQUISITION_CF_FUTURE_SERVICE,0
NI01PCBRHLT2023,ACTUAL_INV_COMP_PAYABLE,0
NI01PCBRHLT2023,ACTUAL_CHANGE_FV_FINANCIAL_UNDERLYING_ITEMS,0
NI01PCBRHLT2023,ACTUAL_CHANGE_FV_TECHNICAL_UNDERLYING_ITEMS,0
NI01PCBRHLT2023,FIN_RISK_MITIGATION,0
NI01PCBRHLT2023,RE_RISK_MITIGATION,0
NI01PCBRHLT2023,ACTUAL_COVERAGE_UNIT,0
NI01PCBRHLT2023,THEORETICAL_PREMIUM_DERECOGNITION_LRC,0
NI01PCBRHLT2023,THEORETICAL_PREMIUM_RECOGNITION,0
NI01PCBRHLT2023,ACTUAL_ACQUISITION_CF_BF_INIT_RECOG,0
NI01PCBRHLT2023,ACTUAL_COMMISSION_CF_PAST_SERVICE,0
NI01PCBRHLT2023,ACTUAL_COMMISSION_CF_FUTURE_SERVICE,0
NI01PCBRHLT2024,ACTUAL_PREMIUM_CF_PAST_SERVICE,0
NI01PCBRHLT2024,ACTUAL_PREMIUM_CF_FUTURE_SERVICE,0
NI01PCBRHLT2024,ACTUAL_ACQUISITION_CF_PAST_SERVICE,0
NI01PCBRHLT2024,ACTUAL_ACQUISITION_CF_FUTURE_SERVICE,0
NI01PCBRHLT2024,ACTUAL_INV_COMP_PAYABLE,0
NI01PCBRHLT2024,ACTUAL_CHANGE_FV_FINANCIAL_UNDERLYING_ITEMS,0
NI01PCBRHLT2024,ACTUAL_CHANGE_FV_TECHNICAL_UNDERLYING_ITEMS,0
NI01PCBRHLT2024,FIN_RISK_MITIGATION,0
NI01PCBRHLT2024,RE_RISK_MITIGATION,0
NI01PCBRHLT2024,ACTUAL_COVERAGE_UNIT,0
NI01PCBRHLT2024,THEORETICAL_PREMIUM_DERECOGNITION_LRC,0
NI01PCBRHLT2024,THEORETICAL_PREMIUM_RECOGNITION,0
NI01PCBRHLT2024,ACTUAL_ACQUISITION_CF_BF_INIT_RECOG,0
NI01PCBRHLT2024,ACTUAL_COMMISSION_CF_PAST_SERVICE,0
NI01PCBRHLT2024,ACTUAL_COMMISSION_CF_FUTURE_SERVICE,0
NI01PCBRHLT2022,THEORETICAL_PREMIUM_DERECOGNITION_LIC,0
NI01PCBRHLT2023,THEORETICAL_PREMIUM_DERECOGNITION_LIC,0
NI01PCBRHLT2024,THEORETICAL_PREMIUM_DERECOGNITION_LIC,0
NI01PCECHLT2022,ACTUAL_PREMIUM_CF_PAST_SERVICE,0
NI01PCECHLT2022,ACTUAL_PREMIUM_CF_FUTURE_SERVICE,0
NI01PCECHLT2022,ACTUAL_ACQUISITION_CF_PAST_SERVICE,0
NI01PCECHLT2022,ACTUAL_ACQUISITION_CF_FUTURE_SERVICE,0
NI01PCECHLT2022,ACTUAL_INV_COMP_PAYABLE,0
NI01PCECHLT2022,ACTUAL_CHANGE_FV_FINANCIAL_UNDERLYING_ITEMS,0
NI01PCECHLT2022,ACTUAL_CHANGE_FV_TECHNICAL_UNDERLYING_ITEMS,0
NI01PCECHLT2022,FIN_RISK_MITIGATION,0
NI01PCECHLT2022,RE_RISK_MITIGATION,0
NI01PCECHLT2022,ACTUAL_COVERAGE_UNIT,0
NI01PCECHLT2022,THEORETICAL_PREMIUM_DERECOGNITION_LRC,0
NI01PCECHLT2022,THEORETICAL_PREMIUM_RECOGNITION,0
NI01PCECHLT2022,ACTUAL_ACQUISITION_CF_BF_INIT_RECOG,0
NI01PCECHLT2022,ACTUAL_COMMISSION_CF_PAST_SERVICE,0
NI01PCECHLT2022,ACTUAL_COMMISSION_CF_FUTURE_SERVICE,0
NI01PCECHLT2023,ACTUAL_PREMIUM_CF_PAST_SERVICE,0
NI01PCECHLT2023,ACTUAL_PREMIUM_CF_FUTURE_SERVICE,0
NI01PCECHLT2023,ACTUAL_ACQUISITION_CF_PAST_SERVICE,0
NI01PCECHLT2023,ACTUAL_ACQUISITION_CF_FUTURE_SERVICE,0
NI01PCECHLT2023,ACTUAL_INV_COMP_PAYABLE,0
NI01PCECHLT2023,ACTUAL_CHANGE_FV_FINANCIAL_UNDERLYING_ITEMS,0
NI01PCECHLT2023,ACTUAL_CHANGE_FV_TECHNICAL_UNDERLYING_ITEMS,0
NI01PCECHLT2023,FIN_RISK_MITIGATION,0
NI01PCECHLT2023,RE_RISK_MITIGATION,0
NI01PCECHLT2023,ACTUAL_COVERAGE_UNIT,0
NI01PCECHLT2023,THEORETICAL_PREMIUM_DERECOGNITION_LRC,0
NI01PCECHLT2023,THEORETICAL_PREMIUM_RECOGNITION,0
NI01PCECHLT2023,ACTUAL_ACQUISITION_CF_BF_INIT_RECOG,0
NI01PCECHLT2023,ACTUAL_COMMISSION_CF_PAST_SERVICE,0
NI01PCECHLT2023,ACTUAL_COMMISSION_CF_FUTURE_SERVICE,0
NI01PCECHLT2024,ACTUAL_PREMIUM_CF_PAST_SERVICE,0
NI01PCECHLT2024,ACTUAL_PREMIUM_CF_FUTURE_SERVICE,0
NI01PCECHLT2024,ACTUAL_ACQUISITION_CF_PAST_SERVICE,0
NI01PCECHLT2024,ACTUAL_ACQUISITION_CF_FUTURE_SERVICE,0
NI01PCECHLT2024,ACTUAL_INV_COMP_PAYABLE,0
NI01PCECHLT2024,ACTUAL_CHANGE_FV_FINANCIAL_UNDERLYING_ITEMS,0
NI01PCECHLT2024,ACTUAL_CHANGE_FV_TECHNICAL_UNDERLYING_ITEMS,0
NI01PCECHLT2024,FIN_RISK_MITIGATION,0
NI01PCECHLT2024,RE_RISK_MITIGATION,0
NI01PCECHLT2024,ACTUAL_COVERAGE_UNIT,0
NI01PCECHLT2024,THEORETICAL_PREMIUM_DERECOGNITION_LRC,0
NI01PCECHLT2024,THEORETICAL_PREMIUM_RECOGNITION,0
NI01PCECHLT2024,ACTUAL_ACQUISITION_CF_BF_INIT_RECOG,0
NI01PCECHLT2024,ACTUAL_COMMISSION_CF_PAST_SERVICE,0
NI01PCECHLT2024,ACTUAL_COMMISSION_CF_FUTURE_SERVICE,0
NI01PCECHLT2022,THEORETICAL_PREMIUM_DERECOGNITION_LIC,0
NI01PCECHLT2023,THEORETICAL_PREMIUM_DERECOGNITION_LIC,0
NI01PCECHLT2024,THEORETICAL_PREMIUM_DERECOGNITION_LIC,0
NI01PCGOHLT2022,ACTUAL_PREMIUM_CF_PAST_SERVICE,0
NI01PCGOHLT2022,ACTUAL_PREMIUM_CF_FUTURE_SERVICE,0
NI01PCGOHLT2022,ACTUAL_ACQUISITION_CF_PAST_SERVICE,0
NI01PCGOHLT2022,ACTUAL_ACQUISITION_CF_FUTURE_SERVICE,0
NI01PCGOHLT2022,ACTUAL_INV_COMP_PAYABLE,0
NI01PCGOHLT2022,ACTUAL_CHANGE_FV_FINANCIAL_UNDERLYING_ITEMS,0
NI01PCGOHLT2022,ACTUAL_CHANGE_FV_TECHNICAL_UNDERLYING_ITEMS,0
NI01PCGOHLT2022,FIN_RISK_MITIGATION,0
NI01PCGOHLT2022,RE_RISK_MITIGATION,0
NI01PCGOHLT2022,ACTUAL_COVERAGE_UNIT,0
NI01PCGOHLT2022,THEORETICAL_PREMIUM_DERECOGNITION_LRC,0
NI01PCGOHLT2022,THEORETICAL_PREMIUM_RECOGNITION,0
NI01PCGOHLT2022,ACTUAL_ACQUISITION_CF_BF_INIT_RECOG,0
NI01PCGOHLT2022,ACTUAL_COMMISSION_CF_PAST_SERVICE,0
NI01PCGOHLT2022,ACTUAL_COMMISSION_CF_FUTURE_SERVICE,0
NI01PCGOHLT2023,ACTUAL_PREMIUM_CF_PAST_SERVICE,0
NI01PCGOHLT2023,ACTUAL_PREMIUM_CF_FUTURE_SERVICE,0
NI01PCGOHLT2023,ACTUAL_ACQUISITION_CF_PAST_SERVICE,0
NI01PCGOHLT2023,ACTUAL_ACQUISITION_CF_FUTURE_SERVICE,0
NI01PCGOHLT2023,ACTUAL_INV_COMP_PAYABLE,0
NI01PCGOHLT2023,ACTUAL_CHANGE_FV_FINANCIAL_UNDERLYING_ITEMS,0
NI01PCGOHLT2023,ACTUAL_CHANGE_FV_TECHNICAL_UNDERLYING_ITEMS,0
NI01PCGOHLT2023,FIN_RISK_MITIGATION,0
NI01PCGOHLT2023,RE_RISK_MITIGATION,0
NI01PCGOHLT2023,ACTUAL_COVERAGE_UNIT,0
NI01PCGOHLT2023,THEORETICAL_PREMIUM_DERECOGNITION_LRC,0
NI01PCGOHLT2023,THEORETICAL_PREMIUM_RECOGNITION,0
NI01PCGOHLT2023,ACTUAL_ACQUISITION_CF_BF_INIT_RECOG,0
NI01PCGOHLT2023,ACTUAL_COMMISSION_CF_PAST_SERVICE,0
NI01PCGOHLT2023,ACTUAL_COMMISSION_CF_FUTURE_SERVICE,0
NI01PCGOHLT2024,ACTUAL_PREMIUM_CF_PAST_SERVICE,0
NI01PCGOHLT2024,ACTUAL_PREMIUM_CF_FUTURE_SERVICE,0
NI01PCGOHLT2024,ACTUAL_ACQUISITION_CF_PAST_SERVICE,0
NI01PCGOHLT2024,ACTUAL_ACQUISITION_CF_FUTURE_SERVICE,0
NI01PCGOHLT2024,ACTUAL_INV_COMP_PAYABLE,0
NI01PCGOHLT2024,ACTUAL_CHANGE_FV_FINANCIAL_UNDERLYING_ITEMS,0
NI01PCGOHLT2024,ACTUAL_CHANGE_FV_TECHNICAL_UNDERLYING_ITEMS,0
NI01PCGOHLT2024,FIN_RISK_MITIGATION,0
NI01PCGOHLT2024,RE_RISK_MITIGATION,0
NI01PCGOHLT2024,ACTUAL_COVERAGE_UNIT,0
NI01PCGOHLT2024,THEORETICAL_PREMIUM_DERECOGNITION_LRC,0
NI01PCGOHLT2024,THEORETICAL_PREMIUM_RECOGNITION,0
NI01PCGOHLT2024,ACTUAL_ACQUISITION_CF_BF_INIT_RECOG,0
NI01PCGOHLT2024,ACTUAL_COMMISSION_CF_PAST_SERVICE,0
NI01PCGOHLT2024,ACTUAL_COMMISSION_CF_FUTURE_SERVICE,0
NI01PCGOHLT2022,THEORETICAL_PREMIUM_DERECOGNITION_LIC,0
NI01PCGOHLT2023,THEORETICAL_PREMIUM_DERECOGNITION_LIC,0
NI01PCGOHLT2024,THEORETICAL_PREMIUM_DERECOGNITION_LIC,0
NI01PCPLHLT2022,ACTUAL_PREMIUM_CF_PAST_SERVICE,0
NI01PCPLHLT2022,ACTUAL_PREMIUM_CF_FUTURE_SERVICE,0
NI01PCPLHLT2022,ACTUAL_ACQUISITION_CF_PAST_SERVICE,0
NI01PCPLHLT2022,ACTUAL_ACQUISITION_CF_FUTURE_SERVICE,0
NI01PCPLHLT2022,ACTUAL_INV_COMP_PAYABLE,0
NI01PCPLHLT2022,ACTUAL_CHANGE_FV_FINANCIAL_UNDERLYING_ITEMS,0
NI01PCPLHLT2022,ACTUAL_CHANGE_FV_TECHNICAL_UNDERLYING_ITEMS,0
NI01PCPLHLT2022,FIN_RISK_MITIGATION,0
NI01PCPLHLT2022,RE_RISK_MITIGATION,0
NI01PCPLHLT2022,ACTUAL_COVERAGE_UNIT,0
NI01PCPLHLT2022,THEORETICAL_PREMIUM_DERECOGNITION_LRC,0
NI01PCPLHLT2022,THEORETICAL_PREMIUM_RECOGNITION,0
NI01PCPLHLT2022,ACTUAL_ACQUISITION_CF_BF_INIT_RECOG,0
NI01PCPLHLT2022,ACTUAL_COMMISSION_CF_PAST_SERVICE,0
NI01PCPLHLT2022,ACTUAL_COMMISSION_CF_FUTURE_SERVICE,0
NI01PCPLHLT2023,ACTUAL_PREMIUM_CF_PAST_SERVICE,0
NI01PCPLHLT2023,ACTUAL_PREMIUM_CF_FUTURE_SERVICE,0
NI01PCPLHLT2023,ACTUAL_ACQUISITION_CF_PAST_SERVICE,0
NI01PCPLHLT2023,ACTUAL_ACQUISITION_CF_FUTURE_SERVICE,0
NI01PCPLHLT2023,ACTUAL_INV_COMP_PAYABLE,0
NI01PCPLHLT2023,ACTUAL_CHANGE_FV_FINANCIAL_UNDERLYING_ITEMS,0
NI01PCPLHLT2023,ACTUAL_CHANGE_FV_TECHNICAL_UNDERLYING_ITEMS,0
NI01PCPLHLT2023,FIN_RISK_MITIGATION,0
NI01PCPLHLT2023,RE_RISK_MITIGATION,0
NI01PCPLHLT2023,ACTUAL_COVERAGE_UNIT,0
NI01PCPLHLT2023,THEORETICAL_PREMIUM_DERECOGNITION_LRC,0
NI01PCPLHLT2023,THEORETICAL_PREMIUM_RECOGNITION,0
NI01PCPLHLT2023,ACTUAL_ACQUISITION_CF_BF_INIT_RECOG,0
NI01PCPLHLT2023,ACTUAL_COMMISSION_CF_PAST_SERVICE,0
NI01PCPLHLT2023,ACTUAL_COMMISSION_CF_FUTURE_SERVICE,0
NI01PCPLHLT2024,ACTUAL_PREMIUM_CF_PAST_SERVICE,0
NI01PCPLHLT2024,ACTUAL_PREMIUM_CF_FUTURE_SERVICE,0
NI01PCPLHLT2024,ACTUAL_ACQUISITION_CF_PAST_SERVICE,0
NI01PCPLHLT2024,ACTUAL_ACQUISITION_CF_FUTURE_SERVICE,0
NI01PCPLHLT2024,ACTUAL_INV_COMP_PAYABLE,0
NI01PCPLHLT2024,ACTUAL_CHANGE_FV_FINANCIAL_UNDERLYING_ITEMS,0
NI01PCPLHLT2024,ACTUAL_CHANGE_FV_TECHNICAL_UNDERLYING_ITEMS,0
NI01PCPLHLT2024,FIN_RISK_MITIGATION,0
NI01PCPLHLT2024,RE_RISK_MITIGATION,0
NI01PCPLHLT2024,ACTUAL_COVERAGE_UNIT,0
NI01PCPLHLT2024,THEORETICAL_PREMIUM_DERECOGNITION_LRC,0
NI01PCPLHLT2024,THEORETICAL_PREMIUM_RECOGNITION,0
NI01PCPLHLT2024,ACTUAL_ACQUISITION_CF_BF_INIT_RECOG,0
NI01PCPLHLT2024,ACTUAL_COMMISSION_CF_PAST_SERVICE,0
NI01PCPLHLT2024,ACTUAL_COMMISSION_CF_FUTURE_SERVICE,0
NI01PCPLHLT2022,THEORETICAL_PREMIUM_DERECOGNITION_LIC,0
NI01PCPLHLT2023,THEORETICAL_PREMIUM_DERECOGNITION_LIC,0
NI01PCPLHLT2024,THEORETICAL_PREMIUM_DERECOGNITION_LIC,0
NI01PCSIHLT2022,ACTUAL_PREMIUM_CF_PAST_SERVICE,0
NI01PCSIHLT2022,ACTUAL_PREMIUM_CF_FUTURE_SERVICE,0
NI01PCSIHLT2022,ACTUAL_ACQUISITION_CF_PAST_SERVICE,0
NI01PCSIHLT2022,ACTUAL_ACQUISITION_CF_FUTURE_SERVICE,0
NI01PCSIHLT2022,ACTUAL_INV_COMP_PAYABLE,0
NI01PCSIHLT2022,ACTUAL_CHANGE_FV_FINANCIAL_UNDERLYING_ITEMS,0
NI01PCSIHLT2022,ACTUAL_CHANGE_FV_TECHNICAL_UNDERLYING_ITEMS,0
NI01PCSIHLT2022,FIN_RISK_MITIGATION,0
NI01PCSIHLT2022,RE_RISK_MITIGATION,0
NI01PCSIHLT2022,ACTUAL_COVERAGE_UNIT,0
NI01PCSIHLT2022,THEORETICAL_PREMIUM_DERECOGNITION_LRC,0
NI01PCSIHLT2022,THEORETICAL_PREMIUM_RECOGNITION,0
NI01PCSIHLT2022,ACTUAL_ACQUISITION_CF_BF_INIT_RECOG,0
NI01PCSIHLT2022,ACTUAL_COMMISSION_CF_PAST_SERVICE,0
NI01PCSIHLT2022,ACTUAL_COMMISSION_CF_FUTURE_SERVICE,0
NI01PCSIHLT2023,ACTUAL_PREMIUM_CF_PAST_SERVICE,0
NI01PCSIHLT2023,ACTUAL_PREMIUM_CF_FUTURE_SERVICE,0
NI01PCSIHLT2023,ACTUAL_ACQUISITION_CF_PAST_SERVICE,0
NI01PCSIHLT2023,ACTUAL_ACQUISITION_CF_FUTURE_SERVICE,0
NI01PCSIHLT2023,ACTUAL_INV_COMP_PAYABLE,0
NI01PCSIHLT2023,ACTUAL_CHANGE_FV_FINANCIAL_UNDERLYING_ITEMS,0
NI01PCSIHLT2023,ACTUAL_CHANGE_FV_TECHNICAL_UNDERLYING_ITEMS,0
NI01PCSIHLT2023,FIN_RISK_MITIGATION,0
NI01PCSIHLT2023,RE_RISK_MITIGATION,0
NI01PCSIHLT2023,ACTUAL_COVERAGE_UNIT,0
NI01PCSIHLT2023,THEORETICAL_PREMIUM_DERECOGNITION_LRC,0
NI01PCSIHLT2023,THEORETICAL_PREMIUM_RECOGNITION,0
NI01PCSIHLT2023,ACTUAL_ACQUISITION_CF_BF_INIT_RECOG,0
NI01PCSIHLT2023,ACTUAL_COMMISSION_CF_PAST_SERVICE,0
NI01PCSIHLT2023,ACTUAL_COMMISSION_CF_FUTURE_SERVICE,0
NI01PCSIHLT2024,ACTUAL_PREMIUM_CF_PAST_SERVICE,0
NI01PCSIHLT2024,ACTUAL_PREMIUM_CF_FUTURE_SERVICE,0
NI01PCSIHLT2024,ACTUAL_ACQUISITION_CF_PAST_SERVICE,0
NI01PCSIHLT2024,ACTUAL_ACQUISITION_CF_FUTURE_SERVICE,0
NI01PCSIHLT2024,ACTUAL_INV_COMP_PAYABLE,0
NI01PCSIHLT2024,ACTUAL_CHANGE_FV_FINANCIAL_UNDERLYING_ITEMS,0
NI01PCSIHLT2024,ACTUAL_CHANGE_FV_TECHNICAL_UNDERLYING_ITEMS,0
NI01PCSIHLT2024,FIN_RISK_MITIGATION,0
NI01PCSIHLT2024,RE_RISK_MITIGATION,0
NI01PCSIHLT2024,ACTUAL_COVERAGE_UNIT,0
NI01PCSIHLT2024,THEORETICAL_PREMIUM_DERECOGNITION_LRC,0
NI01PCSIHLT2024,THEORETICAL_PREMIUM_RECOGNITION,0
NI01PCSIHLT2024,ACTUAL_ACQUISITION_CF_BF_INIT_RECOG,0
NI01PCSIHLT2024,ACTUAL_COMMISSION_CF_PAST_SERVICE,0
NI01PCSIHLT2024,ACTUAL_COMMISSION_CF_FUTURE_SERVICE,0
NI01PCSIHLT2022,THEORETICAL_PREMIUM_DERECOGNITION_LIC,0
NI01PCSIHLT2023,THEORETICAL_PREMIUM_DERECOGNITION_LIC,0
NI01PCSIHLT2024,THEORETICAL_PREMIUM_DERECOGNITION_LIC,0
NI01PIMEHLT2022,ACTUAL_PREMIUM_CF_PAST_SERVICE,0
NI01PIMEHLT2022,ACTUAL_PREMIUM_CF_FUTURE_SERVICE,0
NI01PIMEHLT2022,ACTUAL_ACQUISITION_CF_PAST_SERVICE,0
NI01PIMEHLT2022,ACTUAL_ACQUISITION_CF_FUTURE_SERVICE,0
NI01PIMEHLT2022,ACTUAL_INV_COMP_PAYABLE,0
NI01PIMEHLT2022,ACTUAL_CHANGE_FV_FINANCIAL_UNDERLYING_ITEMS,0
NI01PIMEHLT2022,ACTUAL_CHANGE_FV_TECHNICAL_UNDERLYING_ITEMS,0
NI01PIMEHLT2022,FIN_RISK_MITIGATION,0
NI01PIMEHLT2022,RE_RISK_MITIGATION,0
NI01PIMEHLT2022,ACTUAL_COVERAGE_UNIT,0
NI01PIMEHLT2022,THEORETICAL_PREMIUM_DERECOGNITION_LRC,0
NI01PIMEHLT2022,THEORETICAL_PREMIUM_RECOGNITION,0
NI01PIMEHLT2022,ACTUAL_ACQUISITION_CF_BF_INIT_RECOG,0
NI01PIMEHLT2022,ACTUAL_COMMISSION_CF_PAST_SERVICE,0
NI01PIMEHLT2022,ACTUAL_COMMISSION_CF_FUTURE_SERVICE,0
NI01PIMEHLT2023,ACTUAL_PREMIUM_CF_PAST_SERVICE,0
NI01PIMEHLT2023,ACTUAL_PREMIUM_CF_FUTURE_SERVICE,0
NI01PIMEHLT2023,ACTUAL_ACQUISITION_CF_PAST_SERVICE,0
NI01PIMEHLT2023,ACTUAL_ACQUISITION_CF_FUTURE_SERVICE,0
NI01PIMEHLT2023,ACTUAL_INV_COMP_PAYABLE,0
NI01PIMEHLT2023,ACTUAL_CHANGE_FV_FINANCIAL_UNDERLYING_ITEMS,0
NI01PIMEHLT2023,ACTUAL_CHANGE_FV_TECHNICAL_UNDERLYING_ITEMS,0
NI01PIMEHLT2023,FIN_RISK_MITIGATION,0
NI01PIMEHLT2023,RE_RISK_MITIGATION,0
NI01PIMEHLT2023,ACTUAL_COVERAGE_UNIT,0
NI01PIMEHLT2023,THEORETICAL_PREMIUM_DERECOGNITION_LRC,0
NI01PIMEHLT2023,THEORETICAL_PREMIUM_RECOGNITION,0
NI01PIMEHLT2023,ACTUAL_ACQUISITION_CF_BF_INIT_RECOG,0
NI01PIMEHLT2023,ACTUAL_COMMISSION_CF_PAST_SERVICE,0
NI01PIMEHLT2023,ACTUAL_COMMISSION_CF_FUTURE_SERVICE,0
NI01PIMEHLT2024,ACTUAL_PREMIUM_CF_PAST_SERVICE,0
NI01PIMEHLT2024,ACTUAL_PREMIUM_CF_FUTURE_SERVICE,0
NI01PIMEHLT2024,ACTUAL_ACQUISITION_CF_PAST_SERVICE,0
NI01PIMEHLT2024,ACTUAL_ACQUISITION_CF_FUTURE_SERVICE,0
NI01PIMEHLT2024,ACTUAL_INV_COMP_PAYABLE,0
NI01PIMEHLT2024,ACTUAL_CHANGE_FV_FINANCIAL_UNDERLYING_ITEMS,0
NI01PIMEHLT2024,ACTUAL_CHANGE_FV_TECHNICAL_UNDERLYING_ITEMS,0
NI01PIMEHLT2024,FIN_RISK_MITIGATION,0
NI01PIMEHLT2024,RE_RISK_MITIGATION,0
NI01PIMEHLT2024,ACTUAL_COVERAGE_UNIT,0
NI01PIMEHLT2024,THEORETICAL_PREMIUM_DERECOGNITION_LRC,0
NI01PIMEHLT2024,THEORETICAL_PREMIUM_RECOGNITION,0
NI01PIMEHLT2024,ACTUAL_ACQUISITION_CF_BF_INIT_RECOG,0
NI01PIMEHLT2024,ACTUAL_COMMISSION_CF_PAST_SERVICE,0
NI01PIMEHLT2024,ACTUAL_COMMISSION_CF_FUTURE_SERVICE,0
NI01PIMEHLT2022,THEORETICAL_PREMIUM_DERECOGNITION_LIC,0
NI01PIMEHLT2023,THEORETICAL_PREMIUM_DERECOGNITION_LIC,0
NI01PIMEHLT2024,THEORETICAL_PREMIUM_DERECOGNITION_LIC,0
NI01PPBRHLT2022,ACTUAL_PREMIUM_CF_PAST_SERVICE,0
NI01PPBRHLT2022,ACTUAL_PREMIUM_CF_FUTURE_SERVICE,0
NI01PPBRHLT2022,ACTUAL_ACQUISITION_CF_PAST_SERVICE,0
NI01PPBRHLT2022,ACTUAL_ACQUISITION_CF_FUTURE_SERVICE,0
NI01PPBRHLT2022,ACTUAL_INV_COMP_PAYABLE,0
NI01PPBRHLT2022,ACTUAL_CHANGE_FV_FINANCIAL_UNDERLYING_ITEMS,0
NI01PPBRHLT2022,ACTUAL_CHANGE_FV_TECHNICAL_UNDERLYING_ITEMS,0
NI01PPBRHLT2022,FIN_RISK_MITIGATION,0
NI01PPBRHLT2022,RE_RISK_MITIGATION,0
NI01PPBRHLT2022,ACTUAL_COVERAGE_UNIT,0
NI01PPBRHLT2022,THEORETICAL_PREMIUM_DERECOGNITION_LRC,0
NI01PPBRHLT2022,THEORETICAL_PREMIUM_RECOGNITION,0
NI01PPBRHLT2022,ACTUAL_ACQUISITION_CF_BF_INIT_RECOG,0
NI01PPBRHLT2022,ACTUAL_COMMISSION_CF_PAST_SERVICE,0
NI01PPBRHLT2022,ACTUAL_COMMISSION_CF_FUTURE_SERVICE,0
NI01PPBRHLT2023,ACTUAL_PREMIUM_CF_PAST_SERVICE,0
NI01PPBRHLT2023,ACTUAL_PREMIUM_CF_FUTURE_SERVICE,0
NI01PPBRHLT2023,ACTUAL_ACQUISITION_CF_PAST_SERVICE,0
NI01PPBRHLT2023,ACTUAL_ACQUISITION_CF_FUTURE_SERVICE,0
NI01PPBRHLT2023,ACTUAL_INV_COMP_PAYABLE,0
NI01PPBRHLT2023,ACTUAL_CHANGE_FV_FINANCIAL_UNDERLYING_ITEMS,0
NI01PPBRHLT2023,ACTUAL_CHANGE_FV_TECHNICAL_UNDERLYING_ITEMS,0
NI01PPBRHLT2023,FIN_RISK_MITIGATION,0
NI01PPBRHLT2023,RE_RISK_MITIGATION,0
NI01PPBRHLT2023,ACTUAL_COVERAGE_UNIT,0
NI01PPBRHLT2023,THEORETICAL_PREMIUM_DERECOGNITION_LRC,0
NI01PPBRHLT2023,THEORETICAL_PREMIUM_RECOGNITION,0
NI01PPBRHLT2023,ACTUAL_ACQUISITION_CF_BF_INIT_RECOG,0
NI01PPBRHLT2023,ACTUAL_COMMISSION_CF_PAST_SERVICE,0
NI01PPBRHLT2023,ACTUAL_COMMISSION_CF_FUTURE_SERVICE,0
NI01PPBRHLT2024,ACTUAL_PREMIUM_CF_PAST_SERVICE,0
NI01PPBRHLT2024,ACTUAL_PREMIUM_CF_FUTURE_SERVICE,0
NI01PPBRHLT2024,ACTUAL_ACQUISITION_CF_PAST_SERVICE,0
NI01PPBRHLT2024,ACTUAL_ACQUISITION_CF_FUTURE_SERVICE,0
NI01PPBRHLT2024,ACTUAL_INV_COMP_PAYABLE,0
NI01PPBRHLT2024,ACTUAL_CHANGE_FV_FINANCIAL_UNDERLYING_ITEMS,0
NI01PPBRHLT2024,ACTUAL_CHANGE_FV_TECHNICAL_UNDERLYING_ITEMS,0
NI01PPBRHLT2024,FIN_RISK_MITIGATION,0
NI01PPBRHLT2024,RE_RISK_MITIGATION,0
NI01PPBRHLT2024,ACTUAL_COVERAGE_UNIT,0
NI01PPBRHLT2024,THEORETICAL_PREMIUM_DERECOGNITION_LRC,0
NI01PPBRHLT2024,THEORETICAL_PREMIUM_RECOGNITION,0
NI01PPBRHLT2024,ACTUAL_ACQUISITION_CF_BF_INIT_RECOG,0
NI01PPBRHLT2024,ACTUAL_COMMISSION_CF_PAST_SERVICE,0
NI01PPBRHLT2024,ACTUAL_COMMISSION_CF_FUTURE_SERVICE,0
NI01PPBRHLT2022,THEORETICAL_PREMIUM_DERECOGNITION_LIC,0
NI01PPBRHLT2023,THEORETICAL_PREMIUM_DERECOGNITION_LIC,0
NI01PPBRHLT2024,THEORETICAL_PREMIUM_DERECOGNITION_LIC,0
NI01PPGOHLT2022,ACTUAL_PREMIUM_CF_PAST_SERVICE,0
NI01PPGOHLT2022,ACTUAL_PREMIUM_CF_FUTURE_SERVICE,0
NI01PPGOHLT2022,ACTUAL_ACQUISITION_CF_PAST_SERVICE,0
NI01PPGOHLT2022,ACTUAL_ACQUISITION_CF_FUTURE_SERVICE,0
NI01PPGOHLT2022,ACTUAL_INV_COMP_PAYABLE,0
NI01PPGOHLT2022,ACTUAL_CHANGE_FV_FINANCIAL_UNDERLYING_ITEMS,0
NI01PPGOHLT2022,ACTUAL_CHANGE_FV_TECHNICAL_UNDERLYING_ITEMS,0
NI01PPGOHLT2022,FIN_RISK_MITIGATION,0
NI01PPGOHLT2022,RE_RISK_MITIGATION,0
NI01PPGOHLT2022,ACTUAL_COVERAGE_UNIT,0
NI01PPGOHLT2022,THEORETICAL_PREMIUM_DERECOGNITION_LRC,0
NI01PPGOHLT2022,THEORETICAL_PREMIUM_RECOGNITION,0
NI01PPGOHLT2022,ACTUAL_ACQUISITION_CF_BF_INIT_RECOG,0
NI01PPGOHLT2022,ACTUAL_COMMISSION_CF_PAST_SERVICE,0
NI01PPGOHLT2022,ACTUAL_COMMISSION_CF_FUTURE_SERVICE,0
NI01PPGOHLT2023,ACTUAL_PREMIUM_CF_PAST_SERVICE,0
NI01PPGOHLT2023,ACTUAL_PREMIUM_CF_FUTURE_SERVICE,0
NI01PPGOHLT2023,ACTUAL_ACQUISITION_CF_PAST_SERVICE,0
NI01PPGOHLT2023,ACTUAL_ACQUISITION_CF_FUTURE_SERVICE,0
NI01PPGOHLT2023,ACTUAL_INV_COMP_PAYABLE,0
NI01PPGOHLT2023,ACTUAL_CHANGE_FV_FINANCIAL_UNDERLYING_ITEMS,0
NI01PPGOHLT2023,ACTUAL_CHANGE_FV_TECHNICAL_UNDERLYING_ITEMS,0
NI01PPGOHLT2023,FIN_RISK_MITIGATION,0
NI01PPGOHLT2023,RE_RISK_MITIGATION,0
NI01PPGOHLT2023,ACTUAL_COVERAGE_UNIT,0
NI01PPGOHLT2023,THEORETICAL_PREMIUM_DERECOGNITION_LRC,0
NI01PPGOHLT2023,THEORETICAL_PREMIUM_RECOGNITION,0
NI01PPGOHLT2023,ACTUAL_ACQUISITION_CF_BF_INIT_RECOG,0
NI01PPGOHLT2023,ACTUAL_COMMISSION_CF_PAST_SERVICE,0
NI01PPGOHLT2023,ACTUAL_COMMISSION_CF_FUTURE_SERVICE,0
NI01PPGOHLT2024,ACTUAL_PREMIUM_CF_PAST_SERVICE,0
NI01PPGOHLT2024,ACTUAL_PREMIUM_CF_FUTURE_SERVICE,0
NI01PPGOHLT2024,ACTUAL_ACQUISITION_CF_PAST_SERVICE,0
NI01PPGOHLT2024,ACTUAL_ACQUISITION_CF_FUTURE_SERVICE,0
NI01PPGOHLT2024,ACTUAL_INV_COMP_PAYABLE,0
NI01PPGOHLT2024,ACTUAL_CHANGE_FV_FINANCIAL_UNDERLYING_ITEMS,0
NI01PPGOHLT2024,ACTUAL_CHANGE_FV_TECHNICAL_UNDERLYING_ITEMS,0
NI01PPGOHLT2024,FIN_RISK_MITIGATION,0
NI01PPGOHLT2024,RE_RISK_MITIGATION,0
NI01PPGOHLT2024,ACTUAL_COVERAGE_UNIT,0
NI01PPGOHLT2024,THEORETICAL_PREMIUM_DERECOGNITION_LRC,0
NI01PPGOHLT2024,THEORETICAL_PREMIUM_RECOGNITION,0
NI01PPGOHLT2024,ACTUAL_ACQUISITION_CF_BF_INIT_RECOG,0
NI01PPGOHLT2024,ACTUAL_COMMISSION_CF_PAST_SERVICE,0
NI01PPGOHLT2024,ACTUAL_COMMISSION_CF_FUTURE_SERVICE,0
NI01PPGOHLT2022,THEORETICAL_PREMIUM_DERECOGNITION_LIC,0
NI01PPGOHLT2023,THEORETICAL_PREMIUM_DERECOGNITION_LIC,0
NI01PPGOHLT2024,THEORETICAL_PREMIUM_DERECOGNITION_LIC,0
NI01PPPLHLT2022,ACTUAL_PREMIUM_CF_PAST_SERVICE,0
NI01PPPLHLT2022,ACTUAL_PREMIUM_CF_FUTURE_SERVICE,0
NI01PPPLHLT2022,ACTUAL_ACQUISITION_CF_PAST_SERVICE,0
NI01PPPLHLT2022,ACTUAL_ACQUISITION_CF_FUTURE_SERVICE,0
NI01PPPLHLT2022,ACTUAL_INV_COMP_PAYABLE,0
NI01PPPLHLT2022,ACTUAL_CHANGE_FV_FINANCIAL_UNDERLYING_ITEMS,0
NI01PPPLHLT2022,ACTUAL_CHANGE_FV_TECHNICAL_UNDERLYING_ITEMS,0
NI01PPPLHLT2022,FIN_RISK_MITIGATION,0
NI01PPPLHLT2022,RE_RISK_MITIGATION,0
NI01PPPLHLT2022,ACTUAL_COVERAGE_UNIT,0
NI01PPPLHLT2022,THEORETICAL_PREMIUM_DERECOGNITION_LRC,0
NI01PPPLHLT2022,THEORETICAL_PREMIUM_RECOGNITION,0
NI01PPPLHLT2022,ACTUAL_ACQUISITION_CF_BF_INIT_RECOG,0
NI01PPPLHLT2022,ACTUAL_COMMISSION_CF_PAST_SERVICE,0
NI01PPPLHLT2022,ACTUAL_COMMISSION_CF_FUTURE_SERVICE,0
NI01PPPLHLT2023,ACTUAL_PREMIUM_CF_PAST_SERVICE,0
NI01PPPLHLT2023,ACTUAL_PREMIUM_CF_FUTURE_SERVICE,0
NI01PPPLHLT2023,ACTUAL_ACQUISITION_CF_PAST_SERVICE,0
NI01PPPLHLT2023,ACTUAL_ACQUISITION_CF_FUTURE_SERVICE,0
NI01PPPLHLT2023,ACTUAL_INV_COMP_PAYABLE,0
NI01PPPLHLT2023,ACTUAL_CHANGE_FV_FINANCIAL_UNDERLYING_ITEMS,0
NI01PPPLHLT2023,ACTUAL_CHANGE_FV_TECHNICAL_UNDERLYING_ITEMS,0
NI01PPPLHLT2023,FIN_RISK_MITIGATION,0
NI01PPPLHLT2023,RE_RISK_MITIGATION,0
NI01PPPLHLT2023,ACTUAL_COVERAGE_UNIT,0
NI01PPPLHLT2023,THEORETICAL_PREMIUM_DERECOGNITION_LRC,0
NI01PPPLHLT2023,THEORETICAL_PREMIUM_RECOGNITION,0
NI01PPPLHLT2023,ACTUAL_ACQUISITION_CF_BF_INIT_RECOG,0
NI01PPPLHLT2023,ACTUAL_COMMISSION_CF_PAST_SERVICE,0
NI01PPPLHLT2023,ACTUAL_COMMISSION_CF_FUTURE_SERVICE,0
NI01PPPLHLT2024,ACTUAL_PREMIUM_CF_PAST_SERVICE,0
NI01PPPLHLT2024,ACTUAL_PREMIUM_CF_FUTURE_SERVICE,0
NI01PPPLHLT2024,ACTUAL_ACQUISITION_CF_PAST_SERVICE,0
NI01PPPLHLT2024,ACTUAL_ACQUISITION_CF_FUTURE_SERVICE,0
NI01PPPLHLT2024,ACTUAL_INV_COMP_PAYABLE,0
NI01PPPLHLT2024,ACTUAL_CHANGE_FV_FINANCIAL_UNDERLYING_ITEMS,0
NI01PPPLHLT2024,ACTUAL_CHANGE_FV_TECHNICAL_UNDERLYING_ITEMS,0
NI01PPPLHLT2024,FIN_RISK_MITIGATION,0
NI01PPPLHLT2024,RE_RISK_MITIGATION,0
NI01PPPLHLT2024,ACTUAL_COVERAGE_UNIT,0
NI01PPPLHLT2024,THEORETICAL_PREMIUM_DERECOGNITION_LRC,0
NI01PPPLHLT2024,THEORETICAL_PREMIUM_RECOGNITION,0
NI01PPPLHLT2024,ACTUAL_ACQUISITION_CF_BF_INIT_RECOG,0
NI01PPPLHLT2024,ACTUAL_COMMISSION_CF_PAST_SERVICE,0
NI01PPPLHLT2024,ACTUAL_COMMISSION_CF_FUTURE_SERVICE,0
NI01PPPLHLT2022,THEORETICAL_PREMIUM_DERECOGNITION_LIC,0
NI01PPPLHLT2023,THEORETICAL_PREMIUM_DERECOGNITION_LIC,0
NI01PPPLHLT2024,THEORETICAL_PREMIUM_DERECOGNITION_LIC,0
NI01PPSIHLT2022,ACTUAL_PREMIUM_CF_PAST_SERVICE,0
NI01PPSIHLT2022,ACTUAL_PREMIUM_CF_FUTURE_SERVICE,0
NI01PPSIHLT2022,ACTUAL_ACQUISITION_CF_PAST_SERVICE,0
NI01PPSIHLT2022,ACTUAL_ACQUISITION_CF_FUTURE_SERVICE,0
NI01PPSIHLT2022,ACTUAL_INV_COMP_PAYABLE,0
NI01PPSIHLT2022,ACTUAL_CHANGE_FV_FINANCIAL_UNDERLYING_ITEMS,0
NI01PPSIHLT2022,ACTUAL_CHANGE_FV_TECHNICAL_UNDERLYING_ITEMS,0
NI01PPSIHLT2022,FIN_RISK_MITIGATION,0
NI01PPSIHLT2022,RE_RISK_MITIGATION,0
NI01PPSIHLT2022,ACTUAL_COVERAGE_UNIT,0
NI01PPSIHLT2022,THEORETICAL_PREMIUM_DERECOGNITION_LRC,0
NI01PPSIHLT2022,THEORETICAL_PREMIUM_RECOGNITION,0
NI01PPSIHLT2022,ACTUAL_ACQUISITION_CF_BF_INIT_RECOG,0
NI01PPSIHLT2022,ACTUAL_COMMISSION_CF_PAST_SERVICE,0
NI01PPSIHLT2022,ACTUAL_COMMISSION_CF_FUTURE_SERVICE,0
NI01PPSIHLT2023,ACTUAL_PREMIUM_CF_PAST_SERVICE,0
NI01PPSIHLT2023,ACTUAL_PREMIUM_CF_FUTURE_SERVICE,0
NI01PPSIHLT2023,ACTUAL_ACQUISITION_CF_PAST_SERVICE,0
NI01PPSIHLT2023,ACTUAL_ACQUISITION_CF_FUTURE_SERVICE,0
NI01PPSIHLT2023,ACTUAL_INV_COMP_PAYABLE,0
NI01PPSIHLT2023,ACTUAL_CHANGE_FV_FINANCIAL_UNDERLYING_ITEMS,0
NI01PPSIHLT2023,ACTUAL_CHANGE_FV_TECHNICAL_UNDERLYING_ITEMS,0
NI01PPSIHLT2023,FIN_RISK_MITIGATION,0
NI01PPSIHLT2023,RE_RISK_MITIGATION,0
NI01PPSIHLT2023,ACTUAL_COVERAGE_UNIT,0
NI01PPSIHLT2023,THEORETICAL_PREMIUM_DERECOGNITION_LRC,0
NI01PPSIHLT2023,THEORETICAL_PREMIUM_RECOGNITION,0
NI01PPSIHLT2023,ACTUAL_ACQUISITION_CF_BF_INIT_RECOG,0
NI01PPSIHLT2023,ACTUAL_COMMISSION_CF_PAST_SERVICE,0
NI01PPSIHLT2023,ACTUAL_COMMISSION_CF_FUTURE_SERVICE,0
NI01PPSIHLT2024,ACTUAL_PREMIUM_CF_PAST_SERVICE,0
NI01PPSIHLT2024,ACTUAL_PREMIUM_CF_FUTURE_SERVICE,0
NI01PPSIHLT2024,ACTUAL_ACQUISITION_CF_PAST_SERVICE,0
NI01PPSIHLT2024,ACTUAL_ACQUISITION_CF_FUTURE_SERVICE,0
NI01PPSIHLT2024,ACTUAL_INV_COMP_PAYABLE,0
NI01PPSIHLT2024,ACTUAL_CHANGE_FV_FINANCIAL_UNDERLYING_ITEMS,0
NI01PPSIHLT2024,ACTUAL_CHANGE_FV_TECHNICAL_UNDERLYING_ITEMS,0
NI01PPSIHLT2024,FIN_RISK_MITIGATION,0
NI01PPSIHLT2024,RE_RISK_MITIGATION,0
NI01PPSIHLT2024,ACTUAL_COVERAGE_UNIT,0
NI01PPSIHLT2024,THEORETICAL_PREMIUM_DERECOGNITION_LRC,0
NI01PPSIHLT2024,THEORETICAL_PREMIUM_RECOGNITION,0
NI01PPSIHLT2024,ACTUAL_ACQUISITION_CF_BF_INIT_RECOG,0
NI01PPSIHLT2024,ACTUAL_COMMISSION_CF_PAST_SERVICE,0
NI01PPSIHLT2024,ACTUAL_COMMISSION_CF_FUTURE_SERVICE,0
NI01PPSIHLT2022,THEORETICAL_PREMIUM_DERECOGNITION_LIC,0
NI01PPSIHLT2023,THEORETICAL_PREMIUM_DERECOGNITION_LIC,0
NI01PPSIHLT2024,THEORETICAL_PREMIUM_DERECOGNITION_LIC,0
NI01PIMEDQS2022,ACTUAL_PREMIUM_CF_PAST_SERVICE,0
NI01PIMEDQS2022,ACTUAL_PREMIUM_CF_FUTURE_SERVICE,0
NI01PIMEDQS2022,ACTUAL_ACQUISITION_CF_PAST_SERVICE,0
NI01PIMEDQS2022,ACTUAL_ACQUISITION_CF_FUTURE_SERVICE,0
NI01PIMEDQS2022,ACTUAL_INV_COMP_PAYABLE,0
NI01PIMEDQS2022,ACTUAL_CHANGE_FV_FINANCIAL_UNDERLYING_ITEMS,0
NI01PIMEDQS2022,ACTUAL_CHANGE_FV_TECHNICAL_UNDERLYING_ITEMS,0
NI01PIMEDQS2022,FIN_RISK_MITIGATION,0
NI01PIMEDQS2022,RE_RISK_MITIGATION,0
NI01PIMEDQS2022,ACTUAL_COVERAGE_UNIT,0
NI01PIMEDQS2022,THEORETICAL_PREMIUM_DERECOGNITION_LRC,0
NI01PIMEDQS2022,THEORETICAL_PREMIUM_RECOGNITION,0
NI01PIMEDQS2022,ACTUAL_ACQUISITION_CF_BF_INIT_RECOG,0
NI01PIMEDQS2022,ACTUAL_COMMISSION_CF_PAST_SERVICE,0
NI01PIMEDQS2022,ACTUAL_COMMISSION_CF_FUTURE_SERVICE,0
NI01PIMEDQS2023,ACTUAL_PREMIUM_CF_PAST_SERVICE,0
NI01PIMEDQS2023,ACTUAL_PREMIUM_CF_FUTURE_SERVICE,0
NI01PIMEDQS2023,ACTUAL_ACQUISITION_CF_PAST_SERVICE,0
NI01PIMEDQS2023,ACTUAL_ACQUISITION_CF_FUTURE_SERVICE,0
NI01PIMEDQS2023,ACTUAL_INV_COMP_PAYABLE,0
NI01PIMEDQS2023,ACTUAL_CHANGE_FV_FINANCIAL_UNDERLYING_ITEMS,0
NI01PIMEDQS2023,ACTUAL_CHANGE_FV_TECHNICAL_UNDERLYING_ITEMS,0
NI01PIMEDQS2023,FIN_RISK_MITIGATION,0
NI01PIMEDQS2023,RE_RISK_MITIGATION,0
NI01PIMEDQS2023,ACTUAL_COVERAGE_UNIT,0
NI01PIMEDQS2023,THEORETICAL_PREMIUM_DERECOGNITION_LRC,0
NI01PIMEDQS2023,THEORETICAL_PREMIUM_RECOGNITION,0
NI01PIMEDQS2023,ACTUAL_ACQUISITION_CF_BF_INIT_RECOG,0
NI01PIMEDQS2023,ACTUAL_COMMISSION_CF_PAST_SERVICE,0
NI01PIMEDQS2023,ACTUAL_COMMISSION_CF_FUTURE_SERVICE,0
NI01PIMEDQS2024,ACTUAL_PREMIUM_CF_PAST_SERVICE,0
NI01PIMEDQS2024,ACTUAL_PREMIUM_CF_FUTURE_SERVICE,0
NI01PIMEDQS2024,ACTUAL_ACQUISITION_CF_PAST_SERVICE,0
NI01PIMEDQS2024,ACTUAL_ACQUISITION_CF_FUTURE_SERVICE,0
NI01PIMEDQS2024,ACTUAL_INV_COMP_PAYABLE,0
NI01PIMEDQS2024,ACTUAL_CHANGE_FV_FINANCIAL_UNDERLYING_ITEMS,0
NI01PIMEDQS2024,ACTUAL_CHANGE_FV_TECHNICAL_UNDERLYING_ITEMS,0
NI01PIMEDQS2024,FIN_RISK_MITIGATION,0
NI01PIMEDQS2024,RE_RISK_MITIGATION,0
NI01PIMEDQS2024,ACTUAL_COVERAGE_UNIT,0
NI01PIMEDQS2024,THEORETICAL_PREMIUM_DERECOGNITION_LRC,0
NI01PIMEDQS2024,THEORETICAL_PREMIUM_RECOGNITION,0
NI01PIMEDQS2024,ACTUAL_ACQUISITION_CF_BF_INIT_RECOG,0
NI01PIMEDQS2024,ACTUAL_COMMISSION_CF_PAST_SERVICE,0
NI01PIMEDQS2024,ACTUAL_COMMISSION_CF_FUTURE_SERVICE,0
NI01PIMEDQS2022,THEORETICAL_PREMIUM_DERECOGNITION_LIC,0
NI01PIMEDQS2023,THEORETICAL_PREMIUM_DERECOGNITION_LIC,0
NI01PIMEDQS2024,THEORETICAL_PREMIUM_DERECOGNITION_LIC,0
