GOC_ID,VARIABLE_NAME,1
NI02PPRIVSH2011,ACTUAL_PREMIUM_CF_PAST_SERVICE,0
NI02PPRIVSH2011,ACTUAL_PREMIUM_CF_FUTURE_SERVICE,0
NI02PPRIVSH2011,ACTUAL_ACQUISITION_CF_PAST_SERVICE,0
NI02PPRIVSH2011,ACTUAL_ACQUISITION_CF_FUTURE_SERVICE,0
NI02PPRIVSH2011,ACTUAL_INV_COMP_PAYABLE,0
NI02PPRIVSH2011,ACTUAL_CHANGE_FV_FINANCIAL_UNDERLYING_ITEMS,0
NI02PPRIVSH2011,ACTUAL_CHANGE_FV_TECHNICAL_UNDERLYING_ITEMS,0
NI02PPRIVSH2011,FIN_RISK_MITIGATION,0
NI02PPRIVSH2011,RE_RISK_MITIGATION,0
NI02PPRIVSH2011,ACTUAL_COVERAGE_UNIT,0
NI02PPRIVSH2011,THEORETICAL_PREMIUM_DERECOGNITION_LRC,0
NI02PPRIVSH2011,THEORETICAL_PREMIUM_RECOGNITION,0
NI02PPRIVSH2011,ACTUAL_ACQUISITION_CF_BF_INIT_RECOG,0
NI02PPRIVSH2011,ACTUAL_COMMISSION_CF_PAST_SERVICE,0
NI02PPRIVSH2011,ACTUAL_COMMISSION_CF_FUTURE_SERVICE,0
NI02PPRIVSH2012,ACTUAL_PREMIUM_CF_PAST_SERVICE,0
NI02PPRIVSH2012,ACTUAL_PREMIUM_CF_FUTURE_SERVICE,0
NI02PPRIVSH2012,ACTUAL_ACQUISITION_CF_PAST_SERVICE,0
NI02PPRIVSH2012,ACTUAL_ACQUISITION_CF_FUTURE_SERVICE,0
NI02PPRIVSH2012,ACTUAL_INV_COMP_PAYABLE,0
NI02PPRIVSH2012,ACTUAL_CHANGE_FV_FINANCIAL_UNDERLYING_ITEMS,0
NI02PPRIVSH2012,ACTUAL_CHANGE_FV_TECHNICAL_UNDERLYING_ITEMS,0
NI02PPRIVSH2012,FIN_RISK_MITIGATION,0
NI02PPRIVSH2012,RE_RISK_MITIGATION,0
NI02PPRIVSH2012,ACTUAL_COVERAGE_UNIT,0
NI02PPRIVSH2012,THEORETICAL_PREMIUM_DERECOGNITION_LRC,0
NI02PPRIVSH2012,THEORETICAL_PREMIUM_RECOGNITION,0
NI02PPRIVSH2012,ACTUAL_ACQUISITION_CF_BF_INIT_RECOG,0
NI02PPRIVSH2012,ACTUAL_COMMISSION_CF_PAST_SERVICE,0
NI02PPRIVSH2012,ACTUAL_COMMISSION_CF_FUTURE_SERVICE,0
NI02PPRIVSH2013,ACTUAL_PREMIUM_CF_PAST_SERVICE,0
NI02PPRIVSH2013,ACTUAL_PREMIUM_CF_FUTURE_SERVICE,0
NI02PPRIVSH2013,ACTUAL_ACQUISITION_CF_PAST_SERVICE,0
NI02PPRIVSH2013,ACTUAL_ACQUISITION_CF_FUTURE_SERVICE,0
NI02PPRIVSH2013,ACTUAL_INV_COMP_PAYABLE,0
NI02PPRIVSH2013,ACTUAL_CHANGE_FV_FINANCIAL_UNDERLYING_ITEMS,0
NI02PPRIVSH2013,ACTUAL_CHANGE_FV_TECHNICAL_UNDERLYING_ITEMS,0
NI02PPRIVSH2013,FIN_RISK_MITIGATION,0
NI02PPRIVSH2013,RE_RISK_MITIGATION,0
NI02PPRIVSH2013,ACTUAL_COVERAGE_UNIT,0
NI02PPRIVSH2013,THEORETICAL_PREMIUM_DERECOGNITION_LRC,0
NI02PPRIVSH2013,THEORETICAL_PREMIUM_RECOGNITION,0
NI02PPRIVSH2013,ACTUAL_ACQUISITION_CF_BF_INIT_RECOG,0
NI02PPRIVSH2013,ACTUAL_COMMISSION_CF_PAST_SERVICE,0
NI02PPRIVSH2013,ACTUAL_COMMISSION_CF_FUTURE_SERVICE,0
NI02PPRIVSH2014,ACTUAL_PREMIUM_CF_PAST_SERVICE,0
NI02PPRIVSH2014,ACTUAL_PREMIUM_CF_FUTURE_SERVICE,0
NI02PPRIVSH2014,ACTUAL_ACQUISITION_CF_PAST_SERVICE,0
NI02PPRIVSH2014,ACTUAL_ACQUISITION_CF_FUTURE_SERVICE,0
NI02PPRIVSH2014,ACTUAL_INV_COMP_PAYABLE,0
NI02PPRIVSH2014,ACTUAL_CHANGE_FV_FINANCIAL_UNDERLYING_ITEMS,0
NI02PPRIVSH2014,ACTUAL_CHANGE_FV_TECHNICAL_UNDERLYING_ITEMS,0
NI02PPRIVSH2014,FIN_RISK_MITIGATION,0
NI02PPRIVSH2014,RE_RISK_MITIGATION,0
NI02PPRIVSH2014,ACTUAL_COVERAGE_UNIT,0
NI02PPRIVSH2014,THEORETICAL_PREMIUM_DERECOGNITION_LRC,0
NI02PPRIVSH2014,THEORETICAL_PREMIUM_RECOGNITION,0
NI02PPRIVSH2014,ACTUAL_ACQUISITION_CF_BF_INIT_RECOG,0
NI02PPRIVSH2014,ACTUAL_COMMISSION_CF_PAST_SERVICE,0
NI02PPRIVSH2014,ACTUAL_COMMISSION_CF_FUTURE_SERVICE,0
NI02PPRIVSH2015,ACTUAL_PREMIUM_CF_PAST_SERVICE,0
NI02PPRIVSH2015,ACTUAL_PREMIUM_CF_FUTURE_SERVICE,0
NI02PPRIVSH2015,ACTUAL_ACQUISITION_CF_PAST_SERVICE,0
NI02PPRIVSH2015,ACTUAL_ACQUISITION_CF_FUTURE_SERVICE,0
NI02PPRIVSH2015,ACTUAL_INV_COMP_PAYABLE,0
NI02PPRIVSH2015,ACTUAL_CHANGE_FV_FINANCIAL_UNDERLYING_ITEMS,0
NI02PPRIVSH2015,ACTUAL_CHANGE_FV_TECHNICAL_UNDERLYING_ITEMS,0
NI02PPRIVSH2015,FIN_RISK_MITIGATION,0
NI02PPRIVSH2015,RE_RISK_MITIGATION,0
NI02PPRIVSH2015,ACTUAL_COVERAGE_UNIT,0
NI02PPRIVSH2015,THEORETICAL_PREMIUM_DERECOGNITION_LRC,0
NI02PPRIVSH2015,THEORETICAL_PREMIUM_RECOGNITION,0
NI02PPRIVSH2015,ACTUAL_ACQUISITION_CF_BF_INIT_RECOG,0
NI02PPRIVSH2015,ACTUAL_COMMISSION_CF_PAST_SERVICE,0
NI02PPRIVSH2015,ACTUAL_COMMISSION_CF_FUTURE_SERVICE,0
NI02PPRIVSH2016,ACTUAL_PREMIUM_CF_PAST_SERVICE,0
NI02PPRIVSH2016,ACTUAL_PREMIUM_CF_FUTURE_SERVICE,0
NI02PPRIVSH2016,ACTUAL_ACQUISITION_CF_PAST_SERVICE,0
NI02PPRIVSH2016,ACTUAL_ACQUISITION_CF_FUTURE_SERVICE,0
NI02PPRIVSH2016,ACTUAL_INV_COMP_PAYABLE,0
NI02PPRIVSH2016,ACTUAL_CHANGE_FV_FINANCIAL_UNDERLYING_ITEMS,0
NI02PPRIVSH2016,ACTUAL_CHANGE_FV_TECHNICAL_UNDERLYING_ITEMS,0
NI02PPRIVSH2016,FIN_RISK_MITIGATION,0
NI02PPRIVSH2016,RE_RISK_MITIGATION,0
NI02PPRIVSH2016,ACTUAL_COVERAGE_UNIT,0
NI02PPRIVSH2016,THEORETICAL_PREMIUM_DERECOGNITION_LRC,0
NI02PPRIVSH2016,THEORETICAL_PREMIUM_RECOGNITION,0
NI02PPRIVSH2016,ACTUAL_ACQUISITION_CF_BF_INIT_RECOG,0
NI02PPRIVSH2016,ACTUAL_COMMISSION_CF_PAST_SERVICE,0
NI02PPRIVSH2016,ACTUAL_COMMISSION_CF_FUTURE_SERVICE,0
NI02PPRIVSH2017,ACTUAL_PREMIUM_CF_PAST_SERVICE,0
NI02PPRIVSH2017,ACTUAL_PREMIUM_CF_FUTURE_SERVICE,0
NI02PPRIVSH2017,ACTUAL_ACQUISITION_CF_PAST_SERVICE,0
NI02PPRIVSH2017,ACTUAL_ACQUISITION_CF_FUTURE_SERVICE,0
NI02PPRIVSH2017,ACTUAL_INV_COMP_PAYABLE,0
NI02PPRIVSH2017,ACTUAL_CHANGE_FV_FINANCIAL_UNDERLYING_ITEMS,0
NI02PPRIVSH2017,ACTUAL_CHANGE_FV_TECHNICAL_UNDERLYING_ITEMS,0
NI02PPRIVSH2017,FIN_RISK_MITIGATION,0
NI02PPRIVSH2017,RE_RISK_MITIGATION,0
NI02PPRIVSH2017,ACTUAL_COVERAGE_UNIT,0
NI02PPRIVSH2017,THEORETICAL_PREMIUM_DERECOGNITION_LRC,0
NI02PPRIVSH2017,THEORETICAL_PREMIUM_RECOGNITION,0
NI02PPRIVSH2017,ACTUAL_ACQUISITION_CF_BF_INIT_RECOG,0
NI02PPRIVSH2017,ACTUAL_COMMISSION_CF_PAST_SERVICE,0
NI02PPRIVSH2017,ACTUAL_COMMISSION_CF_FUTURE_SERVICE,0
NI02PPRIVSH2018,ACTUAL_PREMIUM_CF_PAST_SERVICE,0
NI02PPRIVSH2018,ACTUAL_PREMIUM_CF_FUTURE_SERVICE,0
NI02PPRIVSH2018,ACTUAL_ACQUISITION_CF_PAST_SERVICE,0
NI02PPRIVSH2018,ACTUAL_ACQUISITION_CF_FUTURE_SERVICE,0
NI02PPRIVSH2018,ACTUAL_INV_COMP_PAYABLE,0
NI02PPRIVSH2018,ACTUAL_CHANGE_FV_FINANCIAL_UNDERLYING_ITEMS,0
NI02PPRIVSH2018,ACTUAL_CHANGE_FV_TECHNICAL_UNDERLYING_ITEMS,0
NI02PPRIVSH2018,FIN_RISK_MITIGATION,0
NI02PPRIVSH2018,RE_RISK_MITIGATION,0
NI02PPRIVSH2018,ACTUAL_COVERAGE_UNIT,0
NI02PPRIVSH2018,THEORETICAL_PREMIUM_DERECOGNITION_LRC,0
NI02PPRIVSH2018,THEORETICAL_PREMIUM_RECOGNITION,0
NI02PPRIVSH2018,ACTUAL_ACQUISITION_CF_BF_INIT_RECOG,0
NI02PPRIVSH2018,ACTUAL_COMMISSION_CF_PAST_SERVICE,0
NI02PPRIVSH2018,ACTUAL_COMMISSION_CF_FUTURE_SERVICE,0
NI02PPRIVSH2019,ACTUAL_PREMIUM_CF_PAST_SERVICE,0
NI02PPRIVSH2019,ACTUAL_PREMIUM_CF_FUTURE_SERVICE,0
NI02PPRIVSH2019,ACTUAL_ACQUISITION_CF_PAST_SERVICE,0
NI02PPRIVSH2019,ACTUAL_ACQUISITION_CF_FUTURE_SERVICE,0
NI02PPRIVSH2019,ACTUAL_INV_COMP_PAYABLE,0
NI02PPRIVSH2019,ACTUAL_CHANGE_FV_FINANCIAL_UNDERLYING_ITEMS,0
NI02PPRIVSH2019,ACTUAL_CHANGE_FV_TECHNICAL_UNDERLYING_ITEMS,0
NI02PPRIVSH2019,FIN_RISK_MITIGATION,0
NI02PPRIVSH2019,RE_RISK_MITIGATION,0
NI02PPRIVSH2019,ACTUAL_COVERAGE_UNIT,0
NI02PPRIVSH2019,THEORETICAL_PREMIUM_DERECOGNITION_LRC,0
NI02PPRIVSH2019,THEORETICAL_PREMIUM_RECOGNITION,0
NI02PPRIVSH2019,ACTUAL_ACQUISITION_CF_BF_INIT_RECOG,0
NI02PPRIVSH2019,ACTUAL_COMMISSION_CF_PAST_SERVICE,0
NI02PPRIVSH2019,ACTUAL_COMMISSION_CF_FUTURE_SERVICE,0
NI02PPRIVSH2020,ACTUAL_PREMIUM_CF_PAST_SERVICE,0
NI02PPRIVSH2020,ACTUAL_PREMIUM_CF_FUTURE_SERVICE,0
NI02PPRIVSH2020,ACTUAL_ACQUISITION_CF_PAST_SERVICE,0
NI02PPRIVSH2020,ACTUAL_ACQUISITION_CF_FUTURE_SERVICE,0
NI02PPRIVSH2020,ACTUAL_INV_COMP_PAYABLE,0
NI02PPRIVSH2020,ACTUAL_CHANGE_FV_FINANCIAL_UNDERLYING_ITEMS,0
NI02PPRIVSH2020,ACTUAL_CHANGE_FV_TECHNICAL_UNDERLYING_ITEMS,0
NI02PPRIVSH2020,FIN_RISK_MITIGATION,0
NI02PPRIVSH2020,RE_RISK_MITIGATION,0
NI02PPRIVSH2020,ACTUAL_COVERAGE_UNIT,0
NI02PPRIVSH2020,THEORETICAL_PREMIUM_DERECOGNITION_LRC,0
NI02PPRIVSH2020,THEORETICAL_PREMIUM_RECOGNITION,0
NI02PPRIVSH2020,ACTUAL_ACQUISITION_CF_BF_INIT_RECOG,0
NI02PPRIVSH2020,ACTUAL_COMMISSION_CF_PAST_SERVICE,0
NI02PPRIVSH2020,ACTUAL_COMMISSION_CF_FUTURE_SERVICE,0
NI02PPRIVSH2021,ACTUAL_PREMIUM_CF_PAST_SERVICE,0
NI02PPRIVSH2021,ACTUAL_PREMIUM_CF_FUTURE_SERVICE,0
NI02PPRIVSH2021,ACTUAL_ACQUISITION_CF_PAST_SERVICE,0
NI02PPRIVSH2021,ACTUAL_ACQUISITION_CF_FUTURE_SERVICE,0
NI02PPRIVSH2021,ACTUAL_INV_COMP_PAYABLE,0
NI02PPRIVSH2021,ACTUAL_CHANGE_FV_FINANCIAL_UNDERLYING_ITEMS,0
NI02PPRIVSH2021,ACTUAL_CHANGE_FV_TECHNICAL_UNDERLYING_ITEMS,0
NI02PPRIVSH2021,FIN_RISK_MITIGATION,0
NI02PPRIVSH2021,RE_RISK_MITIGATION,0
NI02PPRIVSH2021,ACTUAL_COVERAGE_UNIT,0
NI02PPRIVSH2021,THEORETICAL_PREMIUM_DERECOGNITION_LRC,0
NI02PPRIVSH2021,THEORETICAL_PREMIUM_RECOGNITION,0
NI02PPRIVSH2021,ACTUAL_ACQUISITION_CF_BF_INIT_RECOG,0
NI02PPRIVSH2021,ACTUAL_COMMISSION_CF_PAST_SERVICE,0
NI02PPRIVSH2021,ACTUAL_COMMISSION_CF_FUTURE_SERVICE,0
NI02PPRIVSH2022,ACTUAL_PREMIUM_CF_PAST_SERVICE,0
NI02PPRIVSH2022,ACTUAL_PREMIUM_CF_FUTURE_SERVICE,0
NI02PPRIVSH2022,ACTUAL_ACQUISITION_CF_PAST_SERVICE,0
NI02PPRIVSH2022,ACTUAL_ACQUISITION_CF_FUTURE_SERVICE,0
NI02PPRIVSH2022,ACTUAL_INV_COMP_PAYABLE,0
NI02PPRIVSH2022,ACTUAL_CHANGE_FV_FINANCIAL_UNDERLYING_ITEMS,0
NI02PPRIVSH2022,ACTUAL_CHANGE_FV_TECHNICAL_UNDERLYING_ITEMS,0
NI02PPRIVSH2022,FIN_RISK_MITIGATION,0
NI02PPRIVSH2022,RE_RISK_MITIGATION,0
NI02PPRIVSH2022,ACTUAL_COVERAGE_UNIT,0
NI02PPRIVSH2022,THEORETICAL_PREMIUM_DERECOGNITION_LRC,0
NI02PPRIVSH2022,THEORETICAL_PREMIUM_RECOGNITION,0
NI02PPRIVSH2022,ACTUAL_ACQUISITION_CF_BF_INIT_RECOG,0
NI02PPRIVSH2022,ACTUAL_COMMISSION_CF_PAST_SERVICE,0
NI02PPRIVSH2022,ACTUAL_COMMISSION_CF_FUTURE_SERVICE,0
NI02PPRIVSH2023,ACTUAL_PREMIUM_CF_PAST_SERVICE,0
NI02PPRIVSH2023,ACTUAL_PREMIUM_CF_FUTURE_SERVICE,0
NI02PPRIVSH2023,ACTUAL_ACQUISITION_CF_PAST_SERVICE,0
NI02PPRIVSH2023,ACTUAL_ACQUISITION_CF_FUTURE_SERVICE,0
NI02PPRIVSH2023,ACTUAL_INV_COMP_PAYABLE,0
NI02PPRIVSH2023,ACTUAL_CHANGE_FV_FINANCIAL_UNDERLYING_ITEMS,0
NI02PPRIVSH2023,ACTUAL_CHANGE_FV_TECHNICAL_UNDERLYING_ITEMS,0
NI02PPRIVSH2023,FIN_RISK_MITIGATION,0
NI02PPRIVSH2023,RE_RISK_MITIGATION,0
NI02PPRIVSH2023,ACTUAL_COVERAGE_UNIT,0
NI02PPRIVSH2023,THEORETICAL_PREMIUM_DERECOGNITION_LRC,0
NI02PPRIVSH2023,THEORETICAL_PREMIUM_RECOGNITION,0
NI02PPRIVSH2023,ACTUAL_ACQUISITION_CF_BF_INIT_RECOG,0
NI02PPRIVSH2023,ACTUAL_COMMISSION_CF_PAST_SERVICE,0
NI02PPRIVSH2023,ACTUAL_COMMISSION_CF_FUTURE_SERVICE,0
NI02PPRIVSH2011,THEORETICAL_PREMIUM_DERECOGNITION_LIC,0
NI02PPRIVSH2012,THEORETICAL_PREMIUM_DERECOGNITION_LIC,0
NI02PPRIVSH2013,THEORETICAL_PREMIUM_DERECOGNITION_LIC,0
NI02PPRIVSH2014,THEORETICAL_PREMIUM_DERECOGNITION_LIC,0
NI02PPRIVSH2015,THEORETICAL_PREMIUM_DERECOGNITION_LIC,0
NI02PPRIVSH2016,THEORETICAL_PREMIUM_DERECOGNITION_LIC,0
NI02PPRIVSH2017,THEORETICAL_PREMIUM_DERECOGNITION_LIC,0
NI02PPRIVSH2018,THEORETICAL_PREMIUM_DERECOGNITION_LIC,0
NI02PPRIVSH2019,THEORETICAL_PREMIUM_DERECOGNITION_LIC,0
NI02PPRIVSH2020,THEORETICAL_PREMIUM_DERECOGNITION_LIC,0
NI02PPRIVSH2021,THEORETICAL_PREMIUM_DERECOGNITION_LIC,0
NI02PPRIVSH2022,THEORETICAL_PREMIUM_DERECOGNITION_LIC,0
NI02PPRIVSH2023,THEORETICAL_PREMIUM_DERECOGNITION_LIC,0
NI02PPUBLSH2011,ACTUAL_PREMIUM_CF_PAST_SERVICE,0
NI02PPUBLSH2011,ACTUAL_PREMIUM_CF_FUTURE_SERVICE,0
NI02PPUBLSH2011,ACTUAL_ACQUISITION_CF_PAST_SERVICE,0
NI02PPUBLSH2011,ACTUAL_ACQUISITION_CF_FUTURE_SERVICE,0
NI02PPUBLSH2011,ACTUAL_INV_COMP_PAYABLE,0
NI02PPUBLSH2011,ACTUAL_CHANGE_FV_FINANCIAL_UNDERLYING_ITEMS,0
NI02PPUBLSH2011,ACTUAL_CHANGE_FV_TECHNICAL_UNDERLYING_ITEMS,0
NI02PPUBLSH2011,FIN_RISK_MITIGATION,0
NI02PPUBLSH2011,RE_RISK_MITIGATION,0
NI02PPUBLSH2011,ACTUAL_COVERAGE_UNIT,0
NI02PPUBLSH2011,THEORETICAL_PREMIUM_DERECOGNITION_LRC,0
NI02PPUBLSH2011,THEORETICAL_PREMIUM_RECOGNITION,0
NI02PPUBLSH2011,ACTUAL_ACQUISITION_CF_BF_INIT_RECOG,0
NI02PPUBLSH2011,ACTUAL_COMMISSION_CF_PAST_SERVICE,0
NI02PPUBLSH2011,ACTUAL_COMMISSION_CF_FUTURE_SERVICE,0
NI02PPUBLSH2012,ACTUAL_PREMIUM_CF_PAST_SERVICE,0
NI02PPUBLSH2012,ACTUAL_PREMIUM_CF_FUTURE_SERVICE,0
NI02PPUBLSH2012,ACTUAL_ACQUISITION_CF_PAST_SERVICE,0
NI02PPUBLSH2012,ACTUAL_ACQUISITION_CF_FUTURE_SERVICE,0
NI02PPUBLSH2012,ACTUAL_INV_COMP_PAYABLE,0
NI02PPUBLSH2012,ACTUAL_CHANGE_FV_FINANCIAL_UNDERLYING_ITEMS,0
NI02PPUBLSH2012,ACTUAL_CHANGE_FV_TECHNICAL_UNDERLYING_ITEMS,0
NI02PPUBLSH2012,FIN_RISK_MITIGATION,0
NI02PPUBLSH2012,RE_RISK_MITIGATION,0
NI02PPUBLSH2012,ACTUAL_COVERAGE_UNIT,0
NI02PPUBLSH2012,THEORETICAL_PREMIUM_DERECOGNITION_LRC,0
NI02PPUBLSH2012,THEORETICAL_PREMIUM_RECOGNITION,0
NI02PPUBLSH2012,ACTUAL_ACQUISITION_CF_BF_INIT_RECOG,0
NI02PPUBLSH2012,ACTUAL_COMMISSION_CF_PAST_SERVICE,0
NI02PPUBLSH2012,ACTUAL_COMMISSION_CF_FUTURE_SERVICE,0
NI02PPUBLSH2013,ACTUAL_PREMIUM_CF_PAST_SERVICE,0
NI02PPUBLSH2013,ACTUAL_PREMIUM_CF_FUTURE_SERVICE,0
NI02PPUBLSH2013,ACTUAL_ACQUISITION_CF_PAST_SERVICE,0
NI02PPUBLSH2013,ACTUAL_ACQUISITION_CF_FUTURE_SERVICE,0
NI02PPUBLSH2013,ACTUAL_INV_COMP_PAYABLE,0
NI02PPUBLSH2013,ACTUAL_CHANGE_FV_FINANCIAL_UNDERLYING_ITEMS,0
NI02PPUBLSH2013,ACTUAL_CHANGE_FV_TECHNICAL_UNDERLYING_ITEMS,0
NI02PPUBLSH2013,FIN_RISK_MITIGATION,0
NI02PPUBLSH2013,RE_RISK_MITIGATION,0
NI02PPUBLSH2013,ACTUAL_COVERAGE_UNIT,0
NI02PPUBLSH2013,THEORETICAL_PREMIUM_DERECOGNITION_LRC,0
NI02PPUBLSH2013,THEORETICAL_PREMIUM_RECOGNITION,0
NI02PPUBLSH2013,ACTUAL_ACQUISITION_CF_BF_INIT_RECOG,0
NI02PPUBLSH2013,ACTUAL_COMMISSION_CF_PAST_SERVICE,0
NI02PPUBLSH2013,ACTUAL_COMMISSION_CF_FUTURE_SERVICE,0
NI02PPUBLSH2014,ACTUAL_PREMIUM_CF_PAST_SERVICE,0
NI02PPUBLSH2014,ACTUAL_PREMIUM_CF_FUTURE_SERVICE,0
NI02PPUBLSH2014,ACTUAL_ACQUISITION_CF_PAST_SERVICE,0
NI02PPUBLSH2014,ACTUAL_ACQUISITION_CF_FUTURE_SERVICE,0
NI02PPUBLSH2014,ACTUAL_INV_COMP_PAYABLE,0
NI02PPUBLSH2014,ACTUAL_CHANGE_FV_FINANCIAL_UNDERLYING_ITEMS,0
NI02PPUBLSH2014,ACTUAL_CHANGE_FV_TECHNICAL_UNDERLYING_ITEMS,0
NI02PPUBLSH2014,FIN_RISK_MITIGATION,0
NI02PPUBLSH2014,RE_RISK_MITIGATION,0
NI02PPUBLSH2014,ACTUAL_COVERAGE_UNIT,0
NI02PPUBLSH2014,THEORETICAL_PREMIUM_DERECOGNITION_LRC,0
NI02PPUBLSH2014,THEORETICAL_PREMIUM_RECOGNITION,0
NI02PPUBLSH2014,ACTUAL_ACQUISITION_CF_BF_INIT_RECOG,0
NI02PPUBLSH2014,ACTUAL_COMMISSION_CF_PAST_SERVICE,0
NI02PPUBLSH2014,ACTUAL_COMMISSION_CF_FUTURE_SERVICE,0
NI02PPUBLSH2015,ACTUAL_PREMIUM_CF_PAST_SERVICE,0
NI02PPUBLSH2015,ACTUAL_PREMIUM_CF_FUTURE_SERVICE,0
NI02PPUBLSH2015,ACTUAL_ACQUISITION_CF_PAST_SERVICE,0
NI02PPUBLSH2015,ACTUAL_ACQUISITION_CF_FUTURE_SERVICE,0
NI02PPUBLSH2015,ACTUAL_INV_COMP_PAYABLE,0
NI02PPUBLSH2015,ACTUAL_CHANGE_FV_FINANCIAL_UNDERLYING_ITEMS,0
NI02PPUBLSH2015,ACTUAL_CHANGE_FV_TECHNICAL_UNDERLYING_ITEMS,0
NI02PPUBLSH2015,FIN_RISK_MITIGATION,0
NI02PPUBLSH2015,RE_RISK_MITIGATION,0
NI02PPUBLSH2015,ACTUAL_COVERAGE_UNIT,0
NI02PPUBLSH2015,THEORETICAL_PREMIUM_DERECOGNITION_LRC,0
NI02PPUBLSH2015,THEORETICAL_PREMIUM_RECOGNITION,0
NI02PPUBLSH2015,ACTUAL_ACQUISITION_CF_BF_INIT_RECOG,0
NI02PPUBLSH2015,ACTUAL_COMMISSION_CF_PAST_SERVICE,0
NI02PPUBLSH2015,ACTUAL_COMMISSION_CF_FUTURE_SERVICE,0
NI02PPUBLSH2016,ACTUAL_PREMIUM_CF_PAST_SERVICE,0
NI02PPUBLSH2016,ACTUAL_PREMIUM_CF_FUTURE_SERVICE,0
NI02PPUBLSH2016,ACTUAL_ACQUISITION_CF_PAST_SERVICE,0
NI02PPUBLSH2016,ACTUAL_ACQUISITION_CF_FUTURE_SERVICE,0
NI02PPUBLSH2016,ACTUAL_INV_COMP_PAYABLE,0
NI02PPUBLSH2016,ACTUAL_CHANGE_FV_FINANCIAL_UNDERLYING_ITEMS,0
NI02PPUBLSH2016,ACTUAL_CHANGE_FV_TECHNICAL_UNDERLYING_ITEMS,0
NI02PPUBLSH2016,FIN_RISK_MITIGATION,0
NI02PPUBLSH2016,RE_RISK_MITIGATION,0
NI02PPUBLSH2016,ACTUAL_COVERAGE_UNIT,0
NI02PPUBLSH2016,THEORETICAL_PREMIUM_DERECOGNITION_LRC,0
NI02PPUBLSH2016,THEORETICAL_PREMIUM_RECOGNITION,0
NI02PPUBLSH2016,ACTUAL_ACQUISITION_CF_BF_INIT_RECOG,0
NI02PPUBLSH2016,ACTUAL_COMMISSION_CF_PAST_SERVICE,0
NI02PPUBLSH2016,ACTUAL_COMMISSION_CF_FUTURE_SERVICE,0
NI02PPUBLSH2017,ACTUAL_PREMIUM_CF_PAST_SERVICE,0
NI02PPUBLSH2017,ACTUAL_PREMIUM_CF_FUTURE_SERVICE,0
NI02PPUBLSH2017,ACTUAL_ACQUISITION_CF_PAST_SERVICE,0
NI02PPUBLSH2017,ACTUAL_ACQUISITION_CF_FUTURE_SERVICE,0
NI02PPUBLSH2017,ACTUAL_INV_COMP_PAYABLE,0
NI02PPUBLSH2017,ACTUAL_CHANGE_FV_FINANCIAL_UNDERLYING_ITEMS,0
NI02PPUBLSH2017,ACTUAL_CHANGE_FV_TECHNICAL_UNDERLYING_ITEMS,0
NI02PPUBLSH2017,FIN_RISK_MITIGATION,0
NI02PPUBLSH2017,RE_RISK_MITIGATION,0
NI02PPUBLSH2017,ACTUAL_COVERAGE_UNIT,0
NI02PPUBLSH2017,THEORETICAL_PREMIUM_DERECOGNITION_LRC,0
NI02PPUBLSH2017,THEORETICAL_PREMIUM_RECOGNITION,0
NI02PPUBLSH2017,ACTUAL_ACQUISITION_CF_BF_INIT_RECOG,0
NI02PPUBLSH2017,ACTUAL_COMMISSION_CF_PAST_SERVICE,0
NI02PPUBLSH2017,ACTUAL_COMMISSION_CF_FUTURE_SERVICE,0
NI02PPUBLSH2018,ACTUAL_PREMIUM_CF_PAST_SERVICE,0
NI02PPUBLSH2018,ACTUAL_PREMIUM_CF_FUTURE_SERVICE,0
NI02PPUBLSH2018,ACTUAL_ACQUISITION_CF_PAST_SERVICE,0
NI02PPUBLSH2018,ACTUAL_ACQUISITION_CF_FUTURE_SERVICE,0
NI02PPUBLSH2018,ACTUAL_INV_COMP_PAYABLE,0
NI02PPUBLSH2018,ACTUAL_CHANGE_FV_FINANCIAL_UNDERLYING_ITEMS,0
NI02PPUBLSH2018,ACTUAL_CHANGE_FV_TECHNICAL_UNDERLYING_ITEMS,0
NI02PPUBLSH2018,FIN_RISK_MITIGATION,0
NI02PPUBLSH2018,RE_RISK_MITIGATION,0
NI02PPUBLSH2018,ACTUAL_COVERAGE_UNIT,0
NI02PPUBLSH2018,THEORETICAL_PREMIUM_DERECOGNITION_LRC,0
NI02PPUBLSH2018,THEORETICAL_PREMIUM_RECOGNITION,0
NI02PPUBLSH2018,ACTUAL_ACQUISITION_CF_BF_INIT_RECOG,0
NI02PPUBLSH2018,ACTUAL_COMMISSION_CF_PAST_SERVICE,0
NI02PPUBLSH2018,ACTUAL_COMMISSION_CF_FUTURE_SERVICE,0
NI02PPUBLSH2019,ACTUAL_PREMIUM_CF_PAST_SERVICE,0
NI02PPUBLSH2019,ACTUAL_PREMIUM_CF_FUTURE_SERVICE,0
NI02PPUBLSH2019,ACTUAL_ACQUISITION_CF_PAST_SERVICE,0
NI02PPUBLSH2019,ACTUAL_ACQUISITION_CF_FUTURE_SERVICE,0
NI02PPUBLSH2019,ACTUAL_INV_COMP_PAYABLE,0
NI02PPUBLSH2019,ACTUAL_CHANGE_FV_FINANCIAL_UNDERLYING_ITEMS,0
NI02PPUBLSH2019,ACTUAL_CHANGE_FV_TECHNICAL_UNDERLYING_ITEMS,0
NI02PPUBLSH2019,FIN_RISK_MITIGATION,0
NI02PPUBLSH2019,RE_RISK_MITIGATION,0
NI02PPUBLSH2019,ACTUAL_COVERAGE_UNIT,0
NI02PPUBLSH2019,THEORETICAL_PREMIUM_DERECOGNITION_LRC,0
NI02PPUBLSH2019,THEORETICAL_PREMIUM_RECOGNITION,0
NI02PPUBLSH2019,ACTUAL_ACQUISITION_CF_BF_INIT_RECOG,0
NI02PPUBLSH2019,ACTUAL_COMMISSION_CF_PAST_SERVICE,0
NI02PPUBLSH2019,ACTUAL_COMMISSION_CF_FUTURE_SERVICE,0
NI02PPUBLSH2020,ACTUAL_PREMIUM_CF_PAST_SERVICE,0
NI02PPUBLSH2020,ACTUAL_PREMIUM_CF_FUTURE_SERVICE,0
NI02PPUBLSH2020,ACTUAL_ACQUISITION_CF_PAST_SERVICE,0
NI02PPUBLSH2020,ACTUAL_ACQUISITION_CF_FUTURE_SERVICE,0
NI02PPUBLSH2020,ACTUAL_INV_COMP_PAYABLE,0
NI02PPUBLSH2020,ACTUAL_CHANGE_FV_FINANCIAL_UNDERLYING_ITEMS,0
NI02PPUBLSH2020,ACTUAL_CHANGE_FV_TECHNICAL_UNDERLYING_ITEMS,0
NI02PPUBLSH2020,FIN_RISK_MITIGATION,0
NI02PPUBLSH2020,RE_RISK_MITIGATION,0
NI02PPUBLSH2020,ACTUAL_COVERAGE_UNIT,0
NI02PPUBLSH2020,THEORETICAL_PREMIUM_DERECOGNITION_LRC,0
NI02PPUBLSH2020,THEORETICAL_PREMIUM_RECOGNITION,0
NI02PPUBLSH2020,ACTUAL_ACQUISITION_CF_BF_INIT_RECOG,0
NI02PPUBLSH2020,ACTUAL_COMMISSION_CF_PAST_SERVICE,0
NI02PPUBLSH2020,ACTUAL_COMMISSION_CF_FUTURE_SERVICE,0
NI02PPUBLSH2021,ACTUAL_PREMIUM_CF_PAST_SERVICE,0
NI02PPUBLSH2021,ACTUAL_PREMIUM_CF_FUTURE_SERVICE,0
NI02PPUBLSH2021,ACTUAL_ACQUISITION_CF_PAST_SERVICE,0
NI02PPUBLSH2021,ACTUAL_ACQUISITION_CF_FUTURE_SERVICE,0
NI02PPUBLSH2021,ACTUAL_INV_COMP_PAYABLE,0
NI02PPUBLSH2021,ACTUAL_CHANGE_FV_FINANCIAL_UNDERLYING_ITEMS,0
NI02PPUBLSH2021,ACTUAL_CHANGE_FV_TECHNICAL_UNDERLYING_ITEMS,0
NI02PPUBLSH2021,FIN_RISK_MITIGATION,0
NI02PPUBLSH2021,RE_RISK_MITIGATION,0
NI02PPUBLSH2021,ACTUAL_COVERAGE_UNIT,0
NI02PPUBLSH2021,THEORETICAL_PREMIUM_DERECOGNITION_LRC,0
NI02PPUBLSH2021,THEORETICAL_PREMIUM_RECOGNITION,0
NI02PPUBLSH2021,ACTUAL_ACQUISITION_CF_BF_INIT_RECOG,0
NI02PPUBLSH2021,ACTUAL_COMMISSION_CF_PAST_SERVICE,0
NI02PPUBLSH2021,ACTUAL_COMMISSION_CF_FUTURE_SERVICE,0
NI02PPUBLSH2022,ACTUAL_PREMIUM_CF_PAST_SERVICE,0
NI02PPUBLSH2022,ACTUAL_PREMIUM_CF_FUTURE_SERVICE,0
NI02PPUBLSH2022,ACTUAL_ACQUISITION_CF_PAST_SERVICE,0
NI02PPUBLSH2022,ACTUAL_ACQUISITION_CF_FUTURE_SERVICE,0
NI02PPUBLSH2022,ACTUAL_INV_COMP_PAYABLE,0
NI02PPUBLSH2022,ACTUAL_CHANGE_FV_FINANCIAL_UNDERLYING_ITEMS,0
NI02PPUBLSH2022,ACTUAL_CHANGE_FV_TECHNICAL_UNDERLYING_ITEMS,0
NI02PPUBLSH2022,FIN_RISK_MITIGATION,0
NI02PPUBLSH2022,RE_RISK_MITIGATION,0
NI02PPUBLSH2022,ACTUAL_COVERAGE_UNIT,0
NI02PPUBLSH2022,THEORETICAL_PREMIUM_DERECOGNITION_LRC,0
NI02PPUBLSH2022,THEORETICAL_PREMIUM_RECOGNITION,0
NI02PPUBLSH2022,ACTUAL_ACQUISITION_CF_BF_INIT_RECOG,0
NI02PPUBLSH2022,ACTUAL_COMMISSION_CF_PAST_SERVICE,0
NI02PPUBLSH2022,ACTUAL_COMMISSION_CF_FUTURE_SERVICE,0
NI02PPUBLSH2023,ACTUAL_PREMIUM_CF_PAST_SERVICE,0
NI02PPUBLSH2023,ACTUAL_PREMIUM_CF_FUTURE_SERVICE,0
NI02PPUBLSH2023,ACTUAL_ACQUISITION_CF_PAST_SERVICE,0
NI02PPUBLSH2023,ACTUAL_ACQUISITION_CF_FUTURE_SERVICE,0
NI02PPUBLSH2023,ACTUAL_INV_COMP_PAYABLE,0
NI02PPUBLSH2023,ACTUAL_CHANGE_FV_FINANCIAL_UNDERLYING_ITEMS,0
NI02PPUBLSH2023,ACTUAL_CHANGE_FV_TECHNICAL_UNDERLYING_ITEMS,0
NI02PPUBLSH2023,FIN_RISK_MITIGATION,0
NI02PPUBLSH2023,RE_RISK_MITIGATION,0
NI02PPUBLSH2023,ACTUAL_COVERAGE_UNIT,0
NI02PPUBLSH2023,THEORETICAL_PREMIUM_DERECOGNITION_LRC,0
NI02PPUBLSH2023,THEORETICAL_PREMIUM_RECOGNITION,0
NI02PPUBLSH2023,ACTUAL_ACQUISITION_CF_BF_INIT_RECOG,0
NI02PPUBLSH2023,ACTUAL_COMMISSION_CF_PAST_SERVICE,0
NI02PPUBLSH2023,ACTUAL_COMMISSION_CF_FUTURE_SERVICE,0
NI02PPUBLSH2011,THEORETICAL_PREMIUM_DERECOGNITION_LIC,0
NI02PPUBLSH2012,THEORETICAL_PREMIUM_DERECOGNITION_LIC,0
NI02PPUBLSH2013,THEORETICAL_PREMIUM_DERECOGNITION_LIC,0
NI02PPUBLSH2014,THEORETICAL_PREMIUM_DERECOGNITION_LIC,0
NI02PPUBLSH2015,THEORETICAL_PREMIUM_DERECOGNITION_LIC,0
NI02PPUBLSH2016,THEORETICAL_PREMIUM_DERECOGNITION_LIC,0
NI02PPUBLSH2017,THEORETICAL_PREMIUM_DERECOGNITION_LIC,0
NI02PPUBLSH2018,THEORETICAL_PREMIUM_DERECOGNITION_LIC,0
NI02PPUBLSH2019,THEORETICAL_PREMIUM_DERECOGNITION_LIC,0
NI02PPUBLSH2020,THEORETICAL_PREMIUM_DERECOGNITION_LIC,0
NI02PPUBLSH2021,THEORETICAL_PREMIUM_DERECOGNITION_LIC,0
NI02PPUBLSH2022,THEORETICAL_PREMIUM_DERECOGNITION_LIC,0
NI02PPUBLSH2023,THEORETICAL_PREMIUM_DERECOGNITION_LIC,0
NI02PPRIVPF2011,ACTUAL_PREMIUM_CF_PAST_SERVICE,0
NI02PPRIVPF2011,ACTUAL_PREMIUM_CF_FUTURE_SERVICE,0
NI02PPRIVPF2011,ACTUAL_ACQUISITION_CF_PAST_SERVICE,0
NI02PPRIVPF2011,ACTUAL_ACQUISITION_CF_FUTURE_SERVICE,0
NI02PPRIVPF2011,ACTUAL_INV_COMP_PAYABLE,0
NI02PPRIVPF2011,ACTUAL_CHANGE_FV_FINANCIAL_UNDERLYING_ITEMS,0
NI02PPRIVPF2011,ACTUAL_CHANGE_FV_TECHNICAL_UNDERLYING_ITEMS,0
NI02PPRIVPF2011,FIN_RISK_MITIGATION,0
NI02PPRIVPF2011,RE_RISK_MITIGATION,0
NI02PPRIVPF2011,ACTUAL_COVERAGE_UNIT,0
NI02PPRIVPF2011,THEORETICAL_PREMIUM_DERECOGNITION_LRC,0
NI02PPRIVPF2011,THEORETICAL_PREMIUM_RECOGNITION,0
NI02PPRIVPF2011,ACTUAL_ACQUISITION_CF_BF_INIT_RECOG,0
NI02PPRIVPF2011,ACTUAL_COMMISSION_CF_PAST_SERVICE,0
NI02PPRIVPF2011,ACTUAL_COMMISSION_CF_FUTURE_SERVICE,0
NI02PPRIVPF2012,ACTUAL_PREMIUM_CF_PAST_SERVICE,0
NI02PPRIVPF2012,ACTUAL_PREMIUM_CF_FUTURE_SERVICE,0
NI02PPRIVPF2012,ACTUAL_ACQUISITION_CF_PAST_SERVICE,0
NI02PPRIVPF2012,ACTUAL_ACQUISITION_CF_FUTURE_SERVICE,0
NI02PPRIVPF2012,ACTUAL_INV_COMP_PAYABLE,0
NI02PPRIVPF2012,ACTUAL_CHANGE_FV_FINANCIAL_UNDERLYING_ITEMS,0
NI02PPRIVPF2012,ACTUAL_CHANGE_FV_TECHNICAL_UNDERLYING_ITEMS,0
NI02PPRIVPF2012,FIN_RISK_MITIGATION,0
NI02PPRIVPF2012,RE_RISK_MITIGATION,0
NI02PPRIVPF2012,ACTUAL_COVERAGE_UNIT,0
NI02PPRIVPF2012,THEORETICAL_PREMIUM_DERECOGNITION_LRC,0
NI02PPRIVPF2012,THEORETICAL_PREMIUM_RECOGNITION,0
NI02PPRIVPF2012,ACTUAL_ACQUISITION_CF_BF_INIT_RECOG,0
NI02PPRIVPF2012,ACTUAL_COMMISSION_CF_PAST_SERVICE,0
NI02PPRIVPF2012,ACTUAL_COMMISSION_CF_FUTURE_SERVICE,0
NI02PPRIVPF2013,ACTUAL_PREMIUM_CF_PAST_SERVICE,0
NI02PPRIVPF2013,ACTUAL_PREMIUM_CF_FUTURE_SERVICE,0
NI02PPRIVPF2013,ACTUAL_ACQUISITION_CF_PAST_SERVICE,0
NI02PPRIVPF2013,ACTUAL_ACQUISITION_CF_FUTURE_SERVICE,0
NI02PPRIVPF2013,ACTUAL_INV_COMP_PAYABLE,0
NI02PPRIVPF2013,ACTUAL_CHANGE_FV_FINANCIAL_UNDERLYING_ITEMS,0
NI02PPRIVPF2013,ACTUAL_CHANGE_FV_TECHNICAL_UNDERLYING_ITEMS,0
NI02PPRIVPF2013,FIN_RISK_MITIGATION,0
NI02PPRIVPF2013,RE_RISK_MITIGATION,0
NI02PPRIVPF2013,ACTUAL_COVERAGE_UNIT,0
NI02PPRIVPF2013,THEORETICAL_PREMIUM_DERECOGNITION_LRC,0
NI02PPRIVPF2013,THEORETICAL_PREMIUM_RECOGNITION,0
NI02PPRIVPF2013,ACTUAL_ACQUISITION_CF_BF_INIT_RECOG,0
NI02PPRIVPF2013,ACTUAL_COMMISSION_CF_PAST_SERVICE,0
NI02PPRIVPF2013,ACTUAL_COMMISSION_CF_FUTURE_SERVICE,0
NI02PPRIVPF2014,ACTUAL_PREMIUM_CF_PAST_SERVICE,0
NI02PPRIVPF2014,ACTUAL_PREMIUM_CF_FUTURE_SERVICE,0
NI02PPRIVPF2014,ACTUAL_ACQUISITION_CF_PAST_SERVICE,0
NI02PPRIVPF2014,ACTUAL_ACQUISITION_CF_FUTURE_SERVICE,0
NI02PPRIVPF2014,ACTUAL_INV_COMP_PAYABLE,0
NI02PPRIVPF2014,ACTUAL_CHANGE_FV_FINANCIAL_UNDERLYING_ITEMS,0
NI02PPRIVPF2014,ACTUAL_CHANGE_FV_TECHNICAL_UNDERLYING_ITEMS,0
NI02PPRIVPF2014,FIN_RISK_MITIGATION,0
NI02PPRIVPF2014,RE_RISK_MITIGATION,0
NI02PPRIVPF2014,ACTUAL_COVERAGE_UNIT,0
NI02PPRIVPF2014,THEORETICAL_PREMIUM_DERECOGNITION_LRC,0
NI02PPRIVPF2014,THEORETICAL_PREMIUM_RECOGNITION,0
NI02PPRIVPF2014,ACTUAL_ACQUISITION_CF_BF_INIT_RECOG,0
NI02PPRIVPF2014,ACTUAL_COMMISSION_CF_PAST_SERVICE,0
NI02PPRIVPF2014,ACTUAL_COMMISSION_CF_FUTURE_SERVICE,0
NI02PPRIVPF2015,ACTUAL_PREMIUM_CF_PAST_SERVICE,0
NI02PPRIVPF2015,ACTUAL_PREMIUM_CF_FUTURE_SERVICE,0
NI02PPRIVPF2015,ACTUAL_ACQUISITION_CF_PAST_SERVICE,0
NI02PPRIVPF2015,ACTUAL_ACQUISITION_CF_FUTURE_SERVICE,0
NI02PPRIVPF2015,ACTUAL_INV_COMP_PAYABLE,0
NI02PPRIVPF2015,ACTUAL_CHANGE_FV_FINANCIAL_UNDERLYING_ITEMS,0
NI02PPRIVPF2015,ACTUAL_CHANGE_FV_TECHNICAL_UNDERLYING_ITEMS,0
NI02PPRIVPF2015,FIN_RISK_MITIGATION,0
NI02PPRIVPF2015,RE_RISK_MITIGATION,0
NI02PPRIVPF2015,ACTUAL_COVERAGE_UNIT,0
NI02PPRIVPF2015,THEORETICAL_PREMIUM_DERECOGNITION_LRC,0
NI02PPRIVPF2015,THEORETICAL_PREMIUM_RECOGNITION,0
NI02PPRIVPF2015,ACTUAL_ACQUISITION_CF_BF_INIT_RECOG,0
NI02PPRIVPF2015,ACTUAL_COMMISSION_CF_PAST_SERVICE,0
NI02PPRIVPF2015,ACTUAL_COMMISSION_CF_FUTURE_SERVICE,0
NI02PPRIVPF2016,ACTUAL_PREMIUM_CF_PAST_SERVICE,0
NI02PPRIVPF2016,ACTUAL_PREMIUM_CF_FUTURE_SERVICE,0
NI02PPRIVPF2016,ACTUAL_ACQUISITION_CF_PAST_SERVICE,0
NI02PPRIVPF2016,ACTUAL_ACQUISITION_CF_FUTURE_SERVICE,0
NI02PPRIVPF2016,ACTUAL_INV_COMP_PAYABLE,0
NI02PPRIVPF2016,ACTUAL_CHANGE_FV_FINANCIAL_UNDERLYING_ITEMS,0
NI02PPRIVPF2016,ACTUAL_CHANGE_FV_TECHNICAL_UNDERLYING_ITEMS,0
NI02PPRIVPF2016,FIN_RISK_MITIGATION,0
NI02PPRIVPF2016,RE_RISK_MITIGATION,0
NI02PPRIVPF2016,ACTUAL_COVERAGE_UNIT,0
NI02PPRIVPF2016,THEORETICAL_PREMIUM_DERECOGNITION_LRC,0
NI02PPRIVPF2016,THEORETICAL_PREMIUM_RECOGNITION,0
NI02PPRIVPF2016,ACTUAL_ACQUISITION_CF_BF_INIT_RECOG,0
NI02PPRIVPF2016,ACTUAL_COMMISSION_CF_PAST_SERVICE,0
NI02PPRIVPF2016,ACTUAL_COMMISSION_CF_FUTURE_SERVICE,0
NI02PPRIVPF2017,ACTUAL_PREMIUM_CF_PAST_SERVICE,0
NI02PPRIVPF2017,ACTUAL_PREMIUM_CF_FUTURE_SERVICE,0
NI02PPRIVPF2017,ACTUAL_ACQUISITION_CF_PAST_SERVICE,0
NI02PPRIVPF2017,ACTUAL_ACQUISITION_CF_FUTURE_SERVICE,0
NI02PPRIVPF2017,ACTUAL_INV_COMP_PAYABLE,0
NI02PPRIVPF2017,ACTUAL_CHANGE_FV_FINANCIAL_UNDERLYING_ITEMS,0
NI02PPRIVPF2017,ACTUAL_CHANGE_FV_TECHNICAL_UNDERLYING_ITEMS,0
NI02PPRIVPF2017,FIN_RISK_MITIGATION,0
NI02PPRIVPF2017,RE_RISK_MITIGATION,0
NI02PPRIVPF2017,ACTUAL_COVERAGE_UNIT,0
NI02PPRIVPF2017,THEORETICAL_PREMIUM_DERECOGNITION_LRC,0
NI02PPRIVPF2017,THEORETICAL_PREMIUM_RECOGNITION,0
NI02PPRIVPF2017,ACTUAL_ACQUISITION_CF_BF_INIT_RECOG,0
NI02PPRIVPF2017,ACTUAL_COMMISSION_CF_PAST_SERVICE,0
NI02PPRIVPF2017,ACTUAL_COMMISSION_CF_FUTURE_SERVICE,0
NI02PPRIVPF2018,ACTUAL_PREMIUM_CF_PAST_SERVICE,0
NI02PPRIVPF2018,ACTUAL_PREMIUM_CF_FUTURE_SERVICE,0
NI02PPRIVPF2018,ACTUAL_ACQUISITION_CF_PAST_SERVICE,0
NI02PPRIVPF2018,ACTUAL_ACQUISITION_CF_FUTURE_SERVICE,0
NI02PPRIVPF2018,ACTUAL_INV_COMP_PAYABLE,0
NI02PPRIVPF2018,ACTUAL_CHANGE_FV_FINANCIAL_UNDERLYING_ITEMS,0
NI02PPRIVPF2018,ACTUAL_CHANGE_FV_TECHNICAL_UNDERLYING_ITEMS,0
NI02PPRIVPF2018,FIN_RISK_MITIGATION,0
NI02PPRIVPF2018,RE_RISK_MITIGATION,0
NI02PPRIVPF2018,ACTUAL_COVERAGE_UNIT,0
NI02PPRIVPF2018,THEORETICAL_PREMIUM_DERECOGNITION_LRC,0
NI02PPRIVPF2018,THEORETICAL_PREMIUM_RECOGNITION,0
NI02PPRIVPF2018,ACTUAL_ACQUISITION_CF_BF_INIT_RECOG,0
NI02PPRIVPF2018,ACTUAL_COMMISSION_CF_PAST_SERVICE,0
NI02PPRIVPF2018,ACTUAL_COMMISSION_CF_FUTURE_SERVICE,0
NI02PPRIVPF2019,ACTUAL_PREMIUM_CF_PAST_SERVICE,0
NI02PPRIVPF2019,ACTUAL_PREMIUM_CF_FUTURE_SERVICE,0
NI02PPRIVPF2019,ACTUAL_ACQUISITION_CF_PAST_SERVICE,0
NI02PPRIVPF2019,ACTUAL_ACQUISITION_CF_FUTURE_SERVICE,0
NI02PPRIVPF2019,ACTUAL_INV_COMP_PAYABLE,0
NI02PPRIVPF2019,ACTUAL_CHANGE_FV_FINANCIAL_UNDERLYING_ITEMS,0
NI02PPRIVPF2019,ACTUAL_CHANGE_FV_TECHNICAL_UNDERLYING_ITEMS,0
NI02PPRIVPF2019,FIN_RISK_MITIGATION,0
NI02PPRIVPF2019,RE_RISK_MITIGATION,0
NI02PPRIVPF2019,ACTUAL_COVERAGE_UNIT,0
NI02PPRIVPF2019,THEORETICAL_PREMIUM_DERECOGNITION_LRC,0
NI02PPRIVPF2019,THEORETICAL_PREMIUM_RECOGNITION,0
NI02PPRIVPF2019,ACTUAL_ACQUISITION_CF_BF_INIT_RECOG,0
NI02PPRIVPF2019,ACTUAL_COMMISSION_CF_PAST_SERVICE,0
NI02PPRIVPF2019,ACTUAL_COMMISSION_CF_FUTURE_SERVICE,0
NI02PPRIVPF2020,ACTUAL_PREMIUM_CF_PAST_SERVICE,0
NI02PPRIVPF2020,ACTUAL_PREMIUM_CF_FUTURE_SERVICE,0
NI02PPRIVPF2020,ACTUAL_ACQUISITION_CF_PAST_SERVICE,0
NI02PPRIVPF2020,ACTUAL_ACQUISITION_CF_FUTURE_SERVICE,0
NI02PPRIVPF2020,ACTUAL_INV_COMP_PAYABLE,0
NI02PPRIVPF2020,ACTUAL_CHANGE_FV_FINANCIAL_UNDERLYING_ITEMS,0
NI02PPRIVPF2020,ACTUAL_CHANGE_FV_TECHNICAL_UNDERLYING_ITEMS,0
NI02PPRIVPF2020,FIN_RISK_MITIGATION,0
NI02PPRIVPF2020,RE_RISK_MITIGATION,0
NI02PPRIVPF2020,ACTUAL_COVERAGE_UNIT,0
NI02PPRIVPF2020,THEORETICAL_PREMIUM_DERECOGNITION_LRC,0
NI02PPRIVPF2020,THEORETICAL_PREMIUM_RECOGNITION,0
NI02PPRIVPF2020,ACTUAL_ACQUISITION_CF_BF_INIT_RECOG,0
NI02PPRIVPF2020,ACTUAL_COMMISSION_CF_PAST_SERVICE,0
NI02PPRIVPF2020,ACTUAL_COMMISSION_CF_FUTURE_SERVICE,0
NI02PPRIVPF2021,ACTUAL_PREMIUM_CF_PAST_SERVICE,0
NI02PPRIVPF2021,ACTUAL_PREMIUM_CF_FUTURE_SERVICE,0
NI02PPRIVPF2021,ACTUAL_ACQUISITION_CF_PAST_SERVICE,0
NI02PPRIVPF2021,ACTUAL_ACQUISITION_CF_FUTURE_SERVICE,0
NI02PPRIVPF2021,ACTUAL_INV_COMP_PAYABLE,0
NI02PPRIVPF2021,ACTUAL_CHANGE_FV_FINANCIAL_UNDERLYING_ITEMS,0
NI02PPRIVPF2021,ACTUAL_CHANGE_FV_TECHNICAL_UNDERLYING_ITEMS,0
NI02PPRIVPF2021,FIN_RISK_MITIGATION,0
NI02PPRIVPF2021,RE_RISK_MITIGATION,0
NI02PPRIVPF2021,ACTUAL_COVERAGE_UNIT,0
NI02PPRIVPF2021,THEORETICAL_PREMIUM_DERECOGNITION_LRC,0
NI02PPRIVPF2021,THEORETICAL_PREMIUM_RECOGNITION,0
NI02PPRIVPF2021,ACTUAL_ACQUISITION_CF_BF_INIT_RECOG,0
NI02PPRIVPF2021,ACTUAL_COMMISSION_CF_PAST_SERVICE,0
NI02PPRIVPF2021,ACTUAL_COMMISSION_CF_FUTURE_SERVICE,0
NI02PPRIVPF2022,ACTUAL_PREMIUM_CF_PAST_SERVICE,0
NI02PPRIVPF2022,ACTUAL_PREMIUM_CF_FUTURE_SERVICE,0
NI02PPRIVPF2022,ACTUAL_ACQUISITION_CF_PAST_SERVICE,0
NI02PPRIVPF2022,ACTUAL_ACQUISITION_CF_FUTURE_SERVICE,0
NI02PPRIVPF2022,ACTUAL_INV_COMP_PAYABLE,0
NI02PPRIVPF2022,ACTUAL_CHANGE_FV_FINANCIAL_UNDERLYING_ITEMS,0
NI02PPRIVPF2022,ACTUAL_CHANGE_FV_TECHNICAL_UNDERLYING_ITEMS,0
NI02PPRIVPF2022,FIN_RISK_MITIGATION,0
NI02PPRIVPF2022,RE_RISK_MITIGATION,0
NI02PPRIVPF2022,ACTUAL_COVERAGE_UNIT,0
NI02PPRIVPF2022,THEORETICAL_PREMIUM_DERECOGNITION_LRC,0
NI02PPRIVPF2022,THEORETICAL_PREMIUM_RECOGNITION,0
NI02PPRIVPF2022,ACTUAL_ACQUISITION_CF_BF_INIT_RECOG,0
NI02PPRIVPF2022,ACTUAL_COMMISSION_CF_PAST_SERVICE,0
NI02PPRIVPF2022,ACTUAL_COMMISSION_CF_FUTURE_SERVICE,0
NI02PPRIVPF2023,ACTUAL_PREMIUM_CF_PAST_SERVICE,0
NI02PPRIVPF2023,ACTUAL_PREMIUM_CF_FUTURE_SERVICE,0
NI02PPRIVPF2023,ACTUAL_ACQUISITION_CF_PAST_SERVICE,0
NI02PPRIVPF2023,ACTUAL_ACQUISITION_CF_FUTURE_SERVICE,0
NI02PPRIVPF2023,ACTUAL_INV_COMP_PAYABLE,0
NI02PPRIVPF2023,ACTUAL_CHANGE_FV_FINANCIAL_UNDERLYING_ITEMS,0
NI02PPRIVPF2023,ACTUAL_CHANGE_FV_TECHNICAL_UNDERLYING_ITEMS,0
NI02PPRIVPF2023,FIN_RISK_MITIGATION,0
NI02PPRIVPF2023,RE_RISK_MITIGATION,0
NI02PPRIVPF2023,ACTUAL_COVERAGE_UNIT,0
NI02PPRIVPF2023,THEORETICAL_PREMIUM_DERECOGNITION_LRC,0
NI02PPRIVPF2023,THEORETICAL_PREMIUM_RECOGNITION,0
NI02PPRIVPF2023,ACTUAL_ACQUISITION_CF_BF_INIT_RECOG,0
NI02PPRIVPF2023,ACTUAL_COMMISSION_CF_PAST_SERVICE,0
NI02PPRIVPF2023,ACTUAL_COMMISSION_CF_FUTURE_SERVICE,0
NI02PPRIVPF2011,THEORETICAL_PREMIUM_DERECOGNITION_LIC,0
NI02PPRIVPF2012,THEORETICAL_PREMIUM_DERECOGNITION_LIC,0
NI02PPRIVPF2013,THEORETICAL_PREMIUM_DERECOGNITION_LIC,0
NI02PPRIVPF2014,THEORETICAL_PREMIUM_DERECOGNITION_LIC,0
NI02PPRIVPF2015,THEORETICAL_PREMIUM_DERECOGNITION_LIC,0
NI02PPRIVPF2016,THEORETICAL_PREMIUM_DERECOGNITION_LIC,0
NI02PPRIVPF2017,THEORETICAL_PREMIUM_DERECOGNITION_LIC,0
NI02PPRIVPF2018,THEORETICAL_PREMIUM_DERECOGNITION_LIC,0
NI02PPRIVPF2019,THEORETICAL_PREMIUM_DERECOGNITION_LIC,0
NI02PPRIVPF2020,THEORETICAL_PREMIUM_DERECOGNITION_LIC,0
NI02PPRIVPF2021,THEORETICAL_PREMIUM_DERECOGNITION_LIC,0
NI02PPRIVPF2022,THEORETICAL_PREMIUM_DERECOGNITION_LIC,0
NI02PPRIVPF2023,THEORETICAL_PREMIUM_DERECOGNITION_LIC,0
NI02PPRIVQS2011,ACTUAL_PREMIUM_CF_PAST_SERVICE,0
NI02PPRIVQS2011,ACTUAL_PREMIUM_CF_FUTURE_SERVICE,0
NI02PPRIVQS2011,ACTUAL_ACQUISITION_CF_PAST_SERVICE,0
NI02PPRIVQS2011,ACTUAL_ACQUISITION_CF_FUTURE_SERVICE,0
NI02PPRIVQS2011,ACTUAL_INV_COMP_PAYABLE,0
NI02PPRIVQS2011,ACTUAL_CHANGE_FV_FINANCIAL_UNDERLYING_ITEMS,0
NI02PPRIVQS2011,ACTUAL_CHANGE_FV_TECHNICAL_UNDERLYING_ITEMS,0
NI02PPRIVQS2011,FIN_RISK_MITIGATION,0
NI02PPRIVQS2011,RE_RISK_MITIGATION,0
NI02PPRIVQS2011,ACTUAL_COVERAGE_UNIT,0
NI02PPRIVQS2011,THEORETICAL_PREMIUM_DERECOGNITION_LRC,0
NI02PPRIVQS2011,THEORETICAL_PREMIUM_RECOGNITION,0
NI02PPRIVQS2011,ACTUAL_ACQUISITION_CF_BF_INIT_RECOG,0
NI02PPRIVQS2011,ACTUAL_COMMISSION_CF_PAST_SERVICE,0
NI02PPRIVQS2011,ACTUAL_COMMISSION_CF_FUTURE_SERVICE,0
NI02PPRIVQS2012,ACTUAL_PREMIUM_CF_PAST_SERVICE,0
NI02PPRIVQS2012,ACTUAL_PREMIUM_CF_FUTURE_SERVICE,0
NI02PPRIVQS2012,ACTUAL_ACQUISITION_CF_PAST_SERVICE,0
NI02PPRIVQS2012,ACTUAL_ACQUISITION_CF_FUTURE_SERVICE,0
NI02PPRIVQS2012,ACTUAL_INV_COMP_PAYABLE,0
NI02PPRIVQS2012,ACTUAL_CHANGE_FV_FINANCIAL_UNDERLYING_ITEMS,0
NI02PPRIVQS2012,ACTUAL_CHANGE_FV_TECHNICAL_UNDERLYING_ITEMS,0
NI02PPRIVQS2012,FIN_RISK_MITIGATION,0
NI02PPRIVQS2012,RE_RISK_MITIGATION,0
NI02PPRIVQS2012,ACTUAL_COVERAGE_UNIT,0
NI02PPRIVQS2012,THEORETICAL_PREMIUM_DERECOGNITION_LRC,0
NI02PPRIVQS2012,THEORETICAL_PREMIUM_RECOGNITION,0
NI02PPRIVQS2012,ACTUAL_ACQUISITION_CF_BF_INIT_RECOG,0
NI02PPRIVQS2012,ACTUAL_COMMISSION_CF_PAST_SERVICE,0
NI02PPRIVQS2012,ACTUAL_COMMISSION_CF_FUTURE_SERVICE,0
NI02PPRIVQS2013,ACTUAL_PREMIUM_CF_PAST_SERVICE,0
NI02PPRIVQS2013,ACTUAL_PREMIUM_CF_FUTURE_SERVICE,0
NI02PPRIVQS2013,ACTUAL_ACQUISITION_CF_PAST_SERVICE,0
NI02PPRIVQS2013,ACTUAL_ACQUISITION_CF_FUTURE_SERVICE,0
NI02PPRIVQS2013,ACTUAL_INV_COMP_PAYABLE,0
NI02PPRIVQS2013,ACTUAL_CHANGE_FV_FINANCIAL_UNDERLYING_ITEMS,0
NI02PPRIVQS2013,ACTUAL_CHANGE_FV_TECHNICAL_UNDERLYING_ITEMS,0
NI02PPRIVQS2013,FIN_RISK_MITIGATION,0
NI02PPRIVQS2013,RE_RISK_MITIGATION,0
NI02PPRIVQS2013,ACTUAL_COVERAGE_UNIT,0
NI02PPRIVQS2013,THEORETICAL_PREMIUM_DERECOGNITION_LRC,0
NI02PPRIVQS2013,THEORETICAL_PREMIUM_RECOGNITION,0
NI02PPRIVQS2013,ACTUAL_ACQUISITION_CF_BF_INIT_RECOG,0
NI02PPRIVQS2013,ACTUAL_COMMISSION_CF_PAST_SERVICE,0
NI02PPRIVQS2013,ACTUAL_COMMISSION_CF_FUTURE_SERVICE,0
NI02PPRIVQS2014,ACTUAL_PREMIUM_CF_PAST_SERVICE,0
NI02PPRIVQS2014,ACTUAL_PREMIUM_CF_FUTURE_SERVICE,0
NI02PPRIVQS2014,ACTUAL_ACQUISITION_CF_PAST_SERVICE,0
NI02PPRIVQS2014,ACTUAL_ACQUISITION_CF_FUTURE_SERVICE,0
NI02PPRIVQS2014,ACTUAL_INV_COMP_PAYABLE,0
NI02PPRIVQS2014,ACTUAL_CHANGE_FV_FINANCIAL_UNDERLYING_ITEMS,0
NI02PPRIVQS2014,ACTUAL_CHANGE_FV_TECHNICAL_UNDERLYING_ITEMS,0
NI02PPRIVQS2014,FIN_RISK_MITIGATION,0
NI02PPRIVQS2014,RE_RISK_MITIGATION,0
NI02PPRIVQS2014,ACTUAL_COVERAGE_UNIT,0
NI02PPRIVQS2014,THEORETICAL_PREMIUM_DERECOGNITION_LRC,0
NI02PPRIVQS2014,THEORETICAL_PREMIUM_RECOGNITION,0
NI02PPRIVQS2014,ACTUAL_ACQUISITION_CF_BF_INIT_RECOG,0
NI02PPRIVQS2014,ACTUAL_COMMISSION_CF_PAST_SERVICE,0
NI02PPRIVQS2014,ACTUAL_COMMISSION_CF_FUTURE_SERVICE,0
NI02PPRIVQS2015,ACTUAL_PREMIUM_CF_PAST_SERVICE,0
NI02PPRIVQS2015,ACTUAL_PREMIUM_CF_FUTURE_SERVICE,0
NI02PPRIVQS2015,ACTUAL_ACQUISITION_CF_PAST_SERVICE,0
NI02PPRIVQS2015,ACTUAL_ACQUISITION_CF_FUTURE_SERVICE,0
NI02PPRIVQS2015,ACTUAL_INV_COMP_PAYABLE,0
NI02PPRIVQS2015,ACTUAL_CHANGE_FV_FINANCIAL_UNDERLYING_ITEMS,0
NI02PPRIVQS2015,ACTUAL_CHANGE_FV_TECHNICAL_UNDERLYING_ITEMS,0
NI02PPRIVQS2015,FIN_RISK_MITIGATION,0
NI02PPRIVQS2015,RE_RISK_MITIGATION,0
NI02PPRIVQS2015,ACTUAL_COVERAGE_UNIT,0
NI02PPRIVQS2015,THEORETICAL_PREMIUM_DERECOGNITION_LRC,0
NI02PPRIVQS2015,THEORETICAL_PREMIUM_RECOGNITION,0
NI02PPRIVQS2015,ACTUAL_ACQUISITION_CF_BF_INIT_RECOG,0
NI02PPRIVQS2015,ACTUAL_COMMISSION_CF_PAST_SERVICE,0
NI02PPRIVQS2015,ACTUAL_COMMISSION_CF_FUTURE_SERVICE,0
NI02PPRIVQS2016,ACTUAL_PREMIUM_CF_PAST_SERVICE,0
NI02PPRIVQS2016,ACTUAL_PREMIUM_CF_FUTURE_SERVICE,0
NI02PPRIVQS2016,ACTUAL_ACQUISITION_CF_PAST_SERVICE,0
NI02PPRIVQS2016,ACTUAL_ACQUISITION_CF_FUTURE_SERVICE,0
NI02PPRIVQS2016,ACTUAL_INV_COMP_PAYABLE,0
NI02PPRIVQS2016,ACTUAL_CHANGE_FV_FINANCIAL_UNDERLYING_ITEMS,0
NI02PPRIVQS2016,ACTUAL_CHANGE_FV_TECHNICAL_UNDERLYING_ITEMS,0
NI02PPRIVQS2016,FIN_RISK_MITIGATION,0
NI02PPRIVQS2016,RE_RISK_MITIGATION,0
NI02PPRIVQS2016,ACTUAL_COVERAGE_UNIT,0
NI02PPRIVQS2016,THEORETICAL_PREMIUM_DERECOGNITION_LRC,0
NI02PPRIVQS2016,THEORETICAL_PREMIUM_RECOGNITION,0
NI02PPRIVQS2016,ACTUAL_ACQUISITION_CF_BF_INIT_RECOG,0
NI02PPRIVQS2016,ACTUAL_COMMISSION_CF_PAST_SERVICE,0
NI02PPRIVQS2016,ACTUAL_COMMISSION_CF_FUTURE_SERVICE,0
NI02PPRIVQS2017,ACTUAL_PREMIUM_CF_PAST_SERVICE,0
NI02PPRIVQS2017,ACTUAL_PREMIUM_CF_FUTURE_SERVICE,0
NI02PPRIVQS2017,ACTUAL_ACQUISITION_CF_PAST_SERVICE,0
NI02PPRIVQS2017,ACTUAL_ACQUISITION_CF_FUTURE_SERVICE,0
NI02PPRIVQS2017,ACTUAL_INV_COMP_PAYABLE,0
NI02PPRIVQS2017,ACTUAL_CHANGE_FV_FINANCIAL_UNDERLYING_ITEMS,0
NI02PPRIVQS2017,ACTUAL_CHANGE_FV_TECHNICAL_UNDERLYING_ITEMS,0
NI02PPRIVQS2017,FIN_RISK_MITIGATION,0
NI02PPRIVQS2017,RE_RISK_MITIGATION,0
NI02PPRIVQS2017,ACTUAL_COVERAGE_UNIT,0
NI02PPRIVQS2017,THEORETICAL_PREMIUM_DERECOGNITION_LRC,0
NI02PPRIVQS2017,THEORETICAL_PREMIUM_RECOGNITION,0
NI02PPRIVQS2017,ACTUAL_ACQUISITION_CF_BF_INIT_RECOG,0
NI02PPRIVQS2017,ACTUAL_COMMISSION_CF_PAST_SERVICE,0
NI02PPRIVQS2017,ACTUAL_COMMISSION_CF_FUTURE_SERVICE,0
NI02PPRIVQS2018,ACTUAL_PREMIUM_CF_PAST_SERVICE,0
NI02PPRIVQS2018,ACTUAL_PREMIUM_CF_FUTURE_SERVICE,0
NI02PPRIVQS2018,ACTUAL_ACQUISITION_CF_PAST_SERVICE,0
NI02PPRIVQS2018,ACTUAL_ACQUISITION_CF_FUTURE_SERVICE,0
NI02PPRIVQS2018,ACTUAL_INV_COMP_PAYABLE,0
NI02PPRIVQS2018,ACTUAL_CHANGE_FV_FINANCIAL_UNDERLYING_ITEMS,0
NI02PPRIVQS2018,ACTUAL_CHANGE_FV_TECHNICAL_UNDERLYING_ITEMS,0
NI02PPRIVQS2018,FIN_RISK_MITIGATION,0
NI02PPRIVQS2018,RE_RISK_MITIGATION,0
NI02PPRIVQS2018,ACTUAL_COVERAGE_UNIT,0
NI02PPRIVQS2018,THEORETICAL_PREMIUM_DERECOGNITION_LRC,0
NI02PPRIVQS2018,THEORETICAL_PREMIUM_RECOGNITION,0
NI02PPRIVQS2018,ACTUAL_ACQUISITION_CF_BF_INIT_RECOG,0
NI02PPRIVQS2018,ACTUAL_COMMISSION_CF_PAST_SERVICE,0
NI02PPRIVQS2018,ACTUAL_COMMISSION_CF_FUTURE_SERVICE,0
NI02PPRIVQS2019,ACTUAL_PREMIUM_CF_PAST_SERVICE,0
NI02PPRIVQS2019,ACTUAL_PREMIUM_CF_FUTURE_SERVICE,0
NI02PPRIVQS2019,ACTUAL_ACQUISITION_CF_PAST_SERVICE,0
NI02PPRIVQS2019,ACTUAL_ACQUISITION_CF_FUTURE_SERVICE,0
NI02PPRIVQS2019,ACTUAL_INV_COMP_PAYABLE,0
NI02PPRIVQS2019,ACTUAL_CHANGE_FV_FINANCIAL_UNDERLYING_ITEMS,0
NI02PPRIVQS2019,ACTUAL_CHANGE_FV_TECHNICAL_UNDERLYING_ITEMS,0
NI02PPRIVQS2019,FIN_RISK_MITIGATION,0
NI02PPRIVQS2019,RE_RISK_MITIGATION,0
NI02PPRIVQS2019,ACTUAL_COVERAGE_UNIT,0
NI02PPRIVQS2019,THEORETICAL_PREMIUM_DERECOGNITION_LRC,0
NI02PPRIVQS2019,THEORETICAL_PREMIUM_RECOGNITION,0
NI02PPRIVQS2019,ACTUAL_ACQUISITION_CF_BF_INIT_RECOG,0
NI02PPRIVQS2019,ACTUAL_COMMISSION_CF_PAST_SERVICE,0
NI02PPRIVQS2019,ACTUAL_COMMISSION_CF_FUTURE_SERVICE,0
NI02PPRIVQS2020,ACTUAL_PREMIUM_CF_PAST_SERVICE,0
NI02PPRIVQS2020,ACTUAL_PREMIUM_CF_FUTURE_SERVICE,0
NI02PPRIVQS2020,ACTUAL_ACQUISITION_CF_PAST_SERVICE,0
NI02PPRIVQS2020,ACTUAL_ACQUISITION_CF_FUTURE_SERVICE,0
NI02PPRIVQS2020,ACTUAL_INV_COMP_PAYABLE,0
NI02PPRIVQS2020,ACTUAL_CHANGE_FV_FINANCIAL_UNDERLYING_ITEMS,0
NI02PPRIVQS2020,ACTUAL_CHANGE_FV_TECHNICAL_UNDERLYING_ITEMS,0
NI02PPRIVQS2020,FIN_RISK_MITIGATION,0
NI02PPRIVQS2020,RE_RISK_MITIGATION,0
NI02PPRIVQS2020,ACTUAL_COVERAGE_UNIT,0
NI02PPRIVQS2020,THEORETICAL_PREMIUM_DERECOGNITION_LRC,0
NI02PPRIVQS2020,THEORETICAL_PREMIUM_RECOGNITION,0
NI02PPRIVQS2020,ACTUAL_ACQUISITION_CF_BF_INIT_RECOG,0
NI02PPRIVQS2020,ACTUAL_COMMISSION_CF_PAST_SERVICE,0
NI02PPRIVQS2020,ACTUAL_COMMISSION_CF_FUTURE_SERVICE,0
NI02PPRIVQS2021,ACTUAL_PREMIUM_CF_PAST_SERVICE,0
NI02PPRIVQS2021,ACTUAL_PREMIUM_CF_FUTURE_SERVICE,0
NI02PPRIVQS2021,ACTUAL_ACQUISITION_CF_PAST_SERVICE,0
NI02PPRIVQS2021,ACTUAL_ACQUISITION_CF_FUTURE_SERVICE,0
NI02PPRIVQS2021,ACTUAL_INV_COMP_PAYABLE,0
NI02PPRIVQS2021,ACTUAL_CHANGE_FV_FINANCIAL_UNDERLYING_ITEMS,0
NI02PPRIVQS2021,ACTUAL_CHANGE_FV_TECHNICAL_UNDERLYING_ITEMS,0
NI02PPRIVQS2021,FIN_RISK_MITIGATION,0
NI02PPRIVQS2021,RE_RISK_MITIGATION,0
NI02PPRIVQS2021,ACTUAL_COVERAGE_UNIT,0
NI02PPRIVQS2021,THEORETICAL_PREMIUM_DERECOGNITION_LRC,0
NI02PPRIVQS2021,THEORETICAL_PREMIUM_RECOGNITION,0
NI02PPRIVQS2021,ACTUAL_ACQUISITION_CF_BF_INIT_RECOG,0
NI02PPRIVQS2021,ACTUAL_COMMISSION_CF_PAST_SERVICE,0
NI02PPRIVQS2021,ACTUAL_COMMISSION_CF_FUTURE_SERVICE,0
NI02PPRIVQS2022,ACTUAL_PREMIUM_CF_PAST_SERVICE,0
NI02PPRIVQS2022,ACTUAL_PREMIUM_CF_FUTURE_SERVICE,0
NI02PPRIVQS2022,ACTUAL_ACQUISITION_CF_PAST_SERVICE,0
NI02PPRIVQS2022,ACTUAL_ACQUISITION_CF_FUTURE_SERVICE,0
NI02PPRIVQS2022,ACTUAL_INV_COMP_PAYABLE,0
NI02PPRIVQS2022,ACTUAL_CHANGE_FV_FINANCIAL_UNDERLYING_ITEMS,0
NI02PPRIVQS2022,ACTUAL_CHANGE_FV_TECHNICAL_UNDERLYING_ITEMS,0
NI02PPRIVQS2022,FIN_RISK_MITIGATION,0
NI02PPRIVQS2022,RE_RISK_MITIGATION,0
NI02PPRIVQS2022,ACTUAL_COVERAGE_UNIT,0
NI02PPRIVQS2022,THEORETICAL_PREMIUM_DERECOGNITION_LRC,0
NI02PPRIVQS2022,THEORETICAL_PREMIUM_RECOGNITION,0
NI02PPRIVQS2022,ACTUAL_ACQUISITION_CF_BF_INIT_RECOG,0
NI02PPRIVQS2022,ACTUAL_COMMISSION_CF_PAST_SERVICE,0
NI02PPRIVQS2022,ACTUAL_COMMISSION_CF_FUTURE_SERVICE,0
NI02PPRIVQS2023,ACTUAL_PREMIUM_CF_PAST_SERVICE,0
NI02PPRIVQS2023,ACTUAL_PREMIUM_CF_FUTURE_SERVICE,0
NI02PPRIVQS2023,ACTUAL_ACQUISITION_CF_PAST_SERVICE,0
NI02PPRIVQS2023,ACTUAL_ACQUISITION_CF_FUTURE_SERVICE,0
NI02PPRIVQS2023,ACTUAL_INV_COMP_PAYABLE,0
NI02PPRIVQS2023,ACTUAL_CHANGE_FV_FINANCIAL_UNDERLYING_ITEMS,0
NI02PPRIVQS2023,ACTUAL_CHANGE_FV_TECHNICAL_UNDERLYING_ITEMS,0
NI02PPRIVQS2023,FIN_RISK_MITIGATION,0
NI02PPRIVQS2023,RE_RISK_MITIGATION,0
NI02PPRIVQS2023,ACTUAL_COVERAGE_UNIT,0
NI02PPRIVQS2023,THEORETICAL_PREMIUM_DERECOGNITION_LRC,0
NI02PPRIVQS2023,THEORETICAL_PREMIUM_RECOGNITION,0
NI02PPRIVQS2023,ACTUAL_ACQUISITION_CF_BF_INIT_RECOG,0
NI02PPRIVQS2023,ACTUAL_COMMISSION_CF_PAST_SERVICE,0
NI02PPRIVQS2023,ACTUAL_COMMISSION_CF_FUTURE_SERVICE,0
NI02PPRIVQS2011,THEORETICAL_PREMIUM_DERECOGNITION_LIC,0
NI02PPRIVQS2012,THEORETICAL_PREMIUM_DERECOGNITION_LIC,0
NI02PPRIVQS2013,THEORETICAL_PREMIUM_DERECOGNITION_LIC,0
NI02PPRIVQS2014,THEORETICAL_PREMIUM_DERECOGNITION_LIC,0
NI02PPRIVQS2015,THEORETICAL_PREMIUM_DERECOGNITION_LIC,0
NI02PPRIVQS2016,THEORETICAL_PREMIUM_DERECOGNITION_LIC,0
NI02PPRIVQS2017,THEORETICAL_PREMIUM_DERECOGNITION_LIC,0
NI02PPRIVQS2018,THEORETICAL_PREMIUM_DERECOGNITION_LIC,0
NI02PPRIVQS2019,THEORETICAL_PREMIUM_DERECOGNITION_LIC,0
NI02PPRIVQS2020,THEORETICAL_PREMIUM_DERECOGNITION_LIC,0
NI02PPRIVQS2021,THEORETICAL_PREMIUM_DERECOGNITION_LIC,0
NI02PPRIVQS2022,THEORETICAL_PREMIUM_DERECOGNITION_LIC,0
NI02PPRIVQS2023,THEORETICAL_PREMIUM_DERECOGNITION_LIC,0
NI02PPRIVST2011,ACTUAL_PREMIUM_CF_PAST_SERVICE,0
NI02PPRIVST2011,ACTUAL_PREMIUM_CF_FUTURE_SERVICE,0
NI02PPRIVST2011,ACTUAL_ACQUISITION_CF_PAST_SERVICE,0
NI02PPRIVST2011,ACTUAL_ACQUISITION_CF_FUTURE_SERVICE,0
NI02PPRIVST2011,ACTUAL_INV_COMP_PAYABLE,0
NI02PPRIVST2011,ACTUAL_CHANGE_FV_FINANCIAL_UNDERLYING_ITEMS,0
NI02PPRIVST2011,ACTUAL_CHANGE_FV_TECHNICAL_UNDERLYING_ITEMS,0
NI02PPRIVST2011,FIN_RISK_MITIGATION,0
NI02PPRIVST2011,RE_RISK_MITIGATION,0
NI02PPRIVST2011,ACTUAL_COVERAGE_UNIT,0
NI02PPRIVST2011,THEORETICAL_PREMIUM_DERECOGNITION_LRC,0
NI02PPRIVST2011,THEORETICAL_PREMIUM_RECOGNITION,0
NI02PPRIVST2011,ACTUAL_ACQUISITION_CF_BF_INIT_RECOG,0
NI02PPRIVST2011,ACTUAL_COMMISSION_CF_PAST_SERVICE,0
NI02PPRIVST2011,ACTUAL_COMMISSION_CF_FUTURE_SERVICE,0
NI02PPRIVST2012,ACTUAL_PREMIUM_CF_PAST_SERVICE,0
NI02PPRIVST2012,ACTUAL_PREMIUM_CF_FUTURE_SERVICE,0
NI02PPRIVST2012,ACTUAL_ACQUISITION_CF_PAST_SERVICE,0
NI02PPRIVST2012,ACTUAL_ACQUISITION_CF_FUTURE_SERVICE,0
NI02PPRIVST2012,ACTUAL_INV_COMP_PAYABLE,0
NI02PPRIVST2012,ACTUAL_CHANGE_FV_FINANCIAL_UNDERLYING_ITEMS,0
NI02PPRIVST2012,ACTUAL_CHANGE_FV_TECHNICAL_UNDERLYING_ITEMS,0
NI02PPRIVST2012,FIN_RISK_MITIGATION,0
NI02PPRIVST2012,RE_RISK_MITIGATION,0
NI02PPRIVST2012,ACTUAL_COVERAGE_UNIT,0
NI02PPRIVST2012,THEORETICAL_PREMIUM_DERECOGNITION_LRC,0
NI02PPRIVST2012,THEORETICAL_PREMIUM_RECOGNITION,0
NI02PPRIVST2012,ACTUAL_ACQUISITION_CF_BF_INIT_RECOG,0
NI02PPRIVST2012,ACTUAL_COMMISSION_CF_PAST_SERVICE,0
NI02PPRIVST2012,ACTUAL_COMMISSION_CF_FUTURE_SERVICE,0
NI02PPRIVST2013,ACTUAL_PREMIUM_CF_PAST_SERVICE,0
NI02PPRIVST2013,ACTUAL_PREMIUM_CF_FUTURE_SERVICE,0
NI02PPRIVST2013,ACTUAL_ACQUISITION_CF_PAST_SERVICE,0
NI02PPRIVST2013,ACTUAL_ACQUISITION_CF_FUTURE_SERVICE,0
NI02PPRIVST2013,ACTUAL_INV_COMP_PAYABLE,0
NI02PPRIVST2013,ACTUAL_CHANGE_FV_FINANCIAL_UNDERLYING_ITEMS,0
NI02PPRIVST2013,ACTUAL_CHANGE_FV_TECHNICAL_UNDERLYING_ITEMS,0
NI02PPRIVST2013,FIN_RISK_MITIGATION,0
NI02PPRIVST2013,RE_RISK_MITIGATION,0
NI02PPRIVST2013,ACTUAL_COVERAGE_UNIT,0
NI02PPRIVST2013,THEORETICAL_PREMIUM_DERECOGNITION_LRC,0
NI02PPRIVST2013,THEORETICAL_PREMIUM_RECOGNITION,0
NI02PPRIVST2013,ACTUAL_ACQUISITION_CF_BF_INIT_RECOG,0
NI02PPRIVST2013,ACTUAL_COMMISSION_CF_PAST_SERVICE,0
NI02PPRIVST2013,ACTUAL_COMMISSION_CF_FUTURE_SERVICE,0
NI02PPRIVST2014,ACTUAL_PREMIUM_CF_PAST_SERVICE,0
NI02PPRIVST2014,ACTUAL_PREMIUM_CF_FUTURE_SERVICE,0
NI02PPRIVST2014,ACTUAL_ACQUISITION_CF_PAST_SERVICE,0
NI02PPRIVST2014,ACTUAL_ACQUISITION_CF_FUTURE_SERVICE,0
NI02PPRIVST2014,ACTUAL_INV_COMP_PAYABLE,0
NI02PPRIVST2014,ACTUAL_CHANGE_FV_FINANCIAL_UNDERLYING_ITEMS,0
NI02PPRIVST2014,ACTUAL_CHANGE_FV_TECHNICAL_UNDERLYING_ITEMS,0
NI02PPRIVST2014,FIN_RISK_MITIGATION,0
NI02PPRIVST2014,RE_RISK_MITIGATION,0
NI02PPRIVST2014,ACTUAL_COVERAGE_UNIT,0
NI02PPRIVST2014,THEORETICAL_PREMIUM_DERECOGNITION_LRC,0
NI02PPRIVST2014,THEORETICAL_PREMIUM_RECOGNITION,0
NI02PPRIVST2014,ACTUAL_ACQUISITION_CF_BF_INIT_RECOG,0
NI02PPRIVST2014,ACTUAL_COMMISSION_CF_PAST_SERVICE,0
NI02PPRIVST2014,ACTUAL_COMMISSION_CF_FUTURE_SERVICE,0
NI02PPRIVST2015,ACTUAL_PREMIUM_CF_PAST_SERVICE,0
NI02PPRIVST2015,ACTUAL_PREMIUM_CF_FUTURE_SERVICE,0
NI02PPRIVST2015,ACTUAL_ACQUISITION_CF_PAST_SERVICE,0
NI02PPRIVST2015,ACTUAL_ACQUISITION_CF_FUTURE_SERVICE,0
NI02PPRIVST2015,ACTUAL_INV_COMP_PAYABLE,0
NI02PPRIVST2015,ACTUAL_CHANGE_FV_FINANCIAL_UNDERLYING_ITEMS,0
NI02PPRIVST2015,ACTUAL_CHANGE_FV_TECHNICAL_UNDERLYING_ITEMS,0
NI02PPRIVST2015,FIN_RISK_MITIGATION,0
NI02PPRIVST2015,RE_RISK_MITIGATION,0
NI02PPRIVST2015,ACTUAL_COVERAGE_UNIT,0
NI02PPRIVST2015,THEORETICAL_PREMIUM_DERECOGNITION_LRC,0
NI02PPRIVST2015,THEORETICAL_PREMIUM_RECOGNITION,0
NI02PPRIVST2015,ACTUAL_ACQUISITION_CF_BF_INIT_RECOG,0
NI02PPRIVST2015,ACTUAL_COMMISSION_CF_PAST_SERVICE,0
NI02PPRIVST2015,ACTUAL_COMMISSION_CF_FUTURE_SERVICE,0
NI02PPRIVST2016,ACTUAL_PREMIUM_CF_PAST_SERVICE,0
NI02PPRIVST2016,ACTUAL_PREMIUM_CF_FUTURE_SERVICE,0
NI02PPRIVST2016,ACTUAL_ACQUISITION_CF_PAST_SERVICE,0
NI02PPRIVST2016,ACTUAL_ACQUISITION_CF_FUTURE_SERVICE,0
NI02PPRIVST2016,ACTUAL_INV_COMP_PAYABLE,0
NI02PPRIVST2016,ACTUAL_CHANGE_FV_FINANCIAL_UNDERLYING_ITEMS,0
NI02PPRIVST2016,ACTUAL_CHANGE_FV_TECHNICAL_UNDERLYING_ITEMS,0
NI02PPRIVST2016,FIN_RISK_MITIGATION,0
NI02PPRIVST2016,RE_RISK_MITIGATION,0
NI02PPRIVST2016,ACTUAL_COVERAGE_UNIT,0
NI02PPRIVST2016,THEORETICAL_PREMIUM_DERECOGNITION_LRC,0
NI02PPRIVST2016,THEORETICAL_PREMIUM_RECOGNITION,0
NI02PPRIVST2016,ACTUAL_ACQUISITION_CF_BF_INIT_RECOG,0
NI02PPRIVST2016,ACTUAL_COMMISSION_CF_PAST_SERVICE,0
NI02PPRIVST2016,ACTUAL_COMMISSION_CF_FUTURE_SERVICE,0
NI02PPRIVST2017,ACTUAL_PREMIUM_CF_PAST_SERVICE,0
NI02PPRIVST2017,ACTUAL_PREMIUM_CF_FUTURE_SERVICE,0
NI02PPRIVST2017,ACTUAL_ACQUISITION_CF_PAST_SERVICE,0
NI02PPRIVST2017,ACTUAL_ACQUISITION_CF_FUTURE_SERVICE,0
NI02PPRIVST2017,ACTUAL_INV_COMP_PAYABLE,0
NI02PPRIVST2017,ACTUAL_CHANGE_FV_FINANCIAL_UNDERLYING_ITEMS,0
NI02PPRIVST2017,ACTUAL_CHANGE_FV_TECHNICAL_UNDERLYING_ITEMS,0
NI02PPRIVST2017,FIN_RISK_MITIGATION,0
NI02PPRIVST2017,RE_RISK_MITIGATION,0
NI02PPRIVST2017,ACTUAL_COVERAGE_UNIT,0
NI02PPRIVST2017,THEORETICAL_PREMIUM_DERECOGNITION_LRC,0
NI02PPRIVST2017,THEORETICAL_PREMIUM_RECOGNITION,0
NI02PPRIVST2017,ACTUAL_ACQUISITION_CF_BF_INIT_RECOG,0
NI02PPRIVST2017,ACTUAL_COMMISSION_CF_PAST_SERVICE,0
NI02PPRIVST2017,ACTUAL_COMMISSION_CF_FUTURE_SERVICE,0
NI02PPRIVST2018,ACTUAL_PREMIUM_CF_PAST_SERVICE,0
NI02PPRIVST2018,ACTUAL_PREMIUM_CF_FUTURE_SERVICE,0
NI02PPRIVST2018,ACTUAL_ACQUISITION_CF_PAST_SERVICE,0
NI02PPRIVST2018,ACTUAL_ACQUISITION_CF_FUTURE_SERVICE,0
NI02PPRIVST2018,ACTUAL_INV_COMP_PAYABLE,0
NI02PPRIVST2018,ACTUAL_CHANGE_FV_FINANCIAL_UNDERLYING_ITEMS,0
NI02PPRIVST2018,ACTUAL_CHANGE_FV_TECHNICAL_UNDERLYING_ITEMS,0
NI02PPRIVST2018,FIN_RISK_MITIGATION,0
NI02PPRIVST2018,RE_RISK_MITIGATION,0
NI02PPRIVST2018,ACTUAL_COVERAGE_UNIT,0
NI02PPRIVST2018,THEORETICAL_PREMIUM_DERECOGNITION_LRC,0
NI02PPRIVST2018,THEORETICAL_PREMIUM_RECOGNITION,0
NI02PPRIVST2018,ACTUAL_ACQUISITION_CF_BF_INIT_RECOG,0
NI02PPRIVST2018,ACTUAL_COMMISSION_CF_PAST_SERVICE,0
NI02PPRIVST2018,ACTUAL_COMMISSION_CF_FUTURE_SERVICE,0
NI02PPRIVST2019,ACTUAL_PREMIUM_CF_PAST_SERVICE,0
NI02PPRIVST2019,ACTUAL_PREMIUM_CF_FUTURE_SERVICE,0
NI02PPRIVST2019,ACTUAL_ACQUISITION_CF_PAST_SERVICE,0
NI02PPRIVST2019,ACTUAL_ACQUISITION_CF_FUTURE_SERVICE,0
NI02PPRIVST2019,ACTUAL_INV_COMP_PAYABLE,0
NI02PPRIVST2019,ACTUAL_CHANGE_FV_FINANCIAL_UNDERLYING_ITEMS,0
NI02PPRIVST2019,ACTUAL_CHANGE_FV_TECHNICAL_UNDERLYING_ITEMS,0
NI02PPRIVST2019,FIN_RISK_MITIGATION,0
NI02PPRIVST2019,RE_RISK_MITIGATION,0
NI02PPRIVST2019,ACTUAL_COVERAGE_UNIT,0
NI02PPRIVST2019,THEORETICAL_PREMIUM_DERECOGNITION_LRC,0
NI02PPRIVST2019,THEORETICAL_PREMIUM_RECOGNITION,0
NI02PPRIVST2019,ACTUAL_ACQUISITION_CF_BF_INIT_RECOG,0
NI02PPRIVST2019,ACTUAL_COMMISSION_CF_PAST_SERVICE,0
NI02PPRIVST2019,ACTUAL_COMMISSION_CF_FUTURE_SERVICE,0
NI02PPRIVST2020,ACTUAL_PREMIUM_CF_PAST_SERVICE,0
NI02PPRIVST2020,ACTUAL_PREMIUM_CF_FUTURE_SERVICE,0
NI02PPRIVST2020,ACTUAL_ACQUISITION_CF_PAST_SERVICE,0
NI02PPRIVST2020,ACTUAL_ACQUISITION_CF_FUTURE_SERVICE,0
NI02PPRIVST2020,ACTUAL_INV_COMP_PAYABLE,0
NI02PPRIVST2020,ACTUAL_CHANGE_FV_FINANCIAL_UNDERLYING_ITEMS,0
NI02PPRIVST2020,ACTUAL_CHANGE_FV_TECHNICAL_UNDERLYING_ITEMS,0
NI02PPRIVST2020,FIN_RISK_MITIGATION,0
NI02PPRIVST2020,RE_RISK_MITIGATION,0
NI02PPRIVST2020,ACTUAL_COVERAGE_UNIT,0
NI02PPRIVST2020,THEORETICAL_PREMIUM_DERECOGNITION_LRC,0
NI02PPRIVST2020,THEORETICAL_PREMIUM_RECOGNITION,0
NI02PPRIVST2020,ACTUAL_ACQUISITION_CF_BF_INIT_RECOG,0
NI02PPRIVST2020,ACTUAL_COMMISSION_CF_PAST_SERVICE,0
NI02PPRIVST2020,ACTUAL_COMMISSION_CF_FUTURE_SERVICE,0
NI02PPRIVST2021,ACTUAL_PREMIUM_CF_PAST_SERVICE,0
NI02PPRIVST2021,ACTUAL_PREMIUM_CF_FUTURE_SERVICE,0
NI02PPRIVST2021,ACTUAL_ACQUISITION_CF_PAST_SERVICE,0
NI02PPRIVST2021,ACTUAL_ACQUISITION_CF_FUTURE_SERVICE,0
NI02PPRIVST2021,ACTUAL_INV_COMP_PAYABLE,0
NI02PPRIVST2021,ACTUAL_CHANGE_FV_FINANCIAL_UNDERLYING_ITEMS,0
NI02PPRIVST2021,ACTUAL_CHANGE_FV_TECHNICAL_UNDERLYING_ITEMS,0
NI02PPRIVST2021,FIN_RISK_MITIGATION,0
NI02PPRIVST2021,RE_RISK_MITIGATION,0
NI02PPRIVST2021,ACTUAL_COVERAGE_UNIT,0
NI02PPRIVST2021,THEORETICAL_PREMIUM_DERECOGNITION_LRC,0
NI02PPRIVST2021,THEORETICAL_PREMIUM_RECOGNITION,0
NI02PPRIVST2021,ACTUAL_ACQUISITION_CF_BF_INIT_RECOG,0
NI02PPRIVST2021,ACTUAL_COMMISSION_CF_PAST_SERVICE,0
NI02PPRIVST2021,ACTUAL_COMMISSION_CF_FUTURE_SERVICE,0
NI02PPRIVST2022,ACTUAL_PREMIUM_CF_PAST_SERVICE,0
NI02PPRIVST2022,ACTUAL_PREMIUM_CF_FUTURE_SERVICE,0
NI02PPRIVST2022,ACTUAL_ACQUISITION_CF_PAST_SERVICE,0
NI02PPRIVST2022,ACTUAL_ACQUISITION_CF_FUTURE_SERVICE,0
NI02PPRIVST2022,ACTUAL_INV_COMP_PAYABLE,0
NI02PPRIVST2022,ACTUAL_CHANGE_FV_FINANCIAL_UNDERLYING_ITEMS,0
NI02PPRIVST2022,ACTUAL_CHANGE_FV_TECHNICAL_UNDERLYING_ITEMS,0
NI02PPRIVST2022,FIN_RISK_MITIGATION,0
NI02PPRIVST2022,RE_RISK_MITIGATION,0
NI02PPRIVST2022,ACTUAL_COVERAGE_UNIT,0
NI02PPRIVST2022,THEORETICAL_PREMIUM_DERECOGNITION_LRC,0
NI02PPRIVST2022,THEORETICAL_PREMIUM_RECOGNITION,0
NI02PPRIVST2022,ACTUAL_ACQUISITION_CF_BF_INIT_RECOG,0
NI02PPRIVST2022,ACTUAL_COMMISSION_CF_PAST_SERVICE,0
NI02PPRIVST2022,ACTUAL_COMMISSION_CF_FUTURE_SERVICE,0
NI02PPRIVST2023,ACTUAL_PREMIUM_CF_PAST_SERVICE,0
NI02PPRIVST2023,ACTUAL_PREMIUM_CF_FUTURE_SERVICE,0
NI02PPRIVST2023,ACTUAL_ACQUISITION_CF_PAST_SERVICE,0
NI02PPRIVST2023,ACTUAL_ACQUISITION_CF_FUTURE_SERVICE,0
NI02PPRIVST2023,ACTUAL_INV_COMP_PAYABLE,0
NI02PPRIVST2023,ACTUAL_CHANGE_FV_FINANCIAL_UNDERLYING_ITEMS,0
NI02PPRIVST2023,ACTUAL_CHANGE_FV_TECHNICAL_UNDERLYING_ITEMS,0
NI02PPRIVST2023,FIN_RISK_MITIGATION,0
NI02PPRIVST2023,RE_RISK_MITIGATION,0
NI02PPRIVST2023,ACTUAL_COVERAGE_UNIT,0
NI02PPRIVST2023,THEORETICAL_PREMIUM_DERECOGNITION_LRC,0
NI02PPRIVST2023,THEORETICAL_PREMIUM_RECOGNITION,0
NI02PPRIVST2023,ACTUAL_ACQUISITION_CF_BF_INIT_RECOG,0
NI02PPRIVST2023,ACTUAL_COMMISSION_CF_PAST_SERVICE,0
NI02PPRIVST2023,ACTUAL_COMMISSION_CF_FUTURE_SERVICE,0
NI02PPRIVST2011,THEORETICAL_PREMIUM_DERECOGNITION_LIC,0
NI02PPRIVST2012,THEORETICAL_PREMIUM_DERECOGNITION_LIC,0
NI02PPRIVST2013,THEORETICAL_PREMIUM_DERECOGNITION_LIC,0
NI02PPRIVST2014,THEORETICAL_PREMIUM_DERECOGNITION_LIC,0
NI02PPRIVST2015,THEORETICAL_PREMIUM_DERECOGNITION_LIC,0
NI02PPRIVST2016,THEORETICAL_PREMIUM_DERECOGNITION_LIC,0
NI02PPRIVST2017,THEORETICAL_PREMIUM_DERECOGNITION_LIC,0
NI02PPRIVST2018,THEORETICAL_PREMIUM_DERECOGNITION_LIC,0
NI02PPRIVST2019,THEORETICAL_PREMIUM_DERECOGNITION_LIC,0
NI02PPRIVST2020,THEORETICAL_PREMIUM_DERECOGNITION_LIC,0
NI02PPRIVST2021,THEORETICAL_PREMIUM_DERECOGNITION_LIC,0
NI02PPRIVST2022,THEORETICAL_PREMIUM_DERECOGNITION_LIC,0
NI02PPRIVST2023,THEORETICAL_PREMIUM_DERECOGNITION_LIC,0
NI02PPUBLPF2011,ACTUAL_PREMIUM_CF_PAST_SERVICE,0
NI02PPUBLPF2011,ACTUAL_PREMIUM_CF_FUTURE_SERVICE,0
NI02PPUBLPF2011,ACTUAL_ACQUISITION_CF_PAST_SERVICE,0
NI02PPUBLPF2011,ACTUAL_ACQUISITION_CF_FUTURE_SERVICE,0
NI02PPUBLPF2011,ACTUAL_INV_COMP_PAYABLE,0
NI02PPUBLPF2011,ACTUAL_CHANGE_FV_FINANCIAL_UNDERLYING_ITEMS,0
NI02PPUBLPF2011,ACTUAL_CHANGE_FV_TECHNICAL_UNDERLYING_ITEMS,0
NI02PPUBLPF2011,FIN_RISK_MITIGATION,0
NI02PPUBLPF2011,RE_RISK_MITIGATION,0
NI02PPUBLPF2011,ACTUAL_COVERAGE_UNIT,0
NI02PPUBLPF2011,THEORETICAL_PREMIUM_DERECOGNITION_LRC,0
NI02PPUBLPF2011,THEORETICAL_PREMIUM_RECOGNITION,0
NI02PPUBLPF2011,ACTUAL_ACQUISITION_CF_BF_INIT_RECOG,0
NI02PPUBLPF2011,ACTUAL_COMMISSION_CF_PAST_SERVICE,0
NI02PPUBLPF2011,ACTUAL_COMMISSION_CF_FUTURE_SERVICE,0
NI02PPUBLPF2012,ACTUAL_PREMIUM_CF_PAST_SERVICE,0
NI02PPUBLPF2012,ACTUAL_PREMIUM_CF_FUTURE_SERVICE,0
NI02PPUBLPF2012,ACTUAL_ACQUISITION_CF_PAST_SERVICE,0
NI02PPUBLPF2012,ACTUAL_ACQUISITION_CF_FUTURE_SERVICE,0
NI02PPUBLPF2012,ACTUAL_INV_COMP_PAYABLE,0
NI02PPUBLPF2012,ACTUAL_CHANGE_FV_FINANCIAL_UNDERLYING_ITEMS,0
NI02PPUBLPF2012,ACTUAL_CHANGE_FV_TECHNICAL_UNDERLYING_ITEMS,0
NI02PPUBLPF2012,FIN_RISK_MITIGATION,0
NI02PPUBLPF2012,RE_RISK_MITIGATION,0
NI02PPUBLPF2012,ACTUAL_COVERAGE_UNIT,0
NI02PPUBLPF2012,THEORETICAL_PREMIUM_DERECOGNITION_LRC,0
NI02PPUBLPF2012,THEORETICAL_PREMIUM_RECOGNITION,0
NI02PPUBLPF2012,ACTUAL_ACQUISITION_CF_BF_INIT_RECOG,0
NI02PPUBLPF2012,ACTUAL_COMMISSION_CF_PAST_SERVICE,0
NI02PPUBLPF2012,ACTUAL_COMMISSION_CF_FUTURE_SERVICE,0
NI02PPUBLPF2013,ACTUAL_PREMIUM_CF_PAST_SERVICE,0
NI02PPUBLPF2013,ACTUAL_PREMIUM_CF_FUTURE_SERVICE,0
NI02PPUBLPF2013,ACTUAL_ACQUISITION_CF_PAST_SERVICE,0
NI02PPUBLPF2013,ACTUAL_ACQUISITION_CF_FUTURE_SERVICE,0
NI02PPUBLPF2013,ACTUAL_INV_COMP_PAYABLE,0
NI02PPUBLPF2013,ACTUAL_CHANGE_FV_FINANCIAL_UNDERLYING_ITEMS,0
NI02PPUBLPF2013,ACTUAL_CHANGE_FV_TECHNICAL_UNDERLYING_ITEMS,0
NI02PPUBLPF2013,FIN_RISK_MITIGATION,0
NI02PPUBLPF2013,RE_RISK_MITIGATION,0
NI02PPUBLPF2013,ACTUAL_COVERAGE_UNIT,0
NI02PPUBLPF2013,THEORETICAL_PREMIUM_DERECOGNITION_LRC,0
NI02PPUBLPF2013,THEORETICAL_PREMIUM_RECOGNITION,0
NI02PPUBLPF2013,ACTUAL_ACQUISITION_CF_BF_INIT_RECOG,0
NI02PPUBLPF2013,ACTUAL_COMMISSION_CF_PAST_SERVICE,0
NI02PPUBLPF2013,ACTUAL_COMMISSION_CF_FUTURE_SERVICE,0
NI02PPUBLPF2014,ACTUAL_PREMIUM_CF_PAST_SERVICE,0
NI02PPUBLPF2014,ACTUAL_PREMIUM_CF_FUTURE_SERVICE,0
NI02PPUBLPF2014,ACTUAL_ACQUISITION_CF_PAST_SERVICE,0
NI02PPUBLPF2014,ACTUAL_ACQUISITION_CF_FUTURE_SERVICE,0
NI02PPUBLPF2014,ACTUAL_INV_COMP_PAYABLE,0
NI02PPUBLPF2014,ACTUAL_CHANGE_FV_FINANCIAL_UNDERLYING_ITEMS,0
NI02PPUBLPF2014,ACTUAL_CHANGE_FV_TECHNICAL_UNDERLYING_ITEMS,0
NI02PPUBLPF2014,FIN_RISK_MITIGATION,0
NI02PPUBLPF2014,RE_RISK_MITIGATION,0
NI02PPUBLPF2014,ACTUAL_COVERAGE_UNIT,0
NI02PPUBLPF2014,THEORETICAL_PREMIUM_DERECOGNITION_LRC,0
NI02PPUBLPF2014,THEORETICAL_PREMIUM_RECOGNITION,0
NI02PPUBLPF2014,ACTUAL_ACQUISITION_CF_BF_INIT_RECOG,0
NI02PPUBLPF2014,ACTUAL_COMMISSION_CF_PAST_SERVICE,0
NI02PPUBLPF2014,ACTUAL_COMMISSION_CF_FUTURE_SERVICE,0
NI02PPUBLPF2015,ACTUAL_PREMIUM_CF_PAST_SERVICE,0
NI02PPUBLPF2015,ACTUAL_PREMIUM_CF_FUTURE_SERVICE,0
NI02PPUBLPF2015,ACTUAL_ACQUISITION_CF_PAST_SERVICE,0
NI02PPUBLPF2015,ACTUAL_ACQUISITION_CF_FUTURE_SERVICE,0
NI02PPUBLPF2015,ACTUAL_INV_COMP_PAYABLE,0
NI02PPUBLPF2015,ACTUAL_CHANGE_FV_FINANCIAL_UNDERLYING_ITEMS,0
NI02PPUBLPF2015,ACTUAL_CHANGE_FV_TECHNICAL_UNDERLYING_ITEMS,0
NI02PPUBLPF2015,FIN_RISK_MITIGATION,0
NI02PPUBLPF2015,RE_RISK_MITIGATION,0
NI02PPUBLPF2015,ACTUAL_COVERAGE_UNIT,0
NI02PPUBLPF2015,THEORETICAL_PREMIUM_DERECOGNITION_LRC,0
NI02PPUBLPF2015,THEORETICAL_PREMIUM_RECOGNITION,0
NI02PPUBLPF2015,ACTUAL_ACQUISITION_CF_BF_INIT_RECOG,0
NI02PPUBLPF2015,ACTUAL_COMMISSION_CF_PAST_SERVICE,0
NI02PPUBLPF2015,ACTUAL_COMMISSION_CF_FUTURE_SERVICE,0
NI02PPUBLPF2016,ACTUAL_PREMIUM_CF_PAST_SERVICE,0
NI02PPUBLPF2016,ACTUAL_PREMIUM_CF_FUTURE_SERVICE,0
NI02PPUBLPF2016,ACTUAL_ACQUISITION_CF_PAST_SERVICE,0
NI02PPUBLPF2016,ACTUAL_ACQUISITION_CF_FUTURE_SERVICE,0
NI02PPUBLPF2016,ACTUAL_INV_COMP_PAYABLE,0
NI02PPUBLPF2016,ACTUAL_CHANGE_FV_FINANCIAL_UNDERLYING_ITEMS,0
NI02PPUBLPF2016,ACTUAL_CHANGE_FV_TECHNICAL_UNDERLYING_ITEMS,0
NI02PPUBLPF2016,FIN_RISK_MITIGATION,0
NI02PPUBLPF2016,RE_RISK_MITIGATION,0
NI02PPUBLPF2016,ACTUAL_COVERAGE_UNIT,0
NI02PPUBLPF2016,THEORETICAL_PREMIUM_DERECOGNITION_LRC,0
NI02PPUBLPF2016,THEORETICAL_PREMIUM_RECOGNITION,0
NI02PPUBLPF2016,ACTUAL_ACQUISITION_CF_BF_INIT_RECOG,0
NI02PPUBLPF2016,ACTUAL_COMMISSION_CF_PAST_SERVICE,0
NI02PPUBLPF2016,ACTUAL_COMMISSION_CF_FUTURE_SERVICE,0
NI02PPUBLPF2017,ACTUAL_PREMIUM_CF_PAST_SERVICE,0
NI02PPUBLPF2017,ACTUAL_PREMIUM_CF_FUTURE_SERVICE,0
NI02PPUBLPF2017,ACTUAL_ACQUISITION_CF_PAST_SERVICE,0
NI02PPUBLPF2017,ACTUAL_ACQUISITION_CF_FUTURE_SERVICE,0
NI02PPUBLPF2017,ACTUAL_INV_COMP_PAYABLE,0
NI02PPUBLPF2017,ACTUAL_CHANGE_FV_FINANCIAL_UNDERLYING_ITEMS,0
NI02PPUBLPF2017,ACTUAL_CHANGE_FV_TECHNICAL_UNDERLYING_ITEMS,0
NI02PPUBLPF2017,FIN_RISK_MITIGATION,0
NI02PPUBLPF2017,RE_RISK_MITIGATION,0
NI02PPUBLPF2017,ACTUAL_COVERAGE_UNIT,0
NI02PPUBLPF2017,THEORETICAL_PREMIUM_DERECOGNITION_LRC,0
NI02PPUBLPF2017,THEORETICAL_PREMIUM_RECOGNITION,0
NI02PPUBLPF2017,ACTUAL_ACQUISITION_CF_BF_INIT_RECOG,0
NI02PPUBLPF2017,ACTUAL_COMMISSION_CF_PAST_SERVICE,0
NI02PPUBLPF2017,ACTUAL_COMMISSION_CF_FUTURE_SERVICE,0
NI02PPUBLPF2018,ACTUAL_PREMIUM_CF_PAST_SERVICE,0
NI02PPUBLPF2018,ACTUAL_PREMIUM_CF_FUTURE_SERVICE,0
NI02PPUBLPF2018,ACTUAL_ACQUISITION_CF_PAST_SERVICE,0
NI02PPUBLPF2018,ACTUAL_ACQUISITION_CF_FUTURE_SERVICE,0
NI02PPUBLPF2018,ACTUAL_INV_COMP_PAYABLE,0
NI02PPUBLPF2018,ACTUAL_CHANGE_FV_FINANCIAL_UNDERLYING_ITEMS,0
NI02PPUBLPF2018,ACTUAL_CHANGE_FV_TECHNICAL_UNDERLYING_ITEMS,0
NI02PPUBLPF2018,FIN_RISK_MITIGATION,0
NI02PPUBLPF2018,RE_RISK_MITIGATION,0
NI02PPUBLPF2018,ACTUAL_COVERAGE_UNIT,0
NI02PPUBLPF2018,THEORETICAL_PREMIUM_DERECOGNITION_LRC,0
NI02PPUBLPF2018,THEORETICAL_PREMIUM_RECOGNITION,0
NI02PPUBLPF2018,ACTUAL_ACQUISITION_CF_BF_INIT_RECOG,0
NI02PPUBLPF2018,ACTUAL_COMMISSION_CF_PAST_SERVICE,0
NI02PPUBLPF2018,ACTUAL_COMMISSION_CF_FUTURE_SERVICE,0
NI02PPUBLPF2019,ACTUAL_PREMIUM_CF_PAST_SERVICE,0
NI02PPUBLPF2019,ACTUAL_PREMIUM_CF_FUTURE_SERVICE,0
NI02PPUBLPF2019,ACTUAL_ACQUISITION_CF_PAST_SERVICE,0
NI02PPUBLPF2019,ACTUAL_ACQUISITION_CF_FUTURE_SERVICE,0
NI02PPUBLPF2019,ACTUAL_INV_COMP_PAYABLE,0
NI02PPUBLPF2019,ACTUAL_CHANGE_FV_FINANCIAL_UNDERLYING_ITEMS,0
NI02PPUBLPF2019,ACTUAL_CHANGE_FV_TECHNICAL_UNDERLYING_ITEMS,0
NI02PPUBLPF2019,FIN_RISK_MITIGATION,0
NI02PPUBLPF2019,RE_RISK_MITIGATION,0
NI02PPUBLPF2019,ACTUAL_COVERAGE_UNIT,0
NI02PPUBLPF2019,THEORETICAL_PREMIUM_DERECOGNITION_LRC,0
NI02PPUBLPF2019,THEORETICAL_PREMIUM_RECOGNITION,0
NI02PPUBLPF2019,ACTUAL_ACQUISITION_CF_BF_INIT_RECOG,0
NI02PPUBLPF2019,ACTUAL_COMMISSION_CF_PAST_SERVICE,0
NI02PPUBLPF2019,ACTUAL_COMMISSION_CF_FUTURE_SERVICE,0
NI02PPUBLPF2020,ACTUAL_PREMIUM_CF_PAST_SERVICE,0
NI02PPUBLPF2020,ACTUAL_PREMIUM_CF_FUTURE_SERVICE,0
NI02PPUBLPF2020,ACTUAL_ACQUISITION_CF_PAST_SERVICE,0
NI02PPUBLPF2020,ACTUAL_ACQUISITION_CF_FUTURE_SERVICE,0
NI02PPUBLPF2020,ACTUAL_INV_COMP_PAYABLE,0
NI02PPUBLPF2020,ACTUAL_CHANGE_FV_FINANCIAL_UNDERLYING_ITEMS,0
NI02PPUBLPF2020,ACTUAL_CHANGE_FV_TECHNICAL_UNDERLYING_ITEMS,0
NI02PPUBLPF2020,FIN_RISK_MITIGATION,0
NI02PPUBLPF2020,RE_RISK_MITIGATION,0
NI02PPUBLPF2020,ACTUAL_COVERAGE_UNIT,0
NI02PPUBLPF2020,THEORETICAL_PREMIUM_DERECOGNITION_LRC,0
NI02PPUBLPF2020,THEORETICAL_PREMIUM_RECOGNITION,0
NI02PPUBLPF2020,ACTUAL_ACQUISITION_CF_BF_INIT_RECOG,0
NI02PPUBLPF2020,ACTUAL_COMMISSION_CF_PAST_SERVICE,0
NI02PPUBLPF2020,ACTUAL_COMMISSION_CF_FUTURE_SERVICE,0
NI02PPUBLPF2021,ACTUAL_PREMIUM_CF_PAST_SERVICE,0
NI02PPUBLPF2021,ACTUAL_PREMIUM_CF_FUTURE_SERVICE,0
NI02PPUBLPF2021,ACTUAL_ACQUISITION_CF_PAST_SERVICE,0
NI02PPUBLPF2021,ACTUAL_ACQUISITION_CF_FUTURE_SERVICE,0
NI02PPUBLPF2021,ACTUAL_INV_COMP_PAYABLE,0
NI02PPUBLPF2021,ACTUAL_CHANGE_FV_FINANCIAL_UNDERLYING_ITEMS,0
NI02PPUBLPF2021,ACTUAL_CHANGE_FV_TECHNICAL_UNDERLYING_ITEMS,0
NI02PPUBLPF2021,FIN_RISK_MITIGATION,0
NI02PPUBLPF2021,RE_RISK_MITIGATION,0
NI02PPUBLPF2021,ACTUAL_COVERAGE_UNIT,0
NI02PPUBLPF2021,THEORETICAL_PREMIUM_DERECOGNITION_LRC,0
NI02PPUBLPF2021,THEORETICAL_PREMIUM_RECOGNITION,0
NI02PPUBLPF2021,ACTUAL_ACQUISITION_CF_BF_INIT_RECOG,0
NI02PPUBLPF2021,ACTUAL_COMMISSION_CF_PAST_SERVICE,0
NI02PPUBLPF2021,ACTUAL_COMMISSION_CF_FUTURE_SERVICE,0
NI02PPUBLPF2022,ACTUAL_PREMIUM_CF_PAST_SERVICE,0
NI02PPUBLPF2022,ACTUAL_PREMIUM_CF_FUTURE_SERVICE,0
NI02PPUBLPF2022,ACTUAL_ACQUISITION_CF_PAST_SERVICE,0
NI02PPUBLPF2022,ACTUAL_ACQUISITION_CF_FUTURE_SERVICE,0
NI02PPUBLPF2022,ACTUAL_INV_COMP_PAYABLE,0
NI02PPUBLPF2022,ACTUAL_CHANGE_FV_FINANCIAL_UNDERLYING_ITEMS,0
NI02PPUBLPF2022,ACTUAL_CHANGE_FV_TECHNICAL_UNDERLYING_ITEMS,0
NI02PPUBLPF2022,FIN_RISK_MITIGATION,0
NI02PPUBLPF2022,RE_RISK_MITIGATION,0
NI02PPUBLPF2022,ACTUAL_COVERAGE_UNIT,0
NI02PPUBLPF2022,THEORETICAL_PREMIUM_DERECOGNITION_LRC,0
NI02PPUBLPF2022,THEORETICAL_PREMIUM_RECOGNITION,0
NI02PPUBLPF2022,ACTUAL_ACQUISITION_CF_BF_INIT_RECOG,0
NI02PPUBLPF2022,ACTUAL_COMMISSION_CF_PAST_SERVICE,0
NI02PPUBLPF2022,ACTUAL_COMMISSION_CF_FUTURE_SERVICE,0
NI02PPUBLPF2023,ACTUAL_PREMIUM_CF_PAST_SERVICE,0
NI02PPUBLPF2023,ACTUAL_PREMIUM_CF_FUTURE_SERVICE,0
NI02PPUBLPF2023,ACTUAL_ACQUISITION_CF_PAST_SERVICE,0
NI02PPUBLPF2023,ACTUAL_ACQUISITION_CF_FUTURE_SERVICE,0
NI02PPUBLPF2023,ACTUAL_INV_COMP_PAYABLE,0
NI02PPUBLPF2023,ACTUAL_CHANGE_FV_FINANCIAL_UNDERLYING_ITEMS,0
NI02PPUBLPF2023,ACTUAL_CHANGE_FV_TECHNICAL_UNDERLYING_ITEMS,0
NI02PPUBLPF2023,FIN_RISK_MITIGATION,0
NI02PPUBLPF2023,RE_RISK_MITIGATION,0
NI02PPUBLPF2023,ACTUAL_COVERAGE_UNIT,0
NI02PPUBLPF2023,THEORETICAL_PREMIUM_DERECOGNITION_LRC,0
NI02PPUBLPF2023,THEORETICAL_PREMIUM_RECOGNITION,0
NI02PPUBLPF2023,ACTUAL_ACQUISITION_CF_BF_INIT_RECOG,0
NI02PPUBLPF2023,ACTUAL_COMMISSION_CF_PAST_SERVICE,0
NI02PPUBLPF2023,ACTUAL_COMMISSION_CF_FUTURE_SERVICE,0
NI02PPUBLPF2011,THEORETICAL_PREMIUM_DERECOGNITION_LIC,0
NI02PPUBLPF2012,THEORETICAL_PREMIUM_DERECOGNITION_LIC,0
NI02PPUBLPF2013,THEORETICAL_PREMIUM_DERECOGNITION_LIC,0
NI02PPUBLPF2014,THEORETICAL_PREMIUM_DERECOGNITION_LIC,0
NI02PPUBLPF2015,THEORETICAL_PREMIUM_DERECOGNITION_LIC,0
NI02PPUBLPF2016,THEORETICAL_PREMIUM_DERECOGNITION_LIC,0
NI02PPUBLPF2017,THEORETICAL_PREMIUM_DERECOGNITION_LIC,0
NI02PPUBLPF2018,THEORETICAL_PREMIUM_DERECOGNITION_LIC,0
NI02PPUBLPF2019,THEORETICAL_PREMIUM_DERECOGNITION_LIC,0
NI02PPUBLPF2020,THEORETICAL_PREMIUM_DERECOGNITION_LIC,0
NI02PPUBLPF2021,THEORETICAL_PREMIUM_DERECOGNITION_LIC,0
NI02PPUBLPF2022,THEORETICAL_PREMIUM_DERECOGNITION_LIC,0
NI02PPUBLPF2023,THEORETICAL_PREMIUM_DERECOGNITION_LIC,0
NI02PPUBLQS2011,ACTUAL_PREMIUM_CF_PAST_SERVICE,0
NI02PPUBLQS2011,ACTUAL_PREMIUM_CF_FUTURE_SERVICE,0
NI02PPUBLQS2011,ACTUAL_ACQUISITION_CF_PAST_SERVICE,0
NI02PPUBLQS2011,ACTUAL_ACQUISITION_CF_FUTURE_SERVICE,0
NI02PPUBLQS2011,ACTUAL_INV_COMP_PAYABLE,0
NI02PPUBLQS2011,ACTUAL_CHANGE_FV_FINANCIAL_UNDERLYING_ITEMS,0
NI02PPUBLQS2011,ACTUAL_CHANGE_FV_TECHNICAL_UNDERLYING_ITEMS,0
NI02PPUBLQS2011,FIN_RISK_MITIGATION,0
NI02PPUBLQS2011,RE_RISK_MITIGATION,0
NI02PPUBLQS2011,ACTUAL_COVERAGE_UNIT,0
NI02PPUBLQS2011,THEORETICAL_PREMIUM_DERECOGNITION_LRC,0
NI02PPUBLQS2011,THEORETICAL_PREMIUM_RECOGNITION,0
NI02PPUBLQS2011,ACTUAL_ACQUISITION_CF_BF_INIT_RECOG,0
NI02PPUBLQS2011,ACTUAL_COMMISSION_CF_PAST_SERVICE,0
NI02PPUBLQS2011,ACTUAL_COMMISSION_CF_FUTURE_SERVICE,0
NI02PPUBLQS2012,ACTUAL_PREMIUM_CF_PAST_SERVICE,0
NI02PPUBLQS2012,ACTUAL_PREMIUM_CF_FUTURE_SERVICE,0
NI02PPUBLQS2012,ACTUAL_ACQUISITION_CF_PAST_SERVICE,0
NI02PPUBLQS2012,ACTUAL_ACQUISITION_CF_FUTURE_SERVICE,0
NI02PPUBLQS2012,ACTUAL_INV_COMP_PAYABLE,0
NI02PPUBLQS2012,ACTUAL_CHANGE_FV_FINANCIAL_UNDERLYING_ITEMS,0
NI02PPUBLQS2012,ACTUAL_CHANGE_FV_TECHNICAL_UNDERLYING_ITEMS,0
NI02PPUBLQS2012,FIN_RISK_MITIGATION,0
NI02PPUBLQS2012,RE_RISK_MITIGATION,0
NI02PPUBLQS2012,ACTUAL_COVERAGE_UNIT,0
NI02PPUBLQS2012,THEORETICAL_PREMIUM_DERECOGNITION_LRC,0
NI02PPUBLQS2012,THEORETICAL_PREMIUM_RECOGNITION,0
NI02PPUBLQS2012,ACTUAL_ACQUISITION_CF_BF_INIT_RECOG,0
NI02PPUBLQS2012,ACTUAL_COMMISSION_CF_PAST_SERVICE,0
NI02PPUBLQS2012,ACTUAL_COMMISSION_CF_FUTURE_SERVICE,0
NI02PPUBLQS2013,ACTUAL_PREMIUM_CF_PAST_SERVICE,0
NI02PPUBLQS2013,ACTUAL_PREMIUM_CF_FUTURE_SERVICE,0
NI02PPUBLQS2013,ACTUAL_ACQUISITION_CF_PAST_SERVICE,0
NI02PPUBLQS2013,ACTUAL_ACQUISITION_CF_FUTURE_SERVICE,0
NI02PPUBLQS2013,ACTUAL_INV_COMP_PAYABLE,0
NI02PPUBLQS2013,ACTUAL_CHANGE_FV_FINANCIAL_UNDERLYING_ITEMS,0
NI02PPUBLQS2013,ACTUAL_CHANGE_FV_TECHNICAL_UNDERLYING_ITEMS,0
NI02PPUBLQS2013,FIN_RISK_MITIGATION,0
NI02PPUBLQS2013,RE_RISK_MITIGATION,0
NI02PPUBLQS2013,ACTUAL_COVERAGE_UNIT,0
NI02PPUBLQS2013,THEORETICAL_PREMIUM_DERECOGNITION_LRC,0
NI02PPUBLQS2013,THEORETICAL_PREMIUM_RECOGNITION,0
NI02PPUBLQS2013,ACTUAL_ACQUISITION_CF_BF_INIT_RECOG,0
NI02PPUBLQS2013,ACTUAL_COMMISSION_CF_PAST_SERVICE,0
NI02PPUBLQS2013,ACTUAL_COMMISSION_CF_FUTURE_SERVICE,0
NI02PPUBLQS2014,ACTUAL_PREMIUM_CF_PAST_SERVICE,0
NI02PPUBLQS2014,ACTUAL_PREMIUM_CF_FUTURE_SERVICE,0
NI02PPUBLQS2014,ACTUAL_ACQUISITION_CF_PAST_SERVICE,0
NI02PPUBLQS2014,ACTUAL_ACQUISITION_CF_FUTURE_SERVICE,0
NI02PPUBLQS2014,ACTUAL_INV_COMP_PAYABLE,0
NI02PPUBLQS2014,ACTUAL_CHANGE_FV_FINANCIAL_UNDERLYING_ITEMS,0
NI02PPUBLQS2014,ACTUAL_CHANGE_FV_TECHNICAL_UNDERLYING_ITEMS,0
NI02PPUBLQS2014,FIN_RISK_MITIGATION,0
NI02PPUBLQS2014,RE_RISK_MITIGATION,0
NI02PPUBLQS2014,ACTUAL_COVERAGE_UNIT,0
NI02PPUBLQS2014,THEORETICAL_PREMIUM_DERECOGNITION_LRC,0
NI02PPUBLQS2014,THEORETICAL_PREMIUM_RECOGNITION,0
NI02PPUBLQS2014,ACTUAL_ACQUISITION_CF_BF_INIT_RECOG,0
NI02PPUBLQS2014,ACTUAL_COMMISSION_CF_PAST_SERVICE,0
NI02PPUBLQS2014,ACTUAL_COMMISSION_CF_FUTURE_SERVICE,0
NI02PPUBLQS2015,ACTUAL_PREMIUM_CF_PAST_SERVICE,0
NI02PPUBLQS2015,ACTUAL_PREMIUM_CF_FUTURE_SERVICE,0
NI02PPUBLQS2015,ACTUAL_ACQUISITION_CF_PAST_SERVICE,0
NI02PPUBLQS2015,ACTUAL_ACQUISITION_CF_FUTURE_SERVICE,0
NI02PPUBLQS2015,ACTUAL_INV_COMP_PAYABLE,0
NI02PPUBLQS2015,ACTUAL_CHANGE_FV_FINANCIAL_UNDERLYING_ITEMS,0
NI02PPUBLQS2015,ACTUAL_CHANGE_FV_TECHNICAL_UNDERLYING_ITEMS,0
NI02PPUBLQS2015,FIN_RISK_MITIGATION,0
NI02PPUBLQS2015,RE_RISK_MITIGATION,0
NI02PPUBLQS2015,ACTUAL_COVERAGE_UNIT,0
NI02PPUBLQS2015,THEORETICAL_PREMIUM_DERECOGNITION_LRC,0
NI02PPUBLQS2015,THEORETICAL_PREMIUM_RECOGNITION,0
NI02PPUBLQS2015,ACTUAL_ACQUISITION_CF_BF_INIT_RECOG,0
NI02PPUBLQS2015,ACTUAL_COMMISSION_CF_PAST_SERVICE,0
NI02PPUBLQS2015,ACTUAL_COMMISSION_CF_FUTURE_SERVICE,0
NI02PPUBLQS2016,ACTUAL_PREMIUM_CF_PAST_SERVICE,0
NI02PPUBLQS2016,ACTUAL_PREMIUM_CF_FUTURE_SERVICE,0
NI02PPUBLQS2016,ACTUAL_ACQUISITION_CF_PAST_SERVICE,0
NI02PPUBLQS2016,ACTUAL_ACQUISITION_CF_FUTURE_SERVICE,0
NI02PPUBLQS2016,ACTUAL_INV_COMP_PAYABLE,0
NI02PPUBLQS2016,ACTUAL_CHANGE_FV_FINANCIAL_UNDERLYING_ITEMS,0
NI02PPUBLQS2016,ACTUAL_CHANGE_FV_TECHNICAL_UNDERLYING_ITEMS,0
NI02PPUBLQS2016,FIN_RISK_MITIGATION,0
NI02PPUBLQS2016,RE_RISK_MITIGATION,0
NI02PPUBLQS2016,ACTUAL_COVERAGE_UNIT,0
NI02PPUBLQS2016,THEORETICAL_PREMIUM_DERECOGNITION_LRC,0
NI02PPUBLQS2016,THEORETICAL_PREMIUM_RECOGNITION,0
NI02PPUBLQS2016,ACTUAL_ACQUISITION_CF_BF_INIT_RECOG,0
NI02PPUBLQS2016,ACTUAL_COMMISSION_CF_PAST_SERVICE,0
NI02PPUBLQS2016,ACTUAL_COMMISSION_CF_FUTURE_SERVICE,0
NI02PPUBLQS2017,ACTUAL_PREMIUM_CF_PAST_SERVICE,0
NI02PPUBLQS2017,ACTUAL_PREMIUM_CF_FUTURE_SERVICE,0
NI02PPUBLQS2017,ACTUAL_ACQUISITION_CF_PAST_SERVICE,0
NI02PPUBLQS2017,ACTUAL_ACQUISITION_CF_FUTURE_SERVICE,0
NI02PPUBLQS2017,ACTUAL_INV_COMP_PAYABLE,0
NI02PPUBLQS2017,ACTUAL_CHANGE_FV_FINANCIAL_UNDERLYING_ITEMS,0
NI02PPUBLQS2017,ACTUAL_CHANGE_FV_TECHNICAL_UNDERLYING_ITEMS,0
NI02PPUBLQS2017,FIN_RISK_MITIGATION,0
NI02PPUBLQS2017,RE_RISK_MITIGATION,0
NI02PPUBLQS2017,ACTUAL_COVERAGE_UNIT,0
NI02PPUBLQS2017,THEORETICAL_PREMIUM_DERECOGNITION_LRC,0
NI02PPUBLQS2017,THEORETICAL_PREMIUM_RECOGNITION,0
NI02PPUBLQS2017,ACTUAL_ACQUISITION_CF_BF_INIT_RECOG,0
NI02PPUBLQS2017,ACTUAL_COMMISSION_CF_PAST_SERVICE,0
NI02PPUBLQS2017,ACTUAL_COMMISSION_CF_FUTURE_SERVICE,0
NI02PPUBLQS2018,ACTUAL_PREMIUM_CF_PAST_SERVICE,0
NI02PPUBLQS2018,ACTUAL_PREMIUM_CF_FUTURE_SERVICE,0
NI02PPUBLQS2018,ACTUAL_ACQUISITION_CF_PAST_SERVICE,0
NI02PPUBLQS2018,ACTUAL_ACQUISITION_CF_FUTURE_SERVICE,0
NI02PPUBLQS2018,ACTUAL_INV_COMP_PAYABLE,0
NI02PPUBLQS2018,ACTUAL_CHANGE_FV_FINANCIAL_UNDERLYING_ITEMS,0
NI02PPUBLQS2018,ACTUAL_CHANGE_FV_TECHNICAL_UNDERLYING_ITEMS,0
NI02PPUBLQS2018,FIN_RISK_MITIGATION,0
NI02PPUBLQS2018,RE_RISK_MITIGATION,0
NI02PPUBLQS2018,ACTUAL_COVERAGE_UNIT,0
NI02PPUBLQS2018,THEORETICAL_PREMIUM_DERECOGNITION_LRC,0
NI02PPUBLQS2018,THEORETICAL_PREMIUM_RECOGNITION,0
NI02PPUBLQS2018,ACTUAL_ACQUISITION_CF_BF_INIT_RECOG,0
NI02PPUBLQS2018,ACTUAL_COMMISSION_CF_PAST_SERVICE,0
NI02PPUBLQS2018,ACTUAL_COMMISSION_CF_FUTURE_SERVICE,0
NI02PPUBLQS2019,ACTUAL_PREMIUM_CF_PAST_SERVICE,0
NI02PPUBLQS2019,ACTUAL_PREMIUM_CF_FUTURE_SERVICE,0
NI02PPUBLQS2019,ACTUAL_ACQUISITION_CF_PAST_SERVICE,0
NI02PPUBLQS2019,ACTUAL_ACQUISITION_CF_FUTURE_SERVICE,0
NI02PPUBLQS2019,ACTUAL_INV_COMP_PAYABLE,0
NI02PPUBLQS2019,ACTUAL_CHANGE_FV_FINANCIAL_UNDERLYING_ITEMS,0
NI02PPUBLQS2019,ACTUAL_CHANGE_FV_TECHNICAL_UNDERLYING_ITEMS,0
NI02PPUBLQS2019,FIN_RISK_MITIGATION,0
NI02PPUBLQS2019,RE_RISK_MITIGATION,0
NI02PPUBLQS2019,ACTUAL_COVERAGE_UNIT,0
NI02PPUBLQS2019,THEORETICAL_PREMIUM_DERECOGNITION_LRC,0
NI02PPUBLQS2019,THEORETICAL_PREMIUM_RECOGNITION,0
NI02PPUBLQS2019,ACTUAL_ACQUISITION_CF_BF_INIT_RECOG,0
NI02PPUBLQS2019,ACTUAL_COMMISSION_CF_PAST_SERVICE,0
NI02PPUBLQS2019,ACTUAL_COMMISSION_CF_FUTURE_SERVICE,0
NI02PPUBLQS2020,ACTUAL_PREMIUM_CF_PAST_SERVICE,0
NI02PPUBLQS2020,ACTUAL_PREMIUM_CF_FUTURE_SERVICE,0
NI02PPUBLQS2020,ACTUAL_ACQUISITION_CF_PAST_SERVICE,0
NI02PPUBLQS2020,ACTUAL_ACQUISITION_CF_FUTURE_SERVICE,0
NI02PPUBLQS2020,ACTUAL_INV_COMP_PAYABLE,0
NI02PPUBLQS2020,ACTUAL_CHANGE_FV_FINANCIAL_UNDERLYING_ITEMS,0
NI02PPUBLQS2020,ACTUAL_CHANGE_FV_TECHNICAL_UNDERLYING_ITEMS,0
NI02PPUBLQS2020,FIN_RISK_MITIGATION,0
NI02PPUBLQS2020,RE_RISK_MITIGATION,0
NI02PPUBLQS2020,ACTUAL_COVERAGE_UNIT,0
NI02PPUBLQS2020,THEORETICAL_PREMIUM_DERECOGNITION_LRC,0
NI02PPUBLQS2020,THEORETICAL_PREMIUM_RECOGNITION,0
NI02PPUBLQS2020,ACTUAL_ACQUISITION_CF_BF_INIT_RECOG,0
NI02PPUBLQS2020,ACTUAL_COMMISSION_CF_PAST_SERVICE,0
NI02PPUBLQS2020,ACTUAL_COMMISSION_CF_FUTURE_SERVICE,0
NI02PPUBLQS2021,ACTUAL_PREMIUM_CF_PAST_SERVICE,0
NI02PPUBLQS2021,ACTUAL_PREMIUM_CF_FUTURE_SERVICE,0
NI02PPUBLQS2021,ACTUAL_ACQUISITION_CF_PAST_SERVICE,0
NI02PPUBLQS2021,ACTUAL_ACQUISITION_CF_FUTURE_SERVICE,0
NI02PPUBLQS2021,ACTUAL_INV_COMP_PAYABLE,0
NI02PPUBLQS2021,ACTUAL_CHANGE_FV_FINANCIAL_UNDERLYING_ITEMS,0
NI02PPUBLQS2021,ACTUAL_CHANGE_FV_TECHNICAL_UNDERLYING_ITEMS,0
NI02PPUBLQS2021,FIN_RISK_MITIGATION,0
NI02PPUBLQS2021,RE_RISK_MITIGATION,0
NI02PPUBLQS2021,ACTUAL_COVERAGE_UNIT,0
NI02PPUBLQS2021,THEORETICAL_PREMIUM_DERECOGNITION_LRC,0
NI02PPUBLQS2021,THEORETICAL_PREMIUM_RECOGNITION,0
NI02PPUBLQS2021,ACTUAL_ACQUISITION_CF_BF_INIT_RECOG,0
NI02PPUBLQS2021,ACTUAL_COMMISSION_CF_PAST_SERVICE,0
NI02PPUBLQS2021,ACTUAL_COMMISSION_CF_FUTURE_SERVICE,0
NI02PPUBLQS2022,ACTUAL_PREMIUM_CF_PAST_SERVICE,0
NI02PPUBLQS2022,ACTUAL_PREMIUM_CF_FUTURE_SERVICE,0
NI02PPUBLQS2022,ACTUAL_ACQUISITION_CF_PAST_SERVICE,0
NI02PPUBLQS2022,ACTUAL_ACQUISITION_CF_FUTURE_SERVICE,0
NI02PPUBLQS2022,ACTUAL_INV_COMP_PAYABLE,0
NI02PPUBLQS2022,ACTUAL_CHANGE_FV_FINANCIAL_UNDERLYING_ITEMS,0
NI02PPUBLQS2022,ACTUAL_CHANGE_FV_TECHNICAL_UNDERLYING_ITEMS,0
NI02PPUBLQS2022,FIN_RISK_MITIGATION,0
NI02PPUBLQS2022,RE_RISK_MITIGATION,0
NI02PPUBLQS2022,ACTUAL_COVERAGE_UNIT,0
NI02PPUBLQS2022,THEORETICAL_PREMIUM_DERECOGNITION_LRC,0
NI02PPUBLQS2022,THEORETICAL_PREMIUM_RECOGNITION,0
NI02PPUBLQS2022,ACTUAL_ACQUISITION_CF_BF_INIT_RECOG,0
NI02PPUBLQS2022,ACTUAL_COMMISSION_CF_PAST_SERVICE,0
NI02PPUBLQS2022,ACTUAL_COMMISSION_CF_FUTURE_SERVICE,0
NI02PPUBLQS2023,ACTUAL_PREMIUM_CF_PAST_SERVICE,0
NI02PPUBLQS2023,ACTUAL_PREMIUM_CF_FUTURE_SERVICE,0
NI02PPUBLQS2023,ACTUAL_ACQUISITION_CF_PAST_SERVICE,0
NI02PPUBLQS2023,ACTUAL_ACQUISITION_CF_FUTURE_SERVICE,0
NI02PPUBLQS2023,ACTUAL_INV_COMP_PAYABLE,0
NI02PPUBLQS2023,ACTUAL_CHANGE_FV_FINANCIAL_UNDERLYING_ITEMS,0
NI02PPUBLQS2023,ACTUAL_CHANGE_FV_TECHNICAL_UNDERLYING_ITEMS,0
NI02PPUBLQS2023,FIN_RISK_MITIGATION,0
NI02PPUBLQS2023,RE_RISK_MITIGATION,0
NI02PPUBLQS2023,ACTUAL_COVERAGE_UNIT,0
NI02PPUBLQS2023,THEORETICAL_PREMIUM_DERECOGNITION_LRC,0
NI02PPUBLQS2023,THEORETICAL_PREMIUM_RECOGNITION,0
NI02PPUBLQS2023,ACTUAL_ACQUISITION_CF_BF_INIT_RECOG,0
NI02PPUBLQS2023,ACTUAL_COMMISSION_CF_PAST_SERVICE,0
NI02PPUBLQS2023,ACTUAL_COMMISSION_CF_FUTURE_SERVICE,0
NI02PPUBLQS2011,THEORETICAL_PREMIUM_DERECOGNITION_LIC,0
NI02PPUBLQS2012,THEORETICAL_PREMIUM_DERECOGNITION_LIC,0
NI02PPUBLQS2013,THEORETICAL_PREMIUM_DERECOGNITION_LIC,0
NI02PPUBLQS2014,THEORETICAL_PREMIUM_DERECOGNITION_LIC,0
NI02PPUBLQS2015,THEORETICAL_PREMIUM_DERECOGNITION_LIC,0
NI02PPUBLQS2016,THEORETICAL_PREMIUM_DERECOGNITION_LIC,0
NI02PPUBLQS2017,THEORETICAL_PREMIUM_DERECOGNITION_LIC,0
NI02PPUBLQS2018,THEORETICAL_PREMIUM_DERECOGNITION_LIC,0
NI02PPUBLQS2019,THEORETICAL_PREMIUM_DERECOGNITION_LIC,0
NI02PPUBLQS2020,THEORETICAL_PREMIUM_DERECOGNITION_LIC,0
NI02PPUBLQS2021,THEORETICAL_PREMIUM_DERECOGNITION_LIC,0
NI02PPUBLQS2022,THEORETICAL_PREMIUM_DERECOGNITION_LIC,0
NI02PPUBLQS2023,THEORETICAL_PREMIUM_DERECOGNITION_LIC,0
NI02PPUBLST2011,ACTUAL_PREMIUM_CF_PAST_SERVICE,0
NI02PPUBLST2011,ACTUAL_PREMIUM_CF_FUTURE_SERVICE,0
NI02PPUBLST2011,ACTUAL_ACQUISITION_CF_PAST_SERVICE,0
NI02PPUBLST2011,ACTUAL_ACQUISITION_CF_FUTURE_SERVICE,0
NI02PPUBLST2011,ACTUAL_INV_COMP_PAYABLE,0
NI02PPUBLST2011,ACTUAL_CHANGE_FV_FINANCIAL_UNDERLYING_ITEMS,0
NI02PPUBLST2011,ACTUAL_CHANGE_FV_TECHNICAL_UNDERLYING_ITEMS,0
NI02PPUBLST2011,FIN_RISK_MITIGATION,0
NI02PPUBLST2011,RE_RISK_MITIGATION,0
NI02PPUBLST2011,ACTUAL_COVERAGE_UNIT,0
NI02PPUBLST2011,THEORETICAL_PREMIUM_DERECOGNITION_LRC,0
NI02PPUBLST2011,THEORETICAL_PREMIUM_RECOGNITION,0
NI02PPUBLST2011,ACTUAL_ACQUISITION_CF_BF_INIT_RECOG,0
NI02PPUBLST2011,ACTUAL_COMMISSION_CF_PAST_SERVICE,0
NI02PPUBLST2011,ACTUAL_COMMISSION_CF_FUTURE_SERVICE,0
NI02PPUBLST2012,ACTUAL_PREMIUM_CF_PAST_SERVICE,0
NI02PPUBLST2012,ACTUAL_PREMIUM_CF_FUTURE_SERVICE,0
NI02PPUBLST2012,ACTUAL_ACQUISITION_CF_PAST_SERVICE,0
NI02PPUBLST2012,ACTUAL_ACQUISITION_CF_FUTURE_SERVICE,0
NI02PPUBLST2012,ACTUAL_INV_COMP_PAYABLE,0
NI02PPUBLST2012,ACTUAL_CHANGE_FV_FINANCIAL_UNDERLYING_ITEMS,0
NI02PPUBLST2012,ACTUAL_CHANGE_FV_TECHNICAL_UNDERLYING_ITEMS,0
NI02PPUBLST2012,FIN_RISK_MITIGATION,0
NI02PPUBLST2012,RE_RISK_MITIGATION,0
NI02PPUBLST2012,ACTUAL_COVERAGE_UNIT,0
NI02PPUBLST2012,THEORETICAL_PREMIUM_DERECOGNITION_LRC,0
NI02PPUBLST2012,THEORETICAL_PREMIUM_RECOGNITION,0
NI02PPUBLST2012,ACTUAL_ACQUISITION_CF_BF_INIT_RECOG,0
NI02PPUBLST2012,ACTUAL_COMMISSION_CF_PAST_SERVICE,0
NI02PPUBLST2012,ACTUAL_COMMISSION_CF_FUTURE_SERVICE,0
NI02PPUBLST2013,ACTUAL_PREMIUM_CF_PAST_SERVICE,0
NI02PPUBLST2013,ACTUAL_PREMIUM_CF_FUTURE_SERVICE,0
NI02PPUBLST2013,ACTUAL_ACQUISITION_CF_PAST_SERVICE,0
NI02PPUBLST2013,ACTUAL_ACQUISITION_CF_FUTURE_SERVICE,0
NI02PPUBLST2013,ACTUAL_INV_COMP_PAYABLE,0
NI02PPUBLST2013,ACTUAL_CHANGE_FV_FINANCIAL_UNDERLYING_ITEMS,0
NI02PPUBLST2013,ACTUAL_CHANGE_FV_TECHNICAL_UNDERLYING_ITEMS,0
NI02PPUBLST2013,FIN_RISK_MITIGATION,0
NI02PPUBLST2013,RE_RISK_MITIGATION,0
NI02PPUBLST2013,ACTUAL_COVERAGE_UNIT,0
NI02PPUBLST2013,THEORETICAL_PREMIUM_DERECOGNITION_LRC,0
NI02PPUBLST2013,THEORETICAL_PREMIUM_RECOGNITION,0
NI02PPUBLST2013,ACTUAL_ACQUISITION_CF_BF_INIT_RECOG,0
NI02PPUBLST2013,ACTUAL_COMMISSION_CF_PAST_SERVICE,0
NI02PPUBLST2013,ACTUAL_COMMISSION_CF_FUTURE_SERVICE,0
NI02PPUBLST2014,ACTUAL_PREMIUM_CF_PAST_SERVICE,0
NI02PPUBLST2014,ACTUAL_PREMIUM_CF_FUTURE_SERVICE,0
NI02PPUBLST2014,ACTUAL_ACQUISITION_CF_PAST_SERVICE,0
NI02PPUBLST2014,ACTUAL_ACQUISITION_CF_FUTURE_SERVICE,0
NI02PPUBLST2014,ACTUAL_INV_COMP_PAYABLE,0
NI02PPUBLST2014,ACTUAL_CHANGE_FV_FINANCIAL_UNDERLYING_ITEMS,0
NI02PPUBLST2014,ACTUAL_CHANGE_FV_TECHNICAL_UNDERLYING_ITEMS,0
NI02PPUBLST2014,FIN_RISK_MITIGATION,0
NI02PPUBLST2014,RE_RISK_MITIGATION,0
NI02PPUBLST2014,ACTUAL_COVERAGE_UNIT,0
NI02PPUBLST2014,THEORETICAL_PREMIUM_DERECOGNITION_LRC,0
NI02PPUBLST2014,THEORETICAL_PREMIUM_RECOGNITION,0
NI02PPUBLST2014,ACTUAL_ACQUISITION_CF_BF_INIT_RECOG,0
NI02PPUBLST2014,ACTUAL_COMMISSION_CF_PAST_SERVICE,0
NI02PPUBLST2014,ACTUAL_COMMISSION_CF_FUTURE_SERVICE,0
NI02PPUBLST2015,ACTUAL_PREMIUM_CF_PAST_SERVICE,0
NI02PPUBLST2015,ACTUAL_PREMIUM_CF_FUTURE_SERVICE,0
NI02PPUBLST2015,ACTUAL_ACQUISITION_CF_PAST_SERVICE,0
NI02PPUBLST2015,ACTUAL_ACQUISITION_CF_FUTURE_SERVICE,0
NI02PPUBLST2015,ACTUAL_INV_COMP_PAYABLE,0
NI02PPUBLST2015,ACTUAL_CHANGE_FV_FINANCIAL_UNDERLYING_ITEMS,0
NI02PPUBLST2015,ACTUAL_CHANGE_FV_TECHNICAL_UNDERLYING_ITEMS,0
NI02PPUBLST2015,FIN_RISK_MITIGATION,0
NI02PPUBLST2015,RE_RISK_MITIGATION,0
NI02PPUBLST2015,ACTUAL_COVERAGE_UNIT,0
NI02PPUBLST2015,THEORETICAL_PREMIUM_DERECOGNITION_LRC,0
NI02PPUBLST2015,THEORETICAL_PREMIUM_RECOGNITION,0
NI02PPUBLST2015,ACTUAL_ACQUISITION_CF_BF_INIT_RECOG,0
NI02PPUBLST2015,ACTUAL_COMMISSION_CF_PAST_SERVICE,0
NI02PPUBLST2015,ACTUAL_COMMISSION_CF_FUTURE_SERVICE,0
NI02PPUBLST2016,ACTUAL_PREMIUM_CF_PAST_SERVICE,0
NI02PPUBLST2016,ACTUAL_PREMIUM_CF_FUTURE_SERVICE,0
NI02PPUBLST2016,ACTUAL_ACQUISITION_CF_PAST_SERVICE,0
NI02PPUBLST2016,ACTUAL_ACQUISITION_CF_FUTURE_SERVICE,0
NI02PPUBLST2016,ACTUAL_INV_COMP_PAYABLE,0
NI02PPUBLST2016,ACTUAL_CHANGE_FV_FINANCIAL_UNDERLYING_ITEMS,0
NI02PPUBLST2016,ACTUAL_CHANGE_FV_TECHNICAL_UNDERLYING_ITEMS,0
NI02PPUBLST2016,FIN_RISK_MITIGATION,0
NI02PPUBLST2016,RE_RISK_MITIGATION,0
NI02PPUBLST2016,ACTUAL_COVERAGE_UNIT,0
NI02PPUBLST2016,THEORETICAL_PREMIUM_DERECOGNITION_LRC,0
NI02PPUBLST2016,THEORETICAL_PREMIUM_RECOGNITION,0
NI02PPUBLST2016,ACTUAL_ACQUISITION_CF_BF_INIT_RECOG,0
NI02PPUBLST2016,ACTUAL_COMMISSION_CF_PAST_SERVICE,0
NI02PPUBLST2016,ACTUAL_COMMISSION_CF_FUTURE_SERVICE,0
NI02PPUBLST2017,ACTUAL_PREMIUM_CF_PAST_SERVICE,0
NI02PPUBLST2017,ACTUAL_PREMIUM_CF_FUTURE_SERVICE,0
NI02PPUBLST2017,ACTUAL_ACQUISITION_CF_PAST_SERVICE,0
NI02PPUBLST2017,ACTUAL_ACQUISITION_CF_FUTURE_SERVICE,0
NI02PPUBLST2017,ACTUAL_INV_COMP_PAYABLE,0
NI02PPUBLST2017,ACTUAL_CHANGE_FV_FINANCIAL_UNDERLYING_ITEMS,0
NI02PPUBLST2017,ACTUAL_CHANGE_FV_TECHNICAL_UNDERLYING_ITEMS,0
NI02PPUBLST2017,FIN_RISK_MITIGATION,0
NI02PPUBLST2017,RE_RISK_MITIGATION,0
NI02PPUBLST2017,ACTUAL_COVERAGE_UNIT,0
NI02PPUBLST2017,THEORETICAL_PREMIUM_DERECOGNITION_LRC,0
NI02PPUBLST2017,THEORETICAL_PREMIUM_RECOGNITION,0
NI02PPUBLST2017,ACTUAL_ACQUISITION_CF_BF_INIT_RECOG,0
NI02PPUBLST2017,ACTUAL_COMMISSION_CF_PAST_SERVICE,0
NI02PPUBLST2017,ACTUAL_COMMISSION_CF_FUTURE_SERVICE,0
NI02PPUBLST2018,ACTUAL_PREMIUM_CF_PAST_SERVICE,0
NI02PPUBLST2018,ACTUAL_PREMIUM_CF_FUTURE_SERVICE,0
NI02PPUBLST2018,ACTUAL_ACQUISITION_CF_PAST_SERVICE,0
NI02PPUBLST2018,ACTUAL_ACQUISITION_CF_FUTURE_SERVICE,0
NI02PPUBLST2018,ACTUAL_INV_COMP_PAYABLE,0
NI02PPUBLST2018,ACTUAL_CHANGE_FV_FINANCIAL_UNDERLYING_ITEMS,0
NI02PPUBLST2018,ACTUAL_CHANGE_FV_TECHNICAL_UNDERLYING_ITEMS,0
NI02PPUBLST2018,FIN_RISK_MITIGATION,0
NI02PPUBLST2018,RE_RISK_MITIGATION,0
NI02PPUBLST2018,ACTUAL_COVERAGE_UNIT,0
NI02PPUBLST2018,THEORETICAL_PREMIUM_DERECOGNITION_LRC,0
NI02PPUBLST2018,THEORETICAL_PREMIUM_RECOGNITION,0
NI02PPUBLST2018,ACTUAL_ACQUISITION_CF_BF_INIT_RECOG,0
NI02PPUBLST2018,ACTUAL_COMMISSION_CF_PAST_SERVICE,0
NI02PPUBLST2018,ACTUAL_COMMISSION_CF_FUTURE_SERVICE,0
NI02PPUBLST2019,ACTUAL_PREMIUM_CF_PAST_SERVICE,0
NI02PPUBLST2019,ACTUAL_PREMIUM_CF_FUTURE_SERVICE,0
NI02PPUBLST2019,ACTUAL_ACQUISITION_CF_PAST_SERVICE,0
NI02PPUBLST2019,ACTUAL_ACQUISITION_CF_FUTURE_SERVICE,0
NI02PPUBLST2019,ACTUAL_INV_COMP_PAYABLE,0
NI02PPUBLST2019,ACTUAL_CHANGE_FV_FINANCIAL_UNDERLYING_ITEMS,0
NI02PPUBLST2019,ACTUAL_CHANGE_FV_TECHNICAL_UNDERLYING_ITEMS,0
NI02PPUBLST2019,FIN_RISK_MITIGATION,0
NI02PPUBLST2019,RE_RISK_MITIGATION,0
NI02PPUBLST2019,ACTUAL_COVERAGE_UNIT,0
NI02PPUBLST2019,THEORETICAL_PREMIUM_DERECOGNITION_LRC,0
NI02PPUBLST2019,THEORETICAL_PREMIUM_RECOGNITION,0
NI02PPUBLST2019,ACTUAL_ACQUISITION_CF_BF_INIT_RECOG,0
NI02PPUBLST2019,ACTUAL_COMMISSION_CF_PAST_SERVICE,0
NI02PPUBLST2019,ACTUAL_COMMISSION_CF_FUTURE_SERVICE,0
NI02PPUBLST2020,ACTUAL_PREMIUM_CF_PAST_SERVICE,0
NI02PPUBLST2020,ACTUAL_PREMIUM_CF_FUTURE_SERVICE,0
NI02PPUBLST2020,ACTUAL_ACQUISITION_CF_PAST_SERVICE,0
NI02PPUBLST2020,ACTUAL_ACQUISITION_CF_FUTURE_SERVICE,0
NI02PPUBLST2020,ACTUAL_INV_COMP_PAYABLE,0
NI02PPUBLST2020,ACTUAL_CHANGE_FV_FINANCIAL_UNDERLYING_ITEMS,0
NI02PPUBLST2020,ACTUAL_CHANGE_FV_TECHNICAL_UNDERLYING_ITEMS,0
NI02PPUBLST2020,FIN_RISK_MITIGATION,0
NI02PPUBLST2020,RE_RISK_MITIGATION,0
NI02PPUBLST2020,ACTUAL_COVERAGE_UNIT,0
NI02PPUBLST2020,THEORETICAL_PREMIUM_DERECOGNITION_LRC,0
NI02PPUBLST2020,THEORETICAL_PREMIUM_RECOGNITION,0
NI02PPUBLST2020,ACTUAL_ACQUISITION_CF_BF_INIT_RECOG,0
NI02PPUBLST2020,ACTUAL_COMMISSION_CF_PAST_SERVICE,0
NI02PPUBLST2020,ACTUAL_COMMISSION_CF_FUTURE_SERVICE,0
NI02PPUBLST2021,ACTUAL_PREMIUM_CF_PAST_SERVICE,0
NI02PPUBLST2021,ACTUAL_PREMIUM_CF_FUTURE_SERVICE,0
NI02PPUBLST2021,ACTUAL_ACQUISITION_CF_PAST_SERVICE,0
NI02PPUBLST2021,ACTUAL_ACQUISITION_CF_FUTURE_SERVICE,0
NI02PPUBLST2021,ACTUAL_INV_COMP_PAYABLE,0
NI02PPUBLST2021,ACTUAL_CHANGE_FV_FINANCIAL_UNDERLYING_ITEMS,0
NI02PPUBLST2021,ACTUAL_CHANGE_FV_TECHNICAL_UNDERLYING_ITEMS,0
NI02PPUBLST2021,FIN_RISK_MITIGATION,0
NI02PPUBLST2021,RE_RISK_MITIGATION,0
NI02PPUBLST2021,ACTUAL_COVERAGE_UNIT,0
NI02PPUBLST2021,THEORETICAL_PREMIUM_DERECOGNITION_LRC,0
NI02PPUBLST2021,THEORETICAL_PREMIUM_RECOGNITION,0
NI02PPUBLST2021,ACTUAL_ACQUISITION_CF_BF_INIT_RECOG,0
NI02PPUBLST2021,ACTUAL_COMMISSION_CF_PAST_SERVICE,0
NI02PPUBLST2021,ACTUAL_COMMISSION_CF_FUTURE_SERVICE,0
NI02PPUBLST2022,ACTUAL_PREMIUM_CF_PAST_SERVICE,0
NI02PPUBLST2022,ACTUAL_PREMIUM_CF_FUTURE_SERVICE,0
NI02PPUBLST2022,ACTUAL_ACQUISITION_CF_PAST_SERVICE,0
NI02PPUBLST2022,ACTUAL_ACQUISITION_CF_FUTURE_SERVICE,0
NI02PPUBLST2022,ACTUAL_INV_COMP_PAYABLE,0
NI02PPUBLST2022,ACTUAL_CHANGE_FV_FINANCIAL_UNDERLYING_ITEMS,0
NI02PPUBLST2022,ACTUAL_CHANGE_FV_TECHNICAL_UNDERLYING_ITEMS,0
NI02PPUBLST2022,FIN_RISK_MITIGATION,0
NI02PPUBLST2022,RE_RISK_MITIGATION,0
NI02PPUBLST2022,ACTUAL_COVERAGE_UNIT,0
NI02PPUBLST2022,THEORETICAL_PREMIUM_DERECOGNITION_LRC,0
NI02PPUBLST2022,THEORETICAL_PREMIUM_RECOGNITION,0
NI02PPUBLST2022,ACTUAL_ACQUISITION_CF_BF_INIT_RECOG,0
NI02PPUBLST2022,ACTUAL_COMMISSION_CF_PAST_SERVICE,0
NI02PPUBLST2022,ACTUAL_COMMISSION_CF_FUTURE_SERVICE,0
NI02PPUBLST2023,ACTUAL_PREMIUM_CF_PAST_SERVICE,0
NI02PPUBLST2023,ACTUAL_PREMIUM_CF_FUTURE_SERVICE,0
NI02PPUBLST2023,ACTUAL_ACQUISITION_CF_PAST_SERVICE,0
NI02PPUBLST2023,ACTUAL_ACQUISITION_CF_FUTURE_SERVICE,0
NI02PPUBLST2023,ACTUAL_INV_COMP_PAYABLE,0
NI02PPUBLST2023,ACTUAL_CHANGE_FV_FINANCIAL_UNDERLYING_ITEMS,0
NI02PPUBLST2023,ACTUAL_CHANGE_FV_TECHNICAL_UNDERLYING_ITEMS,0
NI02PPUBLST2023,FIN_RISK_MITIGATION,0
NI02PPUBLST2023,RE_RISK_MITIGATION,0
NI02PPUBLST2023,ACTUAL_COVERAGE_UNIT,0
NI02PPUBLST2023,THEORETICAL_PREMIUM_DERECOGNITION_LRC,0
NI02PPUBLST2023,THEORETICAL_PREMIUM_RECOGNITION,0
NI02PPUBLST2023,ACTUAL_ACQUISITION_CF_BF_INIT_RECOG,0
NI02PPUBLST2023,ACTUAL_COMMISSION_CF_PAST_SERVICE,0
NI02PPUBLST2023,ACTUAL_COMMISSION_CF_FUTURE_SERVICE,0
NI02PPUBLST2011,THEORETICAL_PREMIUM_DERECOGNITION_LIC,0
NI02PPUBLST2012,THEORETICAL_PREMIUM_DERECOGNITION_LIC,0
NI02PPUBLST2013,THEORETICAL_PREMIUM_DERECOGNITION_LIC,0
NI02PPUBLST2014,THEORETICAL_PREMIUM_DERECOGNITION_LIC,0
NI02PPUBLST2015,THEORETICAL_PREMIUM_DERECOGNITION_LIC,0
NI02PPUBLST2016,THEORETICAL_PREMIUM_DERECOGNITION_LIC,0
NI02PPUBLST2017,THEORETICAL_PREMIUM_DERECOGNITION_LIC,0
NI02PPUBLST2018,THEORETICAL_PREMIUM_DERECOGNITION_LIC,0
NI02PPUBLST2019,THEORETICAL_PREMIUM_DERECOGNITION_LIC,0
NI02PPUBLST2020,THEORETICAL_PREMIUM_DERECOGNITION_LIC,0
NI02PPUBLST2021,THEORETICAL_PREMIUM_DERECOGNITION_LIC,0
NI02PPUBLST2022,THEORETICAL_PREMIUM_DERECOGNITION_LIC,0
NI02PPUBLST2023,THEORETICAL_PREMIUM_DERECOGNITION_LIC,0
