GOC_SEG_ID,GOC_ID,SEG_ID,ALLOCATION_RATIO
NI01PCBCHLT2021_02_HLTH_PC,NI01PCBCHLT2021,02_HLTH_PC,1
NI01PCBCHLT2022_02_HLTH_PC,NI01PCBCHLT2022,02_HLTH_PC,1
NI01PCBCHLT2023_02_HLTH_PC,NI01PCBCHLT2023,02_HLTH_PC,1
NI01PCBRHLT2021_02_HLTH_PC,NI01PCBRHLT2021,02_HLTH_PC,1
NI01PCBRHLT2022_02_HLTH_PC,NI01PCBRHLT2022,02_HLTH_PC,1
NI01PCBRHLT2023_02_HLTH_PC,NI01PCBRHLT2023,02_HLTH_PC,1
NI01PCECHLT2021_02_HLTH_PC,NI01PCECHLT2021,02_HLTH_PC,1
NI01PCECHLT2022_02_HLTH_PC,NI01PCECHLT2022,02_HLTH_PC,1
NI01PCECHLT2023_02_HLTH_PC,NI01PCECHLT2023,02_HLTH_PC,1
NI01PCGOHLT2021_02_HLTH_PC,NI01PCGOHLT2021,02_HLTH_PC,1
NI01PCGOHLT2022_02_HLTH_PC,NI01PCGOHLT2022,02_HLTH_PC,1
NI01PCGOHLT2023_02_HLTH_PC,NI01PCGOHLT2023,02_HLTH_PC,1
NI01PCPLHLT2021_02_HLTH_PC,NI01PCPLHLT2021,02_HLTH_PC,1
NI01PCPLHLT2022_02_HLTH_PC,NI01PCPLHLT2022,02_HLTH_PC,1
NI01PCPLHLT2023_02_HLTH_PC,NI01PCPLHLT2023,02_HLTH_PC,1
NI01PCSIHLT2021_02_HLTH_PC,NI01PCSIHLT2021,02_HLTH_PC,1
NI01PCSIHLT2022_02_HLTH_PC,NI01PCSIHLT2022,02_HLTH_PC,1
NI01PCSIHLT2023_02_HLTH_PC,NI01PCSIHLT2023,02_HLTH_PC,1
NI01PIMEHLT2021_02_HLTH_PC,NI01PIMEHLT2021,02_HLTH_PC,1
NI01PIMEHLT2022_02_HLTH_PC,NI01PIMEHLT2022,02_HLTH_PC,1
NI01PIMEHLT2023_02_HLTH_PC,NI01PIMEHLT2023,02_HLTH_PC,1
NI01PPBRHLT2021_02_HLTH_PC,NI01PPBRHLT2021,02_HLTH_PC,1
NI01PPBRHLT2022_02_HLTH_PC,NI01PPBRHLT2022,02_HLTH_PC,1
NI01PPBRHLT2023_02_HLTH_PC,NI01PPBRHLT2023,02_HLTH_PC,1
NI01PPGOHLT2021_02_HLTH_PC,NI01PPGOHLT2021,02_HLTH_PC,1
NI01PPGOHLT2022_02_HLTH_PC,NI01PPGOHLT2022,02_HLTH_PC,1
NI01PPGOHLT2023_02_HLTH_PC,NI01PPGOHLT2023,02_HLTH_PC,1
NI01PPPLHLT2021_02_HLTH_PC,NI01PPPLHLT2021,02_HLTH_PC,1
NI01PPPLHLT2022_02_HLTH_PC,NI01PPPLHLT2022,02_HLTH_PC,1
NI01PPPLHLT2023_02_HLTH_PC,NI01PPPLHLT2023,02_HLTH_PC,1
NI01PPSIHLT2021_02_HLTH_PC,NI01PPSIHLT2021,02_HLTH_PC,1
NI01PPSIHLT2022_02_HLTH_PC,NI01PPSIHLT2022,02_HLTH_PC,1
NI01PPSIHLT2023_02_HLTH_PC,NI01PPSIHLT2023,02_HLTH_PC,1
NI01PIMEDQS2021_02_HLTH_PC,NI01PIMEDQS2021,02_HLTH_PC,1
NI01PIMEDQS2022_02_HLTH_PC,NI01PIMEDQS2022,02_HLTH_PC,1
NI01PIMEDQS2023_02_HLTH_PC,NI01PIMEDQS2023,02_HLTH_PC,1
NI01PAMIHQS2021_02_HLTH_PC,NI01PAMIHQS2021,02_HLTH_PC,1
NI01PAMIHQS2022_02_HLTH_PC,NI01PAMIHQS2022,02_HLTH_PC,1
NI01PAMIHQS2023_02_HLTH_PC,NI01PAMIHQS2023,02_HLTH_PC,1
