GOC_ID,MEASUREMENT_MODEL,ANNUAL_COHORT,AOM_ID,INCEPTION_CURVE_ID,TIMING_INCEPTION_CURVE,CSM_RELEASE_RATIO_CURVE_ID,SHARE_TECH_EXP_ENTITY_SHARE,OCI_OPTION,OCI_OPTION_LRC,OCI_OPTION_LIC,GOC_DURATION,GOC_TYPE_IF_NB,GOC_CURRENCY,REPORTING_CURRENCY,GOC_TYPE_REINSURANCE,AGGREG_1_ID,AGGREG_2_ID,AGGREG_3_ID,AGGREG_4_ID,AGGREG_5_ID
NI01PCBCHLT2022,PAA,2022,19,20221231_NGN_LP100_AVG,1_JANUARY,,0,INCEPTION_YIELD,4_NO,1_YES_INCL_CALIBRATION,12,1_IF,NGN,NGN,1_DIRECT,P&C - Health_PAA_Direct,PAA_Direct,Health_Corporate_BCHIP_PAA_P,,
NI01PCBCHLT2023,PAA,2023,19,20231231_NGN_LP100_AVG,1_JANUARY,,0,INCEPTION_YIELD,4_NO,1_YES_INCL_CALIBRATION,0,1_IF,NGN,NGN,1_DIRECT,P&C - Health_PAA_Direct,PAA_Direct,Health_Corporate_BCHIP_PAA_P,,
NI01PCBCHLT2024,PAA,2024,19,20241231_NGN_LP100_AVG,03_MARCH,,0,INCEPTION_YIELD,4_NO,1_YES_INCL_CALIBRATION,0,1_IF,NGN,NGN,1_DIRECT,P&C - Health_PAA_Direct,PAA_Direct,Health_Corporate_BCHIP_PAA_P,,
NI01PCBRHLT2022,PAA,2022,19,20221231_NGN_LP100_AVG,1_JANUARY,,0,INCEPTION_YIELD,4_NO,1_YES_INCL_CALIBRATION,12,1_IF,NGN,NGN,1_DIRECT,P&C - Health_PAA_Direct,PAA_Direct,Health_Corporate_Bronze_PAA_P,,
NI01PCBRHLT2023,PAA,2023,19,20231231_NGN_LP100_AVG,1_JANUARY,,0,INCEPTION_YIELD,4_NO,1_YES_INCL_CALIBRATION,0,1_IF,NGN,NGN,1_DIRECT,P&C - Health_PAA_Direct,PAA_Direct,Health_Corporate_Bronze_PAA_P,,
NI01PCBRHLT2024,PAA,2024,19,20241231_NGN_LP100_AVG,03_MARCH,,0,INCEPTION_YIELD,4_NO,1_YES_INCL_CALIBRATION,0,1_IF,NGN,NGN,1_DIRECT,P&C - Health_PAA_Direct,PAA_Direct,Health_Corporate_Bronze_PAA_P,,
NI01PCECHLT2022,PAA,2022,19,20221231_NGN_LP100_AVG,1_JANUARY,,0,INCEPTION_YIELD,4_NO,1_YES_INCL_CALIBRATION,12,1_IF,NGN,NGN,1_DIRECT,P&C - Health_PAA_Direct,PAA_Direct,Health_Corporate_EasyCare_PAA_P,,
NI01PCECHLT2023,PAA,2023,19,20231231_NGN_LP100_AVG,1_JANUARY,,0,INCEPTION_YIELD,4_NO,1_YES_INCL_CALIBRATION,0,1_IF,NGN,NGN,1_DIRECT,P&C - Health_PAA_Direct,PAA_Direct,Health_Corporate_EasyCare_PAA_P,,
NI01PCECHLT2024,PAA,2024,19,20241231_NGN_LP100_AVG,03_MARCH,,0,INCEPTION_YIELD,4_NO,1_YES_INCL_CALIBRATION,0,1_IF,NGN,NGN,1_DIRECT,P&C - Health_PAA_Direct,PAA_Direct,Health_Corporate_EasyCare_PAA_P,,
NI01PCGOHLT2022,PAA,2022,19,20221231_NGN_LP100_AVG,1_JANUARY,,0,INCEPTION_YIELD,4_NO,1_YES_INCL_CALIBRATION,12,1_IF,NGN,NGN,1_DIRECT,P&C - Health_PAA_Direct,PAA_Direct,Health_Corporate_Gold_PAA_P,,
NI01PCGOHLT2023,PAA,2023,19,20231231_NGN_LP100_AVG,1_JANUARY,,0,INCEPTION_YIELD,4_NO,1_YES_INCL_CALIBRATION,0,1_IF,NGN,NGN,1_DIRECT,P&C - Health_PAA_Direct,PAA_Direct,Health_Corporate_Gold_PAA_P,,
NI01PCGOHLT2024,PAA,2024,19,20241231_NGN_LP100_AVG,03_MARCH,,0,INCEPTION_YIELD,4_NO,1_YES_INCL_CALIBRATION,0,1_IF,NGN,NGN,1_DIRECT,P&C - Health_PAA_Direct,PAA_Direct,Health_Corporate_Gold_PAA_P,,
NI01PCPLHLT2022,PAA,2022,19,20221231_NGN_LP100_AVG,1_JANUARY,,0,INCEPTION_YIELD,4_NO,1_YES_INCL_CALIBRATION,12,1_IF,NGN,NGN,1_DIRECT,P&C - Health_PAA_Direct,PAA_Direct,Health_Corporate_Platinum_PAA_P,,
NI01PCPLHLT2023,PAA,2023,19,20231231_NGN_LP100_AVG,1_JANUARY,,0,INCEPTION_YIELD,4_NO,1_YES_INCL_CALIBRATION,0,1_IF,NGN,NGN,1_DIRECT,P&C - Health_PAA_Direct,PAA_Direct,Health_Corporate_Platinum_PAA_P,,
NI01PCPLHLT2024,PAA,2024,19,20241231_NGN_LP100_AVG,03_MARCH,,0,INCEPTION_YIELD,4_NO,1_YES_INCL_CALIBRATION,0,1_IF,NGN,NGN,1_DIRECT,P&C - Health_PAA_Direct,PAA_Direct,Health_Corporate_Platinum_PAA_P,,
NI01PCSIHLT2022,PAA,2022,19,20221231_NGN_LP100_AVG,1_JANUARY,,0,INCEPTION_YIELD,4_NO,1_YES_INCL_CALIBRATION,12,1_IF,NGN,NGN,1_DIRECT,P&C - Health_PAA_Direct,PAA_Direct,Health_Corporate_Silver_PAA_P,,
NI01PCSIHLT2023,PAA,2023,19,20231231_NGN_LP100_AVG,1_JANUARY,,0,INCEPTION_YIELD,4_NO,1_YES_INCL_CALIBRATION,0,1_IF,NGN,NGN,1_DIRECT,P&C - Health_PAA_Direct,PAA_Direct,Health_Corporate_Silver_PAA_P,,
NI01PCSIHLT2024,PAA,2024,19,20241231_NGN_LP100_AVG,03_MARCH,,0,INCEPTION_YIELD,4_NO,1_YES_INCL_CALIBRATION,0,1_IF,NGN,NGN,1_DIRECT,P&C - Health_PAA_Direct,PAA_Direct,Health_Corporate_Silver_PAA_P,,
NI01PIMEHLT2022,PAA,2022,19,20221231_NGN_LP100_AVG,1_JANUARY,,0,INCEPTION_YIELD,4_NO,1_YES_INCL_CALIBRATION,12,1_IF,NGN,NGN,1_DIRECT,P&C - Health_PAA_Direct,PAA_Direct,Health_IMED_PAA_P,,
NI01PIMEHLT2023,PAA,2023,19,20231231_NGN_LP100_AVG,1_JANUARY,,0,INCEPTION_YIELD,4_NO,1_YES_INCL_CALIBRATION,0,1_IF,NGN,NGN,1_DIRECT,P&C - Health_PAA_Direct,PAA_Direct,Health_IMED_PAA_P,,
NI01PIMEHLT2024,PAA,2024,19,20241231_NGN_LP100_AVG,03_MARCH,,0,INCEPTION_YIELD,4_NO,1_YES_INCL_CALIBRATION,0,1_IF,NGN,NGN,1_DIRECT,P&C - Health_PAA_Direct,PAA_Direct,Health_IMED_PAA_P,,
NI01PPBRHLT2022,PAA,2022,19,20221231_NGN_LP100_AVG,1_JANUARY,,0,INCEPTION_YIELD,4_NO,1_YES_INCL_CALIBRATION,12,1_IF,NGN,NGN,1_DIRECT,P&C - Health_PAA_Direct,PAA_Direct,Health_Personal Bronze_PAA_P,,
NI01PPBRHLT2023,PAA,2023,19,20231231_NGN_LP100_AVG,1_JANUARY,,0,INCEPTION_YIELD,4_NO,1_YES_INCL_CALIBRATION,0,1_IF,NGN,NGN,1_DIRECT,P&C - Health_PAA_Direct,PAA_Direct,Health_Personal Bronze_PAA_P,,
NI01PPBRHLT2024,PAA,2024,19,20241231_NGN_LP100_AVG,03_MARCH,,0,INCEPTION_YIELD,4_NO,1_YES_INCL_CALIBRATION,0,1_IF,NGN,NGN,1_DIRECT,P&C - Health_PAA_Direct,PAA_Direct,Health_Personal Bronze_PAA_P,,
NI01PPGOHLT2022,PAA,2022,19,20221231_NGN_LP100_AVG,1_JANUARY,,0,INCEPTION_YIELD,4_NO,1_YES_INCL_CALIBRATION,12,1_IF,NGN,NGN,1_DIRECT,P&C - Health_PAA_Direct,PAA_Direct,Health_Personal Gold_PAA_P,,
NI01PPGOHLT2023,PAA,2023,19,20231231_NGN_LP100_AVG,1_JANUARY,,0,INCEPTION_YIELD,4_NO,1_YES_INCL_CALIBRATION,0,1_IF,NGN,NGN,1_DIRECT,P&C - Health_PAA_Direct,PAA_Direct,Health_Personal Gold_PAA_P,,
NI01PPGOHLT2024,PAA,2024,19,20241231_NGN_LP100_AVG,03_MARCH,,0,INCEPTION_YIELD,4_NO,1_YES_INCL_CALIBRATION,0,1_IF,NGN,NGN,1_DIRECT,P&C - Health_PAA_Direct,PAA_Direct,Health_Personal Gold_PAA_P,,
NI01PPPLHLT2022,PAA,2022,19,20221231_NGN_LP100_AVG,1_JANUARY,,0,INCEPTION_YIELD,4_NO,1_YES_INCL_CALIBRATION,12,1_IF,NGN,NGN,1_DIRECT,P&C - Health_PAA_Direct,PAA_Direct,Health_Personal Platinum_PAA_P,,
NI01PPPLHLT2023,PAA,2023,19,20231231_NGN_LP100_AVG,1_JANUARY,,0,INCEPTION_YIELD,4_NO,1_YES_INCL_CALIBRATION,0,1_IF,NGN,NGN,1_DIRECT,P&C - Health_PAA_Direct,PAA_Direct,Health_Personal Platinum_PAA_P,,
NI01PPPLHLT2024,PAA,2024,19,20241231_NGN_LP100_AVG,03_MARCH,,0,INCEPTION_YIELD,4_NO,1_YES_INCL_CALIBRATION,0,1_IF,NGN,NGN,1_DIRECT,P&C - Health_PAA_Direct,PAA_Direct,Health_Personal Platinum_PAA_P,,
NI01PPSIHLT2022,PAA,2022,19,20221231_NGN_LP100_AVG,1_JANUARY,,0,INCEPTION_YIELD,4_NO,1_YES_INCL_CALIBRATION,12,1_IF,NGN,NGN,1_DIRECT,P&C - Health_PAA_Direct,PAA_Direct,Health_Personal Silver_PAA_P,,
NI01PPSIHLT2023,PAA,2023,19,20231231_NGN_LP100_AVG,1_JANUARY,,0,INCEPTION_YIELD,4_NO,1_YES_INCL_CALIBRATION,0,1_IF,NGN,NGN,1_DIRECT,P&C - Health_PAA_Direct,PAA_Direct,Health_Personal Silver_PAA_P,,
NI01PPSIHLT2024,PAA,2024,19,20241231_NGN_LP100_AVG,03_MARCH,,0,INCEPTION_YIELD,4_NO,1_YES_INCL_CALIBRATION,0,1_IF,NGN,NGN,1_DIRECT,P&C - Health_PAA_Direct,PAA_Direct,Health_Personal Silver_PAA_P,,
NI01PAMIHQS2022,PAA,2022,20,20221231_NGN_LP100_AVG,1_JANUARY,,0,INCEPTION_YIELD,4_NO,1_YES_INCL_CALIBRATION,12,1_IF,NGN,NGN,3_RE_CEDED_NON_RETRO,P&C - Health_PAA_Ceded,PAA_Ceded,Health_Imed_QS_PAA_P,,
NI01PAMIHQS2023,PAA,2023,20,20231231_NGN_LP100_AVG,1_JANUARY,,0,INCEPTION_YIELD,4_NO,1_YES_INCL_CALIBRATION,0,1_IF,NGN,NGN,3_RE_CEDED_NON_RETRO,P&C - Health_PAA_Ceded,PAA_Ceded,Health_Imed_QS_PAA_P,,
NI01PAMIHQS2024,PAA,2024,20,20241231_NGN_LP100_AVG,03_MARCH,,0,INCEPTION_YIELD,4_NO,1_YES_INCL_CALIBRATION,0,1_IF,NGN,NGN,3_RE_CEDED_NON_RETRO,P&C - Health_PAA_Ceded,PAA_Ceded,Health_Imed_QS_PAA_P,,
NI01PIMEDQS2022,PAA,2022,20,20221231_NGN_LP100_AVG,1_JANUARY,,0,INCEPTION_YIELD,4_NO,1_YES_INCL_CALIBRATION,12,1_IF,NGN,NGN,3_RE_CEDED_NON_RETRO,P&C - Health_PAA_Ceded,PAA_Ceded,Health_Imed_QS_PAA_P,,
NI01PIMEDQS2023,PAA,2023,20,20231231_NGN_LP100_AVG,1_JANUARY,,0,INCEPTION_YIELD,4_NO,1_YES_INCL_CALIBRATION,0,1_IF,NGN,NGN,3_RE_CEDED_NON_RETRO,P&C - Health_PAA_Ceded,PAA_Ceded,Health_Imed_QS_PAA_P,,
NI01PIMEDQS2024,PAA,2024,20,20241231_NGN_LP100_AVG,03_MARCH,,0,INCEPTION_YIELD,4_NO,1_YES_INCL_CALIBRATION,0,1_IF,NGN,NGN,3_RE_CEDED_NON_RETRO,P&C - Health_PAA_Ceded,PAA_Ceded,Health_Imed_QS_PAA_P,,
