GOC_SEG_ID,GOC_ID,SEG_ID,ALLOCATION_RATIO
NI02PPUBLSH2013_01_LIF_SAV,NI02PPUBLSH2013,01_LIF_SAV,1
NI02PPUBLSH2014_01_LIF_SAV,NI02PPUBLSH2014,01_LIF_SAV,1
NI02PPUBLSH2015_01_LIF_SAV,NI02PPUBLSH2015,01_LIF_SAV,1
NI02PPUBLSH2016_01_LIF_SAV,NI02PPUBLSH2016,01_LIF_SAV,1
NI02PPUBLSH2017_01_LIF_SAV,NI02PPUBLSH2017,01_LIF_SAV,1
NI02PPUBLSH2018_01_LIF_SAV,NI02PPUBLSH2018,01_LIF_SAV,1
NI02PPUBLSH2019_01_LIF_SAV,NI02PPUBLSH2019,01_LIF_SAV,1
NI02PPUBLSH2020_01_LIF_SAV,NI02PPUBLSH2020,01_LIF_SAV,1
NI02PPUBLSH2021_01_LIF_SAV,NI02PPUBLSH2021,01_LIF_SAV,1
NI02PPUBLSH2022_01_LIF_SAV,NI02PPUBLSH2022,01_LIF_SAV,1
NI02PPUBLSH2023_01_LIF_SAV,NI02PPUBLSH2023,01_LIF_SAV,1
NI02PPUBLSH2024_01_LIF_SAV,NI02PPUBLSH2024,01_LIF_SAV,1
NI02PPUBLSH2025_01_LIF_SAV,NI02PPUBLSH2025,01_LIF_SAV,1
NI02PPRIVSH2013_01_LIF_SAV,NI02PPRIVSH2013,01_LIF_SAV,1
NI02PPRIVSH2014_01_LIF_SAV,NI02PPRIVSH2014,01_LIF_SAV,1
NI02PPRIVSH2015_01_LIF_SAV,NI02PPRIVSH2015,01_LIF_SAV,1
NI02PPRIVSH2016_01_LIF_SAV,NI02PPRIVSH2016,01_LIF_SAV,1
NI02PPRIVSH2017_01_LIF_SAV,NI02PPRIVSH2017,01_LIF_SAV,1
NI02PPRIVSH2018_01_LIF_SAV,NI02PPRIVSH2018,01_LIF_SAV,1
NI02PPRIVSH2019_01_LIF_SAV,NI02PPRIVSH2019,01_LIF_SAV,1
NI02PPRIVSH2020_01_LIF_SAV,NI02PPRIVSH2020,01_LIF_SAV,1
NI02PPRIVSH2021_01_LIF_SAV,NI02PPRIVSH2021,01_LIF_SAV,1
NI02PPRIVSH2022_01_LIF_SAV,NI02PPRIVSH2022,01_LIF_SAV,1
NI02PPRIVSH2023_01_LIF_SAV,NI02PPRIVSH2023,01_LIF_SAV,1
NI02PPRIVSH2024_01_LIF_SAV,NI02PPRIVSH2024,01_LIF_SAV,1
NI02PPRIVSH2025_01_LIF_SAV,NI02PPRIVSH2025,01_LIF_SAV,1
NI02PPUBLST2013_01_LIF_SAV,NI02PPUBLST2013,01_LIF_SAV,1
NI02PPUBLST2014_01_LIF_SAV,NI02PPUBLST2014,01_LIF_SAV,1
NI02PPUBLST2015_01_LIF_SAV,NI02PPUBLST2015,01_LIF_SAV,1
NI02PPUBLST2016_01_LIF_SAV,NI02PPUBLST2016,01_LIF_SAV,1
NI02PPUBLST2017_01_LIF_SAV,NI02PPUBLST2017,01_LIF_SAV,1
NI02PPUBLST2018_01_LIF_SAV,NI02PPUBLST2018,01_LIF_SAV,1
NI02PPUBLST2019_01_LIF_SAV,NI02PPUBLST2019,01_LIF_SAV,1
NI02PPUBLST2020_01_LIF_SAV,NI02PPUBLST2020,01_LIF_SAV,1
NI02PPUBLST2021_01_LIF_SAV,NI02PPUBLST2021,01_LIF_SAV,1
NI02PPUBLST2022_01_LIF_SAV,NI02PPUBLST2022,01_LIF_SAV,1
NI02PPUBLST2023_01_LIF_SAV,NI02PPUBLST2023,01_LIF_SAV,1
NI02PPUBLST2024_01_LIF_SAV,NI02PPUBLST2024,01_LIF_SAV,1
NI02PPUBLST2025_01_LIF_SAV,NI02PPUBLST2025,01_LIF_SAV,1
NI02PPRIVPF2013_01_LIF_SAV,NI02PPRIVPF2013,01_LIF_SAV,1
NI02PPRIVPF2014_01_LIF_SAV,NI02PPRIVPF2014,01_LIF_SAV,1
NI02PPRIVPF2015_01_LIF_SAV,NI02PPRIVPF2015,01_LIF_SAV,1
NI02PPRIVPF2016_01_LIF_SAV,NI02PPRIVPF2016,01_LIF_SAV,1
NI02PPRIVPF2017_01_LIF_SAV,NI02PPRIVPF2017,01_LIF_SAV,1
NI02PPRIVPF2018_01_LIF_SAV,NI02PPRIVPF2018,01_LIF_SAV,1
NI02PPRIVPF2019_01_LIF_SAV,NI02PPRIVPF2019,01_LIF_SAV,1
NI02PPRIVPF2020_01_LIF_SAV,NI02PPRIVPF2020,01_LIF_SAV,1
NI02PPRIVPF2021_01_LIF_SAV,NI02PPRIVPF2021,01_LIF_SAV,1
NI02PPRIVPF2022_01_LIF_SAV,NI02PPRIVPF2022,01_LIF_SAV,1
NI02PPRIVPF2023_01_LIF_SAV,NI02PPRIVPF2023,01_LIF_SAV,1
NI02PPRIVPF2024_01_LIF_SAV,NI02PPRIVPF2024,01_LIF_SAV,1
NI02PPRIVPF2025_01_LIF_SAV,NI02PPRIVPF2025,01_LIF_SAV,1
NI02PPRIVQS2013_01_LIF_SAV,NI02PPRIVQS2013,01_LIF_SAV,1
NI02PPRIVQS2014_01_LIF_SAV,NI02PPRIVQS2014,01_LIF_SAV,1
NI02PPRIVQS2015_01_LIF_SAV,NI02PPRIVQS2015,01_LIF_SAV,1
NI02PPRIVQS2016_01_LIF_SAV,NI02PPRIVQS2016,01_LIF_SAV,1
NI02PPRIVQS2017_01_LIF_SAV,NI02PPRIVQS2017,01_LIF_SAV,1
NI02PPRIVQS2018_01_LIF_SAV,NI02PPRIVQS2018,01_LIF_SAV,1
NI02PPRIVQS2019_01_LIF_SAV,NI02PPRIVQS2019,01_LIF_SAV,1
NI02PPRIVQS2020_01_LIF_SAV,NI02PPRIVQS2020,01_LIF_SAV,1
NI02PPRIVQS2021_01_LIF_SAV,NI02PPRIVQS2021,01_LIF_SAV,1
NI02PPRIVQS2022_01_LIF_SAV,NI02PPRIVQS2022,01_LIF_SAV,1
NI02PPRIVQS2023_01_LIF_SAV,NI02PPRIVQS2023,01_LIF_SAV,1
NI02PPRIVQS2024_01_LIF_SAV,NI02PPRIVQS2024,01_LIF_SAV,1
NI02PPRIVQS2025_01_LIF_SAV,NI02PPRIVQS2025,01_LIF_SAV,1
NI02PPRIVST2013_01_LIF_SAV,NI02PPRIVST2013,01_LIF_SAV,1
NI02PPRIVST2014_01_LIF_SAV,NI02PPRIVST2014,01_LIF_SAV,1
NI02PPRIVST2015_01_LIF_SAV,NI02PPRIVST2015,01_LIF_SAV,1
NI02PPRIVST2016_01_LIF_SAV,NI02PPRIVST2016,01_LIF_SAV,1
NI02PPRIVST2017_01_LIF_SAV,NI02PPRIVST2017,01_LIF_SAV,1
NI02PPRIVST2018_01_LIF_SAV,NI02PPRIVST2018,01_LIF_SAV,1
NI02PPRIVST2019_01_LIF_SAV,NI02PPRIVST2019,01_LIF_SAV,1
NI02PPRIVST2020_01_LIF_SAV,NI02PPRIVST2020,01_LIF_SAV,1
NI02PPRIVST2021_01_LIF_SAV,NI02PPRIVST2021,01_LIF_SAV,1
NI02PPRIVST2022_01_LIF_SAV,NI02PPRIVST2022,01_LIF_SAV,1
NI02PPRIVST2023_01_LIF_SAV,NI02PPRIVST2023,01_LIF_SAV,1
NI02PPRIVST2024_01_LIF_SAV,NI02PPRIVST2024,01_LIF_SAV,1
NI02PPRIVST2025_01_LIF_SAV,NI02PPRIVST2025,01_LIF_SAV,1
NI02PPUBLPF2013_01_LIF_SAV,NI02PPUBLPF2013,01_LIF_SAV,1
NI02PPUBLPF2014_01_LIF_SAV,NI02PPUBLPF2014,01_LIF_SAV,1
NI02PPUBLPF2015_01_LIF_SAV,NI02PPUBLPF2015,01_LIF_SAV,1
NI02PPUBLPF2016_01_LIF_SAV,NI02PPUBLPF2016,01_LIF_SAV,1
NI02PPUBLPF2017_01_LIF_SAV,NI02PPUBLPF2017,01_LIF_SAV,1
NI02PPUBLPF2018_01_LIF_SAV,NI02PPUBLPF2018,01_LIF_SAV,1
NI02PPUBLPF2019_01_LIF_SAV,NI02PPUBLPF2019,01_LIF_SAV,1
NI02PPUBLPF2020_01_LIF_SAV,NI02PPUBLPF2020,01_LIF_SAV,1
NI02PPUBLPF2021_01_LIF_SAV,NI02PPUBLPF2021,01_LIF_SAV,1
NI02PPUBLPF2022_01_LIF_SAV,NI02PPUBLPF2022,01_LIF_SAV,1
NI02PPUBLPF2023_01_LIF_SAV,NI02PPUBLPF2023,01_LIF_SAV,1
NI02PPUBLPF2024_01_LIF_SAV,NI02PPUBLPF2024,01_LIF_SAV,1
NI02PPUBLPF2025_01_LIF_SAV,NI02PPUBLPF2025,01_LIF_SAV,1
NI02PPUBLQS2013_01_LIF_SAV,NI02PPUBLQS2013,01_LIF_SAV,1
NI02PPUBLQS2014_01_LIF_SAV,NI02PPUBLQS2014,01_LIF_SAV,1
NI02PPUBLQS2015_01_LIF_SAV,NI02PPUBLQS2015,01_LIF_SAV,1
NI02PPUBLQS2016_01_LIF_SAV,NI02PPUBLQS2016,01_LIF_SAV,1
NI02PPUBLQS2017_01_LIF_SAV,NI02PPUBLQS2017,01_LIF_SAV,1
NI02PPUBLQS2018_01_LIF_SAV,NI02PPUBLQS2018,01_LIF_SAV,1
NI02PPUBLQS2019_01_LIF_SAV,NI02PPUBLQS2019,01_LIF_SAV,1
NI02PPUBLQS2020_01_LIF_SAV,NI02PPUBLQS2020,01_LIF_SAV,1
NI02PPUBLQS2021_01_LIF_SAV,NI02PPUBLQS2021,01_LIF_SAV,1
NI02PPUBLQS2022_01_LIF_SAV,NI02PPUBLQS2022,01_LIF_SAV,1
NI02PPUBLQS2023_01_LIF_SAV,NI02PPUBLQS2023,01_LIF_SAV,1
NI02PPUBLQS2024_01_LIF_SAV,NI02PPUBLQS2024,01_LIF_SAV,1
NI02PPUBLQS2025_01_LIF_SAV,NI02PPUBLQS2025,01_LIF_SAV,1
