GOC_ID,MEASUREMENT_MODEL,ANNUAL_COHORT,AOM_ID,INCEPTION_CURVE_ID,TIMING_INCEPTION_CURVE,CSM_RELEASE_RATIO_CURVE_ID,SHARE_TECH_EXP_ENTITY_SHARE,OCI_OPTION,OCI_OPTION_LRC,OCI_OPTION_LIC,GOC_DURATION,GOC_TYPE_IF_NB,GOC_CURRENCY,REPORTING_CURRENCY,GOC_TYPE_REINSURANCE,AGGREG_1_ID,AGGREG_2_ID,AGGREG_3_ID,AGGREG_4_ID,AGGREG_5_ID
NI02PPUBLSH2013,PAA,2013,19,20221231_NGN_LP100_INC,1_JANUARY,0.0,0,INCEPTION_YIELD,4_NO,1_YES_INCL_CALIBRATION,0,1_IF,NGN,NGN,1_DIRECT,L&S - Others_PAA_Direct,PAA_Direct,Life_Public Scheme_PAA_P,0.0,0.0
NI02PPUBLSH2014,PAA,2014,19,20221231_NGN_LP100_INC,1_JANUARY,0.0,0,INCEPTION_YIELD,4_NO,1_YES_INCL_CALIBRATION,0,1_IF,NGN,NGN,1_DIRECT,L&S - Others_PAA_Direct,PAA_Direct,Life_Public Scheme_PAA_P,0.0,0.0
NI02PPUBLSH2015,PAA,2015,19,20221231_NGN_LP100_INC,1_JANUARY,0.0,0,INCEPTION_YIELD,4_NO,1_YES_INCL_CALIBRATION,0,1_IF,NGN,NGN,1_DIRECT,L&S - Others_PAA_Direct,PAA_Direct,Life_Public Scheme_PAA_P,0.0,0.0
NI02PPUBLSH2016,PAA,2016,19,20221231_NGN_LP100_INC,1_JANUARY,0.0,0,INCEPTION_YIELD,4_NO,1_YES_INCL_CALIBRATION,0,1_IF,NGN,NGN,1_DIRECT,L&S - Others_PAA_Direct,PAA_Direct,Life_Public Scheme_PAA_P,0.0,0.0
NI02PPUBLSH2017,PAA,2017,19,20171231_NGN_LP100_AVG,1_JANUARY,0.0,0,INCEPTION_YIELD,4_NO,1_YES_INCL_CALIBRATION,0,1_IF,NGN,NGN,1_DIRECT,L&S - Others_PAA_Direct,PAA_Direct,Life_Public Scheme_PAA_P,0.0,0.0
NI02PPUBLSH2018,PAA,2018,19,20181231_NGN_LP100_AVG,1_JANUARY,0.0,0,INCEPTION_YIELD,4_NO,1_YES_INCL_CALIBRATION,72,1_IF,NGN,NGN,1_DIRECT,L&S - Others_PAA_Direct,PAA_Direct,Life_Public Scheme_PAA_P,0.0,0.0
NI02PPUBLSH2019,PAA,2019,19,20191231_NGN_LP100_AVG,1_JANUARY,0.0,0,INCEPTION_YIELD,4_NO,1_YES_INCL_CALIBRATION,60,1_IF,NGN,NGN,1_DIRECT,L&S - Others_PAA_Direct,PAA_Direct,Life_Public Scheme_PAA_P,0.0,0.0
NI02PPUBLSH2020,PAA,2020,19,20201231_NGN_LP100_AVG,1_JANUARY,0.0,0,INCEPTION_YIELD,4_NO,1_YES_INCL_CALIBRATION,48,1_IF,NGN,NGN,1_DIRECT,L&S - Others_PAA_Direct,PAA_Direct,Life_Public Scheme_PAA_P,0.0,0.0
NI02PPUBLSH2021,PAA,2021,19,20211231_NGN_LP100_AVG,1_JANUARY,0.0,0,INCEPTION_YIELD,4_NO,1_YES_INCL_CALIBRATION,36,1_IF,NGN,NGN,1_DIRECT,L&S - Others_PAA_Direct,PAA_Direct,Life_Public Scheme_PAA_P,0.0,0.0
NI02PPUBLSH2022,PAA,2022,19,20221231_NGN_LP100_AVG,1_JANUARY,0.0,0,INCEPTION_YIELD,4_NO,1_YES_INCL_CALIBRATION,24,1_IF,NGN,NGN,1_DIRECT,L&S - Others_PAA_Direct,PAA_Direct,Life_Public Scheme_PAA_P,0.0,0.0
NI02PPUBLSH2023,PAA,2023,19,20231231_NGN_LP100_AVG,1_JANUARY,0.0,0,INCEPTION_YIELD,4_NO,1_YES_INCL_CALIBRATION,12,1_IF,NGN,NGN,1_DIRECT,L&S - Others_PAA_Direct,PAA_Direct,Life_Public Scheme_PAA_P,0.0,0.0
NI02PPUBLSH2024,PAA,2024,19,20241231_NGN_LP100_AVG,1_JANUARY,0.0,0,INCEPTION_YIELD,4_NO,1_YES_INCL_CALIBRATION,0,1_IF,NGN,NGN,1_DIRECT,L&S - Others_PAA_Direct,PAA_Direct,Life_Public Scheme_PAA_P,0.0,0.0
NI02PPUBLSH2025,PAA,2025,19,20250630_NGN_LP100_AVG,07_JULY,0.0,0,INCEPTION_YIELD,4_NO,1_YES_INCL_CALIBRATION,0,1_IF,NGN,NGN,1_DIRECT,L&S - Others_PAA_Direct,PAA_Direct,Life_Public Scheme_PAA_P,0.0,0.0
NI02PPRIVSH2013,PAA,2013,19,20221231_NGN_LP100_INC,1_JANUARY,0.0,0,INCEPTION_YIELD,4_NO,1_YES_INCL_CALIBRATION,0,1_IF,NGN,NGN,1_DIRECT,L&S - Others_PAA_Direct,PAA_Direct,Life_Private Scheme_PAA_P,0.0,0.0
NI02PPRIVSH2014,PAA,2014,19,20221231_NGN_LP100_INC,1_JANUARY,0.0,0,INCEPTION_YIELD,4_NO,1_YES_INCL_CALIBRATION,0,1_IF,NGN,NGN,1_DIRECT,L&S - Others_PAA_Direct,PAA_Direct,Life_Private Scheme_PAA_P,0.0,0.0
NI02PPRIVSH2015,PAA,2015,19,20221231_NGN_LP100_INC,1_JANUARY,0.0,0,INCEPTION_YIELD,4_NO,1_YES_INCL_CALIBRATION,0,1_IF,NGN,NGN,1_DIRECT,L&S - Others_PAA_Direct,PAA_Direct,Life_Private Scheme_PAA_P,0.0,0.0
NI02PPRIVSH2016,PAA,2016,19,20161231_NGN_LP100_AVG,1_JANUARY,0.0,0,INCEPTION_YIELD,4_NO,1_YES_INCL_CALIBRATION,0,1_IF,NGN,NGN,1_DIRECT,L&S - Others_PAA_Direct,PAA_Direct,Life_Private Scheme_PAA_P,0.0,0.0
NI02PPRIVSH2017,PAA,2017,19,20171231_NGN_LP100_AVG,1_JANUARY,0.0,0,INCEPTION_YIELD,4_NO,1_YES_INCL_CALIBRATION,0,1_IF,NGN,NGN,1_DIRECT,L&S - Others_PAA_Direct,PAA_Direct,Life_Private Scheme_PAA_P,0.0,0.0
NI02PPRIVSH2018,PAA,2018,19,20181231_NGN_LP100_AVG,1_JANUARY,0.0,0,INCEPTION_YIELD,4_NO,1_YES_INCL_CALIBRATION,72,1_IF,NGN,NGN,1_DIRECT,L&S - Others_PAA_Direct,PAA_Direct,Life_Private Scheme_PAA_P,0.0,0.0
NI02PPRIVSH2019,PAA,2019,19,20191231_NGN_LP100_AVG,1_JANUARY,0.0,0,INCEPTION_YIELD,4_NO,1_YES_INCL_CALIBRATION,60,1_IF,NGN,NGN,1_DIRECT,L&S - Others_PAA_Direct,PAA_Direct,Life_Private Scheme_PAA_P,0.0,0.0
NI02PPRIVSH2020,PAA,2020,19,20201231_NGN_LP100_AVG,1_JANUARY,0.0,0,INCEPTION_YIELD,4_NO,1_YES_INCL_CALIBRATION,48,1_IF,NGN,NGN,1_DIRECT,L&S - Others_PAA_Direct,PAA_Direct,Life_Private Scheme_PAA_P,0.0,0.0
NI02PPRIVSH2021,PAA,2021,19,20211231_NGN_LP100_AVG,1_JANUARY,0.0,0,INCEPTION_YIELD,4_NO,1_YES_INCL_CALIBRATION,36,1_IF,NGN,NGN,1_DIRECT,L&S - Others_PAA_Direct,PAA_Direct,Life_Private Scheme_PAA_P,0.0,0.0
NI02PPRIVSH2022,PAA,2022,19,20221231_NGN_LP100_AVG,1_JANUARY,0.0,0,INCEPTION_YIELD,4_NO,1_YES_INCL_CALIBRATION,24,1_IF,NGN,NGN,1_DIRECT,L&S - Others_PAA_Direct,PAA_Direct,Life_Private Scheme_PAA_P,0.0,0.0
NI02PPRIVSH2023,PAA,2023,19,20231231_NGN_LP100_AVG,1_JANUARY,0.0,0,INCEPTION_YIELD,4_NO,1_YES_INCL_CALIBRATION,12,1_IF,NGN,NGN,1_DIRECT,L&S - Others_PAA_Direct,PAA_Direct,Life_Private Scheme_PAA_P,0.0,0.0
NI02PPRIVSH2024,PAA,2024,19,20241231_NGN_LP100_AVG,1_JANUARY,0.0,0,INCEPTION_YIELD,4_NO,1_YES_INCL_CALIBRATION,0,1_IF,NGN,NGN,1_DIRECT,L&S - Others_PAA_Direct,PAA_Direct,Life_Private Scheme_PAA_P,0.0,0.0
NI02PPRIVSH2025,PAA,2025,19,20250630_NGN_LP100_AVG,07_JULY,0.0,0,INCEPTION_YIELD,4_NO,1_YES_INCL_CALIBRATION,0,1_IF,NGN,NGN,1_DIRECT,L&S - Others_PAA_Direct,PAA_Direct,Life_Private Scheme_PAA_P,0.0,0.0
NI02PPUBLST2013,PAA,2013,20,20221231_NGN_LP100_INC,1_JANUARY,0.0,0,INCEPTION_YIELD,4_NO,1_YES_INCL_CALIBRATION,0,1_IF,NGN,NGN,3_RE_CEDED_NON_RETRO ,L&S-Others_PAA_Ceded,PAA_Ceded,Life_Public Scheme_ST_PAA_P,0.0,0.0
NI02PPUBLST2014,PAA,2014,20,20221231_NGN_LP100_INC,1_JANUARY,0.0,0,INCEPTION_YIELD,4_NO,1_YES_INCL_CALIBRATION,0,1_IF,NGN,NGN,3_RE_CEDED_NON_RETRO ,L&S-Others_PAA_Ceded,PAA_Ceded,Life_Public Scheme_ST_PAA_P,0.0,0.0
NI02PPUBLST2015,PAA,2015,20,20221231_NGN_LP100_INC,1_JANUARY,0.0,0,INCEPTION_YIELD,4_NO,1_YES_INCL_CALIBRATION,0,1_IF,NGN,NGN,3_RE_CEDED_NON_RETRO ,L&S-Others_PAA_Ceded,PAA_Ceded,Life_Public Scheme_ST_PAA_P,0.0,0.0
NI02PPUBLST2016,PAA,2016,20,20221231_NGN_LP100_INC,1_JANUARY,0.0,0,INCEPTION_YIELD,4_NO,1_YES_INCL_CALIBRATION,0,1_IF,NGN,NGN,3_RE_CEDED_NON_RETRO ,L&S-Others_PAA_Ceded,PAA_Ceded,Life_Public Scheme_ST_PAA_P,0.0,0.0
NI02PPUBLST2017,PAA,2017,20,20171231_NGN_LP100_AVG,1_JANUARY,0.0,0,INCEPTION_YIELD,4_NO,1_YES_INCL_CALIBRATION,0,1_IF,NGN,NGN,3_RE_CEDED_NON_RETRO ,L&S-Others_PAA_Ceded,PAA_Ceded,Life_Public Scheme_ST_PAA_P,0.0,0.0
NI02PPUBLST2018,PAA,2018,20,20181231_NGN_LP100_AVG,1_JANUARY,0.0,0,INCEPTION_YIELD,4_NO,1_YES_INCL_CALIBRATION,72,1_IF,NGN,NGN,3_RE_CEDED_NON_RETRO ,L&S-Others_PAA_Ceded,PAA_Ceded,Life_Public Scheme_ST_PAA_P,0.0,0.0
NI02PPUBLST2019,PAA,2019,20,20191231_NGN_LP100_AVG,1_JANUARY,0.0,0,INCEPTION_YIELD,4_NO,1_YES_INCL_CALIBRATION,60,1_IF,NGN,NGN,3_RE_CEDED_NON_RETRO ,L&S-Others_PAA_Ceded,PAA_Ceded,Life_Public Scheme_ST_PAA_P,0.0,0.0
NI02PPUBLST2020,PAA,2020,20,20201231_NGN_LP100_AVG,1_JANUARY,0.0,0,INCEPTION_YIELD,4_NO,1_YES_INCL_CALIBRATION,48,1_IF,NGN,NGN,3_RE_CEDED_NON_RETRO ,L&S-Others_PAA_Ceded,PAA_Ceded,Life_Public Scheme_ST_PAA_P,0.0,0.0
NI02PPUBLST2021,PAA,2021,20,20211231_NGN_LP100_AVG,1_JANUARY,0.0,0,INCEPTION_YIELD,4_NO,1_YES_INCL_CALIBRATION,36,1_IF,NGN,NGN,3_RE_CEDED_NON_RETRO ,L&S-Others_PAA_Ceded,PAA_Ceded,Life_Public Scheme_ST_PAA_P,0.0,0.0
NI02PPUBLST2022,PAA,2022,20,20221231_NGN_LP100_AVG,1_JANUARY,0.0,0,INCEPTION_YIELD,4_NO,1_YES_INCL_CALIBRATION,24,1_IF,NGN,NGN,3_RE_CEDED_NON_RETRO ,L&S-Others_PAA_Ceded,PAA_Ceded,Life_Public Scheme_ST_PAA_P,0.0,0.0
NI02PPUBLST2023,PAA,2023,20,20231231_NGN_LP100_AVG,1_JANUARY,0.0,0,INCEPTION_YIELD,4_NO,1_YES_INCL_CALIBRATION,12,1_IF,NGN,NGN,3_RE_CEDED_NON_RETRO ,L&S-Others_PAA_Ceded,PAA_Ceded,Life_Public Scheme_ST_PAA_P,0.0,0.0
NI02PPUBLST2024,PAA,2024,20,20241231_NGN_LP100_AVG,1_JANUARY,0.0,0,INCEPTION_YIELD,4_NO,1_YES_INCL_CALIBRATION,0,1_IF,NGN,NGN,3_RE_CEDED_NON_RETRO ,L&S-Others_PAA_Ceded,PAA_Ceded,Life_Public Scheme_ST_PAA_P,0.0,0.0
NI02PPUBLST2025,PAA,2025,20,20250630_NGN_LP100_AVG,07_JULY,0.0,0,INCEPTION_YIELD,4_NO,1_YES_INCL_CALIBRATION,0,1_IF,NGN,NGN,3_RE_CEDED_NON_RETRO ,L&S-Others_PAA_Ceded,PAA_Ceded,Life_Public Scheme_ST_PAA_P,0.0,0.0
NI02PPRIVPF2013,PAA,2013,20,20221231_NGN_LP100_INC,1_JANUARY,0.0,0,INCEPTION_YIELD,4_NO,1_YES_INCL_CALIBRATION,0,1_IF,NGN,NGN,3_RE_CEDED_NON_RETRO ,L&S-Others_PAA_Ceded,PAA_Ceded,Life_Private Scheme_PF_PAA_P,0.0,0.0
NI02PPRIVPF2014,PAA,2014,20,20221231_NGN_LP100_INC,1_JANUARY,0.0,0,INCEPTION_YIELD,4_NO,1_YES_INCL_CALIBRATION,0,1_IF,NGN,NGN,3_RE_CEDED_NON_RETRO ,L&S-Others_PAA_Ceded,PAA_Ceded,Life_Private Scheme_PF_PAA_P,0.0,0.0
NI02PPRIVPF2015,PAA,2015,20,20221231_NGN_LP100_INC,1_JANUARY,0.0,0,INCEPTION_YIELD,4_NO,1_YES_INCL_CALIBRATION,0,1_IF,NGN,NGN,3_RE_CEDED_NON_RETRO ,L&S-Others_PAA_Ceded,PAA_Ceded,Life_Private Scheme_PF_PAA_P,0.0,0.0
NI02PPRIVPF2016,PAA,2016,20,20221231_NGN_LP100_INC,1_JANUARY,0.0,0,INCEPTION_YIELD,4_NO,1_YES_INCL_CALIBRATION,0,1_IF,NGN,NGN,3_RE_CEDED_NON_RETRO ,L&S-Others_PAA_Ceded,PAA_Ceded,Life_Private Scheme_PF_PAA_P,0.0,0.0
NI02PPRIVPF2017,PAA,2017,20,20171231_NGN_LP100_AVG,1_JANUARY,0.0,0,INCEPTION_YIELD,4_NO,1_YES_INCL_CALIBRATION,0,1_IF,NGN,NGN,3_RE_CEDED_NON_RETRO ,L&S-Others_PAA_Ceded,PAA_Ceded,Life_Private Scheme_PF_PAA_P,0.0,0.0
NI02PPRIVPF2018,PAA,2018,20,20181231_NGN_LP100_AVG,1_JANUARY,0.0,0,INCEPTION_YIELD,4_NO,1_YES_INCL_CALIBRATION,72,1_IF,NGN,NGN,3_RE_CEDED_NON_RETRO ,L&S-Others_PAA_Ceded,PAA_Ceded,Life_Private Scheme_PF_PAA_P,0.0,0.0
NI02PPRIVPF2019,PAA,2019,20,20191231_NGN_LP100_AVG,1_JANUARY,0.0,0,INCEPTION_YIELD,4_NO,1_YES_INCL_CALIBRATION,60,1_IF,NGN,NGN,3_RE_CEDED_NON_RETRO ,L&S-Others_PAA_Ceded,PAA_Ceded,Life_Private Scheme_PF_PAA_P,0.0,0.0
NI02PPRIVPF2020,PAA,2020,20,20201231_NGN_LP100_AVG,1_JANUARY,0.0,0,INCEPTION_YIELD,4_NO,1_YES_INCL_CALIBRATION,48,1_IF,NGN,NGN,3_RE_CEDED_NON_RETRO ,L&S-Others_PAA_Ceded,PAA_Ceded,Life_Private Scheme_PF_PAA_P,0.0,0.0
NI02PPRIVPF2021,PAA,2021,20,20211231_NGN_LP100_AVG,1_JANUARY,0.0,0,INCEPTION_YIELD,4_NO,1_YES_INCL_CALIBRATION,36,1_IF,NGN,NGN,3_RE_CEDED_NON_RETRO ,L&S-Others_PAA_Ceded,PAA_Ceded,Life_Private Scheme_PF_PAA_P,0.0,0.0
NI02PPRIVPF2022,PAA,2022,20,20221231_NGN_LP100_AVG,1_JANUARY,0.0,0,INCEPTION_YIELD,4_NO,1_YES_INCL_CALIBRATION,24,1_IF,NGN,NGN,3_RE_CEDED_NON_RETRO ,L&S-Others_PAA_Ceded,PAA_Ceded,Life_Private Scheme_PF_PAA_P,0.0,0.0
NI02PPRIVPF2023,PAA,2023,20,20231231_NGN_LP100_AVG,1_JANUARY,0.0,0,INCEPTION_YIELD,4_NO,1_YES_INCL_CALIBRATION,12,1_IF,NGN,NGN,3_RE_CEDED_NON_RETRO ,L&S-Others_PAA_Ceded,PAA_Ceded,Life_Private Scheme_PF_PAA_P,0.0,0.0
NI02PPRIVPF2024,PAA,2024,20,20241231_NGN_LP100_AVG,1_JANUARY,0.0,0,INCEPTION_YIELD,4_NO,1_YES_INCL_CALIBRATION,0,1_IF,NGN,NGN,3_RE_CEDED_NON_RETRO ,L&S-Others_PAA_Ceded,PAA_Ceded,Life_Private Scheme_PF_PAA_P,0.0,0.0
NI02PPRIVPF2025,PAA,2025,20,20250630_NGN_LP100_AVG,07_JULY,0.0,0,INCEPTION_YIELD,4_NO,1_YES_INCL_CALIBRATION,0,1_IF,NGN,NGN,3_RE_CEDED_NON_RETRO ,L&S-Others_PAA_Ceded,PAA_Ceded,Life_Private Scheme_PF_PAA_P,0.0,0.0
NI02PPRIVQS2013,PAA,2013,20,20221231_NGN_LP100_INC,1_JANUARY,0.0,0,INCEPTION_YIELD,4_NO,1_YES_INCL_CALIBRATION,0,1_IF,NGN,NGN,3_RE_CEDED_NON_RETRO ,L&S-Others_PAA_Ceded,PAA_Ceded,Life_Private Scheme_QS_PAA_P,0.0,0.0
NI02PPRIVQS2014,PAA,2014,20,20221231_NGN_LP100_INC,1_JANUARY,0.0,0,INCEPTION_YIELD,4_NO,1_YES_INCL_CALIBRATION,0,1_IF,NGN,NGN,3_RE_CEDED_NON_RETRO ,L&S-Others_PAA_Ceded,PAA_Ceded,Life_Private Scheme_QS_PAA_P,0.0,0.0
NI02PPRIVQS2015,PAA,2015,20,20221231_NGN_LP100_INC,1_JANUARY,0.0,0,INCEPTION_YIELD,4_NO,1_YES_INCL_CALIBRATION,0,1_IF,NGN,NGN,3_RE_CEDED_NON_RETRO ,L&S-Others_PAA_Ceded,PAA_Ceded,Life_Private Scheme_QS_PAA_P,0.0,0.0
NI02PPRIVQS2016,PAA,2016,20,20221231_NGN_LP100_INC,1_JANUARY,0.0,0,INCEPTION_YIELD,4_NO,1_YES_INCL_CALIBRATION,0,1_IF,NGN,NGN,3_RE_CEDED_NON_RETRO ,L&S-Others_PAA_Ceded,PAA_Ceded,Life_Private Scheme_QS_PAA_P,0.0,0.0
NI02PPRIVQS2017,PAA,2017,20,20171231_NGN_LP100_AVG,1_JANUARY,0.0,0,INCEPTION_YIELD,4_NO,1_YES_INCL_CALIBRATION,0,1_IF,NGN,NGN,3_RE_CEDED_NON_RETRO ,L&S-Others_PAA_Ceded,PAA_Ceded,Life_Private Scheme_QS_PAA_P,0.0,0.0
NI02PPRIVQS2018,PAA,2018,20,20181231_NGN_LP100_AVG,1_JANUARY,0.0,0,INCEPTION_YIELD,4_NO,1_YES_INCL_CALIBRATION,72,1_IF,NGN,NGN,3_RE_CEDED_NON_RETRO ,L&S-Others_PAA_Ceded,PAA_Ceded,Life_Private Scheme_QS_PAA_P,0.0,0.0
NI02PPRIVQS2019,PAA,2019,20,20191231_NGN_LP100_AVG,1_JANUARY,0.0,0,INCEPTION_YIELD,4_NO,1_YES_INCL_CALIBRATION,60,1_IF,NGN,NGN,3_RE_CEDED_NON_RETRO ,L&S-Others_PAA_Ceded,PAA_Ceded,Life_Private Scheme_QS_PAA_P,0.0,0.0
NI02PPRIVQS2020,PAA,2020,20,20201231_NGN_LP100_AVG,1_JANUARY,0.0,0,INCEPTION_YIELD,4_NO,1_YES_INCL_CALIBRATION,48,1_IF,NGN,NGN,3_RE_CEDED_NON_RETRO ,L&S-Others_PAA_Ceded,PAA_Ceded,Life_Private Scheme_QS_PAA_P,0.0,0.0
NI02PPRIVQS2021,PAA,2021,20,20211231_NGN_LP100_AVG,1_JANUARY,0.0,0,INCEPTION_YIELD,4_NO,1_YES_INCL_CALIBRATION,36,1_IF,NGN,NGN,3_RE_CEDED_NON_RETRO ,L&S-Others_PAA_Ceded,PAA_Ceded,Life_Private Scheme_QS_PAA_P,0.0,0.0
NI02PPRIVQS2022,PAA,2022,20,20221231_NGN_LP100_AVG,1_JANUARY,0.0,0,INCEPTION_YIELD,4_NO,1_YES_INCL_CALIBRATION,24,1_IF,NGN,NGN,3_RE_CEDED_NON_RETRO ,L&S-Others_PAA_Ceded,PAA_Ceded,Life_Private Scheme_QS_PAA_P,0.0,0.0
NI02PPRIVQS2023,PAA,2023,20,20231231_NGN_LP100_AVG,1_JANUARY,0.0,0,INCEPTION_YIELD,4_NO,1_YES_INCL_CALIBRATION,12,1_IF,NGN,NGN,3_RE_CEDED_NON_RETRO ,L&S-Others_PAA_Ceded,PAA_Ceded,Life_Private Scheme_QS_PAA_P,0.0,0.0
NI02PPRIVQS2024,PAA,2024,20,20241230_NGN_LP100_AVG,1_JANUARY,0.0,0,INCEPTION_YIELD,4_NO,1_YES_INCL_CALIBRATION,0,1_IF,NGN,NGN,3_RE_CEDED_NON_RETRO ,L&S-Others_PAA_Ceded,PAA_Ceded,Life_Private Scheme_QS_PAA_P,0.0,0.0
NI02PPRIVQS2025,PAA,2025,20,20250630_NGN_LP100_AVG,07_JULY,0.0,0,INCEPTION_YIELD,4_NO,1_YES_INCL_CALIBRATION,0,1_IF,NGN,NGN,3_RE_CEDED_NON_RETRO ,L&S-Others_PAA_Ceded,PAA_Ceded,Life_Private Scheme_QS_PAA_P,0.0,0.0
NI02PPRIVST2013,PAA,2013,20,20221231_NGN_LP100_INC,1_JANUARY,0.0,0,INCEPTION_YIELD,4_NO,1_YES_INCL_CALIBRATION,0,1_IF,NGN,NGN,3_RE_CEDED_NON_RETRO ,L&S-Others_PAA_Ceded,PAA_Ceded,Life_Private Scheme_ST_PAA_P,0.0,0.0
NI02PPRIVST2014,PAA,2014,20,20221231_NGN_LP100_INC,1_JANUARY,0.0,0,INCEPTION_YIELD,4_NO,1_YES_INCL_CALIBRATION,0,1_IF,NGN,NGN,3_RE_CEDED_NON_RETRO ,L&S-Others_PAA_Ceded,PAA_Ceded,Life_Private Scheme_ST_PAA_P,0.0,0.0
NI02PPRIVST2015,PAA,2015,20,20221231_NGN_LP100_INC,1_JANUARY,0.0,0,INCEPTION_YIELD,4_NO,1_YES_INCL_CALIBRATION,0,1_IF,NGN,NGN,3_RE_CEDED_NON_RETRO ,L&S-Others_PAA_Ceded,PAA_Ceded,Life_Private Scheme_ST_PAA_P,0.0,0.0
NI02PPRIVST2016,PAA,2016,20,20221231_NGN_LP100_INC,1_JANUARY,0.0,0,INCEPTION_YIELD,4_NO,1_YES_INCL_CALIBRATION,0,1_IF,NGN,NGN,3_RE_CEDED_NON_RETRO ,L&S-Others_PAA_Ceded,PAA_Ceded,Life_Private Scheme_ST_PAA_P,0.0,0.0
NI02PPRIVST2017,PAA,2017,20,20171231_NGN_LP100_AVG,1_JANUARY,0.0,0,INCEPTION_YIELD,4_NO,1_YES_INCL_CALIBRATION,0,1_IF,NGN,NGN,3_RE_CEDED_NON_RETRO ,L&S-Others_PAA_Ceded,PAA_Ceded,Life_Private Scheme_ST_PAA_P,0.0,0.0
NI02PPRIVST2018,PAA,2018,20,20181231_NGN_LP100_AVG,1_JANUARY,0.0,0,INCEPTION_YIELD,4_NO,1_YES_INCL_CALIBRATION,72,1_IF,NGN,NGN,3_RE_CEDED_NON_RETRO ,L&S-Others_PAA_Ceded,PAA_Ceded,Life_Private Scheme_ST_PAA_P,0.0,0.0
NI02PPRIVST2019,PAA,2019,20,20191231_NGN_LP100_AVG,1_JANUARY,0.0,0,INCEPTION_YIELD,4_NO,1_YES_INCL_CALIBRATION,60,1_IF,NGN,NGN,3_RE_CEDED_NON_RETRO ,L&S-Others_PAA_Ceded,PAA_Ceded,Life_Private Scheme_ST_PAA_P,0.0,0.0
NI02PPRIVST2020,PAA,2020,20,20201231_NGN_LP100_AVG,1_JANUARY,0.0,0,INCEPTION_YIELD,4_NO,1_YES_INCL_CALIBRATION,48,1_IF,NGN,NGN,3_RE_CEDED_NON_RETRO ,L&S-Others_PAA_Ceded,PAA_Ceded,Life_Private Scheme_ST_PAA_P,0.0,0.0
NI02PPRIVST2021,PAA,2021,20,20211231_NGN_LP100_AVG,1_JANUARY,0.0,0,INCEPTION_YIELD,4_NO,1_YES_INCL_CALIBRATION,36,1_IF,NGN,NGN,3_RE_CEDED_NON_RETRO ,L&S-Others_PAA_Ceded,PAA_Ceded,Life_Private Scheme_ST_PAA_P,0.0,0.0
NI02PPRIVST2022,PAA,2022,20,20221231_NGN_LP100_AVG,1_JANUARY,0.0,0,INCEPTION_YIELD,4_NO,1_YES_INCL_CALIBRATION,24,1_IF,NGN,NGN,3_RE_CEDED_NON_RETRO ,L&S-Others_PAA_Ceded,PAA_Ceded,Life_Private Scheme_ST_PAA_P,0.0,0.0
NI02PPRIVST2023,PAA,2023,20,20231231_NGN_LP100_AVG,1_JANUARY,0.0,0,INCEPTION_YIELD,4_NO,1_YES_INCL_CALIBRATION,12,1_IF,NGN,NGN,3_RE_CEDED_NON_RETRO ,L&S-Others_PAA_Ceded,PAA_Ceded,Life_Private Scheme_ST_PAA_P,0.0,0.0
NI02PPRIVST2024,PAA,2024,20,20241231_NGN_LP100_AVG,1_JANUARY,0.0,0,INCEPTION_YIELD,4_NO,1_YES_INCL_CALIBRATION,0,1_IF,NGN,NGN,3_RE_CEDED_NON_RETRO ,L&S-Others_PAA_Ceded,PAA_Ceded,Life_Private Scheme_ST_PAA_P,0.0,0.0
NI02PPRIVST2025,PAA,2025,20,20250630_NGN_LP100_AVG,07_JULY,0.0,0,INCEPTION_YIELD,4_NO,1_YES_INCL_CALIBRATION,0,1_IF,NGN,NGN,3_RE_CEDED_NON_RETRO ,L&S-Others_PAA_Ceded,PAA_Ceded,Life_Private Scheme_ST_PAA_P,0.0,0.0
NI02PPUBLPF2013,PAA,2013,20,20221231_NGN_LP100_INC,1_JANUARY,0.0,0,INCEPTION_YIELD,4_NO,1_YES_INCL_CALIBRATION,0,1_IF,NGN,NGN,3_RE_CEDED_NON_RETRO ,L&S-Others_PAA_Ceded,PAA_Ceded,Life_Public Scheme_PF_PAA_P,0.0,0.0
NI02PPUBLPF2014,PAA,2014,20,20221231_NGN_LP100_INC,1_JANUARY,0.0,0,INCEPTION_YIELD,4_NO,1_YES_INCL_CALIBRATION,0,1_IF,NGN,NGN,3_RE_CEDED_NON_RETRO ,L&S-Others_PAA_Ceded,PAA_Ceded,Life_Public Scheme_PF_PAA_P,0.0,0.0
NI02PPUBLPF2015,PAA,2015,20,20221231_NGN_LP100_INC,1_JANUARY,0.0,0,INCEPTION_YIELD,4_NO,1_YES_INCL_CALIBRATION,0,1_IF,NGN,NGN,3_RE_CEDED_NON_RETRO ,L&S-Others_PAA_Ceded,PAA_Ceded,Life_Public Scheme_PF_PAA_P,0.0,0.0
NI02PPUBLPF2016,PAA,2016,20,20221231_NGN_LP100_INC,1_JANUARY,0.0,0,INCEPTION_YIELD,4_NO,1_YES_INCL_CALIBRATION,0,1_IF,NGN,NGN,3_RE_CEDED_NON_RETRO ,L&S-Others_PAA_Ceded,PAA_Ceded,Life_Public Scheme_PF_PAA_P,0.0,0.0
NI02PPUBLPF2017,PAA,2017,20,20171231_NGN_LP100_AVG,1_JANUARY,0.0,0,INCEPTION_YIELD,4_NO,1_YES_INCL_CALIBRATION,0,1_IF,NGN,NGN,3_RE_CEDED_NON_RETRO ,L&S-Others_PAA_Ceded,PAA_Ceded,Life_Public Scheme_PF_PAA_P,0.0,0.0
NI02PPUBLPF2018,PAA,2018,20,20181231_NGN_LP100_AVG,1_JANUARY,0.0,0,INCEPTION_YIELD,4_NO,1_YES_INCL_CALIBRATION,72,1_IF,NGN,NGN,3_RE_CEDED_NON_RETRO ,L&S-Others_PAA_Ceded,PAA_Ceded,Life_Public Scheme_PF_PAA_P,0.0,0.0
NI02PPUBLPF2019,PAA,2019,20,20191231_NGN_LP100_AVG,1_JANUARY,0.0,0,INCEPTION_YIELD,4_NO,1_YES_INCL_CALIBRATION,60,1_IF,NGN,NGN,3_RE_CEDED_NON_RETRO ,L&S-Others_PAA_Ceded,PAA_Ceded,Life_Public Scheme_PF_PAA_P,0.0,0.0
NI02PPUBLPF2020,PAA,2020,20,20201231_NGN_LP100_AVG,1_JANUARY,0.0,0,INCEPTION_YIELD,4_NO,1_YES_INCL_CALIBRATION,48,1_IF,NGN,NGN,3_RE_CEDED_NON_RETRO ,L&S-Others_PAA_Ceded,PAA_Ceded,Life_Public Scheme_PF_PAA_P,0.0,0.0
NI02PPUBLPF2021,PAA,2021,20,20211231_NGN_LP100_AVG,1_JANUARY,0.0,0,INCEPTION_YIELD,4_NO,1_YES_INCL_CALIBRATION,36,1_IF,NGN,NGN,3_RE_CEDED_NON_RETRO ,L&S-Others_PAA_Ceded,PAA_Ceded,Life_Public Scheme_PF_PAA_P,0.0,0.0
NI02PPUBLPF2022,PAA,2022,20,20221231_NGN_LP100_AVG,1_JANUARY,0.0,0,INCEPTION_YIELD,4_NO,1_YES_INCL_CALIBRATION,24,1_IF,NGN,NGN,3_RE_CEDED_NON_RETRO ,L&S-Others_PAA_Ceded,PAA_Ceded,Life_Public Scheme_PF_PAA_P,0.0,0.0
NI02PPUBLPF2023,PAA,2023,20,20231231_NGN_LP100_AVG,1_JANUARY,0.0,0,INCEPTION_YIELD,4_NO,1_YES_INCL_CALIBRATION,12,1_IF,NGN,NGN,3_RE_CEDED_NON_RETRO ,L&S-Others_PAA_Ceded,PAA_Ceded,Life_Public Scheme_PF_PAA_P,0.0,0.0
NI02PPUBLPF2024,PAA,2024,20,20241231_NGN_LP100_AVG,1_JANUARY,0.0,0,INCEPTION_YIELD,4_NO,1_YES_INCL_CALIBRATION,0,1_IF,NGN,NGN,3_RE_CEDED_NON_RETRO ,L&S-Others_PAA_Ceded,PAA_Ceded,Life_Public Scheme_PF_PAA_P,0.0,0.0
NI02PPUBLPF2025,PAA,2025,20,20250630_NGN_LP100_AVG,07_JULY,0.0,0,INCEPTION_YIELD,4_NO,1_YES_INCL_CALIBRATION,0,1_IF,NGN,NGN,3_RE_CEDED_NON_RETRO ,L&S-Others_PAA_Ceded,PAA_Ceded,Life_Public Scheme_PF_PAA_P,0.0,0.0
NI02PPUBLQS2013,PAA,2013,20,20221231_NGN_LP100_INC,1_JANUARY,0.0,0,INCEPTION_YIELD,4_NO,1_YES_INCL_CALIBRATION,0,1_IF,NGN,NGN,3_RE_CEDED_NON_RETRO ,L&S-Others_PAA_Ceded,PAA_Ceded,Life_Public Scheme_QS_PAA_P,0.0,0.0
NI02PPUBLQS2014,PAA,2014,20,20221231_NGN_LP100_INC,1_JANUARY,0.0,0,INCEPTION_YIELD,4_NO,1_YES_INCL_CALIBRATION,0,1_IF,NGN,NGN,3_RE_CEDED_NON_RETRO ,L&S-Others_PAA_Ceded,PAA_Ceded,Life_Public Scheme_QS_PAA_P,0.0,0.0
NI02PPUBLQS2015,PAA,2015,20,20221231_NGN_LP100_INC,1_JANUARY,0.0,0,INCEPTION_YIELD,4_NO,1_YES_INCL_CALIBRATION,0,1_IF,NGN,NGN,3_RE_CEDED_NON_RETRO ,L&S-Others_PAA_Ceded,PAA_Ceded,Life_Public Scheme_QS_PAA_P,0.0,0.0
NI02PPUBLQS2016,PAA,2016,20,20221231_NGN_LP100_INC,1_JANUARY,0.0,0,INCEPTION_YIELD,4_NO,1_YES_INCL_CALIBRATION,0,1_IF,NGN,NGN,3_RE_CEDED_NON_RETRO ,L&S-Others_PAA_Ceded,PAA_Ceded,Life_Public Scheme_QS_PAA_P,0.0,0.0
NI02PPUBLQS2017,PAA,2017,20,20171231_NGN_LP100_AVG,1_JANUARY,0.0,0,INCEPTION_YIELD,4_NO,1_YES_INCL_CALIBRATION,0,1_IF,NGN,NGN,3_RE_CEDED_NON_RETRO ,L&S-Others_PAA_Ceded,PAA_Ceded,Life_Public Scheme_QS_PAA_P,0.0,0.0
NI02PPUBLQS2018,PAA,2018,20,20181231_NGN_LP100_AVG,1_JANUARY,0.0,0,INCEPTION_YIELD,4_NO,1_YES_INCL_CALIBRATION,72,1_IF,NGN,NGN,3_RE_CEDED_NON_RETRO ,L&S-Others_PAA_Ceded,PAA_Ceded,Life_Public Scheme_QS_PAA_P,0.0,0.0
NI02PPUBLQS2019,PAA,2019,20,20191231_NGN_LP100_AVG,1_JANUARY,0.0,0,INCEPTION_YIELD,4_NO,1_YES_INCL_CALIBRATION,60,1_IF,NGN,NGN,3_RE_CEDED_NON_RETRO ,L&S-Others_PAA_Ceded,PAA_Ceded,Life_Public Scheme_QS_PAA_P,0.0,0.0
NI02PPUBLQS2020,PAA,2020,20,20201231_NGN_LP100_AVG,1_JANUARY,0.0,0,INCEPTION_YIELD,4_NO,1_YES_INCL_CALIBRATION,48,1_IF,NGN,NGN,3_RE_CEDED_NON_RETRO ,L&S-Others_PAA_Ceded,PAA_Ceded,Life_Public Scheme_QS_PAA_P,0.0,0.0
NI02PPUBLQS2021,PAA,2021,20,20211231_NGN_LP100_AVG,1_JANUARY,0.0,0,INCEPTION_YIELD,4_NO,1_YES_INCL_CALIBRATION,36,1_IF,NGN,NGN,3_RE_CEDED_NON_RETRO ,L&S-Others_PAA_Ceded,PAA_Ceded,Life_Public Scheme_QS_PAA_P,0.0,0.0
NI02PPUBLQS2022,PAA,2022,20,20221231_NGN_LP100_AVG,1_JANUARY,0.0,0,INCEPTION_YIELD,4_NO,1_YES_INCL_CALIBRATION,24,1_IF,NGN,NGN,3_RE_CEDED_NON_RETRO ,L&S-Others_PAA_Ceded,PAA_Ceded,Life_Public Scheme_QS_PAA_P,0.0,0.0
NI02PPUBLQS2023,PAA,2023,20,20231231_NGN_LP100_AVG,1_JANUARY,0.0,0,INCEPTION_YIELD,4_NO,1_YES_INCL_CALIBRATION,12,1_IF,NGN,NGN,3_RE_CEDED_NON_RETRO ,L&S-Others_PAA_Ceded,PAA_Ceded,Life_Public Scheme_QS_PAA_P,0.0,0.0
NI02PPUBLQS2024,PAA,2024,20,20241231_NGN_LP100_AVG,1_JANUARY,0.0,0,INCEPTION_YIELD,4_NO,1_YES_INCL_CALIBRATION,0,1_IF,NGN,NGN,3_RE_CEDED_NON_RETRO ,L&S-Others_PAA_Ceded,PAA_Ceded,Life_Public Scheme_QS_PAA_P,0.0,0.0
NI02PPUBLQS2025,PAA,2025,20,20250630_NGN_LP100_AVG,07_JULY,0.0,0,INCEPTION_YIELD,4_NO,1_YES_INCL_CALIBRATION,0,1_IF,NGN,NGN,3_RE_CEDED_NON_RETRO ,L&S-Others_PAA_Ceded,PAA_Ceded,Life_Public Scheme_QS_PAA_P,0.0,0.0
