GOC_SEG_ID,GOC_ID,SEG_ID,ALLOCATION_RATIO
NI03PMTORPI2014_02_P&C,NI03PMTORPI2014,02_P&C,1
NI03PMTORPI2015_02_P&C,NI03PMTORPI2015,02_P&C,1
NI03PMTORPI2016_02_P&C,NI03PMTORPI2016,02_P&C,1
NI03PMTORPI2017_02_P&C,NI03PMTORPI2017,02_P&C,1
NI03PMTORPI2018_02_P&C,NI03PMTORPI2018,02_P&C,1
NI03PMTORPI2019_02_P&C,NI03PMTORPI2019,02_P&C,1
NI03PMTORPI2020_02_P&C,NI03PMTORPI2020,02_P&C,1
NI03PMTORPI2021_02_P&C,NI03PMTORPI2021,02_P&C,1
NI03PMTORPI2022_02_P&C,NI03PMTORPI2022,02_P&C,1
NI03PMTORPI2023_02_P&C,NI03PMTORPI2023,02_P&C,1
NI03PMTORPI2024_02_P&C,NI03PMTORPI2024,02_P&C,1
NI03PMTORPI2025_02_P&C,NI03PMTORPI2025,02_P&C,1
NI03PMTORPI2026_02_P&C,NI03PMTORPI2026,02_P&C,1
NI03PMCGOCI2014_02_P&C,NI03PMCGOCI2014,02_P&C,1
NI03PMCGOCI2015_02_P&C,NI03PMCGOCI2015,02_P&C,1
NI03PMCGOCI2016_02_P&C,NI03PMCGOCI2016,02_P&C,1
NI03PMCGOCI2017_02_P&C,NI03PMCGOCI2017,02_P&C,1
NI03PMCGOCI2018_02_P&C,NI03PMCGOCI2018,02_P&C,1
NI03PMCGOCI2019_02_P&C,NI03PMCGOCI2019,02_P&C,1
NI03PMCGOCI2020_02_P&C,NI03PMCGOCI2020,02_P&C,1
NI03PMCGOCI2021_02_P&C,NI03PMCGOCI2021,02_P&C,1
NI03PMCGOCI2022_02_P&C,NI03PMCGOCI2022,02_P&C,1
NI03PMCGOCI2023_02_P&C,NI03PMCGOCI2023,02_P&C,1
NI03PMCGOCI2024_02_P&C,NI03PMCGOCI2024,02_P&C,1
NI03PMCGOCI2025_02_P&C,NI03PMCGOCI2025,02_P&C,1
NI03PMCGOCI2026_02_P&C,NI03PMCGOCI2026,02_P&C,1
NI03PMHHLCI2014_02_P&C,NI03PMHHLCI2014,02_P&C,1
NI03PMHHLCI2015_02_P&C,NI03PMHHLCI2015,02_P&C,1
NI03PMHHLCI2016_02_P&C,NI03PMHHLCI2016,02_P&C,1
NI03PMHHLCI2017_02_P&C,NI03PMHHLCI2017,02_P&C,1
NI03PMHHLCI2018_02_P&C,NI03PMHHLCI2018,02_P&C,1
NI03PMHHLCI2019_02_P&C,NI03PMHHLCI2019,02_P&C,1
NI03PMHHLCI2020_02_P&C,NI03PMHHLCI2020,02_P&C,1
NI03PMHHLCI2021_02_P&C,NI03PMHHLCI2021,02_P&C,1
NI03PMHHLCI2022_02_P&C,NI03PMHHLCI2022,02_P&C,1
NI03PMHHLCI2023_02_P&C,NI03PMHHLCI2023,02_P&C,1
NI03PMHHLCI2024_02_P&C,NI03PMHHLCI2024,02_P&C,1
NI03PMHHLCI2025_02_P&C,NI03PMHHLCI2025,02_P&C,1
NI03PMHHLCI2026_02_P&C,NI03PMHHLCI2026,02_P&C,1
NI03PMTORCI2014_02_P&C,NI03PMTORCI2014,02_P&C,1
NI03PMTORCI2015_02_P&C,NI03PMTORCI2015,02_P&C,1
NI03PMTORCI2016_02_P&C,NI03PMTORCI2016,02_P&C,1
NI03PMTORCI2017_02_P&C,NI03PMTORCI2017,02_P&C,1
NI03PMTORCI2018_02_P&C,NI03PMTORCI2018,02_P&C,1
NI03PMTORCI2019_02_P&C,NI03PMTORCI2019,02_P&C,1
NI03PMTORCI2020_02_P&C,NI03PMTORCI2020,02_P&C,1
NI03PMTORCI2021_02_P&C,NI03PMTORCI2021,02_P&C,1
NI03PMTORCI2022_02_P&C,NI03PMTORCI2022,02_P&C,1
NI03PMTORCI2023_02_P&C,NI03PMTORCI2023,02_P&C,1
NI03PMTORCI2024_02_P&C,NI03PMTORCI2024,02_P&C,1
NI03PMTORCI2025_02_P&C,NI03PMTORCI2025,02_P&C,1
NI03PMTORCI2026_02_P&C,NI03PMTORCI2026,02_P&C,1
NI03PFXAGCI2014_02_P&C,NI03PFXAGCI2014,02_P&C,1
NI03PFXAGCI2015_02_P&C,NI03PFXAGCI2015,02_P&C,1
NI03PFXAGCI2016_02_P&C,NI03PFXAGCI2016,02_P&C,1
NI03PFXAGCI2017_02_P&C,NI03PFXAGCI2017,02_P&C,1
NI03PFXAGCI2018_02_P&C,NI03PFXAGCI2018,02_P&C,1
NI03PFXAGCI2019_02_P&C,NI03PFXAGCI2019,02_P&C,1
NI03PFXAGCI2020_02_P&C,NI03PFXAGCI2020,02_P&C,1
NI03PFXAGCI2021_02_P&C,NI03PFXAGCI2021,02_P&C,1
NI03PFXAGCI2022_02_P&C,NI03PFXAGCI2022,02_P&C,1
NI03PFXAGCI2023_02_P&C,NI03PFXAGCI2023,02_P&C,1
NI03PFXAGCI2024_02_P&C,NI03PFXAGCI2024,02_P&C,1
NI03PFXAGCI2025_02_P&C,NI03PFXAGCI2025,02_P&C,1
NI03PFXAGCI2026_02_P&C,NI03PFXAGCI2026,02_P&C,1
NI03PGAACCI2014_02_P&C,NI03PGAACCI2014,02_P&C,1
NI03PGAACCI2015_02_P&C,NI03PGAACCI2015,02_P&C,1
NI03PGAACCI2016_02_P&C,NI03PGAACCI2016,02_P&C,1
NI03PGAACCI2017_02_P&C,NI03PGAACCI2017,02_P&C,1
NI03PGAACCI2018_02_P&C,NI03PGAACCI2018,02_P&C,1
NI03PGAACCI2019_02_P&C,NI03PGAACCI2019,02_P&C,1
NI03PGAACCI2020_02_P&C,NI03PGAACCI2020,02_P&C,1
NI03PGAACCI2021_02_P&C,NI03PGAACCI2021,02_P&C,1
NI03PGAACCI2022_02_P&C,NI03PGAACCI2022,02_P&C,1
NI03PGAACCI2023_02_P&C,NI03PGAACCI2023,02_P&C,1
NI03PGAACCI2024_02_P&C,NI03PGAACCI2024,02_P&C,1
NI03PGAACCI2025_02_P&C,NI03PGAACCI2025,02_P&C,1
NI03PGAACCI2026_02_P&C,NI03PGAACCI2026,02_P&C,1
NI03PGAACPI2014_02_P&C,NI03PGAACPI2014,02_P&C,1
NI03PGAACPI2015_02_P&C,NI03PGAACPI2015,02_P&C,1
NI03PGAACPI2016_02_P&C,NI03PGAACPI2016,02_P&C,1
NI03PGAACPI2017_02_P&C,NI03PGAACPI2017,02_P&C,1
NI03PGAACPI2018_02_P&C,NI03PGAACPI2018,02_P&C,1
NI03PGAACPI2019_02_P&C,NI03PGAACPI2019,02_P&C,1
NI03PGAACPI2020_02_P&C,NI03PGAACPI2020,02_P&C,1
NI03PGAACPI2021_02_P&C,NI03PGAACPI2021,02_P&C,1
NI03PGAACPI2022_02_P&C,NI03PGAACPI2022,02_P&C,1
NI03PGAACPI2023_02_P&C,NI03PGAACPI2023,02_P&C,1
NI03PGAACPI2024_02_P&C,NI03PGAACPI2024,02_P&C,1
NI03PGAACPI2025_02_P&C,NI03PGAACPI2025,02_P&C,1
NI03PGAACPI2026_02_P&C,NI03PGAACPI2026,02_P&C,1
NI03PEGNRCI2014_02_P&C,NI03PEGNRCI2014,02_P&C,1
NI03PEGNRCI2015_02_P&C,NI03PEGNRCI2015,02_P&C,1
NI03PEGNRCI2016_02_P&C,NI03PEGNRCI2016,02_P&C,1
NI03PEGNRCI2017_02_P&C,NI03PEGNRCI2017,02_P&C,1
NI03PEGNRCI2018_02_P&C,NI03PEGNRCI2018,02_P&C,1
NI03PEGNRCI2019_02_P&C,NI03PEGNRCI2019,02_P&C,1
NI03PEGNRCI2020_02_P&C,NI03PEGNRCI2020,02_P&C,1
NI03PEGNRCI2021_02_P&C,NI03PEGNRCI2021,02_P&C,1
NI03PEGNRCI2022_02_P&C,NI03PEGNRCI2022,02_P&C,1
NI03PEGNRCI2023_02_P&C,NI03PEGNRCI2023,02_P&C,1
NI03PEGNRCI2024_02_P&C,NI03PEGNRCI2024,02_P&C,1
NI03PEGNRCI2025_02_P&C,NI03PEGNRCI2025,02_P&C,1
NI03PEGNRCI2026_02_P&C,NI03PEGNRCI2026,02_P&C,1
NI03PFIRECI2014_02_P&C,NI03PFIRECI2014,02_P&C,1
NI03PFIRECI2015_02_P&C,NI03PFIRECI2015,02_P&C,1
NI03PFIRECI2016_02_P&C,NI03PFIRECI2016,02_P&C,1
NI03PFIRECI2017_02_P&C,NI03PFIRECI2017,02_P&C,1
NI03PFIRECI2018_02_P&C,NI03PFIRECI2018,02_P&C,1
NI03PFIRECI2019_02_P&C,NI03PFIRECI2019,02_P&C,1
NI03PFIRECI2020_02_P&C,NI03PFIRECI2020,02_P&C,1
NI03PFIRECI2021_02_P&C,NI03PFIRECI2021,02_P&C,1
NI03PFIRECI2022_02_P&C,NI03PFIRECI2022,02_P&C,1
NI03PFIRECI2023_02_P&C,NI03PFIRECI2023,02_P&C,1
NI03PFIRECI2024_02_P&C,NI03PFIRECI2024,02_P&C,1
NI03PFIRECI2025_02_P&C,NI03PFIRECI2025,02_P&C,1
NI03PFIRECI2026_02_P&C,NI03PFIRECI2026,02_P&C,1
NI03PFIREPI2014_02_P&C,NI03PFIREPI2014,02_P&C,1
NI03PFIREPI2015_02_P&C,NI03PFIREPI2015,02_P&C,1
NI03PFIREPI2016_02_P&C,NI03PFIREPI2016,02_P&C,1
NI03PFIREPI2017_02_P&C,NI03PFIREPI2017,02_P&C,1
NI03PFIREPI2018_02_P&C,NI03PFIREPI2018,02_P&C,1
NI03PFIREPI2019_02_P&C,NI03PFIREPI2019,02_P&C,1
NI03PFIREPI2020_02_P&C,NI03PFIREPI2020,02_P&C,1
NI03PFIREPI2021_02_P&C,NI03PFIREPI2021,02_P&C,1
NI03PFIREPI2022_02_P&C,NI03PFIREPI2022,02_P&C,1
NI03PFIREPI2023_02_P&C,NI03PFIREPI2023,02_P&C,1
NI03PFIREPI2024_02_P&C,NI03PFIREPI2024,02_P&C,1
NI03PFIREPI2025_02_P&C,NI03PFIREPI2025,02_P&C,1
NI03PFIREPI2026_02_P&C,NI03PFIREPI2026,02_P&C,1
NI03PAVTNCI2014_02_P&C,NI03PAVTNCI2014,02_P&C,1
NI03PAVTNCI2015_02_P&C,NI03PAVTNCI2015,02_P&C,1
NI03PAVTNCI2016_02_P&C,NI03PAVTNCI2016,02_P&C,1
NI03PAVTNCI2017_02_P&C,NI03PAVTNCI2017,02_P&C,1
NI03PAVTNCI2018_02_P&C,NI03PAVTNCI2018,02_P&C,1
NI03PAVTNCI2019_02_P&C,NI03PAVTNCI2019,02_P&C,1
NI03PAVTNCI2020_02_P&C,NI03PAVTNCI2020,02_P&C,1
NI03PAVTNCI2021_02_P&C,NI03PAVTNCI2021,02_P&C,1
NI03PAVTNCI2022_02_P&C,NI03PAVTNCI2022,02_P&C,1
NI03PAVTNCI2023_02_P&C,NI03PAVTNCI2023,02_P&C,1
NI03PAVTNCI2024_02_P&C,NI03PAVTNCI2024,02_P&C,1
NI03PAVTNCI2025_02_P&C,NI03PAVTNCI2025,02_P&C,1
NI03PAVTNCI2026_02_P&C,NI03PAVTNCI2026,02_P&C,1
NI03PENGYCI2014_02_P&C,NI03PENGYCI2014,02_P&C,1
NI03PENGYCI2015_02_P&C,NI03PENGYCI2015,02_P&C,1
NI03PENGYCI2016_02_P&C,NI03PENGYCI2016,02_P&C,1
NI03PENGYCI2017_02_P&C,NI03PENGYCI2017,02_P&C,1
NI03PENGYCI2018_02_P&C,NI03PENGYCI2018,02_P&C,1
NI03PENGYCI2019_02_P&C,NI03PENGYCI2019,02_P&C,1
NI03PENGYCI2020_02_P&C,NI03PENGYCI2020,02_P&C,1
NI03PENGYCI2021_02_P&C,NI03PENGYCI2021,02_P&C,1
NI03PENGYCI2022_02_P&C,NI03PENGYCI2022,02_P&C,1
NI03PENGYCI2023_02_P&C,NI03PENGYCI2023,02_P&C,1
NI03PENGYCI2024_02_P&C,NI03PENGYCI2024,02_P&C,1
NI03PENGYCI2025_02_P&C,NI03PENGYCI2025,02_P&C,1
NI03PENGYCI2026_02_P&C,NI03PENGYCI2026,02_P&C,1
NI03PMTCIXL2014_02_P&C,NI03PMTCIXL2014,02_P&C,1
NI03PMTCIXL2015_02_P&C,NI03PMTCIXL2015,02_P&C,1
NI03PMTCIXL2016_02_P&C,NI03PMTCIXL2016,02_P&C,1
NI03PMTCIXL2017_02_P&C,NI03PMTCIXL2017,02_P&C,1
NI03PMTCIXL2018_02_P&C,NI03PMTCIXL2018,02_P&C,1
NI03PMTCIXL2019_02_P&C,NI03PMTCIXL2019,02_P&C,1
NI03PMTCIXL2020_02_P&C,NI03PMTCIXL2020,02_P&C,1
NI03PMTCIXL2021_02_P&C,NI03PMTCIXL2021,02_P&C,1
NI03PMTCIXL2022_02_P&C,NI03PMTCIXL2022,02_P&C,1
NI03PMTCIXL2023_02_P&C,NI03PMTCIXL2023,02_P&C,1
NI03PMTCIXL2024_02_P&C,NI03PMTCIXL2024,02_P&C,1
NI03PMTCIXL2025_02_P&C,NI03PMTCIXL2025,02_P&C,1
NI03PMTCIXL2026_02_P&C,NI03PMTCIXL2026,02_P&C,1
NI03PMTPIXL2014_02_P&C,NI03PMTPIXL2014,02_P&C,1
NI03PMTPIXL2015_02_P&C,NI03PMTPIXL2015,02_P&C,1
NI03PMTPIXL2016_02_P&C,NI03PMTPIXL2016,02_P&C,1
NI03PMTPIXL2017_02_P&C,NI03PMTPIXL2017,02_P&C,1
NI03PMTPIXL2018_02_P&C,NI03PMTPIXL2018,02_P&C,1
NI03PMTPIXL2019_02_P&C,NI03PMTPIXL2019,02_P&C,1
NI03PMTPIXL2020_02_P&C,NI03PMTPIXL2020,02_P&C,1
NI03PMTPIXL2021_02_P&C,NI03PMTPIXL2021,02_P&C,1
NI03PMTPIXL2022_02_P&C,NI03PMTPIXL2022,02_P&C,1
NI03PMTPIXL2023_02_P&C,NI03PMTPIXL2023,02_P&C,1
NI03PMTPIXL2024_02_P&C,NI03PMTPIXL2024,02_P&C,1
NI03PMTPIXL2025_02_P&C,NI03PMTPIXL2025,02_P&C,1
NI03PMTPIXL2026_02_P&C,NI03PMTPIXL2026,02_P&C,1
NI03PGAPIPF2014_02_P&C,NI03PGAPIPF2014,02_P&C,1
NI03PGAPIPF2015_02_P&C,NI03PGAPIPF2015,02_P&C,1
NI03PGAPIPF2016_02_P&C,NI03PGAPIPF2016,02_P&C,1
NI03PGAPIPF2017_02_P&C,NI03PGAPIPF2017,02_P&C,1
NI03PGAPIPF2018_02_P&C,NI03PGAPIPF2018,02_P&C,1
NI03PGAPIPF2019_02_P&C,NI03PGAPIPF2019,02_P&C,1
NI03PGAPIPF2020_02_P&C,NI03PGAPIPF2020,02_P&C,1
NI03PGAPIPF2021_02_P&C,NI03PGAPIPF2021,02_P&C,1
NI03PGAPIPF2022_02_P&C,NI03PGAPIPF2022,02_P&C,1
NI03PGAPIPF2023_02_P&C,NI03PGAPIPF2023,02_P&C,1
NI03PGAPIPF2024_02_P&C,NI03PGAPIPF2024,02_P&C,1
NI03PGAPIPF2025_02_P&C,NI03PGAPIPF2025,02_P&C,1
NI03PGAPIPF2026_02_P&C,NI03PGAPIPF2026,02_P&C,1
NI03PGAPIXL2014_02_P&C,NI03PGAPIXL2014,02_P&C,1
NI03PGAPIXL2015_02_P&C,NI03PGAPIXL2015,02_P&C,1
NI03PGAPIXL2016_02_P&C,NI03PGAPIXL2016,02_P&C,1
NI03PGAPIXL2017_02_P&C,NI03PGAPIXL2017,02_P&C,1
NI03PGAPIXL2018_02_P&C,NI03PGAPIXL2018,02_P&C,1
NI03PGAPIXL2019_02_P&C,NI03PGAPIXL2019,02_P&C,1
NI03PGAPIXL2020_02_P&C,NI03PGAPIXL2020,02_P&C,1
NI03PGAPIXL2021_02_P&C,NI03PGAPIXL2021,02_P&C,1
NI03PGAPIXL2022_02_P&C,NI03PGAPIXL2022,02_P&C,1
NI03PGAPIXL2023_02_P&C,NI03PGAPIXL2023,02_P&C,1
NI03PGAPIXL2024_02_P&C,NI03PGAPIXL2024,02_P&C,1
NI03PGAPIXL2025_02_P&C,NI03PGAPIXL2025,02_P&C,1
NI03PGAPIXL2026_02_P&C,NI03PGAPIXL2026,02_P&C,1
NI03PMCGOST2014_02_P&C,NI03PMCGOST2014,02_P&C,1
NI03PMCGOST2015_02_P&C,NI03PMCGOST2015,02_P&C,1
NI03PMCGOST2016_02_P&C,NI03PMCGOST2016,02_P&C,1
NI03PMCGOST2017_02_P&C,NI03PMCGOST2017,02_P&C,1
NI03PMCGOST2018_02_P&C,NI03PMCGOST2018,02_P&C,1
NI03PMCGOST2019_02_P&C,NI03PMCGOST2019,02_P&C,1
NI03PMCGOST2020_02_P&C,NI03PMCGOST2020,02_P&C,1
NI03PMCGOST2021_02_P&C,NI03PMCGOST2021,02_P&C,1
NI03PMCGOST2022_02_P&C,NI03PMCGOST2022,02_P&C,1
NI03PMCGOST2023_02_P&C,NI03PMCGOST2023,02_P&C,1
NI03PMCGOST2024_02_P&C,NI03PMCGOST2024,02_P&C,1
NI03PMCGOST2025_02_P&C,NI03PMCGOST2025,02_P&C,1
NI03PMCGOST2026_02_P&C,NI03PMCGOST2026,02_P&C,1
NI03PMHHLST2014_02_P&C,NI03PMHHLST2014,02_P&C,1
NI03PMHHLST2015_02_P&C,NI03PMHHLST2015,02_P&C,1
NI03PMHHLST2016_02_P&C,NI03PMHHLST2016,02_P&C,1
NI03PMHHLST2017_02_P&C,NI03PMHHLST2017,02_P&C,1
NI03PMHHLST2018_02_P&C,NI03PMHHLST2018,02_P&C,1
NI03PMHHLST2019_02_P&C,NI03PMHHLST2019,02_P&C,1
NI03PMHHLST2020_02_P&C,NI03PMHHLST2020,02_P&C,1
NI03PMHHLST2021_02_P&C,NI03PMHHLST2021,02_P&C,1
NI03PMHHLST2022_02_P&C,NI03PMHHLST2022,02_P&C,1
NI03PMHHLST2023_02_P&C,NI03PMHHLST2023,02_P&C,1
NI03PMHHLST2024_02_P&C,NI03PMHHLST2024,02_P&C,1
NI03PMHHLST2025_02_P&C,NI03PMHHLST2025,02_P&C,1
NI03PMHHLST2026_02_P&C,NI03PMHHLST2026,02_P&C,1
NI03PFXARCI2014_02_P&C,NI03PFXARCI2014,02_P&C,1
NI03PFXARCI2015_02_P&C,NI03PFXARCI2015,02_P&C,1
NI03PFXARCI2016_02_P&C,NI03PFXARCI2016,02_P&C,1
NI03PFXARCI2017_02_P&C,NI03PFXARCI2017,02_P&C,1
NI03PFXARCI2018_02_P&C,NI03PFXARCI2018,02_P&C,1
NI03PFXARCI2019_02_P&C,NI03PFXARCI2019,02_P&C,1
NI03PFXARCI2020_02_P&C,NI03PFXARCI2020,02_P&C,1
NI03PFXARCI2021_02_P&C,NI03PFXARCI2021,02_P&C,1
NI03PFXARCI2022_02_P&C,NI03PFXARCI2022,02_P&C,1
NI03PFXARCI2023_02_P&C,NI03PFXARCI2023,02_P&C,1
NI03PFXARCI2024_02_P&C,NI03PFXARCI2024,02_P&C,1
NI03PFXARCI2025_02_P&C,NI03PFXARCI2025,02_P&C,1
NI03PFXARCI2026_02_P&C,NI03PFXARCI2026,02_P&C,1
NI03PGACIPF2014_02_P&C,NI03PGACIPF2014,02_P&C,1
NI03PGACIPF2015_02_P&C,NI03PGACIPF2015,02_P&C,1
NI03PGACIPF2016_02_P&C,NI03PGACIPF2016,02_P&C,1
NI03PGACIPF2017_02_P&C,NI03PGACIPF2017,02_P&C,1
NI03PGACIPF2018_02_P&C,NI03PGACIPF2018,02_P&C,1
NI03PGACIPF2019_02_P&C,NI03PGACIPF2019,02_P&C,1
NI03PGACIPF2020_02_P&C,NI03PGACIPF2020,02_P&C,1
NI03PGACIPF2021_02_P&C,NI03PGACIPF2021,02_P&C,1
NI03PGACIPF2022_02_P&C,NI03PGACIPF2022,02_P&C,1
NI03PGACIPF2023_02_P&C,NI03PGACIPF2023,02_P&C,1
NI03PGACIPF2024_02_P&C,NI03PGACIPF2024,02_P&C,1
NI03PGACIPF2025_02_P&C,NI03PGACIPF2025,02_P&C,1
NI03PGACIPF2026_02_P&C,NI03PGACIPF2026,02_P&C,1
NI03PGACIXL2014_02_P&C,NI03PGACIXL2014,02_P&C,1
NI03PGACIXL2015_02_P&C,NI03PGACIXL2015,02_P&C,1
NI03PGACIXL2016_02_P&C,NI03PGACIXL2016,02_P&C,1
NI03PGACIXL2017_02_P&C,NI03PGACIXL2017,02_P&C,1
NI03PGACIXL2018_02_P&C,NI03PGACIXL2018,02_P&C,1
NI03PGACIXL2019_02_P&C,NI03PGACIXL2019,02_P&C,1
NI03PGACIXL2020_02_P&C,NI03PGACIXL2020,02_P&C,1
NI03PGACIXL2021_02_P&C,NI03PGACIXL2021,02_P&C,1
NI03PGACIXL2022_02_P&C,NI03PGACIXL2022,02_P&C,1
NI03PGACIXL2023_02_P&C,NI03PGACIXL2023,02_P&C,1
NI03PGACIXL2024_02_P&C,NI03PGACIXL2024,02_P&C,1
NI03PGACIXL2025_02_P&C,NI03PGACIXL2025,02_P&C,1
NI03PGACIXL2026_02_P&C,NI03PGACIXL2026,02_P&C,1
NI03PFICIPF2014_02_P&C,NI03PFICIPF2014,02_P&C,1
NI03PFICIPF2015_02_P&C,NI03PFICIPF2015,02_P&C,1
NI03PFICIPF2016_02_P&C,NI03PFICIPF2016,02_P&C,1
NI03PFICIPF2017_02_P&C,NI03PFICIPF2017,02_P&C,1
NI03PFICIPF2018_02_P&C,NI03PFICIPF2018,02_P&C,1
NI03PFICIPF2019_02_P&C,NI03PFICIPF2019,02_P&C,1
NI03PFICIPF2020_02_P&C,NI03PFICIPF2020,02_P&C,1
NI03PFICIPF2021_02_P&C,NI03PFICIPF2021,02_P&C,1
NI03PFICIPF2022_02_P&C,NI03PFICIPF2022,02_P&C,1
NI03PFICIPF2023_02_P&C,NI03PFICIPF2023,02_P&C,1
NI03PFICIPF2024_02_P&C,NI03PFICIPF2024,02_P&C,1
NI03PFICIPF2025_02_P&C,NI03PFICIPF2025,02_P&C,1
NI03PFICIPF2026_02_P&C,NI03PFICIPF2026,02_P&C,1
NI03PFICIST2014_02_P&C,NI03PFICIST2014,02_P&C,1
NI03PFICIST2015_02_P&C,NI03PFICIST2015,02_P&C,1
NI03PFICIST2016_02_P&C,NI03PFICIST2016,02_P&C,1
NI03PFICIST2017_02_P&C,NI03PFICIST2017,02_P&C,1
NI03PFICIST2018_02_P&C,NI03PFICIST2018,02_P&C,1
NI03PFICIST2019_02_P&C,NI03PFICIST2019,02_P&C,1
NI03PFICIST2020_02_P&C,NI03PFICIST2020,02_P&C,1
NI03PFICIST2021_02_P&C,NI03PFICIST2021,02_P&C,1
NI03PFICIST2022_02_P&C,NI03PFICIST2022,02_P&C,1
NI03PFICIST2023_02_P&C,NI03PFICIST2023,02_P&C,1
NI03PFICIST2024_02_P&C,NI03PFICIST2024,02_P&C,1
NI03PFICIST2025_02_P&C,NI03PFICIST2025,02_P&C,1
NI03PFICIST2026_02_P&C,NI03PFICIST2026,02_P&C,1
NI03PFIPIPF2014_02_P&C,NI03PFIPIPF2014,02_P&C,1
NI03PFIPIPF2015_02_P&C,NI03PFIPIPF2015,02_P&C,1
NI03PFIPIPF2016_02_P&C,NI03PFIPIPF2016,02_P&C,1
NI03PFIPIPF2017_02_P&C,NI03PFIPIPF2017,02_P&C,1
NI03PFIPIPF2018_02_P&C,NI03PFIPIPF2018,02_P&C,1
NI03PFIPIPF2019_02_P&C,NI03PFIPIPF2019,02_P&C,1
NI03PFIPIPF2020_02_P&C,NI03PFIPIPF2020,02_P&C,1
NI03PFIPIPF2021_02_P&C,NI03PFIPIPF2021,02_P&C,1
NI03PFIPIPF2022_02_P&C,NI03PFIPIPF2022,02_P&C,1
NI03PFIPIPF2023_02_P&C,NI03PFIPIPF2023,02_P&C,1
NI03PFIPIPF2024_02_P&C,NI03PFIPIPF2024,02_P&C,1
NI03PFIPIPF2025_02_P&C,NI03PFIPIPF2025,02_P&C,1
NI03PFIPIPF2026_02_P&C,NI03PFIPIPF2026,02_P&C,1
NI03PFIPIST2014_02_P&C,NI03PFIPIST2014,02_P&C,1
NI03PFIPIST2015_02_P&C,NI03PFIPIST2015,02_P&C,1
NI03PFIPIST2016_02_P&C,NI03PFIPIST2016,02_P&C,1
NI03PFIPIST2017_02_P&C,NI03PFIPIST2017,02_P&C,1
NI03PFIPIST2018_02_P&C,NI03PFIPIST2018,02_P&C,1
NI03PFIPIST2019_02_P&C,NI03PFIPIST2019,02_P&C,1
NI03PFIPIST2020_02_P&C,NI03PFIPIST2020,02_P&C,1
NI03PFIPIST2021_02_P&C,NI03PFIPIST2021,02_P&C,1
NI03PFIPIST2022_02_P&C,NI03PFIPIST2022,02_P&C,1
NI03PFIPIST2023_02_P&C,NI03PFIPIST2023,02_P&C,1
NI03PFIPIST2024_02_P&C,NI03PFIPIST2024,02_P&C,1
NI03PFIPIST2025_02_P&C,NI03PFIPIST2025,02_P&C,1
NI03PFIPIST2026_02_P&C,NI03PFIPIST2026,02_P&C,1
NI03PENGYST2014_02_P&C,NI03PENGYST2014,02_P&C,1
NI03PENGYST2015_02_P&C,NI03PENGYST2015,02_P&C,1
NI03PENGYST2016_02_P&C,NI03PENGYST2016,02_P&C,1
NI03PENGYST2017_02_P&C,NI03PENGYST2017,02_P&C,1
NI03PENGYST2018_02_P&C,NI03PENGYST2018,02_P&C,1
NI03PENGYST2019_02_P&C,NI03PENGYST2019,02_P&C,1
NI03PENGYST2020_02_P&C,NI03PENGYST2020,02_P&C,1
NI03PENGYST2021_02_P&C,NI03PENGYST2021,02_P&C,1
NI03PENGYST2022_02_P&C,NI03PENGYST2022,02_P&C,1
NI03PENGYST2023_02_P&C,NI03PENGYST2023,02_P&C,1
NI03PENGYST2024_02_P&C,NI03PENGYST2024,02_P&C,1
NI03PENGYST2025_02_P&C,NI03PENGYST2025,02_P&C,1
NI03PENGYST2026_02_P&C,NI03PENGYST2026,02_P&C,1
NI03PEGNRPF2014_02_P&C,NI03PEGNRPF2014,02_P&C,1
NI03PEGNRPF2015_02_P&C,NI03PEGNRPF2015,02_P&C,1
NI03PEGNRPF2016_02_P&C,NI03PEGNRPF2016,02_P&C,1
NI03PEGNRPF2017_02_P&C,NI03PEGNRPF2017,02_P&C,1
NI03PEGNRPF2018_02_P&C,NI03PEGNRPF2018,02_P&C,1
NI03PEGNRPF2019_02_P&C,NI03PEGNRPF2019,02_P&C,1
NI03PEGNRPF2020_02_P&C,NI03PEGNRPF2020,02_P&C,1
NI03PEGNRPF2021_02_P&C,NI03PEGNRPF2021,02_P&C,1
NI03PEGNRPF2022_02_P&C,NI03PEGNRPF2022,02_P&C,1
NI03PEGNRPF2023_02_P&C,NI03PEGNRPF2023,02_P&C,1
NI03PEGNRPF2024_02_P&C,NI03PEGNRPF2024,02_P&C,1
NI03PEGNRPF2025_02_P&C,NI03PEGNRPF2025,02_P&C,1
NI03PEGNRPF2026_02_P&C,NI03PEGNRPF2026,02_P&C,1
NI03PEGNRST2014_02_P&C,NI03PEGNRST2014,02_P&C,1
NI03PEGNRST2015_02_P&C,NI03PEGNRST2015,02_P&C,1
NI03PEGNRST2016_02_P&C,NI03PEGNRST2016,02_P&C,1
NI03PEGNRST2017_02_P&C,NI03PEGNRST2017,02_P&C,1
NI03PEGNRST2018_02_P&C,NI03PEGNRST2018,02_P&C,1
NI03PEGNRST2019_02_P&C,NI03PEGNRST2019,02_P&C,1
NI03PEGNRST2020_02_P&C,NI03PEGNRST2020,02_P&C,1
NI03PEGNRST2021_02_P&C,NI03PEGNRST2021,02_P&C,1
NI03PEGNRST2022_02_P&C,NI03PEGNRST2022,02_P&C,1
NI03PEGNRST2023_02_P&C,NI03PEGNRST2023,02_P&C,1
NI03PEGNRST2024_02_P&C,NI03PEGNRST2024,02_P&C,1
NI03PEGNRST2025_02_P&C,NI03PEGNRST2025,02_P&C,1
NI03PEGNRST2026_02_P&C,NI03PEGNRST2026,02_P&C,1
NI03PAVTNPF2014_02_P&C,NI03PAVTNPF2014,02_P&C,1
NI03PAVTNPF2015_02_P&C,NI03PAVTNPF2015,02_P&C,1
NI03PAVTNPF2016_02_P&C,NI03PAVTNPF2016,02_P&C,1
NI03PAVTNPF2017_02_P&C,NI03PAVTNPF2017,02_P&C,1
NI03PAVTNPF2018_02_P&C,NI03PAVTNPF2018,02_P&C,1
NI03PAVTNPF2019_02_P&C,NI03PAVTNPF2019,02_P&C,1
NI03PAVTNPF2020_02_P&C,NI03PAVTNPF2020,02_P&C,1
NI03PAVTNPF2021_02_P&C,NI03PAVTNPF2021,02_P&C,1
NI03PAVTNPF2022_02_P&C,NI03PAVTNPF2022,02_P&C,1
NI03PAVTNPF2023_02_P&C,NI03PAVTNPF2023,02_P&C,1
NI03PAVTNPF2024_02_P&C,NI03PAVTNPF2024,02_P&C,1
NI03PAVTNPF2025_02_P&C,NI03PAVTNPF2025,02_P&C,1
NI03PAVTNPF2026_02_P&C,NI03PAVTNPF2026,02_P&C,1
NI03PENGYPF2014_02_P&C,NI03PENGYPF2014,02_P&C,1
NI03PENGYPF2015_02_P&C,NI03PENGYPF2015,02_P&C,1
NI03PENGYPF2016_02_P&C,NI03PENGYPF2016,02_P&C,1
NI03PENGYPF2017_02_P&C,NI03PENGYPF2017,02_P&C,1
NI03PENGYPF2018_02_P&C,NI03PENGYPF2018,02_P&C,1
NI03PENGYPF2019_02_P&C,NI03PENGYPF2019,02_P&C,1
NI03PENGYPF2020_02_P&C,NI03PENGYPF2020,02_P&C,1
NI03PENGYPF2021_02_P&C,NI03PENGYPF2021,02_P&C,1
NI03PENGYPF2022_02_P&C,NI03PENGYPF2022,02_P&C,1
NI03PENGYPF2023_02_P&C,NI03PENGYPF2023,02_P&C,1
NI03PENGYPF2024_02_P&C,NI03PENGYPF2024,02_P&C,1
NI03PENGYPF2025_02_P&C,NI03PENGYPF2025,02_P&C,1
NI03PENGYPF2026_02_P&C,NI03PENGYPF2026,02_P&C,1
