GOC_ID,MEASUREMENT_MODEL,ANNUAL_COHORT,AOM_ID,INCEPTION_CURVE_ID,TIMING_INCEPTION_CURVE,CSM_RELEASE_RATIO_CURVE_ID,SHARE_TECH_EXP_ENTITY_SHARE,OCI_OPTION,OCI_OPTION_LRC,OCI_OPTION_LIC,GOC_DURATION,GOC_TYPE_IF_NB,GOC_CURRENCY,REPORTING_CURRENCY,GOC_TYPE_REINSURANCE,AGGREG_1_ID,AGGREG_2_ID,AGGREG_3_ID,AGGREG_4_ID,AGGREG_5_ID
NI03PFXAGCI2011,PAA,2011,19,20151231_NGN_LP100_AVG,1_JANUARY,,0,INCEPTION_YIELD,4_NO,1_YES_INCL_CALIBRATION,0,1_IF,NGN,NGN,1_DIRECT,Commercial P&C - Non Motor_PAA_Direct,PAA_Direct,P&C_FX_G_CI_PAA_P,,
NI03PFXAGCI2012,PAA,2012,19,20151231_NGN_LP100_AVG,1_JANUARY,,0,INCEPTION_YIELD,4_NO,1_YES_INCL_CALIBRATION,0,1_IF,NGN,NGN,1_DIRECT,Commercial P&C - Non Motor_PAA_Direct,PAA_Direct,P&C_FX_G_CI_PAA_P,,
NI03PFXAGCI2013,PAA,2013,19,20151231_NGN_LP100_AVG,1_JANUARY,,0,INCEPTION_YIELD,4_NO,1_YES_INCL_CALIBRATION,0,1_IF,NGN,NGN,1_DIRECT,Commercial P&C - Non Motor_PAA_Direct,PAA_Direct,P&C_FX_G_CI_PAA_P,,
NI03PFXAGCI2014,PAA,2014,19,20151231_NGN_LP100_AVG,1_JANUARY,,0,INCEPTION_YIELD,4_NO,1_YES_INCL_CALIBRATION,0,1_IF,NGN,NGN,1_DIRECT,Commercial P&C - Non Motor_PAA_Direct,PAA_Direct,P&C_FX_G_CI_PAA_P,,
NI03PFXAGCI2015,PAA,2015,19,20151231_NGN_LP100_AVG,1_JANUARY,,0,INCEPTION_YIELD,4_NO,1_YES_INCL_CALIBRATION,0,1_IF,NGN,NGN,1_DIRECT,Commercial P&C - Non Motor_PAA_Direct,PAA_Direct,P&C_FX_G_CI_PAA_P,,
NI03PFXAGCI2016,PAA,2016,19,20151231_NGN_LP100_AVG,1_JANUARY,,0,INCEPTION_YIELD,4_NO,1_YES_INCL_CALIBRATION,72,1_IF,NGN,NGN,1_DIRECT,Commercial P&C - Non Motor_PAA_Direct,PAA_Direct,P&C_FX_G_CI_PAA_P,,
NI03PFXAGCI2017,PAA,2017,19,20151231_NGN_LP100_AVG,1_JANUARY,,0,INCEPTION_YIELD,4_NO,1_YES_INCL_CALIBRATION,60,1_IF,NGN,NGN,1_DIRECT,Commercial P&C - Non Motor_PAA_Direct,PAA_Direct,P&C_FX_G_CI_PAA_P,,
NI03PFXAGCI2018,PAA,2018,19,20151231_NGN_LP100_AVG,1_JANUARY,,0,INCEPTION_YIELD,4_NO,1_YES_INCL_CALIBRATION,48,1_IF,NGN,NGN,1_DIRECT,Commercial P&C - Non Motor_PAA_Direct,PAA_Direct,P&C_FX_G_CI_PAA_P,,
NI03PFXAGCI2019,PAA,2019,19,20151231_NGN_LP100_AVG,1_JANUARY,,0,INCEPTION_YIELD,4_NO,1_YES_INCL_CALIBRATION,36,1_IF,NGN,NGN,1_DIRECT,Commercial P&C - Non Motor_PAA_Direct,PAA_Direct,P&C_FX_G_CI_PAA_P,,
NI03PFXAGCI2020,PAA,2020,19,20151231_NGN_LP100_AVG,1_JANUARY,,0,INCEPTION_YIELD,4_NO,1_YES_INCL_CALIBRATION,24,1_IF,NGN,NGN,1_DIRECT,Commercial P&C - Non Motor_PAA_Direct,PAA_Direct,P&C_FX_G_CI_PAA_P,,
NI03PFXAGCI2021,PAA,2021,19,20151231_NGN_LP100_AVG,1_JANUARY,,0,INCEPTION_YIELD,4_NO,1_YES_INCL_CALIBRATION,12,1_IF,NGN,NGN,1_DIRECT,Commercial P&C - Non Motor_PAA_Direct,PAA_Direct,P&C_FX_G_CI_PAA_P,,
NI03PFXAGCI2022,PAA,2022,19,20151231_NGN_LP100_AVG,1_JANUARY,,0,INCEPTION_YIELD,4_NO,1_YES_INCL_CALIBRATION,0,1_IF,NGN,NGN,1_DIRECT,Commercial P&C - Non Motor_PAA_Direct,PAA_Direct,P&C_FX_G_CI_PAA_P,,
NI03PFXAGCI2023,PAA,2023,19,20151231_NGN_LP100_AVG,03_MARCH,,0,INCEPTION_YIELD,4_NO,1_YES_INCL_CALIBRATION,0,1_IF,NGN,NGN,1_DIRECT,Commercial P&C - Non Motor_PAA_Direct,PAA_Direct,P&C_FX_G_CI_PAA_P,,
NI03PGAACCI2011,PAA,2011,19,20221231_NGN_LP100_INC,1_JANUARY,,0,INCEPTION_YIELD,4_NO,1_YES_INCL_CALIBRATION,0,1_IF,NGN,NGN,1_DIRECT,Commercial P&C - Non Motor_PAA_Direct,PAA_Direct,P&C_GA CI_PAA_P,,
NI03PGAACCI2012,PAA,2012,19,20221231_NGN_LP100_INC,1_JANUARY,,0,INCEPTION_YIELD,4_NO,1_YES_INCL_CALIBRATION,0,1_IF,NGN,NGN,1_DIRECT,Commercial P&C - Non Motor_PAA_Direct,PAA_Direct,P&C_GA CI_PAA_P,,
NI03PGAACCI2013,PAA,2013,19,20221231_NGN_LP100_INC,1_JANUARY,,0,INCEPTION_YIELD,4_NO,1_YES_INCL_CALIBRATION,0,1_IF,NGN,NGN,1_DIRECT,Commercial P&C - Non Motor_PAA_Direct,PAA_Direct,P&C_GA CI_PAA_P,,
NI03PGAACCI2014,PAA,2014,19,20221231_NGN_LP100_INC,1_JANUARY,,0,INCEPTION_YIELD,4_NO,1_YES_INCL_CALIBRATION,0,1_IF,NGN,NGN,1_DIRECT,Commercial P&C - Non Motor_PAA_Direct,PAA_Direct,P&C_GA CI_PAA_P,,
NI03PGAACCI2015,PAA,2015,19,20221231_NGN_LP100_INC,1_JANUARY,,0,INCEPTION_YIELD,4_NO,1_YES_INCL_CALIBRATION,0,1_IF,NGN,NGN,1_DIRECT,Commercial P&C - Non Motor_PAA_Direct,PAA_Direct,P&C_GA CI_PAA_P,,
NI03PGAACCI2016,PAA,2016,19,20161231_NGN_LP100_AVG,1_JANUARY,,0,INCEPTION_YIELD,4_NO,1_YES_INCL_CALIBRATION,72,1_IF,NGN,NGN,1_DIRECT,Commercial P&C - Non Motor_PAA_Direct,PAA_Direct,P&C_GA CI_PAA_P,,
NI03PGAACCI2017,PAA,2017,19,20171231_NGN_LP100_AVG,1_JANUARY,,0,INCEPTION_YIELD,4_NO,1_YES_INCL_CALIBRATION,60,1_IF,NGN,NGN,1_DIRECT,Commercial P&C - Non Motor_PAA_Direct,PAA_Direct,P&C_GA CI_PAA_P,,
NI03PGAACCI2018,PAA,2018,19,20181231_NGN_LP100_AVG,1_JANUARY,,0,INCEPTION_YIELD,4_NO,1_YES_INCL_CALIBRATION,48,1_IF,NGN,NGN,1_DIRECT,Commercial P&C - Non Motor_PAA_Direct,PAA_Direct,P&C_GA CI_PAA_P,,
NI03PGAACCI2019,PAA,2019,19,20191231_NGN_LP100_AVG,1_JANUARY,,0,INCEPTION_YIELD,4_NO,1_YES_INCL_CALIBRATION,36,1_IF,NGN,NGN,1_DIRECT,Commercial P&C - Non Motor_PAA_Direct,PAA_Direct,P&C_GA CI_PAA_P,,
NI03PGAACCI2020,PAA,2020,19,20201231_NGN_LP100_AVG,1_JANUARY,,0,INCEPTION_YIELD,4_NO,1_YES_INCL_CALIBRATION,24,1_IF,NGN,NGN,1_DIRECT,Commercial P&C - Non Motor_PAA_Direct,PAA_Direct,P&C_GA CI_PAA_P,,
NI03PGAACCI2021,PAA,2021,19,20211231_NGN_LP100_AVG,1_JANUARY,,0,INCEPTION_YIELD,4_NO,1_YES_INCL_CALIBRATION,12,1_IF,NGN,NGN,1_DIRECT,Commercial P&C - Non Motor_PAA_Direct,PAA_Direct,P&C_GA CI_PAA_P,,
NI03PGAACCI2022,PAA,2022,19,20221231_NGN_LP100_AVG,1_JANUARY,,0,INCEPTION_YIELD,4_NO,1_YES_INCL_CALIBRATION,0,1_IF,NGN,NGN,1_DIRECT,Commercial P&C - Non Motor_PAA_Direct,PAA_Direct,P&C_GA CI_PAA_P,,
NI03PGAACCI2023,PAA,2023,19,20230630_NGN_LP100_AVG,07_JULY,,0,INCEPTION_YIELD,4_NO,1_YES_INCL_CALIBRATION,0,1_IF,NGN,NGN,1_DIRECT,Commercial P&C - Non Motor_PAA_Direct,PAA_Direct,P&C_GA CI_PAA_P,,
NI03PMTORCI2011,PAA,2011,19,20221231_NGN_LP100_INC,1_JANUARY,,0,INCEPTION_YIELD,4_NO,1_YES_INCL_CALIBRATION,0,1_IF,NGN,NGN,1_DIRECT,Commercial P&C - Motor_PAA_Direct,PAA_Direct,P&C_Motor_CI_PAA_P,,
NI03PMTORCI2012,PAA,2012,19,20221231_NGN_LP100_INC,1_JANUARY,,0,INCEPTION_YIELD,4_NO,1_YES_INCL_CALIBRATION,0,1_IF,NGN,NGN,1_DIRECT,Commercial P&C - Motor_PAA_Direct,PAA_Direct,P&C_Motor_CI_PAA_P,,
NI03PMTORCI2013,PAA,2013,19,20221231_NGN_LP100_INC,1_JANUARY,,0,INCEPTION_YIELD,4_NO,1_YES_INCL_CALIBRATION,0,1_IF,NGN,NGN,1_DIRECT,Commercial P&C - Motor_PAA_Direct,PAA_Direct,P&C_Motor_CI_PAA_P,,
NI03PMTORCI2014,PAA,2014,19,20221231_NGN_LP100_INC,1_JANUARY,,0,INCEPTION_YIELD,4_NO,1_YES_INCL_CALIBRATION,0,1_IF,NGN,NGN,1_DIRECT,Commercial P&C - Motor_PAA_Direct,PAA_Direct,P&C_Motor_CI_PAA_P,,
NI03PMTORCI2015,PAA,2015,19,20221231_NGN_LP100_INC,1_JANUARY,,0,INCEPTION_YIELD,4_NO,1_YES_INCL_CALIBRATION,0,1_IF,NGN,NGN,1_DIRECT,Commercial P&C - Motor_PAA_Direct,PAA_Direct,P&C_Motor_CI_PAA_P,,
NI03PMTORCI2016,PAA,2016,19,20161231_NGN_LP100_AVG,1_JANUARY,,0,INCEPTION_YIELD,4_NO,1_YES_INCL_CALIBRATION,72,1_IF,NGN,NGN,1_DIRECT,Commercial P&C - Motor_PAA_Direct,PAA_Direct,P&C_Motor_CI_PAA_P,,
NI03PMTORCI2017,PAA,2017,19,20171231_NGN_LP100_AVG,1_JANUARY,,0,INCEPTION_YIELD,4_NO,1_YES_INCL_CALIBRATION,60,1_IF,NGN,NGN,1_DIRECT,Commercial P&C - Motor_PAA_Direct,PAA_Direct,P&C_Motor_CI_PAA_P,,
NI03PMTORCI2018,PAA,2018,19,20181231_NGN_LP100_AVG,1_JANUARY,,0,INCEPTION_YIELD,4_NO,1_YES_INCL_CALIBRATION,48,1_IF,NGN,NGN,1_DIRECT,Commercial P&C - Motor_PAA_Direct,PAA_Direct,P&C_Motor_CI_PAA_P,,
NI03PMTORCI2019,PAA,2019,19,20191231_NGN_LP100_AVG,1_JANUARY,,0,INCEPTION_YIELD,4_NO,1_YES_INCL_CALIBRATION,36,1_IF,NGN,NGN,1_DIRECT,Commercial P&C - Motor_PAA_Direct,PAA_Direct,P&C_Motor_CI_PAA_P,,
NI03PMTORCI2020,PAA,2020,19,20201231_NGN_LP100_AVG,1_JANUARY,,0,INCEPTION_YIELD,4_NO,1_YES_INCL_CALIBRATION,24,1_IF,NGN,NGN,1_DIRECT,Commercial P&C - Motor_PAA_Direct,PAA_Direct,P&C_Motor_CI_PAA_P,,
NI03PMTORCI2021,PAA,2021,19,20211231_NGN_LP100_AVG,1_JANUARY,,0,INCEPTION_YIELD,4_NO,1_YES_INCL_CALIBRATION,12,1_IF,NGN,NGN,1_DIRECT,Commercial P&C - Motor_PAA_Direct,PAA_Direct,P&C_Motor_CI_PAA_P,,
NI03PMTORCI2022,PAA,2022,19,20221231_NGN_LP100_AVG,1_JANUARY,,0,INCEPTION_YIELD,4_NO,1_YES_INCL_CALIBRATION,0,1_IF,NGN,NGN,1_DIRECT,Commercial P&C - Motor_PAA_Direct,PAA_Direct,P&C_Motor_CI_PAA_P,,
NI03PMTORCI2023,PAA,2023,19,20230630_NGN_LP100_AVG,07_JULY,,0,INCEPTION_YIELD,4_NO,1_YES_INCL_CALIBRATION,0,1_IF,NGN,NGN,1_DIRECT,Commercial P&C - Motor_PAA_Direct,PAA_Direct,P&C_Motor_CI_PAA_P,,
NI03PMTORPI2011,PAA,2011,19,20221231_NGN_LP100_INC,1_JANUARY,,0,INCEPTION_YIELD,4_NO,1_YES_INCL_CALIBRATION,0,1_IF,NGN,NGN,1_DIRECT,Personal P&C - Motor_PAA_Direct,PAA_Direct,P&C_Motor_PI_PAA_P,,
NI03PMTORPI2012,PAA,2012,19,20221231_NGN_LP100_INC,1_JANUARY,,0,INCEPTION_YIELD,4_NO,1_YES_INCL_CALIBRATION,0,1_IF,NGN,NGN,1_DIRECT,Personal P&C - Motor_PAA_Direct,PAA_Direct,P&C_Motor_PI_PAA_P,,
NI03PMTORPI2013,PAA,2013,19,20221231_NGN_LP100_INC,1_JANUARY,,0,INCEPTION_YIELD,4_NO,1_YES_INCL_CALIBRATION,0,1_IF,NGN,NGN,1_DIRECT,Personal P&C - Motor_PAA_Direct,PAA_Direct,P&C_Motor_PI_PAA_P,,
NI03PMTORPI2014,PAA,2014,19,20221231_NGN_LP100_INC,1_JANUARY,,0,INCEPTION_YIELD,4_NO,1_YES_INCL_CALIBRATION,0,1_IF,NGN,NGN,1_DIRECT,Personal P&C - Motor_PAA_Direct,PAA_Direct,P&C_Motor_PI_PAA_P,,
NI03PMTORPI2015,PAA,2015,19,20221231_NGN_LP100_INC,1_JANUARY,,0,INCEPTION_YIELD,4_NO,1_YES_INCL_CALIBRATION,0,1_IF,NGN,NGN,1_DIRECT,Personal P&C - Motor_PAA_Direct,PAA_Direct,P&C_Motor_PI_PAA_P,,
NI03PMTORPI2016,PAA,2016,19,20161231_NGN_LP100_AVG,1_JANUARY,,0,INCEPTION_YIELD,4_NO,1_YES_INCL_CALIBRATION,72,1_IF,NGN,NGN,1_DIRECT,Personal P&C - Motor_PAA_Direct,PAA_Direct,P&C_Motor_PI_PAA_P,,
NI03PMTORPI2017,PAA,2017,19,20171231_NGN_LP100_AVG,1_JANUARY,,0,INCEPTION_YIELD,4_NO,1_YES_INCL_CALIBRATION,60,1_IF,NGN,NGN,1_DIRECT,Personal P&C - Motor_PAA_Direct,PAA_Direct,P&C_Motor_PI_PAA_P,,
NI03PMTORPI2018,PAA,2018,19,20181231_NGN_LP100_AVG,1_JANUARY,,0,INCEPTION_YIELD,4_NO,1_YES_INCL_CALIBRATION,48,1_IF,NGN,NGN,1_DIRECT,Personal P&C - Motor_PAA_Direct,PAA_Direct,P&C_Motor_PI_PAA_P,,
NI03PMTORPI2019,PAA,2019,19,20191231_NGN_LP100_AVG,1_JANUARY,,0,INCEPTION_YIELD,4_NO,1_YES_INCL_CALIBRATION,36,1_IF,NGN,NGN,1_DIRECT,Personal P&C - Motor_PAA_Direct,PAA_Direct,P&C_Motor_PI_PAA_P,,
NI03PMTORPI2020,PAA,2020,19,20201231_NGN_LP100_AVG,1_JANUARY,,0,INCEPTION_YIELD,4_NO,1_YES_INCL_CALIBRATION,24,1_IF,NGN,NGN,1_DIRECT,Personal P&C - Motor_PAA_Direct,PAA_Direct,P&C_Motor_PI_PAA_P,,
NI03PMTORPI2021,PAA,2021,19,20211231_NGN_LP100_AVG,1_JANUARY,,0,INCEPTION_YIELD,4_NO,1_YES_INCL_CALIBRATION,12,1_IF,NGN,NGN,1_DIRECT,Personal P&C - Motor_PAA_Direct,PAA_Direct,P&C_Motor_PI_PAA_P,,
NI03PMTORPI2022,PAA,2022,19,20221231_NGN_LP100_AVG,1_JANUARY,,0,INCEPTION_YIELD,4_NO,1_YES_INCL_CALIBRATION,0,1_IF,NGN,NGN,1_DIRECT,Personal P&C - Motor_PAA_Direct,PAA_Direct,P&C_Motor_PI_PAA_P,,
NI03PMTORPI2023,PAA,2023,19,20230630_NGN_LP100_AVG,07_JULY,,0,INCEPTION_YIELD,4_NO,1_YES_INCL_CALIBRATION,0,1_IF,NGN,NGN,1_DIRECT,Personal P&C - Motor_PAA_Direct,PAA_Direct,P&C_Motor_PI_PAA_P,,
