GOC_ID,MEASUREMENT_MODEL,ANNUAL_COHORT,AOM_ID,INCEPTION_CURVE_ID,TIMING_INCEPTION_CURVE,CSM_RELEASE_RATIO_CURVE_ID,SHARE_TECH_EXP_ENTITY_SHARE,OCI_OPTION,OCI_OPTION_LRC,OCI_OPTION_LIC,GOC_DURATION,GOC_TYPE_IF_NB,GOC_CURRENCY,REPORTING_CURRENCY,GOC_TYPE_REINSURANCE,AGGREG_1_ID,AGGREG_2_ID,AGGREG_3_ID,AGGREG_4_ID,AGGREG_5_ID
NI03PAVTNCI2013,PAA,2013,19,20221231_NGN_LP100_INC,1_JANUARY,0.0,0,INCEPTION_YIELD,4_NO,1_YES_INCL_CALIBRATION,0,1_IF,NGN,NGN,1_DIRECT,Commercial P&C - Non Motor_PAA_Direct,PAA_Direct,P&C_Aviation_PAA_P,0.0,0.0
NI03PAVTNCI2014,PAA,2014,19,20221231_NGN_LP100_INC,1_JANUARY,0.0,0,INCEPTION_YIELD,4_NO,1_YES_INCL_CALIBRATION,0,1_IF,NGN,NGN,1_DIRECT,Commercial P&C - Non Motor_PAA_Direct,PAA_Direct,P&C_Aviation_PAA_P,0.0,0.0
NI03PAVTNCI2015,PAA,2015,19,20221231_NGN_LP100_INC,1_JANUARY,0.0,0,INCEPTION_YIELD,4_NO,1_YES_INCL_CALIBRATION,0,1_IF,NGN,NGN,1_DIRECT,Commercial P&C - Non Motor_PAA_Direct,PAA_Direct,P&C_Aviation_PAA_P,0.0,0.0
NI03PAVTNCI2016,PAA,2016,19,20161231_NGN_LP100_AVG,1_JANUARY,0.0,0,INCEPTION_YIELD,4_NO,1_YES_INCL_CALIBRATION,96,1_IF,NGN,NGN,1_DIRECT,Commercial P&C - Non Motor_PAA_Direct,PAA_Direct,P&C_Aviation_PAA_P,0.0,0.0
NI03PAVTNCI2017,PAA,2017,19,20171231_NGN_LP100_AVG,1_JANUARY,0.0,0,INCEPTION_YIELD,4_NO,1_YES_INCL_CALIBRATION,84,1_IF,NGN,NGN,1_DIRECT,Commercial P&C - Non Motor_PAA_Direct,PAA_Direct,P&C_Aviation_PAA_P,0.0,0.0
NI03PAVTNCI2018,PAA,2018,19,20181231_NGN_LP100_AVG,1_JANUARY,0.0,0,INCEPTION_YIELD,4_NO,1_YES_INCL_CALIBRATION,72,1_IF,NGN,NGN,1_DIRECT,Commercial P&C - Non Motor_PAA_Direct,PAA_Direct,P&C_Aviation_PAA_P,0.0,0.0
NI03PAVTNCI2019,PAA,2019,19,20191231_NGN_LP100_AVG,1_JANUARY,0.0,0,INCEPTION_YIELD,4_NO,1_YES_INCL_CALIBRATION,60,1_IF,NGN,NGN,1_DIRECT,Commercial P&C - Non Motor_PAA_Direct,PAA_Direct,P&C_Aviation_PAA_P,0.0,0.0
NI03PAVTNCI2020,PAA,2020,19,20201231_NGN_LP100_AVG,1_JANUARY,0.0,0,INCEPTION_YIELD,4_NO,1_YES_INCL_CALIBRATION,48,1_IF,NGN,NGN,1_DIRECT,Commercial P&C - Non Motor_PAA_Direct,PAA_Direct,P&C_Aviation_PAA_P,0.0,0.0
NI03PAVTNCI2021,PAA,2021,19,20211231_NGN_LP100_AVG,1_JANUARY,0.0,0,INCEPTION_YIELD,4_NO,1_YES_INCL_CALIBRATION,36,1_IF,NGN,NGN,1_DIRECT,Commercial P&C - Non Motor_PAA_Direct,PAA_Direct,P&C_Aviation_PAA_P,0.0,0.0
NI03PAVTNCI2022,PAA,2022,19,20221231_NGN_LP100_AVG,1_JANUARY,0.0,0,INCEPTION_YIELD,4_NO,1_YES_INCL_CALIBRATION,24,1_IF,NGN,NGN,1_DIRECT,Commercial P&C - Non Motor_PAA_Direct,PAA_Direct,P&C_Aviation_PAA_P,0.0,0.0
NI03PAVTNCI2023,PAA,2023,19,20231231_NGN_LP100_AVG,1_JANUARY,0.0,0,INCEPTION_YIELD,4_NO,1_YES_INCL_CALIBRATION,12,1_IF,NGN,NGN,1_DIRECT,Commercial P&C - Non Motor_PAA_Direct,PAA_Direct,P&C_Aviation_PAA_P,0.0,0.0
NI03PAVTNCI2024,PAA,2024,19,20241231_NGN_LP100_AVG,1_JANUARY,0.0,0,INCEPTION_YIELD,4_NO,1_YES_INCL_CALIBRATION,0,1_IF,NGN,NGN,1_DIRECT,Commercial P&C - Non Motor_PAA_Direct,PAA_Direct,P&C_Aviation_PAA_P,0.0,0.0
NI03PAVTNCI2025,PAA,2025,19,20251231_NGN_LP100_AVG,13_YEAR_END,0.0,0,INCEPTION_YIELD,4_NO,1_YES_INCL_CALIBRATION,0,1_IF,NGN,NGN,1_DIRECT,Commercial P&C - Non Motor_PAA_Direct,PAA_Direct,P&C_Aviation_PAA_P,0.0,0.0
NI03PENGYCI2013,PAA,2013,19,20221231_USD_LP100_INC,1_JANUARY,0.0,0,INCEPTION_YIELD,4_NO,1_YES_INCL_CALIBRATION,0,1_IF,USD,NGN,1_DIRECT,Commercial P&C - Non Motor_PAA_Direct,PAA_Direct,P&C_Engineering_PAA_P,0.0,0.0
NI03PENGYCI2014,PAA,2014,19,20221231_USD_LP100_INC,1_JANUARY,0.0,0,INCEPTION_YIELD,4_NO,1_YES_INCL_CALIBRATION,0,1_IF,USD,NGN,1_DIRECT,Commercial P&C - Non Motor_PAA_Direct,PAA_Direct,P&C_Engineering_PAA_P,0.0,0.0
NI03PENGYCI2015,PAA,2015,19,20221231_USD_LP100_INC,1_JANUARY,0.0,0,INCEPTION_YIELD,4_NO,1_YES_INCL_CALIBRATION,0,1_IF,USD,NGN,1_DIRECT,Commercial P&C - Non Motor_PAA_Direct,PAA_Direct,P&C_Engineering_PAA_P,0.0,0.0
NI03PENGYCI2016,PAA,2016,19,20161231_USD_LP100_AVG,1_JANUARY,0.0,0,INCEPTION_YIELD,4_NO,1_YES_INCL_CALIBRATION,96,1_IF,USD,NGN,1_DIRECT,Commercial P&C - Non Motor_PAA_Direct,PAA_Direct,P&C_Engineering_PAA_P,0.0,0.0
NI03PENGYCI2017,PAA,2017,19,20171231_USD_LP100_AVG,1_JANUARY,0.0,0,INCEPTION_YIELD,4_NO,1_YES_INCL_CALIBRATION,84,1_IF,USD,NGN,1_DIRECT,Commercial P&C - Non Motor_PAA_Direct,PAA_Direct,P&C_Engineering_PAA_P,0.0,0.0
NI03PENGYCI2018,PAA,2018,19,20181231_USD_LP100_AVG,1_JANUARY,0.0,0,INCEPTION_YIELD,4_NO,1_YES_INCL_CALIBRATION,72,1_IF,USD,NGN,1_DIRECT,Commercial P&C - Non Motor_PAA_Direct,PAA_Direct,P&C_Engineering_PAA_P,0.0,0.0
NI03PENGYCI2019,PAA,2019,19,20191231_USD_LP100_AVG,1_JANUARY,0.0,0,INCEPTION_YIELD,4_NO,1_YES_INCL_CALIBRATION,60,1_IF,USD,NGN,1_DIRECT,Commercial P&C - Non Motor_PAA_Direct,PAA_Direct,P&C_Engineering_PAA_P,0.0,0.0
NI03PENGYCI2020,PAA,2020,19,20201231_USD_LP100_AVG,1_JANUARY,0.0,0,INCEPTION_YIELD,4_NO,1_YES_INCL_CALIBRATION,48,1_IF,USD,NGN,1_DIRECT,Commercial P&C - Non Motor_PAA_Direct,PAA_Direct,P&C_Engineering_PAA_P,0.0,0.0
NI03PENGYCI2021,PAA,2021,19,20211231_USD_LP100_AVG,1_JANUARY,0.0,0,INCEPTION_YIELD,4_NO,1_YES_INCL_CALIBRATION,36,1_IF,USD,NGN,1_DIRECT,Commercial P&C - Non Motor_PAA_Direct,PAA_Direct,P&C_Engineering_PAA_P,0.0,0.0
NI03PENGYCI2022,PAA,2022,19,20221231_USD_LP100_AVG,1_JANUARY,0.0,0,INCEPTION_YIELD,4_NO,1_YES_INCL_CALIBRATION,24,1_IF,USD,NGN,1_DIRECT,Commercial P&C - Non Motor_PAA_Direct,PAA_Direct,P&C_Engineering_PAA_P,0.0,0.0
NI03PENGYCI2023,PAA,2023,19,20231231_USD_LP100_AVG,1_JANUARY,0.0,0,INCEPTION_YIELD,4_NO,1_YES_INCL_CALIBRATION,12,1_IF,USD,NGN,1_DIRECT,Commercial P&C - Non Motor_PAA_Direct,PAA_Direct,P&C_Engineering_PAA_P,0.0,0.0
NI03PENGYCI2024,PAA,2024,19,20241231_USD_LP100_AVG,1_JANUARY,0.0,0,INCEPTION_YIELD,4_NO,1_YES_INCL_CALIBRATION,0,1_IF,USD,NGN,1_DIRECT,Commercial P&C - Non Motor_PAA_Direct,PAA_Direct,P&C_Engineering_PAA_P,0.0,0.0
NI03PENGYCI2025,PAA,2025,19,20251231_USD_LP100_AVG,13_YEAR_END,0.0,0,INCEPTION_YIELD,4_NO,1_YES_INCL_CALIBRATION,0,1_IF,USD,NGN,1_DIRECT,Commercial P&C - Non Motor_PAA_Direct,PAA_Direct,P&C_Engineering_PAA_P,0.0,0.0
NI03PEGNRCI2013,PAA,2013,19,20221231_NGN_LP100_INC,1_JANUARY,0.0,0,INCEPTION_YIELD,4_NO,1_YES_INCL_CALIBRATION,0,1_IF,NGN,NGN,1_DIRECT,Commercial P&C - Non Motor_PAA_Direct,PAA_Direct,P&C_Engineering_PAA_P,0.0,0.0
NI03PEGNRCI2014,PAA,2014,19,20221231_NGN_LP100_INC,1_JANUARY,0.0,0,INCEPTION_YIELD,4_NO,1_YES_INCL_CALIBRATION,0,1_IF,NGN,NGN,1_DIRECT,Commercial P&C - Non Motor_PAA_Direct,PAA_Direct,P&C_Engineering_PAA_P,0.0,0.0
NI03PEGNRCI2015,PAA,2015,19,20221231_NGN_LP100_INC,1_JANUARY,0.0,0,INCEPTION_YIELD,4_NO,1_YES_INCL_CALIBRATION,0,1_IF,NGN,NGN,1_DIRECT,Commercial P&C - Non Motor_PAA_Direct,PAA_Direct,P&C_Engineering_PAA_P,0.0,0.0
NI03PEGNRCI2016,PAA,2016,19,20161231_NGN_LP100_AVG,1_JANUARY,0.0,0,INCEPTION_YIELD,4_NO,1_YES_INCL_CALIBRATION,96,1_IF,NGN,NGN,1_DIRECT,Commercial P&C - Non Motor_PAA_Direct,PAA_Direct,P&C_Engineering_PAA_P,0.0,0.0
NI03PEGNRCI2017,PAA,2017,19,20171231_NGN_LP100_AVG,1_JANUARY,0.0,0,INCEPTION_YIELD,4_NO,1_YES_INCL_CALIBRATION,84,1_IF,NGN,NGN,1_DIRECT,Commercial P&C - Non Motor_PAA_Direct,PAA_Direct,P&C_Engineering_PAA_P,0.0,0.0
NI03PEGNRCI2018,PAA,2018,19,20181231_NGN_LP100_AVG,1_JANUARY,0.0,0,INCEPTION_YIELD,4_NO,1_YES_INCL_CALIBRATION,72,1_IF,NGN,NGN,1_DIRECT,Commercial P&C - Non Motor_PAA_Direct,PAA_Direct,P&C_Engineering_PAA_P,0.0,0.0
NI03PEGNRCI2019,PAA,2019,19,20191231_NGN_LP100_AVG,1_JANUARY,0.0,0,INCEPTION_YIELD,4_NO,1_YES_INCL_CALIBRATION,60,1_IF,NGN,NGN,1_DIRECT,Commercial P&C - Non Motor_PAA_Direct,PAA_Direct,P&C_Engineering_PAA_P,0.0,0.0
NI03PEGNRCI2020,PAA,2020,19,20201231_NGN_LP100_AVG,1_JANUARY,0.0,0,INCEPTION_YIELD,4_NO,1_YES_INCL_CALIBRATION,48,1_IF,NGN,NGN,1_DIRECT,Commercial P&C - Non Motor_PAA_Direct,PAA_Direct,P&C_Engineering_PAA_P,0.0,0.0
NI03PEGNRCI2021,PAA,2021,19,20211231_NGN_LP100_AVG,1_JANUARY,0.0,0,INCEPTION_YIELD,4_NO,1_YES_INCL_CALIBRATION,36,1_IF,NGN,NGN,1_DIRECT,Commercial P&C - Non Motor_PAA_Direct,PAA_Direct,P&C_Engineering_PAA_P,0.0,0.0
NI03PEGNRCI2022,PAA,2022,19,20221231_NGN_LP100_AVG,1_JANUARY,0.0,0,INCEPTION_YIELD,4_NO,1_YES_INCL_CALIBRATION,24,1_IF,NGN,NGN,1_DIRECT,Commercial P&C - Non Motor_PAA_Direct,PAA_Direct,P&C_Engineering_PAA_P,0.0,0.0
NI03PEGNRCI2023,PAA,2023,19,20231231_NGN_LP100_AVG,1_JANUARY,0.0,0,INCEPTION_YIELD,4_NO,1_YES_INCL_CALIBRATION,12,1_IF,NGN,NGN,1_DIRECT,Commercial P&C - Non Motor_PAA_Direct,PAA_Direct,P&C_Engineering_PAA_P,0.0,0.0
NI03PEGNRCI2024,PAA,2024,19,20241231_NGN_LP100_AVG,1_JANUARY,0.0,0,INCEPTION_YIELD,4_NO,1_YES_INCL_CALIBRATION,0,1_IF,NGN,NGN,1_DIRECT,Commercial P&C - Non Motor_PAA_Direct,PAA_Direct,P&C_Engineering_PAA_P,0.0,0.0
NI03PEGNRCI2025,PAA,2025,19,20251231_NGN_LP100_AVG,13_YEAR_END,0.0,0,INCEPTION_YIELD,4_NO,1_YES_INCL_CALIBRATION,0,1_IF,NGN,NGN,1_DIRECT,Commercial P&C - Non Motor_PAA_Direct,PAA_Direct,P&C_Engineering_PAA_P,0.0,0.0
NI03PFIRECI2013,PAA,2013,20,20221231_NGN_LP100_INC,1_JANUARY,0.0,0,INCEPTION_YIELD,4_NO,1_YES_INCL_CALIBRATION,0,1_IF,NGN,NGN,3_RE_CEDED_NON_RETRO ,Personal P&C - Non Motor_PAA_Ceded,PAA_Ceded,P&C_Fire PI_ST_PAA_P,0.0,0.0
NI03PFIRECI2014,PAA,2014,20,20221231_NGN_LP100_INC,1_JANUARY,0.0,0,INCEPTION_YIELD,4_NO,1_YES_INCL_CALIBRATION,0,1_IF,NGN,NGN,3_RE_CEDED_NON_RETRO ,Personal P&C - Non Motor_PAA_Ceded,PAA_Ceded,P&C_Fire PI_ST_PAA_P,0.0,0.0
NI03PFIRECI2015,PAA,2015,20,20221231_NGN_LP100_INC,1_JANUARY,0.0,0,INCEPTION_YIELD,4_NO,1_YES_INCL_CALIBRATION,0,1_IF,NGN,NGN,3_RE_CEDED_NON_RETRO ,Personal P&C - Non Motor_PAA_Ceded,PAA_Ceded,P&C_Fire PI_ST_PAA_P,0.0,0.0
NI03PFIRECI2016,PAA,2016,20,20161231_NGN_LP100_AVG,1_JANUARY,0.0,0,INCEPTION_YIELD,4_NO,1_YES_INCL_CALIBRATION,96,1_IF,NGN,NGN,3_RE_CEDED_NON_RETRO ,Personal P&C - Non Motor_PAA_Ceded,PAA_Ceded,P&C_Fire PI_ST_PAA_P,0.0,0.0
NI03PFIRECI2017,PAA,2017,20,20171231_NGN_LP100_AVG,1_JANUARY,0.0,0,INCEPTION_YIELD,4_NO,1_YES_INCL_CALIBRATION,84,1_IF,NGN,NGN,3_RE_CEDED_NON_RETRO ,Personal P&C - Non Motor_PAA_Ceded,PAA_Ceded,P&C_Fire PI_ST_PAA_P,0.0,0.0
NI03PFIRECI2018,PAA,2018,20,20181231_NGN_LP100_AVG,1_JANUARY,0.0,0,INCEPTION_YIELD,4_NO,1_YES_INCL_CALIBRATION,72,1_IF,NGN,NGN,3_RE_CEDED_NON_RETRO ,Personal P&C - Non Motor_PAA_Ceded,PAA_Ceded,P&C_Fire PI_ST_PAA_P,0.0,0.0
NI03PFIRECI2019,PAA,2019,20,20191231_NGN_LP100_AVG,1_JANUARY,0.0,0,INCEPTION_YIELD,4_NO,1_YES_INCL_CALIBRATION,60,1_IF,NGN,NGN,3_RE_CEDED_NON_RETRO ,Personal P&C - Non Motor_PAA_Ceded,PAA_Ceded,P&C_Fire PI_ST_PAA_P,0.0,0.0
NI03PFIRECI2020,PAA,2020,20,20201231_NGN_LP100_AVG,1_JANUARY,0.0,0,INCEPTION_YIELD,4_NO,1_YES_INCL_CALIBRATION,48,1_IF,NGN,NGN,3_RE_CEDED_NON_RETRO ,Personal P&C - Non Motor_PAA_Ceded,PAA_Ceded,P&C_Fire PI_ST_PAA_P,0.0,0.0
NI03PFIRECI2021,PAA,2021,20,20211231_NGN_LP100_AVG,1_JANUARY,0.0,0,INCEPTION_YIELD,4_NO,1_YES_INCL_CALIBRATION,36,1_IF,NGN,NGN,3_RE_CEDED_NON_RETRO ,Personal P&C - Non Motor_PAA_Ceded,PAA_Ceded,P&C_Fire PI_ST_PAA_P,0.0,0.0
NI03PFIRECI2022,PAA,2022,20,20221231_NGN_LP100_AVG,1_JANUARY,0.0,0,INCEPTION_YIELD,4_NO,1_YES_INCL_CALIBRATION,24,1_IF,NGN,NGN,3_RE_CEDED_NON_RETRO ,Personal P&C - Non Motor_PAA_Ceded,PAA_Ceded,P&C_Fire PI_ST_PAA_P,0.0,0.0
NI03PFIRECI2023,PAA,2023,20,20231231_NGN_LP100_AVG,1_JANUARY,0.0,0,INCEPTION_YIELD,4_NO,1_YES_INCL_CALIBRATION,12,1_IF,NGN,NGN,3_RE_CEDED_NON_RETRO ,Personal P&C - Non Motor_PAA_Ceded,PAA_Ceded,P&C_Fire PI_ST_PAA_P,0.0,0.0
NI03PFIRECI2024,PAA,2024,20,20241231_NGN_LP100_AVG,1_JANUARY,0.0,0,INCEPTION_YIELD,4_NO,1_YES_INCL_CALIBRATION,0,1_IF,NGN,NGN,3_RE_CEDED_NON_RETRO ,Personal P&C - Non Motor_PAA_Ceded,PAA_Ceded,P&C_Fire PI_ST_PAA_P,0.0,0.0
NI03PFIRECI2025,PAA,2025,20,20251231_NGN_LP100_AVG,13_YEAR_END,0.0,0,INCEPTION_YIELD,4_NO,1_YES_INCL_CALIBRATION,0,1_IF,NGN,NGN,3_RE_CEDED_NON_RETRO ,Personal P&C - Non Motor_PAA_Ceded,PAA_Ceded,P&C_Fire PI_ST_PAA_P,0.0,0.0
NI03PFIREPI2013,PAA,2013,20,20221231_NGN_LP100_INC,1_JANUARY,0.0,0,INCEPTION_YIELD,4_NO,1_YES_INCL_CALIBRATION,0,1_IF,NGN,NGN,3_RE_CEDED_NON_RETRO ,Personal P&C - Non Motor_PAA_Ceded,PAA_Ceded,P&C_Fire PI_ST_PAA_P,0.0,0.0
NI03PFIREPI2014,PAA,2014,20,20221231_NGN_LP100_INC,1_JANUARY,0.0,0,INCEPTION_YIELD,4_NO,1_YES_INCL_CALIBRATION,0,1_IF,NGN,NGN,3_RE_CEDED_NON_RETRO ,Personal P&C - Non Motor_PAA_Ceded,PAA_Ceded,P&C_Fire PI_ST_PAA_P,0.0,0.0
NI03PFIREPI2015,PAA,2015,20,20221231_NGN_LP100_INC,1_JANUARY,0.0,0,INCEPTION_YIELD,4_NO,1_YES_INCL_CALIBRATION,0,1_IF,NGN,NGN,3_RE_CEDED_NON_RETRO ,Personal P&C - Non Motor_PAA_Ceded,PAA_Ceded,P&C_Fire PI_ST_PAA_P,0.0,0.0
NI03PFIREPI2016,PAA,2016,20,20161231_NGN_LP100_AVG,1_JANUARY,0.0,0,INCEPTION_YIELD,4_NO,1_YES_INCL_CALIBRATION,96,1_IF,NGN,NGN,3_RE_CEDED_NON_RETRO ,Personal P&C - Non Motor_PAA_Ceded,PAA_Ceded,P&C_Fire PI_ST_PAA_P,0.0,0.0
NI03PFIREPI2017,PAA,2017,20,20171231_NGN_LP100_AVG,1_JANUARY,0.0,0,INCEPTION_YIELD,4_NO,1_YES_INCL_CALIBRATION,84,1_IF,NGN,NGN,3_RE_CEDED_NON_RETRO ,Personal P&C - Non Motor_PAA_Ceded,PAA_Ceded,P&C_Fire PI_ST_PAA_P,0.0,0.0
NI03PFIREPI2018,PAA,2018,20,20181231_NGN_LP100_AVG,1_JANUARY,0.0,0,INCEPTION_YIELD,4_NO,1_YES_INCL_CALIBRATION,72,1_IF,NGN,NGN,3_RE_CEDED_NON_RETRO ,Personal P&C - Non Motor_PAA_Ceded,PAA_Ceded,P&C_Fire PI_ST_PAA_P,0.0,0.0
NI03PFIREPI2019,PAA,2019,20,20191231_NGN_LP100_AVG,1_JANUARY,0.0,0,INCEPTION_YIELD,4_NO,1_YES_INCL_CALIBRATION,60,1_IF,NGN,NGN,3_RE_CEDED_NON_RETRO ,Personal P&C - Non Motor_PAA_Ceded,PAA_Ceded,P&C_Fire PI_ST_PAA_P,0.0,0.0
NI03PFIREPI2020,PAA,2020,20,20201231_NGN_LP100_AVG,1_JANUARY,0.0,0,INCEPTION_YIELD,4_NO,1_YES_INCL_CALIBRATION,48,1_IF,NGN,NGN,3_RE_CEDED_NON_RETRO ,Personal P&C - Non Motor_PAA_Ceded,PAA_Ceded,P&C_Fire PI_ST_PAA_P,0.0,0.0
NI03PFIREPI2021,PAA,2021,20,20211231_NGN_LP100_AVG,1_JANUARY,0.0,0,INCEPTION_YIELD,4_NO,1_YES_INCL_CALIBRATION,36,1_IF,NGN,NGN,3_RE_CEDED_NON_RETRO ,Personal P&C - Non Motor_PAA_Ceded,PAA_Ceded,P&C_Fire PI_ST_PAA_P,0.0,0.0
NI03PFIREPI2022,PAA,2022,20,20221231_NGN_LP100_AVG,1_JANUARY,0.0,0,INCEPTION_YIELD,4_NO,1_YES_INCL_CALIBRATION,24,1_IF,NGN,NGN,3_RE_CEDED_NON_RETRO ,Personal P&C - Non Motor_PAA_Ceded,PAA_Ceded,P&C_Fire PI_ST_PAA_P,0.0,0.0
NI03PFIREPI2023,PAA,2023,20,20231231_NGN_LP100_AVG,1_JANUARY,0.0,0,INCEPTION_YIELD,4_NO,1_YES_INCL_CALIBRATION,12,1_IF,NGN,NGN,3_RE_CEDED_NON_RETRO ,Personal P&C - Non Motor_PAA_Ceded,PAA_Ceded,P&C_Fire PI_ST_PAA_P,0.0,0.0
NI03PFIREPI2024,PAA,2024,20,20241231_NGN_LP100_AVG,1_JANUARY,0.0,0,INCEPTION_YIELD,4_NO,1_YES_INCL_CALIBRATION,0,1_IF,NGN,NGN,3_RE_CEDED_NON_RETRO ,Personal P&C - Non Motor_PAA_Ceded,PAA_Ceded,P&C_Fire PI_ST_PAA_P,0.0,0.0
NI03PFIREPI2025,PAA,2025,20,20251231_NGN_LP100_AVG,13_YEAR_END,0.0,0,INCEPTION_YIELD,4_NO,1_YES_INCL_CALIBRATION,0,1_IF,NGN,NGN,3_RE_CEDED_NON_RETRO ,Personal P&C - Non Motor_PAA_Ceded,PAA_Ceded,P&C_Fire PI_ST_PAA_P,0.0,0.0
NI03PFXAGCI2013,PAA,2013,20,20151231_NGN_LP100_AVG,1_JANUARY,0.0,0,INCEPTION_YIELD,4_NO,1_YES_INCL_CALIBRATION,0,1_IF,NGN,NGN,3_RE_CEDED_NON_RETRO ,Personal P&C - Non Motor_PAA_Ceded,PAA_Ceded,P&C_Fire PI_ST_PAA_P,0.0,0.0
NI03PFXAGCI2014,PAA,2014,20,20151231_NGN_LP100_AVG,1_JANUARY,0.0,0,INCEPTION_YIELD,4_NO,1_YES_INCL_CALIBRATION,0,1_IF,NGN,NGN,3_RE_CEDED_NON_RETRO ,Personal P&C - Non Motor_PAA_Ceded,PAA_Ceded,P&C_Fire PI_ST_PAA_P,0.0,0.0
NI03PFXAGCI2015,PAA,2015,20,20151231_NGN_LP100_AVG,1_JANUARY,0.0,0,INCEPTION_YIELD,4_NO,1_YES_INCL_CALIBRATION,0,1_IF,NGN,NGN,3_RE_CEDED_NON_RETRO ,Personal P&C - Non Motor_PAA_Ceded,PAA_Ceded,P&C_Fire PI_ST_PAA_P,0.0,0.0
NI03PFXAGCI2016,PAA,2016,20,20151231_NGN_LP100_AVG,1_JANUARY,0.0,0,INCEPTION_YIELD,4_NO,1_YES_INCL_CALIBRATION,96,1_IF,NGN,NGN,3_RE_CEDED_NON_RETRO ,Personal P&C - Non Motor_PAA_Ceded,PAA_Ceded,P&C_Fire PI_ST_PAA_P,0.0,0.0
NI03PFXAGCI2017,PAA,2017,20,20151231_NGN_LP100_AVG,1_JANUARY,0.0,0,INCEPTION_YIELD,4_NO,1_YES_INCL_CALIBRATION,84,1_IF,NGN,NGN,3_RE_CEDED_NON_RETRO ,Personal P&C - Non Motor_PAA_Ceded,PAA_Ceded,P&C_Fire PI_ST_PAA_P,0.0,0.0
NI03PFXAGCI2018,PAA,2018,20,20151231_NGN_LP100_AVG,1_JANUARY,0.0,0,INCEPTION_YIELD,4_NO,1_YES_INCL_CALIBRATION,72,1_IF,NGN,NGN,3_RE_CEDED_NON_RETRO ,Personal P&C - Non Motor_PAA_Ceded,PAA_Ceded,P&C_Fire PI_ST_PAA_P,0.0,0.0
NI03PFXAGCI2019,PAA,2019,20,20151231_NGN_LP100_AVG,1_JANUARY,0.0,0,INCEPTION_YIELD,4_NO,1_YES_INCL_CALIBRATION,60,1_IF,NGN,NGN,3_RE_CEDED_NON_RETRO ,Personal P&C - Non Motor_PAA_Ceded,PAA_Ceded,P&C_Fire PI_ST_PAA_P,0.0,0.0
NI03PFXAGCI2020,PAA,2020,20,20151231_NGN_LP100_AVG,1_JANUARY,0.0,0,INCEPTION_YIELD,4_NO,1_YES_INCL_CALIBRATION,48,1_IF,NGN,NGN,3_RE_CEDED_NON_RETRO ,Personal P&C - Non Motor_PAA_Ceded,PAA_Ceded,P&C_Fire PI_ST_PAA_P,0.0,0.0
NI03PFXAGCI2021,PAA,2021,20,20151231_NGN_LP100_AVG,1_JANUARY,0.0,0,INCEPTION_YIELD,4_NO,1_YES_INCL_CALIBRATION,36,1_IF,NGN,NGN,3_RE_CEDED_NON_RETRO ,Personal P&C - Non Motor_PAA_Ceded,PAA_Ceded,P&C_Fire PI_ST_PAA_P,0.0,0.0
NI03PFXAGCI2022,PAA,2022,20,20151231_NGN_LP100_AVG,1_JANUARY,0.0,0,INCEPTION_YIELD,4_NO,1_YES_INCL_CALIBRATION,24,1_IF,NGN,NGN,3_RE_CEDED_NON_RETRO ,Personal P&C - Non Motor_PAA_Ceded,PAA_Ceded,P&C_Fire PI_ST_PAA_P,0.0,0.0
NI03PFXAGCI2023,PAA,2023,20,20151231_NGN_LP100_AVG,1_JANUARY,0.0,0,INCEPTION_YIELD,4_NO,1_YES_INCL_CALIBRATION,12,1_IF,NGN,NGN,3_RE_CEDED_NON_RETRO ,Personal P&C - Non Motor_PAA_Ceded,PAA_Ceded,P&C_Fire PI_ST_PAA_P,0.0,0.0
NI03PFXAGCI2024,PAA,2024,20,20151231_NGN_LP100_AVG,1_JANUARY,0.0,0,INCEPTION_YIELD,4_NO,1_YES_INCL_CALIBRATION,0,1_IF,NGN,NGN,3_RE_CEDED_NON_RETRO ,Personal P&C - Non Motor_PAA_Ceded,PAA_Ceded,P&C_Fire PI_ST_PAA_P,0.0,0.0
NI03PFXAGCI2025,PAA,2025,20,20151231_NGN_LP100_AVG,13_YEAR_END,0.0,0,INCEPTION_YIELD,4_NO,1_YES_INCL_CALIBRATION,0,1_IF,NGN,NGN,3_RE_CEDED_NON_RETRO ,Personal P&C - Non Motor_PAA_Ceded,PAA_Ceded,P&C_Fire PI_ST_PAA_P,0.0,0.0
NI03PGAACCI2013,PAA,2013,20,20221231_NGN_LP100_INC,1_JANUARY,0.0,0,INCEPTION_YIELD,4_NO,1_YES_INCL_CALIBRATION,0,1_IF,NGN,NGN,3_RE_CEDED_NON_RETRO ,Commercial P&C - Non Motor_PAA_Ceded,PAA_Ceded,P&C_FX RI_PAA_P,0.0,0.0
NI03PGAACCI2014,PAA,2014,20,20221231_NGN_LP100_INC,1_JANUARY,0.0,0,INCEPTION_YIELD,4_NO,1_YES_INCL_CALIBRATION,0,1_IF,NGN,NGN,3_RE_CEDED_NON_RETRO ,Commercial P&C - Non Motor_PAA_Ceded,PAA_Ceded,P&C_FX RI_PAA_P,0.0,0.0
NI03PGAACCI2015,PAA,2015,20,20221231_NGN_LP100_INC,1_JANUARY,0.0,0,INCEPTION_YIELD,4_NO,1_YES_INCL_CALIBRATION,0,1_IF,NGN,NGN,3_RE_CEDED_NON_RETRO ,Commercial P&C - Non Motor_PAA_Ceded,PAA_Ceded,P&C_FX RI_PAA_P,0.0,0.0
NI03PGAACCI2016,PAA,2016,20,20161231_NGN_LP100_AVG,1_JANUARY,0.0,0,INCEPTION_YIELD,4_NO,1_YES_INCL_CALIBRATION,96,1_IF,NGN,NGN,3_RE_CEDED_NON_RETRO ,Commercial P&C - Non Motor_PAA_Ceded,PAA_Ceded,P&C_FX RI_PAA_P,0.0,0.0
NI03PGAACCI2017,PAA,2017,20,20171231_NGN_LP100_AVG,1_JANUARY,0.0,0,INCEPTION_YIELD,4_NO,1_YES_INCL_CALIBRATION,84,1_IF,NGN,NGN,3_RE_CEDED_NON_RETRO ,Commercial P&C - Non Motor_PAA_Ceded,PAA_Ceded,P&C_FX RI_PAA_P,0.0,0.0
NI03PGAACCI2018,PAA,2018,20,20181231_NGN_LP100_AVG,1_JANUARY,0.0,0,INCEPTION_YIELD,4_NO,1_YES_INCL_CALIBRATION,72,1_IF,NGN,NGN,3_RE_CEDED_NON_RETRO ,Commercial P&C - Non Motor_PAA_Ceded,PAA_Ceded,P&C_FX RI_PAA_P,0.0,0.0
NI03PGAACCI2019,PAA,2019,20,20191231_NGN_LP100_AVG,1_JANUARY,0.0,0,INCEPTION_YIELD,4_NO,1_YES_INCL_CALIBRATION,60,1_IF,NGN,NGN,3_RE_CEDED_NON_RETRO ,Commercial P&C - Non Motor_PAA_Ceded,PAA_Ceded,P&C_FX RI_PAA_P,0.0,0.0
NI03PGAACCI2020,PAA,2020,20,20201231_NGN_LP100_AVG,1_JANUARY,0.0,0,INCEPTION_YIELD,4_NO,1_YES_INCL_CALIBRATION,48,1_IF,NGN,NGN,3_RE_CEDED_NON_RETRO ,Commercial P&C - Non Motor_PAA_Ceded,PAA_Ceded,P&C_FX RI_PAA_P,0.0,0.0
NI03PGAACCI2021,PAA,2021,20,20211231_NGN_LP100_AVG,1_JANUARY,0.0,0,INCEPTION_YIELD,4_NO,1_YES_INCL_CALIBRATION,36,1_IF,NGN,NGN,3_RE_CEDED_NON_RETRO ,Commercial P&C - Non Motor_PAA_Ceded,PAA_Ceded,P&C_FX RI_PAA_P,0.0,0.0
NI03PGAACCI2022,PAA,2022,20,20221231_NGN_LP100_AVG,1_JANUARY,0.0,0,INCEPTION_YIELD,4_NO,1_YES_INCL_CALIBRATION,24,1_IF,NGN,NGN,3_RE_CEDED_NON_RETRO ,Commercial P&C - Non Motor_PAA_Ceded,PAA_Ceded,P&C_FX RI_PAA_P,0.0,0.0
NI03PGAACCI2023,PAA,2023,20,20231231_NGN_LP100_AVG,1_JANUARY,0.0,0,INCEPTION_YIELD,4_NO,1_YES_INCL_CALIBRATION,12,1_IF,NGN,NGN,3_RE_CEDED_NON_RETRO ,Commercial P&C - Non Motor_PAA_Ceded,PAA_Ceded,P&C_FX RI_PAA_P,0.0,0.0
NI03PGAACCI2024,PAA,2024,20,20241231_NGN_LP100_AVG,1_JANUARY,0.0,0,INCEPTION_YIELD,4_NO,1_YES_INCL_CALIBRATION,0,1_IF,NGN,NGN,3_RE_CEDED_NON_RETRO ,Commercial P&C - Non Motor_PAA_Ceded,PAA_Ceded,P&C_FX RI_PAA_P,0.0,0.0
NI03PGAACCI2025,PAA,2025,20,20251231_NGN_LP100_AVG,13_YEAR_END,0.0,0,INCEPTION_YIELD,4_NO,1_YES_INCL_CALIBRATION,0,1_IF,NGN,NGN,3_RE_CEDED_NON_RETRO ,Commercial P&C - Non Motor_PAA_Ceded,PAA_Ceded,P&C_FX RI_PAA_P,0.0,0.0
NI03PGAACPI2013,PAA,2013,20,20221231_NGN_LP100_INC,1_JANUARY,0.0,0,INCEPTION_YIELD,4_NO,1_YES_INCL_CALIBRATION,0,1_IF,NGN,NGN,3_RE_CEDED_NON_RETRO ,Commercial P&C - Non Motor_PAA_Ceded,PAA_Ceded,P&C_FX RI_PAA_P,0.0,0.0
NI03PGAACPI2014,PAA,2014,20,20221231_NGN_LP100_INC,1_JANUARY,0.0,0,INCEPTION_YIELD,4_NO,1_YES_INCL_CALIBRATION,0,1_IF,NGN,NGN,3_RE_CEDED_NON_RETRO ,Commercial P&C - Non Motor_PAA_Ceded,PAA_Ceded,P&C_FX RI_PAA_P,0.0,0.0
NI03PGAACPI2015,PAA,2015,20,20221231_NGN_LP100_INC,1_JANUARY,0.0,0,INCEPTION_YIELD,4_NO,1_YES_INCL_CALIBRATION,0,1_IF,NGN,NGN,3_RE_CEDED_NON_RETRO ,Commercial P&C - Non Motor_PAA_Ceded,PAA_Ceded,P&C_FX RI_PAA_P,0.0,0.0
NI03PGAACPI2016,PAA,2016,20,20161231_NGN_LP100_AVG,1_JANUARY,0.0,0,INCEPTION_YIELD,4_NO,1_YES_INCL_CALIBRATION,96,1_IF,NGN,NGN,3_RE_CEDED_NON_RETRO ,Commercial P&C - Non Motor_PAA_Ceded,PAA_Ceded,P&C_FX RI_PAA_P,0.0,0.0
NI03PGAACPI2017,PAA,2017,20,20171231_NGN_LP100_AVG,1_JANUARY,0.0,0,INCEPTION_YIELD,4_NO,1_YES_INCL_CALIBRATION,84,1_IF,NGN,NGN,3_RE_CEDED_NON_RETRO ,Commercial P&C - Non Motor_PAA_Ceded,PAA_Ceded,P&C_FX RI_PAA_P,0.0,0.0
NI03PGAACPI2018,PAA,2018,20,20181231_NGN_LP100_AVG,1_JANUARY,0.0,0,INCEPTION_YIELD,4_NO,1_YES_INCL_CALIBRATION,72,1_IF,NGN,NGN,3_RE_CEDED_NON_RETRO ,Commercial P&C - Non Motor_PAA_Ceded,PAA_Ceded,P&C_FX RI_PAA_P,0.0,0.0
NI03PGAACPI2019,PAA,2019,20,20191231_NGN_LP100_AVG,1_JANUARY,0.0,0,INCEPTION_YIELD,4_NO,1_YES_INCL_CALIBRATION,60,1_IF,NGN,NGN,3_RE_CEDED_NON_RETRO ,Commercial P&C - Non Motor_PAA_Ceded,PAA_Ceded,P&C_FX RI_PAA_P,0.0,0.0
NI03PGAACPI2020,PAA,2020,20,20201231_NGN_LP100_AVG,1_JANUARY,0.0,0,INCEPTION_YIELD,4_NO,1_YES_INCL_CALIBRATION,48,1_IF,NGN,NGN,3_RE_CEDED_NON_RETRO ,Commercial P&C - Non Motor_PAA_Ceded,PAA_Ceded,P&C_FX RI_PAA_P,0.0,0.0
NI03PGAACPI2021,PAA,2021,20,20211231_NGN_LP100_AVG,1_JANUARY,0.0,0,INCEPTION_YIELD,4_NO,1_YES_INCL_CALIBRATION,36,1_IF,NGN,NGN,3_RE_CEDED_NON_RETRO ,Commercial P&C - Non Motor_PAA_Ceded,PAA_Ceded,P&C_FX RI_PAA_P,0.0,0.0
NI03PGAACPI2022,PAA,2022,20,20221231_NGN_LP100_AVG,1_JANUARY,0.0,0,INCEPTION_YIELD,4_NO,1_YES_INCL_CALIBRATION,24,1_IF,NGN,NGN,3_RE_CEDED_NON_RETRO ,Commercial P&C - Non Motor_PAA_Ceded,PAA_Ceded,P&C_FX RI_PAA_P,0.0,0.0
NI03PGAACPI2023,PAA,2023,20,20231231_NGN_LP100_AVG,1_JANUARY,0.0,0,INCEPTION_YIELD,4_NO,1_YES_INCL_CALIBRATION,12,1_IF,NGN,NGN,3_RE_CEDED_NON_RETRO ,Commercial P&C - Non Motor_PAA_Ceded,PAA_Ceded,P&C_FX RI_PAA_P,0.0,0.0
NI03PGAACPI2024,PAA,2024,20,20241231_NGN_LP100_AVG,1_JANUARY,0.0,0,INCEPTION_YIELD,4_NO,1_YES_INCL_CALIBRATION,0,1_IF,NGN,NGN,3_RE_CEDED_NON_RETRO ,Commercial P&C - Non Motor_PAA_Ceded,PAA_Ceded,P&C_FX RI_PAA_P,0.0,0.0
NI03PGAACPI2025,PAA,2025,20,20251231_NGN_LP100_AVG,13_YEAR_END,0.0,0,INCEPTION_YIELD,4_NO,1_YES_INCL_CALIBRATION,0,1_IF,NGN,NGN,3_RE_CEDED_NON_RETRO ,Commercial P&C - Non Motor_PAA_Ceded,PAA_Ceded,P&C_FX RI_PAA_P,0.0,0.0
NI03PMCGOCI2013,PAA,2013,20,20221231_NGN_LP100_INC,1_JANUARY,0.0,0,INCEPTION_YIELD,4_NO,1_YES_INCL_CALIBRATION,0,1_IF,NGN,NGN,3_RE_CEDED_NON_RETRO ,Personal P&C - Non Motor_PAA_Ceded,PAA_Ceded,P&C_GA PI_XL_PAA_P,0.0,0.0
NI03PMCGOCI2014,PAA,2014,20,20221231_NGN_LP100_INC,1_JANUARY,0.0,0,INCEPTION_YIELD,4_NO,1_YES_INCL_CALIBRATION,0,1_IF,NGN,NGN,3_RE_CEDED_NON_RETRO ,Personal P&C - Non Motor_PAA_Ceded,PAA_Ceded,P&C_GA PI_XL_PAA_P,0.0,0.0
NI03PMCGOCI2015,PAA,2015,20,20221231_NGN_LP100_INC,1_JANUARY,0.0,0,INCEPTION_YIELD,4_NO,1_YES_INCL_CALIBRATION,0,1_IF,NGN,NGN,3_RE_CEDED_NON_RETRO ,Personal P&C - Non Motor_PAA_Ceded,PAA_Ceded,P&C_GA PI_XL_PAA_P,0.0,0.0
NI03PMCGOCI2016,PAA,2016,20,20161231_NGN_LP100_AVG,1_JANUARY,0.0,0,INCEPTION_YIELD,4_NO,1_YES_INCL_CALIBRATION,96,1_IF,NGN,NGN,3_RE_CEDED_NON_RETRO ,Personal P&C - Non Motor_PAA_Ceded,PAA_Ceded,P&C_GA PI_XL_PAA_P,0.0,0.0
NI03PMCGOCI2017,PAA,2017,20,20171231_NGN_LP100_AVG,1_JANUARY,0.0,0,INCEPTION_YIELD,4_NO,1_YES_INCL_CALIBRATION,84,1_IF,NGN,NGN,3_RE_CEDED_NON_RETRO ,Personal P&C - Non Motor_PAA_Ceded,PAA_Ceded,P&C_GA PI_XL_PAA_P,0.0,0.0
NI03PMCGOCI2018,PAA,2018,20,20181231_NGN_LP100_AVG,1_JANUARY,0.0,0,INCEPTION_YIELD,4_NO,1_YES_INCL_CALIBRATION,72,1_IF,NGN,NGN,3_RE_CEDED_NON_RETRO ,Personal P&C - Non Motor_PAA_Ceded,PAA_Ceded,P&C_GA PI_XL_PAA_P,0.0,0.0
NI03PMCGOCI2019,PAA,2019,20,20191231_NGN_LP100_AVG,1_JANUARY,0.0,0,INCEPTION_YIELD,4_NO,1_YES_INCL_CALIBRATION,60,1_IF,NGN,NGN,3_RE_CEDED_NON_RETRO ,Personal P&C - Non Motor_PAA_Ceded,PAA_Ceded,P&C_GA PI_XL_PAA_P,0.0,0.0
NI03PMCGOCI2020,PAA,2020,20,20201231_NGN_LP100_AVG,1_JANUARY,0.0,0,INCEPTION_YIELD,4_NO,1_YES_INCL_CALIBRATION,48,1_IF,NGN,NGN,3_RE_CEDED_NON_RETRO ,Personal P&C - Non Motor_PAA_Ceded,PAA_Ceded,P&C_GA PI_XL_PAA_P,0.0,0.0
NI03PMCGOCI2021,PAA,2021,20,20211231_NGN_LP100_AVG,1_JANUARY,0.0,0,INCEPTION_YIELD,4_NO,1_YES_INCL_CALIBRATION,36,1_IF,NGN,NGN,3_RE_CEDED_NON_RETRO ,Personal P&C - Non Motor_PAA_Ceded,PAA_Ceded,P&C_GA PI_XL_PAA_P,0.0,0.0
NI03PMCGOCI2022,PAA,2022,20,20221231_NGN_LP100_AVG,1_JANUARY,0.0,0,INCEPTION_YIELD,4_NO,1_YES_INCL_CALIBRATION,24,1_IF,NGN,NGN,3_RE_CEDED_NON_RETRO ,Personal P&C - Non Motor_PAA_Ceded,PAA_Ceded,P&C_GA PI_XL_PAA_P,0.0,0.0
NI03PMCGOCI2023,PAA,2023,20,20231231_NGN_LP100_AVG,1_JANUARY,0.0,0,INCEPTION_YIELD,4_NO,1_YES_INCL_CALIBRATION,12,1_IF,NGN,NGN,3_RE_CEDED_NON_RETRO ,Personal P&C - Non Motor_PAA_Ceded,PAA_Ceded,P&C_GA PI_XL_PAA_P,0.0,0.0
NI03PMCGOCI2024,PAA,2024,20,20241231_NGN_LP100_AVG,1_JANUARY,0.0,0,INCEPTION_YIELD,4_NO,1_YES_INCL_CALIBRATION,0,1_IF,NGN,NGN,3_RE_CEDED_NON_RETRO ,Personal P&C - Non Motor_PAA_Ceded,PAA_Ceded,P&C_GA PI_XL_PAA_P,0.0,0.0
NI03PMCGOCI2025,PAA,2025,20,20251231_NGN_LP100_AVG,13_YEAR_END,0.0,0,INCEPTION_YIELD,4_NO,1_YES_INCL_CALIBRATION,0,1_IF,NGN,NGN,3_RE_CEDED_NON_RETRO ,Personal P&C - Non Motor_PAA_Ceded,PAA_Ceded,P&C_GA PI_XL_PAA_P,0.0,0.0
NI03PMHHLCI2013,PAA,2013,20,20221231_NGN_LP100_INC,1_JANUARY,0.0,0,INCEPTION_YIELD,4_NO,1_YES_INCL_CALIBRATION,0,1_IF,NGN,NGN,3_RE_CEDED_NON_RETRO ,Commercial P&C - Non Motor_PAA_Ceded,PAA_Ceded,P&C_Marine Cargo_ST_PAA_P,0.0,0.0
NI03PMHHLCI2014,PAA,2014,20,20221231_NGN_LP100_INC,1_JANUARY,0.0,0,INCEPTION_YIELD,4_NO,1_YES_INCL_CALIBRATION,0,1_IF,NGN,NGN,3_RE_CEDED_NON_RETRO ,Commercial P&C - Non Motor_PAA_Ceded,PAA_Ceded,P&C_Marine Cargo_ST_PAA_P,0.0,0.0
NI03PMHHLCI2015,PAA,2015,20,20221231_NGN_LP100_INC,1_JANUARY,0.0,0,INCEPTION_YIELD,4_NO,1_YES_INCL_CALIBRATION,0,1_IF,NGN,NGN,3_RE_CEDED_NON_RETRO ,Commercial P&C - Non Motor_PAA_Ceded,PAA_Ceded,P&C_Marine Cargo_ST_PAA_P,0.0,0.0
NI03PMHHLCI2016,PAA,2016,20,20161231_NGN_LP100_AVG,1_JANUARY,0.0,0,INCEPTION_YIELD,4_NO,1_YES_INCL_CALIBRATION,96,1_IF,NGN,NGN,3_RE_CEDED_NON_RETRO ,Commercial P&C - Non Motor_PAA_Ceded,PAA_Ceded,P&C_Marine Cargo_ST_PAA_P,0.0,0.0
NI03PMHHLCI2017,PAA,2017,20,20171231_NGN_LP100_AVG,1_JANUARY,0.0,0,INCEPTION_YIELD,4_NO,1_YES_INCL_CALIBRATION,84,1_IF,NGN,NGN,3_RE_CEDED_NON_RETRO ,Commercial P&C - Non Motor_PAA_Ceded,PAA_Ceded,P&C_Marine Cargo_ST_PAA_P,0.0,0.0
NI03PMHHLCI2018,PAA,2018,20,20181231_NGN_LP100_AVG,1_JANUARY,0.0,0,INCEPTION_YIELD,4_NO,1_YES_INCL_CALIBRATION,72,1_IF,NGN,NGN,3_RE_CEDED_NON_RETRO ,Commercial P&C - Non Motor_PAA_Ceded,PAA_Ceded,P&C_Marine Cargo_ST_PAA_P,0.0,0.0
NI03PMHHLCI2019,PAA,2019,20,20191231_NGN_LP100_AVG,1_JANUARY,0.0,0,INCEPTION_YIELD,4_NO,1_YES_INCL_CALIBRATION,60,1_IF,NGN,NGN,3_RE_CEDED_NON_RETRO ,Commercial P&C - Non Motor_PAA_Ceded,PAA_Ceded,P&C_Marine Cargo_ST_PAA_P,0.0,0.0
NI03PMHHLCI2020,PAA,2020,20,20201231_NGN_LP100_AVG,1_JANUARY,0.0,0,INCEPTION_YIELD,4_NO,1_YES_INCL_CALIBRATION,48,1_IF,NGN,NGN,3_RE_CEDED_NON_RETRO ,Commercial P&C - Non Motor_PAA_Ceded,PAA_Ceded,P&C_Marine Cargo_ST_PAA_P,0.0,0.0
NI03PMHHLCI2021,PAA,2021,20,20211231_NGN_LP100_AVG,1_JANUARY,0.0,0,INCEPTION_YIELD,4_NO,1_YES_INCL_CALIBRATION,36,1_IF,NGN,NGN,3_RE_CEDED_NON_RETRO ,Commercial P&C - Non Motor_PAA_Ceded,PAA_Ceded,P&C_Marine Cargo_ST_PAA_P,0.0,0.0
NI03PMHHLCI2022,PAA,2022,20,20221231_NGN_LP100_AVG,1_JANUARY,0.0,0,INCEPTION_YIELD,4_NO,1_YES_INCL_CALIBRATION,24,1_IF,NGN,NGN,3_RE_CEDED_NON_RETRO ,Commercial P&C - Non Motor_PAA_Ceded,PAA_Ceded,P&C_Marine Cargo_ST_PAA_P,0.0,0.0
NI03PMHHLCI2023,PAA,2023,20,20231231_NGN_LP100_AVG,1_JANUARY,0.0,0,INCEPTION_YIELD,4_NO,1_YES_INCL_CALIBRATION,12,1_IF,NGN,NGN,3_RE_CEDED_NON_RETRO ,Commercial P&C - Non Motor_PAA_Ceded,PAA_Ceded,P&C_Marine Cargo_ST_PAA_P,0.0,0.0
NI03PMHHLCI2024,PAA,2024,20,20241231_NGN_LP100_AVG,1_JANUARY,0.0,0,INCEPTION_YIELD,4_NO,1_YES_INCL_CALIBRATION,0,1_IF,NGN,NGN,3_RE_CEDED_NON_RETRO ,Commercial P&C - Non Motor_PAA_Ceded,PAA_Ceded,P&C_Marine Cargo_ST_PAA_P,0.0,0.0
NI03PMHHLCI2025,PAA,2025,20,20251231_NGN_LP100_AVG,13_YEAR_END,0.0,0,INCEPTION_YIELD,4_NO,1_YES_INCL_CALIBRATION,0,1_IF,NGN,NGN,3_RE_CEDED_NON_RETRO ,Commercial P&C - Non Motor_PAA_Ceded,PAA_Ceded,P&C_Marine Cargo_ST_PAA_P,0.0,0.0
NI03PMTORCI2013,PAA,2013,20,20221231_NGN_LP100_INC,1_JANUARY,0.0,0,INCEPTION_YIELD,4_NO,1_YES_INCL_CALIBRATION,0,1_IF,NGN,NGN,3_RE_CEDED_NON_RETRO ,Commercial P&C - Motor_PAA_Ceded,PAA_Ceded,P&C_Motor_XOL_CI_PAA_P,0.0,0.0
NI03PMTORCI2014,PAA,2014,20,20221231_NGN_LP100_INC,1_JANUARY,0.0,0,INCEPTION_YIELD,4_NO,1_YES_INCL_CALIBRATION,0,1_IF,NGN,NGN,3_RE_CEDED_NON_RETRO ,Commercial P&C - Motor_PAA_Ceded,PAA_Ceded,P&C_Motor_XOL_CI_PAA_P,0.0,0.0
NI03PMTORCI2015,PAA,2015,20,20221231_NGN_LP100_INC,1_JANUARY,0.0,0,INCEPTION_YIELD,4_NO,1_YES_INCL_CALIBRATION,0,1_IF,NGN,NGN,3_RE_CEDED_NON_RETRO ,Commercial P&C - Motor_PAA_Ceded,PAA_Ceded,P&C_Motor_XOL_CI_PAA_P,0.0,0.0
NI03PMTORCI2016,PAA,2016,20,20161231_NGN_LP100_AVG,1_JANUARY,0.0,0,INCEPTION_YIELD,4_NO,1_YES_INCL_CALIBRATION,96,1_IF,NGN,NGN,3_RE_CEDED_NON_RETRO ,Commercial P&C - Motor_PAA_Ceded,PAA_Ceded,P&C_Motor_XOL_CI_PAA_P,0.0,0.0
NI03PMTORCI2017,PAA,2017,20,20171231_NGN_LP100_AVG,1_JANUARY,0.0,0,INCEPTION_YIELD,4_NO,1_YES_INCL_CALIBRATION,84,1_IF,NGN,NGN,3_RE_CEDED_NON_RETRO ,Commercial P&C - Motor_PAA_Ceded,PAA_Ceded,P&C_Motor_XOL_CI_PAA_P,0.0,0.0
NI03PMTORCI2018,PAA,2018,20,20181231_NGN_LP100_AVG,1_JANUARY,0.0,0,INCEPTION_YIELD,4_NO,1_YES_INCL_CALIBRATION,72,1_IF,NGN,NGN,3_RE_CEDED_NON_RETRO ,Commercial P&C - Motor_PAA_Ceded,PAA_Ceded,P&C_Motor_XOL_CI_PAA_P,0.0,0.0
NI03PMTORCI2019,PAA,2019,20,20191231_NGN_LP100_AVG,1_JANUARY,0.0,0,INCEPTION_YIELD,4_NO,1_YES_INCL_CALIBRATION,60,1_IF,NGN,NGN,3_RE_CEDED_NON_RETRO ,Commercial P&C - Motor_PAA_Ceded,PAA_Ceded,P&C_Motor_XOL_CI_PAA_P,0.0,0.0
NI03PMTORCI2020,PAA,2020,20,20201231_NGN_LP100_AVG,1_JANUARY,0.0,0,INCEPTION_YIELD,4_NO,1_YES_INCL_CALIBRATION,48,1_IF,NGN,NGN,3_RE_CEDED_NON_RETRO ,Commercial P&C - Motor_PAA_Ceded,PAA_Ceded,P&C_Motor_XOL_CI_PAA_P,0.0,0.0
NI03PMTORCI2021,PAA,2021,20,20211231_NGN_LP100_AVG,1_JANUARY,0.0,0,INCEPTION_YIELD,4_NO,1_YES_INCL_CALIBRATION,36,1_IF,NGN,NGN,3_RE_CEDED_NON_RETRO ,Commercial P&C - Motor_PAA_Ceded,PAA_Ceded,P&C_Motor_XOL_CI_PAA_P,0.0,0.0
NI03PMTORCI2022,PAA,2022,20,20221231_NGN_LP100_AVG,1_JANUARY,0.0,0,INCEPTION_YIELD,4_NO,1_YES_INCL_CALIBRATION,24,1_IF,NGN,NGN,3_RE_CEDED_NON_RETRO ,Commercial P&C - Motor_PAA_Ceded,PAA_Ceded,P&C_Motor_XOL_CI_PAA_P,0.0,0.0
NI03PMTORCI2023,PAA,2023,20,20231231_NGN_LP100_AVG,1_JANUARY,0.0,0,INCEPTION_YIELD,4_NO,1_YES_INCL_CALIBRATION,12,1_IF,NGN,NGN,3_RE_CEDED_NON_RETRO ,Commercial P&C - Motor_PAA_Ceded,PAA_Ceded,P&C_Motor_XOL_CI_PAA_P,0.0,0.0
NI03PMTORCI2024,PAA,2024,20,20241231_NGN_LP100_AVG,1_JANUARY,0.0,0,INCEPTION_YIELD,4_NO,1_YES_INCL_CALIBRATION,0,1_IF,NGN,NGN,3_RE_CEDED_NON_RETRO ,Commercial P&C - Motor_PAA_Ceded,PAA_Ceded,P&C_Motor_XOL_CI_PAA_P,0.0,0.0
NI03PMTORCI2025,PAA,2025,20,20251231_NGN_LP100_AVG,13_YEAR_END,0.0,0,INCEPTION_YIELD,4_NO,1_YES_INCL_CALIBRATION,0,1_IF,NGN,NGN,3_RE_CEDED_NON_RETRO ,Commercial P&C - Motor_PAA_Ceded,PAA_Ceded,P&C_Motor_XOL_CI_PAA_P,0.0,0.0
NI03PMTORPI2013,PAA,2013,20,20221231_NGN_LP100_INC,1_JANUARY,0.0,0,INCEPTION_YIELD,4_NO,1_YES_INCL_CALIBRATION,0,1_IF,NGN,NGN,3_RE_CEDED_NON_RETRO ,Commercial P&C - Motor_PAA_Ceded,PAA_Ceded,P&C_Motor_XOL_CI_PAA_P,0.0,0.0
NI03PMTORPI2014,PAA,2014,20,20221231_NGN_LP100_INC,1_JANUARY,0.0,0,INCEPTION_YIELD,4_NO,1_YES_INCL_CALIBRATION,0,1_IF,NGN,NGN,3_RE_CEDED_NON_RETRO ,Commercial P&C - Motor_PAA_Ceded,PAA_Ceded,P&C_Motor_XOL_CI_PAA_P,0.0,0.0
NI03PMTORPI2015,PAA,2015,20,20221231_NGN_LP100_INC,1_JANUARY,0.0,0,INCEPTION_YIELD,4_NO,1_YES_INCL_CALIBRATION,0,1_IF,NGN,NGN,3_RE_CEDED_NON_RETRO ,Commercial P&C - Motor_PAA_Ceded,PAA_Ceded,P&C_Motor_XOL_CI_PAA_P,0.0,0.0
NI03PMTORPI2016,PAA,2016,20,20161231_NGN_LP100_AVG,1_JANUARY,0.0,0,INCEPTION_YIELD,4_NO,1_YES_INCL_CALIBRATION,96,1_IF,NGN,NGN,3_RE_CEDED_NON_RETRO ,Commercial P&C - Motor_PAA_Ceded,PAA_Ceded,P&C_Motor_XOL_CI_PAA_P,0.0,0.0
NI03PMTORPI2017,PAA,2017,20,20171231_NGN_LP100_AVG,1_JANUARY,0.0,0,INCEPTION_YIELD,4_NO,1_YES_INCL_CALIBRATION,84,1_IF,NGN,NGN,3_RE_CEDED_NON_RETRO ,Commercial P&C - Motor_PAA_Ceded,PAA_Ceded,P&C_Motor_XOL_CI_PAA_P,0.0,0.0
NI03PMTORPI2018,PAA,2018,20,20181231_NGN_LP100_AVG,1_JANUARY,0.0,0,INCEPTION_YIELD,4_NO,1_YES_INCL_CALIBRATION,72,1_IF,NGN,NGN,3_RE_CEDED_NON_RETRO ,Commercial P&C - Motor_PAA_Ceded,PAA_Ceded,P&C_Motor_XOL_CI_PAA_P,0.0,0.0
NI03PMTORPI2019,PAA,2019,20,20191231_NGN_LP100_AVG,1_JANUARY,0.0,0,INCEPTION_YIELD,4_NO,1_YES_INCL_CALIBRATION,60,1_IF,NGN,NGN,3_RE_CEDED_NON_RETRO ,Commercial P&C - Motor_PAA_Ceded,PAA_Ceded,P&C_Motor_XOL_CI_PAA_P,0.0,0.0
NI03PMTORPI2020,PAA,2020,20,20201231_NGN_LP100_AVG,1_JANUARY,0.0,0,INCEPTION_YIELD,4_NO,1_YES_INCL_CALIBRATION,48,1_IF,NGN,NGN,3_RE_CEDED_NON_RETRO ,Commercial P&C - Motor_PAA_Ceded,PAA_Ceded,P&C_Motor_XOL_CI_PAA_P,0.0,0.0
NI03PMTORPI2021,PAA,2021,20,20211231_NGN_LP100_AVG,1_JANUARY,0.0,0,INCEPTION_YIELD,4_NO,1_YES_INCL_CALIBRATION,36,1_IF,NGN,NGN,3_RE_CEDED_NON_RETRO ,Commercial P&C - Motor_PAA_Ceded,PAA_Ceded,P&C_Motor_XOL_CI_PAA_P,0.0,0.0
NI03PMTORPI2022,PAA,2022,20,20221231_NGN_LP100_AVG,1_JANUARY,0.0,0,INCEPTION_YIELD,4_NO,1_YES_INCL_CALIBRATION,24,1_IF,NGN,NGN,3_RE_CEDED_NON_RETRO ,Commercial P&C - Motor_PAA_Ceded,PAA_Ceded,P&C_Motor_XOL_CI_PAA_P,0.0,0.0
NI03PMTORPI2023,PAA,2023,20,20231231_NGN_LP100_AVG,1_JANUARY,0.0,0,INCEPTION_YIELD,4_NO,1_YES_INCL_CALIBRATION,12,1_IF,NGN,NGN,3_RE_CEDED_NON_RETRO ,Commercial P&C - Motor_PAA_Ceded,PAA_Ceded,P&C_Motor_XOL_CI_PAA_P,0.0,0.0
NI03PMTORPI2024,PAA,2024,20,20241231_NGN_LP100_AVG,1_JANUARY,0.0,0,INCEPTION_YIELD,4_NO,1_YES_INCL_CALIBRATION,0,1_IF,NGN,NGN,3_RE_CEDED_NON_RETRO ,Commercial P&C - Motor_PAA_Ceded,PAA_Ceded,P&C_Motor_XOL_CI_PAA_P,0.0,0.0
NI03PMTORPI2025,PAA,2025,20,20251231_NGN_LP100_AVG,13_YEAR_END,0.0,0,INCEPTION_YIELD,4_NO,1_YES_INCL_CALIBRATION,0,1_IF,NGN,NGN,3_RE_CEDED_NON_RETRO ,Commercial P&C - Motor_PAA_Ceded,PAA_Ceded,P&C_Motor_XOL_CI_PAA_P,0.0,0.0
NI03PAVTNPF2013,PAA,2013,19,20221231_NGN_LP100_INC,1_JANUARY,0.0,0,INCEPTION_YIELD,4_NO,1_YES_INCL_CALIBRATION,0,1_IF,NGN,NGN,1_DIRECT,Commercial P&C - Non Motor_PAA_Direct,PAA_Direct,P&C_Aviation_PAA_P,0.0,0.0
NI03PAVTNPF2014,PAA,2014,19,20221231_NGN_LP100_INC,1_JANUARY,0.0,0,INCEPTION_YIELD,4_NO,1_YES_INCL_CALIBRATION,0,1_IF,NGN,NGN,1_DIRECT,Commercial P&C - Non Motor_PAA_Direct,PAA_Direct,P&C_Aviation_PAA_P,0.0,0.0
NI03PAVTNPF2015,PAA,2015,19,20221231_NGN_LP100_INC,1_JANUARY,0.0,0,INCEPTION_YIELD,4_NO,1_YES_INCL_CALIBRATION,0,1_IF,NGN,NGN,1_DIRECT,Commercial P&C - Non Motor_PAA_Direct,PAA_Direct,P&C_Aviation_PAA_P,0.0,0.0
NI03PAVTNPF2016,PAA,2016,19,20161231_NGN_LP100_AVG,1_JANUARY,0.0,0,INCEPTION_YIELD,4_NO,1_YES_INCL_CALIBRATION,96,1_IF,NGN,NGN,1_DIRECT,Commercial P&C - Non Motor_PAA_Direct,PAA_Direct,P&C_Aviation_PAA_P,0.0,0.0
NI03PAVTNPF2017,PAA,2017,19,20171231_NGN_LP100_AVG,1_JANUARY,0.0,0,INCEPTION_YIELD,4_NO,1_YES_INCL_CALIBRATION,84,1_IF,NGN,NGN,1_DIRECT,Commercial P&C - Non Motor_PAA_Direct,PAA_Direct,P&C_Aviation_PAA_P,0.0,0.0
NI03PAVTNPF2018,PAA,2018,19,20181231_NGN_LP100_AVG,1_JANUARY,0.0,0,INCEPTION_YIELD,4_NO,1_YES_INCL_CALIBRATION,72,1_IF,NGN,NGN,1_DIRECT,Commercial P&C - Non Motor_PAA_Direct,PAA_Direct,P&C_Aviation_PAA_P,0.0,0.0
NI03PAVTNPF2019,PAA,2019,19,20191231_NGN_LP100_AVG,1_JANUARY,0.0,0,INCEPTION_YIELD,4_NO,1_YES_INCL_CALIBRATION,60,1_IF,NGN,NGN,1_DIRECT,Commercial P&C - Non Motor_PAA_Direct,PAA_Direct,P&C_Aviation_PAA_P,0.0,0.0
NI03PAVTNPF2020,PAA,2020,19,20201231_NGN_LP100_AVG,1_JANUARY,0.0,0,INCEPTION_YIELD,4_NO,1_YES_INCL_CALIBRATION,48,1_IF,NGN,NGN,1_DIRECT,Commercial P&C - Non Motor_PAA_Direct,PAA_Direct,P&C_Aviation_PAA_P,0.0,0.0
NI03PAVTNPF2021,PAA,2021,19,20211231_NGN_LP100_AVG,1_JANUARY,0.0,0,INCEPTION_YIELD,4_NO,1_YES_INCL_CALIBRATION,36,1_IF,NGN,NGN,1_DIRECT,Commercial P&C - Non Motor_PAA_Direct,PAA_Direct,P&C_Aviation_PAA_P,0.0,0.0
NI03PAVTNPF2022,PAA,2022,19,20221231_NGN_LP100_AVG,1_JANUARY,0.0,0,INCEPTION_YIELD,4_NO,1_YES_INCL_CALIBRATION,24,1_IF,NGN,NGN,1_DIRECT,Commercial P&C - Non Motor_PAA_Direct,PAA_Direct,P&C_Aviation_PAA_P,0.0,0.0
NI03PAVTNPF2023,PAA,2023,19,20231231_NGN_LP100_AVG,1_JANUARY,0.0,0,INCEPTION_YIELD,4_NO,1_YES_INCL_CALIBRATION,12,1_IF,NGN,NGN,1_DIRECT,Commercial P&C - Non Motor_PAA_Direct,PAA_Direct,P&C_Aviation_PAA_P,0.0,0.0
NI03PAVTNPF2024,PAA,2024,19,20241231_NGN_LP100_AVG,1_JANUARY,0.0,0,INCEPTION_YIELD,4_NO,1_YES_INCL_CALIBRATION,0,1_IF,NGN,NGN,1_DIRECT,Commercial P&C - Non Motor_PAA_Direct,PAA_Direct,P&C_Aviation_PAA_P,0.0,0.0
NI03PAVTNPF2025,PAA,2025,19,20251231_NGN_LP100_AVG,13_YEAR_END,0.0,0,INCEPTION_YIELD,4_NO,1_YES_INCL_CALIBRATION,0,1_IF,NGN,NGN,1_DIRECT,Commercial P&C - Non Motor_PAA_Direct,PAA_Direct,P&C_Aviation_PAA_P,0.0,0.0
NI03PENGYPF2013,PAA,2013,19,20221231_USD_LP100_INC,1_JANUARY,0.0,0,INCEPTION_YIELD,4_NO,1_YES_INCL_CALIBRATION,0,1_IF,USD,NGN,1_DIRECT,Commercial P&C - Non Motor_PAA_Direct,PAA_Direct,P&C_Engineering_PAA_P,0.0,0.0
NI03PENGYPF2014,PAA,2014,19,20221231_USD_LP100_INC,1_JANUARY,0.0,0,INCEPTION_YIELD,4_NO,1_YES_INCL_CALIBRATION,0,1_IF,USD,NGN,1_DIRECT,Commercial P&C - Non Motor_PAA_Direct,PAA_Direct,P&C_Engineering_PAA_P,0.0,0.0
NI03PENGYPF2015,PAA,2015,19,20221231_USD_LP100_INC,1_JANUARY,0.0,0,INCEPTION_YIELD,4_NO,1_YES_INCL_CALIBRATION,0,1_IF,USD,NGN,1_DIRECT,Commercial P&C - Non Motor_PAA_Direct,PAA_Direct,P&C_Engineering_PAA_P,0.0,0.0
NI03PENGYPF2016,PAA,2016,19,20161231_USD_LP100_AVG,1_JANUARY,0.0,0,INCEPTION_YIELD,4_NO,1_YES_INCL_CALIBRATION,96,1_IF,USD,NGN,1_DIRECT,Commercial P&C - Non Motor_PAA_Direct,PAA_Direct,P&C_Engineering_PAA_P,0.0,0.0
NI03PENGYPF2017,PAA,2017,19,20171231_USD_LP100_AVG,1_JANUARY,0.0,0,INCEPTION_YIELD,4_NO,1_YES_INCL_CALIBRATION,84,1_IF,USD,NGN,1_DIRECT,Commercial P&C - Non Motor_PAA_Direct,PAA_Direct,P&C_Engineering_PAA_P,0.0,0.0
NI03PENGYPF2018,PAA,2018,19,20181231_USD_LP100_AVG,1_JANUARY,0.0,0,INCEPTION_YIELD,4_NO,1_YES_INCL_CALIBRATION,72,1_IF,USD,NGN,1_DIRECT,Commercial P&C - Non Motor_PAA_Direct,PAA_Direct,P&C_Engineering_PAA_P,0.0,0.0
NI03PENGYPF2019,PAA,2019,19,20191231_USD_LP100_AVG,1_JANUARY,0.0,0,INCEPTION_YIELD,4_NO,1_YES_INCL_CALIBRATION,60,1_IF,USD,NGN,1_DIRECT,Commercial P&C - Non Motor_PAA_Direct,PAA_Direct,P&C_Engineering_PAA_P,0.0,0.0
NI03PENGYPF2020,PAA,2020,19,20201231_USD_LP100_AVG,1_JANUARY,0.0,0,INCEPTION_YIELD,4_NO,1_YES_INCL_CALIBRATION,48,1_IF,USD,NGN,1_DIRECT,Commercial P&C - Non Motor_PAA_Direct,PAA_Direct,P&C_Engineering_PAA_P,0.0,0.0
NI03PENGYPF2021,PAA,2021,19,20211231_USD_LP100_AVG,1_JANUARY,0.0,0,INCEPTION_YIELD,4_NO,1_YES_INCL_CALIBRATION,36,1_IF,USD,NGN,1_DIRECT,Commercial P&C - Non Motor_PAA_Direct,PAA_Direct,P&C_Engineering_PAA_P,0.0,0.0
NI03PENGYPF2022,PAA,2022,19,20221231_USD_LP100_AVG,1_JANUARY,0.0,0,INCEPTION_YIELD,4_NO,1_YES_INCL_CALIBRATION,24,1_IF,USD,NGN,1_DIRECT,Commercial P&C - Non Motor_PAA_Direct,PAA_Direct,P&C_Engineering_PAA_P,0.0,0.0
NI03PENGYPF2023,PAA,2023,19,20231231_USD_LP100_AVG,1_JANUARY,0.0,0,INCEPTION_YIELD,4_NO,1_YES_INCL_CALIBRATION,12,1_IF,USD,NGN,1_DIRECT,Commercial P&C - Non Motor_PAA_Direct,PAA_Direct,P&C_Engineering_PAA_P,0.0,0.0
NI03PENGYPF2024,PAA,2024,19,20241231_USD_LP100_AVG,1_JANUARY,0.0,0,INCEPTION_YIELD,4_NO,1_YES_INCL_CALIBRATION,0,1_IF,USD,NGN,1_DIRECT,Commercial P&C - Non Motor_PAA_Direct,PAA_Direct,P&C_Engineering_PAA_P,0.0,0.0
NI03PENGYPF2025,PAA,2025,19,20251231_USD_LP100_AVG,13_YEAR_END,0.0,0,INCEPTION_YIELD,4_NO,1_YES_INCL_CALIBRATION,0,1_IF,USD,NGN,1_DIRECT,Commercial P&C - Non Motor_PAA_Direct,PAA_Direct,P&C_Engineering_PAA_P,0.0,0.0
NI03PENGYST2013,PAA,2013,20,20221231_USD_LP100_INC,1_JANUARY,0.0,0,INCEPTION_YIELD,4_NO,1_YES_INCL_CALIBRATION,0,1_IF,USD,NGN,3_RE_CEDED_NON_RETRO ,Commercial P&C - Non Motor_PAA_Ceded,PAA_Ceded,P&C_Energy ST_PAA_P,0.0,0.0
NI03PENGYST2014,PAA,2014,20,20221231_USD_LP100_INC,1_JANUARY,0.0,0,INCEPTION_YIELD,4_NO,1_YES_INCL_CALIBRATION,0,1_IF,USD,NGN,3_RE_CEDED_NON_RETRO ,Commercial P&C - Non Motor_PAA_Ceded,PAA_Ceded,P&C_Energy ST_PAA_P,0.0,0.0
NI03PENGYST2015,PAA,2015,20,20221231_USD_LP100_INC,1_JANUARY,0.0,0,INCEPTION_YIELD,4_NO,1_YES_INCL_CALIBRATION,0,1_IF,USD,NGN,3_RE_CEDED_NON_RETRO ,Commercial P&C - Non Motor_PAA_Ceded,PAA_Ceded,P&C_Energy ST_PAA_P,0.0,0.0
NI03PENGYST2016,PAA,2016,20,20161231_USD_LP100_AVG,1_JANUARY,0.0,0,INCEPTION_YIELD,4_NO,1_YES_INCL_CALIBRATION,96,1_IF,USD,NGN,3_RE_CEDED_NON_RETRO ,Commercial P&C - Non Motor_PAA_Ceded,PAA_Ceded,P&C_Energy ST_PAA_P,0.0,0.0
NI03PENGYST2017,PAA,2017,20,20171231_USD_LP100_AVG,1_JANUARY,0.0,0,INCEPTION_YIELD,4_NO,1_YES_INCL_CALIBRATION,84,1_IF,USD,NGN,3_RE_CEDED_NON_RETRO ,Commercial P&C - Non Motor_PAA_Ceded,PAA_Ceded,P&C_Energy ST_PAA_P,0.0,0.0
NI03PENGYST2018,PAA,2018,20,20181231_USD_LP100_AVG,1_JANUARY,0.0,0,INCEPTION_YIELD,4_NO,1_YES_INCL_CALIBRATION,72,1_IF,USD,NGN,3_RE_CEDED_NON_RETRO ,Commercial P&C - Non Motor_PAA_Ceded,PAA_Ceded,P&C_Energy ST_PAA_P,0.0,0.0
NI03PENGYST2019,PAA,2019,20,20191231_USD_LP100_AVG,1_JANUARY,0.0,0,INCEPTION_YIELD,4_NO,1_YES_INCL_CALIBRATION,60,1_IF,USD,NGN,3_RE_CEDED_NON_RETRO ,Commercial P&C - Non Motor_PAA_Ceded,PAA_Ceded,P&C_Energy ST_PAA_P,0.0,0.0
NI03PENGYST2020,PAA,2020,20,20201231_USD_LP100_AVG,1_JANUARY,0.0,0,INCEPTION_YIELD,4_NO,1_YES_INCL_CALIBRATION,48,1_IF,USD,NGN,3_RE_CEDED_NON_RETRO ,Commercial P&C - Non Motor_PAA_Ceded,PAA_Ceded,P&C_Energy ST_PAA_P,0.0,0.0
NI03PENGYST2021,PAA,2021,20,20211231_USD_LP100_AVG,1_JANUARY,0.0,0,INCEPTION_YIELD,4_NO,1_YES_INCL_CALIBRATION,36,1_IF,USD,NGN,3_RE_CEDED_NON_RETRO ,Commercial P&C - Non Motor_PAA_Ceded,PAA_Ceded,P&C_Energy ST_PAA_P,0.0,0.0
NI03PENGYST2022,PAA,2022,20,20221231_USD_LP100_AVG,1_JANUARY,0.0,0,INCEPTION_YIELD,4_NO,1_YES_INCL_CALIBRATION,24,1_IF,USD,NGN,3_RE_CEDED_NON_RETRO ,Commercial P&C - Non Motor_PAA_Ceded,PAA_Ceded,P&C_Energy ST_PAA_P,0.0,0.0
NI03PENGYST2023,PAA,2023,20,20231231_USD_LP100_AVG,1_JANUARY,0.0,0,INCEPTION_YIELD,4_NO,1_YES_INCL_CALIBRATION,12,1_IF,USD,NGN,3_RE_CEDED_NON_RETRO ,Commercial P&C - Non Motor_PAA_Ceded,PAA_Ceded,P&C_Energy ST_PAA_P,0.0,0.0
NI03PENGYST2024,PAA,2024,20,20241231_USD_LP100_AVG,1_JANUARY,0.0,0,INCEPTION_YIELD,4_NO,1_YES_INCL_CALIBRATION,0,1_IF,USD,NGN,3_RE_CEDED_NON_RETRO ,Commercial P&C - Non Motor_PAA_Ceded,PAA_Ceded,P&C_Energy ST_PAA_P,0.0,0.0
NI03PENGYST2025,PAA,2025,20,20251231_USD_LP100_AVG,13_YEAR_END,0.0,0,INCEPTION_YIELD,4_NO,1_YES_INCL_CALIBRATION,0,1_IF,USD,NGN,3_RE_CEDED_NON_RETRO ,Commercial P&C - Non Motor_PAA_Ceded,PAA_Ceded,P&C_Energy ST_PAA_P,0.0,0.0
NI03PEGNRPF2013,PAA,2013,19,20221231_NGN_LP100_INC,1_JANUARY,0.0,0,INCEPTION_YIELD,4_NO,1_YES_INCL_CALIBRATION,0,1_IF,NGN,NGN,1_DIRECT,Commercial P&C - Non Motor_PAA_Direct,PAA_Direct,P&C_Engineering_PAA_P,0.0,0.0
NI03PEGNRPF2014,PAA,2014,19,20221231_NGN_LP100_INC,1_JANUARY,0.0,0,INCEPTION_YIELD,4_NO,1_YES_INCL_CALIBRATION,0,1_IF,NGN,NGN,1_DIRECT,Commercial P&C - Non Motor_PAA_Direct,PAA_Direct,P&C_Engineering_PAA_P,0.0,0.0
NI03PEGNRPF2015,PAA,2015,19,20221231_NGN_LP100_INC,1_JANUARY,0.0,0,INCEPTION_YIELD,4_NO,1_YES_INCL_CALIBRATION,0,1_IF,NGN,NGN,1_DIRECT,Commercial P&C - Non Motor_PAA_Direct,PAA_Direct,P&C_Engineering_PAA_P,0.0,0.0
NI03PEGNRPF2016,PAA,2016,19,20161231_NGN_LP100_AVG,1_JANUARY,0.0,0,INCEPTION_YIELD,4_NO,1_YES_INCL_CALIBRATION,96,1_IF,NGN,NGN,1_DIRECT,Commercial P&C - Non Motor_PAA_Direct,PAA_Direct,P&C_Engineering_PAA_P,0.0,0.0
NI03PEGNRPF2017,PAA,2017,19,20171231_NGN_LP100_AVG,1_JANUARY,0.0,0,INCEPTION_YIELD,4_NO,1_YES_INCL_CALIBRATION,84,1_IF,NGN,NGN,1_DIRECT,Commercial P&C - Non Motor_PAA_Direct,PAA_Direct,P&C_Engineering_PAA_P,0.0,0.0
NI03PEGNRPF2018,PAA,2018,19,20181231_NGN_LP100_AVG,1_JANUARY,0.0,0,INCEPTION_YIELD,4_NO,1_YES_INCL_CALIBRATION,72,1_IF,NGN,NGN,1_DIRECT,Commercial P&C - Non Motor_PAA_Direct,PAA_Direct,P&C_Engineering_PAA_P,0.0,0.0
NI03PEGNRPF2019,PAA,2019,19,20191231_NGN_LP100_AVG,1_JANUARY,0.0,0,INCEPTION_YIELD,4_NO,1_YES_INCL_CALIBRATION,60,1_IF,NGN,NGN,1_DIRECT,Commercial P&C - Non Motor_PAA_Direct,PAA_Direct,P&C_Engineering_PAA_P,0.0,0.0
NI03PEGNRPF2020,PAA,2020,19,20201231_NGN_LP100_AVG,1_JANUARY,0.0,0,INCEPTION_YIELD,4_NO,1_YES_INCL_CALIBRATION,48,1_IF,NGN,NGN,1_DIRECT,Commercial P&C - Non Motor_PAA_Direct,PAA_Direct,P&C_Engineering_PAA_P,0.0,0.0
NI03PEGNRPF2021,PAA,2021,19,20211231_NGN_LP100_AVG,1_JANUARY,0.0,0,INCEPTION_YIELD,4_NO,1_YES_INCL_CALIBRATION,36,1_IF,NGN,NGN,1_DIRECT,Commercial P&C - Non Motor_PAA_Direct,PAA_Direct,P&C_Engineering_PAA_P,0.0,0.0
NI03PEGNRPF2022,PAA,2022,19,20221231_NGN_LP100_AVG,1_JANUARY,0.0,0,INCEPTION_YIELD,4_NO,1_YES_INCL_CALIBRATION,24,1_IF,NGN,NGN,1_DIRECT,Commercial P&C - Non Motor_PAA_Direct,PAA_Direct,P&C_Engineering_PAA_P,0.0,0.0
NI03PEGNRPF2023,PAA,2023,19,20231231_NGN_LP100_AVG,1_JANUARY,0.0,0,INCEPTION_YIELD,4_NO,1_YES_INCL_CALIBRATION,12,1_IF,NGN,NGN,1_DIRECT,Commercial P&C - Non Motor_PAA_Direct,PAA_Direct,P&C_Engineering_PAA_P,0.0,0.0
NI03PEGNRPF2024,PAA,2024,19,20241231_NGN_LP100_AVG,1_JANUARY,0.0,0,INCEPTION_YIELD,4_NO,1_YES_INCL_CALIBRATION,0,1_IF,NGN,NGN,1_DIRECT,Commercial P&C - Non Motor_PAA_Direct,PAA_Direct,P&C_Engineering_PAA_P,0.0,0.0
NI03PEGNRPF2025,PAA,2025,19,20251231_NGN_LP100_AVG,13_YEAR_END,0.0,0,INCEPTION_YIELD,4_NO,1_YES_INCL_CALIBRATION,0,1_IF,NGN,NGN,1_DIRECT,Commercial P&C - Non Motor_PAA_Direct,PAA_Direct,P&C_Engineering_PAA_P,0.0,0.0
NI03PEGNRST2013,PAA,2013,19,20221231_NGN_LP100_INC,1_JANUARY,0.0,0,INCEPTION_YIELD,4_NO,1_YES_INCL_CALIBRATION,0,1_IF,NGN,NGN,1_DIRECT,Commercial P&C - Non Motor_PAA_Direct,PAA_Direct,P&C_Engineering_PAA_P,0.0,0.0
NI03PEGNRST2014,PAA,2014,19,20221231_NGN_LP100_INC,1_JANUARY,0.0,0,INCEPTION_YIELD,4_NO,1_YES_INCL_CALIBRATION,0,1_IF,NGN,NGN,1_DIRECT,Commercial P&C - Non Motor_PAA_Direct,PAA_Direct,P&C_Engineering_PAA_P,0.0,0.0
NI03PEGNRST2015,PAA,2015,19,20221231_NGN_LP100_INC,1_JANUARY,0.0,0,INCEPTION_YIELD,4_NO,1_YES_INCL_CALIBRATION,0,1_IF,NGN,NGN,1_DIRECT,Commercial P&C - Non Motor_PAA_Direct,PAA_Direct,P&C_Engineering_PAA_P,0.0,0.0
NI03PEGNRST2016,PAA,2016,19,20161231_NGN_LP100_AVG,1_JANUARY,0.0,0,INCEPTION_YIELD,4_NO,1_YES_INCL_CALIBRATION,96,1_IF,NGN,NGN,1_DIRECT,Commercial P&C - Non Motor_PAA_Direct,PAA_Direct,P&C_Engineering_PAA_P,0.0,0.0
NI03PEGNRST2017,PAA,2017,19,20171231_NGN_LP100_AVG,1_JANUARY,0.0,0,INCEPTION_YIELD,4_NO,1_YES_INCL_CALIBRATION,84,1_IF,NGN,NGN,1_DIRECT,Commercial P&C - Non Motor_PAA_Direct,PAA_Direct,P&C_Engineering_PAA_P,0.0,0.0
NI03PEGNRST2018,PAA,2018,19,20181231_NGN_LP100_AVG,1_JANUARY,0.0,0,INCEPTION_YIELD,4_NO,1_YES_INCL_CALIBRATION,72,1_IF,NGN,NGN,1_DIRECT,Commercial P&C - Non Motor_PAA_Direct,PAA_Direct,P&C_Engineering_PAA_P,0.0,0.0
NI03PEGNRST2019,PAA,2019,19,20191231_NGN_LP100_AVG,1_JANUARY,0.0,0,INCEPTION_YIELD,4_NO,1_YES_INCL_CALIBRATION,60,1_IF,NGN,NGN,1_DIRECT,Commercial P&C - Non Motor_PAA_Direct,PAA_Direct,P&C_Engineering_PAA_P,0.0,0.0
NI03PEGNRST2020,PAA,2020,19,20201231_NGN_LP100_AVG,1_JANUARY,0.0,0,INCEPTION_YIELD,4_NO,1_YES_INCL_CALIBRATION,48,1_IF,NGN,NGN,1_DIRECT,Commercial P&C - Non Motor_PAA_Direct,PAA_Direct,P&C_Engineering_PAA_P,0.0,0.0
NI03PEGNRST2021,PAA,2021,19,20211231_NGN_LP100_AVG,1_JANUARY,0.0,0,INCEPTION_YIELD,4_NO,1_YES_INCL_CALIBRATION,36,1_IF,NGN,NGN,1_DIRECT,Commercial P&C - Non Motor_PAA_Direct,PAA_Direct,P&C_Engineering_PAA_P,0.0,0.0
NI03PEGNRST2022,PAA,2022,19,20221231_NGN_LP100_AVG,1_JANUARY,0.0,0,INCEPTION_YIELD,4_NO,1_YES_INCL_CALIBRATION,24,1_IF,NGN,NGN,1_DIRECT,Commercial P&C - Non Motor_PAA_Direct,PAA_Direct,P&C_Engineering_PAA_P,0.0,0.0
NI03PEGNRST2023,PAA,2023,19,20231231_NGN_LP100_AVG,1_JANUARY,0.0,0,INCEPTION_YIELD,4_NO,1_YES_INCL_CALIBRATION,12,1_IF,NGN,NGN,1_DIRECT,Commercial P&C - Non Motor_PAA_Direct,PAA_Direct,P&C_Engineering_PAA_P,0.0,0.0
NI03PEGNRST2024,PAA,2024,19,20241231_NGN_LP100_AVG,1_JANUARY,0.0,0,INCEPTION_YIELD,4_NO,1_YES_INCL_CALIBRATION,0,1_IF,NGN,NGN,1_DIRECT,Commercial P&C - Non Motor_PAA_Direct,PAA_Direct,P&C_Engineering_PAA_P,0.0,0.0
NI03PEGNRST2025,PAA,2025,19,20251231_NGN_LP100_AVG,13_YEAR_END,0.0,0,INCEPTION_YIELD,4_NO,1_YES_INCL_CALIBRATION,0,1_IF,NGN,NGN,1_DIRECT,Commercial P&C - Non Motor_PAA_Direct,PAA_Direct,P&C_Engineering_PAA_P,0.0,0.0
NI03PFICIPF2013,PAA,2013,20,20221231_NGN_LP100_INC,1_JANUARY,0.0,0,INCEPTION_YIELD,4_NO,1_YES_INCL_CALIBRATION,0,1_IF,NGN,NGN,3_RE_CEDED_NON_RETRO ,Commercial P&C - Non Motor_PAA_Ceded,PAA_Ceded,P&C_Fire CI_PF_PAA_P,0.0,0.0
NI03PFICIPF2014,PAA,2014,20,20221231_NGN_LP100_INC,1_JANUARY,0.0,0,INCEPTION_YIELD,4_NO,1_YES_INCL_CALIBRATION,0,1_IF,NGN,NGN,3_RE_CEDED_NON_RETRO ,Commercial P&C - Non Motor_PAA_Ceded,PAA_Ceded,P&C_Fire CI_PF_PAA_P,0.0,0.0
NI03PFICIPF2015,PAA,2015,20,20221231_NGN_LP100_INC,1_JANUARY,0.0,0,INCEPTION_YIELD,4_NO,1_YES_INCL_CALIBRATION,0,1_IF,NGN,NGN,3_RE_CEDED_NON_RETRO ,Commercial P&C - Non Motor_PAA_Ceded,PAA_Ceded,P&C_Fire CI_PF_PAA_P,0.0,0.0
NI03PFICIPF2016,PAA,2016,20,20161231_NGN_LP100_AVG,1_JANUARY,0.0,0,INCEPTION_YIELD,4_NO,1_YES_INCL_CALIBRATION,96,1_IF,NGN,NGN,3_RE_CEDED_NON_RETRO ,Commercial P&C - Non Motor_PAA_Ceded,PAA_Ceded,P&C_Fire CI_PF_PAA_P,0.0,0.0
NI03PFICIPF2017,PAA,2017,20,20171231_NGN_LP100_AVG,1_JANUARY,0.0,0,INCEPTION_YIELD,4_NO,1_YES_INCL_CALIBRATION,84,1_IF,NGN,NGN,3_RE_CEDED_NON_RETRO ,Commercial P&C - Non Motor_PAA_Ceded,PAA_Ceded,P&C_Fire CI_PF_PAA_P,0.0,0.0
NI03PFICIPF2018,PAA,2018,20,20181231_NGN_LP100_AVG,1_JANUARY,0.0,0,INCEPTION_YIELD,4_NO,1_YES_INCL_CALIBRATION,72,1_IF,NGN,NGN,3_RE_CEDED_NON_RETRO ,Commercial P&C - Non Motor_PAA_Ceded,PAA_Ceded,P&C_Fire CI_PF_PAA_P,0.0,0.0
NI03PFICIPF2019,PAA,2019,20,20191231_NGN_LP100_AVG,1_JANUARY,0.0,0,INCEPTION_YIELD,4_NO,1_YES_INCL_CALIBRATION,60,1_IF,NGN,NGN,3_RE_CEDED_NON_RETRO ,Commercial P&C - Non Motor_PAA_Ceded,PAA_Ceded,P&C_Fire CI_PF_PAA_P,0.0,0.0
NI03PFICIPF2020,PAA,2020,20,20201231_NGN_LP100_AVG,1_JANUARY,0.0,0,INCEPTION_YIELD,4_NO,1_YES_INCL_CALIBRATION,48,1_IF,NGN,NGN,3_RE_CEDED_NON_RETRO ,Commercial P&C - Non Motor_PAA_Ceded,PAA_Ceded,P&C_Fire CI_PF_PAA_P,0.0,0.0
NI03PFICIPF2021,PAA,2021,20,20211231_NGN_LP100_AVG,1_JANUARY,0.0,0,INCEPTION_YIELD,4_NO,1_YES_INCL_CALIBRATION,36,1_IF,NGN,NGN,3_RE_CEDED_NON_RETRO ,Commercial P&C - Non Motor_PAA_Ceded,PAA_Ceded,P&C_Fire CI_PF_PAA_P,0.0,0.0
NI03PFICIPF2022,PAA,2022,20,20221231_NGN_LP100_AVG,1_JANUARY,0.0,0,INCEPTION_YIELD,4_NO,1_YES_INCL_CALIBRATION,24,1_IF,NGN,NGN,3_RE_CEDED_NON_RETRO ,Commercial P&C - Non Motor_PAA_Ceded,PAA_Ceded,P&C_Fire CI_PF_PAA_P,0.0,0.0
NI03PFICIPF2023,PAA,2023,20,20231231_NGN_LP100_AVG,1_JANUARY,0.0,0,INCEPTION_YIELD,4_NO,1_YES_INCL_CALIBRATION,12,1_IF,NGN,NGN,3_RE_CEDED_NON_RETRO ,Commercial P&C - Non Motor_PAA_Ceded,PAA_Ceded,P&C_Fire CI_PF_PAA_P,0.0,0.0
NI03PFICIPF2024,PAA,2024,20,20241231_NGN_LP100_AVG,1_JANUARY,0.0,0,INCEPTION_YIELD,4_NO,1_YES_INCL_CALIBRATION,0,1_IF,NGN,NGN,3_RE_CEDED_NON_RETRO ,Commercial P&C - Non Motor_PAA_Ceded,PAA_Ceded,P&C_Fire CI_PF_PAA_P,0.0,0.0
NI03PFICIPF2025,PAA,2025,20,20251231_NGN_LP100_AVG,13_YEAR_END,0.0,0,INCEPTION_YIELD,4_NO,1_YES_INCL_CALIBRATION,0,1_IF,NGN,NGN,3_RE_CEDED_NON_RETRO ,Commercial P&C - Non Motor_PAA_Ceded,PAA_Ceded,P&C_Fire CI_PF_PAA_P,0.0,0.0
NI03PFICIST2013,PAA,2013,20,20221231_NGN_LP100_INC,1_JANUARY,0.0,0,INCEPTION_YIELD,4_NO,1_YES_INCL_CALIBRATION,0,1_IF,NGN,NGN,3_RE_CEDED_NON_RETRO ,Commercial P&C - Non Motor_PAA_Ceded,PAA_Ceded,P&C_Fire CI_ST_PAA_P,0.0,0.0
NI03PFICIST2014,PAA,2014,20,20221231_NGN_LP100_INC,1_JANUARY,0.0,0,INCEPTION_YIELD,4_NO,1_YES_INCL_CALIBRATION,0,1_IF,NGN,NGN,3_RE_CEDED_NON_RETRO ,Commercial P&C - Non Motor_PAA_Ceded,PAA_Ceded,P&C_Fire CI_ST_PAA_P,0.0,0.0
NI03PFICIST2015,PAA,2015,20,20221231_NGN_LP100_INC,1_JANUARY,0.0,0,INCEPTION_YIELD,4_NO,1_YES_INCL_CALIBRATION,0,1_IF,NGN,NGN,3_RE_CEDED_NON_RETRO ,Commercial P&C - Non Motor_PAA_Ceded,PAA_Ceded,P&C_Fire CI_ST_PAA_P,0.0,0.0
NI03PFICIST2016,PAA,2016,20,20161231_NGN_LP100_AVG,1_JANUARY,0.0,0,INCEPTION_YIELD,4_NO,1_YES_INCL_CALIBRATION,96,1_IF,NGN,NGN,3_RE_CEDED_NON_RETRO ,Commercial P&C - Non Motor_PAA_Ceded,PAA_Ceded,P&C_Fire CI_ST_PAA_P,0.0,0.0
NI03PFICIST2017,PAA,2017,20,20171231_NGN_LP100_AVG,1_JANUARY,0.0,0,INCEPTION_YIELD,4_NO,1_YES_INCL_CALIBRATION,84,1_IF,NGN,NGN,3_RE_CEDED_NON_RETRO ,Commercial P&C - Non Motor_PAA_Ceded,PAA_Ceded,P&C_Fire CI_ST_PAA_P,0.0,0.0
NI03PFICIST2018,PAA,2018,20,20181231_NGN_LP100_AVG,1_JANUARY,0.0,0,INCEPTION_YIELD,4_NO,1_YES_INCL_CALIBRATION,72,1_IF,NGN,NGN,3_RE_CEDED_NON_RETRO ,Commercial P&C - Non Motor_PAA_Ceded,PAA_Ceded,P&C_Fire CI_ST_PAA_P,0.0,0.0
NI03PFICIST2019,PAA,2019,20,20191231_NGN_LP100_AVG,1_JANUARY,0.0,0,INCEPTION_YIELD,4_NO,1_YES_INCL_CALIBRATION,60,1_IF,NGN,NGN,3_RE_CEDED_NON_RETRO ,Commercial P&C - Non Motor_PAA_Ceded,PAA_Ceded,P&C_Fire CI_ST_PAA_P,0.0,0.0
NI03PFICIST2020,PAA,2020,20,20201231_NGN_LP100_AVG,1_JANUARY,0.0,0,INCEPTION_YIELD,4_NO,1_YES_INCL_CALIBRATION,48,1_IF,NGN,NGN,3_RE_CEDED_NON_RETRO ,Commercial P&C - Non Motor_PAA_Ceded,PAA_Ceded,P&C_Fire CI_ST_PAA_P,0.0,0.0
NI03PFICIST2021,PAA,2021,20,20211231_NGN_LP100_AVG,1_JANUARY,0.0,0,INCEPTION_YIELD,4_NO,1_YES_INCL_CALIBRATION,36,1_IF,NGN,NGN,3_RE_CEDED_NON_RETRO ,Commercial P&C - Non Motor_PAA_Ceded,PAA_Ceded,P&C_Fire CI_ST_PAA_P,0.0,0.0
NI03PFICIST2022,PAA,2022,20,20221231_NGN_LP100_AVG,1_JANUARY,0.0,0,INCEPTION_YIELD,4_NO,1_YES_INCL_CALIBRATION,24,1_IF,NGN,NGN,3_RE_CEDED_NON_RETRO ,Commercial P&C - Non Motor_PAA_Ceded,PAA_Ceded,P&C_Fire CI_ST_PAA_P,0.0,0.0
NI03PFICIST2023,PAA,2023,20,20231231_NGN_LP100_AVG,1_JANUARY,0.0,0,INCEPTION_YIELD,4_NO,1_YES_INCL_CALIBRATION,12,1_IF,NGN,NGN,3_RE_CEDED_NON_RETRO ,Commercial P&C - Non Motor_PAA_Ceded,PAA_Ceded,P&C_Fire CI_ST_PAA_P,0.0,0.0
NI03PFICIST2024,PAA,2024,20,20241231_NGN_LP100_AVG,1_JANUARY,0.0,0,INCEPTION_YIELD,4_NO,1_YES_INCL_CALIBRATION,0,1_IF,NGN,NGN,3_RE_CEDED_NON_RETRO ,Commercial P&C - Non Motor_PAA_Ceded,PAA_Ceded,P&C_Fire CI_ST_PAA_P,0.0,0.0
NI03PFICIST2025,PAA,2025,20,20251231_NGN_LP100_AVG,13_YEAR_END,0.0,0,INCEPTION_YIELD,4_NO,1_YES_INCL_CALIBRATION,0,1_IF,NGN,NGN,3_RE_CEDED_NON_RETRO ,Commercial P&C - Non Motor_PAA_Ceded,PAA_Ceded,P&C_Fire CI_ST_PAA_P,0.0,0.0
NI03PFIPIPF2013,PAA,2013,20,20221231_NGN_LP100_INC,1_JANUARY,0.0,0,INCEPTION_YIELD,4_NO,1_YES_INCL_CALIBRATION,0,1_IF,NGN,NGN,3_RE_CEDED_NON_RETRO ,Personal P&C - Non Motor_PAA_Ceded,PAA_Ceded,P&C_Fire PI_PF_PAA_P,0.0,0.0
NI03PFIPIPF2014,PAA,2014,20,20221231_NGN_LP100_INC,1_JANUARY,0.0,0,INCEPTION_YIELD,4_NO,1_YES_INCL_CALIBRATION,0,1_IF,NGN,NGN,3_RE_CEDED_NON_RETRO ,Personal P&C - Non Motor_PAA_Ceded,PAA_Ceded,P&C_Fire PI_PF_PAA_P,0.0,0.0
NI03PFIPIPF2015,PAA,2015,20,20221231_NGN_LP100_INC,1_JANUARY,0.0,0,INCEPTION_YIELD,4_NO,1_YES_INCL_CALIBRATION,0,1_IF,NGN,NGN,3_RE_CEDED_NON_RETRO ,Personal P&C - Non Motor_PAA_Ceded,PAA_Ceded,P&C_Fire PI_PF_PAA_P,0.0,0.0
NI03PFIPIPF2016,PAA,2016,20,20161231_NGN_LP100_AVG,1_JANUARY,0.0,0,INCEPTION_YIELD,4_NO,1_YES_INCL_CALIBRATION,96,1_IF,NGN,NGN,3_RE_CEDED_NON_RETRO ,Personal P&C - Non Motor_PAA_Ceded,PAA_Ceded,P&C_Fire PI_PF_PAA_P,0.0,0.0
NI03PFIPIPF2017,PAA,2017,20,20171231_NGN_LP100_AVG,1_JANUARY,0.0,0,INCEPTION_YIELD,4_NO,1_YES_INCL_CALIBRATION,84,1_IF,NGN,NGN,3_RE_CEDED_NON_RETRO ,Personal P&C - Non Motor_PAA_Ceded,PAA_Ceded,P&C_Fire PI_PF_PAA_P,0.0,0.0
NI03PFIPIPF2018,PAA,2018,20,20181231_NGN_LP100_AVG,1_JANUARY,0.0,0,INCEPTION_YIELD,4_NO,1_YES_INCL_CALIBRATION,72,1_IF,NGN,NGN,3_RE_CEDED_NON_RETRO ,Personal P&C - Non Motor_PAA_Ceded,PAA_Ceded,P&C_Fire PI_PF_PAA_P,0.0,0.0
NI03PFIPIPF2019,PAA,2019,20,20191231_NGN_LP100_AVG,1_JANUARY,0.0,0,INCEPTION_YIELD,4_NO,1_YES_INCL_CALIBRATION,60,1_IF,NGN,NGN,3_RE_CEDED_NON_RETRO ,Personal P&C - Non Motor_PAA_Ceded,PAA_Ceded,P&C_Fire PI_PF_PAA_P,0.0,0.0
NI03PFIPIPF2020,PAA,2020,20,20201231_NGN_LP100_AVG,1_JANUARY,0.0,0,INCEPTION_YIELD,4_NO,1_YES_INCL_CALIBRATION,48,1_IF,NGN,NGN,3_RE_CEDED_NON_RETRO ,Personal P&C - Non Motor_PAA_Ceded,PAA_Ceded,P&C_Fire PI_PF_PAA_P,0.0,0.0
NI03PFIPIPF2021,PAA,2021,20,20211231_NGN_LP100_AVG,1_JANUARY,0.0,0,INCEPTION_YIELD,4_NO,1_YES_INCL_CALIBRATION,36,1_IF,NGN,NGN,3_RE_CEDED_NON_RETRO ,Personal P&C - Non Motor_PAA_Ceded,PAA_Ceded,P&C_Fire PI_PF_PAA_P,0.0,0.0
NI03PFIPIPF2022,PAA,2022,20,20221231_NGN_LP100_AVG,1_JANUARY,0.0,0,INCEPTION_YIELD,4_NO,1_YES_INCL_CALIBRATION,24,1_IF,NGN,NGN,3_RE_CEDED_NON_RETRO ,Personal P&C - Non Motor_PAA_Ceded,PAA_Ceded,P&C_Fire PI_PF_PAA_P,0.0,0.0
NI03PFIPIPF2023,PAA,2023,20,20231231_NGN_LP100_AVG,1_JANUARY,0.0,0,INCEPTION_YIELD,4_NO,1_YES_INCL_CALIBRATION,12,1_IF,NGN,NGN,3_RE_CEDED_NON_RETRO ,Personal P&C - Non Motor_PAA_Ceded,PAA_Ceded,P&C_Fire PI_PF_PAA_P,0.0,0.0
NI03PFIPIPF2024,PAA,2024,20,20241231_NGN_LP100_AVG,1_JANUARY,0.0,0,INCEPTION_YIELD,4_NO,1_YES_INCL_CALIBRATION,0,1_IF,NGN,NGN,3_RE_CEDED_NON_RETRO ,Personal P&C - Non Motor_PAA_Ceded,PAA_Ceded,P&C_Fire PI_PF_PAA_P,0.0,0.0
NI03PFIPIPF2025,PAA,2025,20,20251231_NGN_LP100_AVG,13_YEAR_END,0.0,0,INCEPTION_YIELD,4_NO,1_YES_INCL_CALIBRATION,0,1_IF,NGN,NGN,3_RE_CEDED_NON_RETRO ,Personal P&C - Non Motor_PAA_Ceded,PAA_Ceded,P&C_Fire PI_PF_PAA_P,0.0,0.0
NI03PFIPIST2013,PAA,2013,20,20221231_NGN_LP100_INC,1_JANUARY,0.0,0,INCEPTION_YIELD,4_NO,1_YES_INCL_CALIBRATION,0,1_IF,NGN,NGN,3_RE_CEDED_NON_RETRO ,Personal P&C - Non Motor_PAA_Ceded,PAA_Ceded,P&C_Fire PI_ST_PAA_P,0.0,0.0
NI03PFIPIST2014,PAA,2014,20,20221231_NGN_LP100_INC,1_JANUARY,0.0,0,INCEPTION_YIELD,4_NO,1_YES_INCL_CALIBRATION,0,1_IF,NGN,NGN,3_RE_CEDED_NON_RETRO ,Personal P&C - Non Motor_PAA_Ceded,PAA_Ceded,P&C_Fire PI_ST_PAA_P,0.0,0.0
NI03PFIPIST2015,PAA,2015,20,20221231_NGN_LP100_INC,1_JANUARY,0.0,0,INCEPTION_YIELD,4_NO,1_YES_INCL_CALIBRATION,0,1_IF,NGN,NGN,3_RE_CEDED_NON_RETRO ,Personal P&C - Non Motor_PAA_Ceded,PAA_Ceded,P&C_Fire PI_ST_PAA_P,0.0,0.0
NI03PFIPIST2016,PAA,2016,20,20161231_NGN_LP100_AVG,1_JANUARY,0.0,0,INCEPTION_YIELD,4_NO,1_YES_INCL_CALIBRATION,96,1_IF,NGN,NGN,3_RE_CEDED_NON_RETRO ,Personal P&C - Non Motor_PAA_Ceded,PAA_Ceded,P&C_Fire PI_ST_PAA_P,0.0,0.0
NI03PFIPIST2017,PAA,2017,20,20171231_NGN_LP100_AVG,1_JANUARY,0.0,0,INCEPTION_YIELD,4_NO,1_YES_INCL_CALIBRATION,84,1_IF,NGN,NGN,3_RE_CEDED_NON_RETRO ,Personal P&C - Non Motor_PAA_Ceded,PAA_Ceded,P&C_Fire PI_ST_PAA_P,0.0,0.0
NI03PFIPIST2018,PAA,2018,20,20181231_NGN_LP100_AVG,1_JANUARY,0.0,0,INCEPTION_YIELD,4_NO,1_YES_INCL_CALIBRATION,72,1_IF,NGN,NGN,3_RE_CEDED_NON_RETRO ,Personal P&C - Non Motor_PAA_Ceded,PAA_Ceded,P&C_Fire PI_ST_PAA_P,0.0,0.0
NI03PFIPIST2019,PAA,2019,20,20191231_NGN_LP100_AVG,1_JANUARY,0.0,0,INCEPTION_YIELD,4_NO,1_YES_INCL_CALIBRATION,60,1_IF,NGN,NGN,3_RE_CEDED_NON_RETRO ,Personal P&C - Non Motor_PAA_Ceded,PAA_Ceded,P&C_Fire PI_ST_PAA_P,0.0,0.0
NI03PFIPIST2020,PAA,2020,20,20201231_NGN_LP100_AVG,1_JANUARY,0.0,0,INCEPTION_YIELD,4_NO,1_YES_INCL_CALIBRATION,48,1_IF,NGN,NGN,3_RE_CEDED_NON_RETRO ,Personal P&C - Non Motor_PAA_Ceded,PAA_Ceded,P&C_Fire PI_ST_PAA_P,0.0,0.0
NI03PFIPIST2021,PAA,2021,20,20211231_NGN_LP100_AVG,1_JANUARY,0.0,0,INCEPTION_YIELD,4_NO,1_YES_INCL_CALIBRATION,36,1_IF,NGN,NGN,3_RE_CEDED_NON_RETRO ,Personal P&C - Non Motor_PAA_Ceded,PAA_Ceded,P&C_Fire PI_ST_PAA_P,0.0,0.0
NI03PFIPIST2022,PAA,2022,20,20221231_NGN_LP100_AVG,1_JANUARY,0.0,0,INCEPTION_YIELD,4_NO,1_YES_INCL_CALIBRATION,24,1_IF,NGN,NGN,3_RE_CEDED_NON_RETRO ,Personal P&C - Non Motor_PAA_Ceded,PAA_Ceded,P&C_Fire PI_ST_PAA_P,0.0,0.0
NI03PFIPIST2023,PAA,2023,20,20231231_NGN_LP100_AVG,1_JANUARY,0.0,0,INCEPTION_YIELD,4_NO,1_YES_INCL_CALIBRATION,12,1_IF,NGN,NGN,3_RE_CEDED_NON_RETRO ,Personal P&C - Non Motor_PAA_Ceded,PAA_Ceded,P&C_Fire PI_ST_PAA_P,0.0,0.0
NI03PFIPIST2024,PAA,2024,20,20241231_NGN_LP100_AVG,1_JANUARY,0.0,0,INCEPTION_YIELD,4_NO,1_YES_INCL_CALIBRATION,0,1_IF,NGN,NGN,3_RE_CEDED_NON_RETRO ,Personal P&C - Non Motor_PAA_Ceded,PAA_Ceded,P&C_Fire PI_ST_PAA_P,0.0,0.0
NI03PFIPIST2025,PAA,2025,20,20251231_NGN_LP100_AVG,13_YEAR_END,0.0,0,INCEPTION_YIELD,4_NO,1_YES_INCL_CALIBRATION,0,1_IF,NGN,NGN,3_RE_CEDED_NON_RETRO ,Personal P&C - Non Motor_PAA_Ceded,PAA_Ceded,P&C_Fire PI_ST_PAA_P,0.0,0.0
NI03PFXARCI2013,PAA,2013,20,20151231_NGN_LP100_AVG,1_JANUARY,0.0,0,INCEPTION_YIELD,4_NO,1_YES_INCL_CALIBRATION,0,1_IF,NGN,NGN,3_RE_CEDED_NON_RETRO ,Commercial P&C - Non Motor_PAA_Ceded,PAA_Ceded,P&C_FX RI_PAA_P,0.0,0.0
NI03PFXARCI2014,PAA,2014,20,20151231_NGN_LP100_AVG,1_JANUARY,0.0,0,INCEPTION_YIELD,4_NO,1_YES_INCL_CALIBRATION,0,1_IF,NGN,NGN,3_RE_CEDED_NON_RETRO ,Commercial P&C - Non Motor_PAA_Ceded,PAA_Ceded,P&C_FX RI_PAA_P,0.0,0.0
NI03PFXARCI2015,PAA,2015,20,20151231_NGN_LP100_AVG,1_JANUARY,0.0,0,INCEPTION_YIELD,4_NO,1_YES_INCL_CALIBRATION,0,1_IF,NGN,NGN,3_RE_CEDED_NON_RETRO ,Commercial P&C - Non Motor_PAA_Ceded,PAA_Ceded,P&C_FX RI_PAA_P,0.0,0.0
NI03PFXARCI2016,PAA,2016,20,20151231_NGN_LP100_AVG,1_JANUARY,0.0,0,INCEPTION_YIELD,4_NO,1_YES_INCL_CALIBRATION,96,1_IF,NGN,NGN,3_RE_CEDED_NON_RETRO ,Commercial P&C - Non Motor_PAA_Ceded,PAA_Ceded,P&C_FX RI_PAA_P,0.0,0.0
NI03PFXARCI2017,PAA,2017,20,20151231_NGN_LP100_AVG,1_JANUARY,0.0,0,INCEPTION_YIELD,4_NO,1_YES_INCL_CALIBRATION,84,1_IF,NGN,NGN,3_RE_CEDED_NON_RETRO ,Commercial P&C - Non Motor_PAA_Ceded,PAA_Ceded,P&C_FX RI_PAA_P,0.0,0.0
NI03PFXARCI2018,PAA,2018,20,20151231_NGN_LP100_AVG,1_JANUARY,0.0,0,INCEPTION_YIELD,4_NO,1_YES_INCL_CALIBRATION,72,1_IF,NGN,NGN,3_RE_CEDED_NON_RETRO ,Commercial P&C - Non Motor_PAA_Ceded,PAA_Ceded,P&C_FX RI_PAA_P,0.0,0.0
NI03PFXARCI2019,PAA,2019,20,20151231_NGN_LP100_AVG,1_JANUARY,0.0,0,INCEPTION_YIELD,4_NO,1_YES_INCL_CALIBRATION,60,1_IF,NGN,NGN,3_RE_CEDED_NON_RETRO ,Commercial P&C - Non Motor_PAA_Ceded,PAA_Ceded,P&C_FX RI_PAA_P,0.0,0.0
NI03PFXARCI2020,PAA,2020,20,20151231_NGN_LP100_AVG,1_JANUARY,0.0,0,INCEPTION_YIELD,4_NO,1_YES_INCL_CALIBRATION,48,1_IF,NGN,NGN,3_RE_CEDED_NON_RETRO ,Commercial P&C - Non Motor_PAA_Ceded,PAA_Ceded,P&C_FX RI_PAA_P,0.0,0.0
NI03PFXARCI2021,PAA,2021,20,20151231_NGN_LP100_AVG,1_JANUARY,0.0,0,INCEPTION_YIELD,4_NO,1_YES_INCL_CALIBRATION,36,1_IF,NGN,NGN,3_RE_CEDED_NON_RETRO ,Commercial P&C - Non Motor_PAA_Ceded,PAA_Ceded,P&C_FX RI_PAA_P,0.0,0.0
NI03PFXARCI2022,PAA,2022,20,20151231_NGN_LP100_AVG,1_JANUARY,0.0,0,INCEPTION_YIELD,4_NO,1_YES_INCL_CALIBRATION,24,1_IF,NGN,NGN,3_RE_CEDED_NON_RETRO ,Commercial P&C - Non Motor_PAA_Ceded,PAA_Ceded,P&C_FX RI_PAA_P,0.0,0.0
NI03PFXARCI2023,PAA,2023,20,20151231_NGN_LP100_AVG,1_JANUARY,0.0,0,INCEPTION_YIELD,4_NO,1_YES_INCL_CALIBRATION,12,1_IF,NGN,NGN,3_RE_CEDED_NON_RETRO ,Commercial P&C - Non Motor_PAA_Ceded,PAA_Ceded,P&C_FX RI_PAA_P,0.0,0.0
NI03PFXARCI2024,PAA,2024,20,20151231_NGN_LP100_AVG,1_JANUARY,0.0,0,INCEPTION_YIELD,4_NO,1_YES_INCL_CALIBRATION,0,1_IF,NGN,NGN,3_RE_CEDED_NON_RETRO ,Commercial P&C - Non Motor_PAA_Ceded,PAA_Ceded,P&C_FX RI_PAA_P,0.0,0.0
NI03PFXARCI2025,PAA,2025,20,20151231_NGN_LP100_AVG,13_YEAR_END,0.0,0,INCEPTION_YIELD,4_NO,1_YES_INCL_CALIBRATION,0,1_IF,NGN,NGN,3_RE_CEDED_NON_RETRO ,Commercial P&C - Non Motor_PAA_Ceded,PAA_Ceded,P&C_FX RI_PAA_P,0.0,0.0
NI03PGACIPF2013,PAA,2013,20,20221231_NGN_LP100_INC,1_JANUARY,0.0,0,INCEPTION_YIELD,4_NO,1_YES_INCL_CALIBRATION,0,1_IF,NGN,NGN,3_RE_CEDED_NON_RETRO ,Commercial P&C - Non Motor_PAA_Ceded,PAA_Ceded,P&C_GA CI_PF_PAA_P,0.0,0.0
NI03PGACIPF2014,PAA,2014,20,20221231_NGN_LP100_INC,1_JANUARY,0.0,0,INCEPTION_YIELD,4_NO,1_YES_INCL_CALIBRATION,0,1_IF,NGN,NGN,3_RE_CEDED_NON_RETRO ,Commercial P&C - Non Motor_PAA_Ceded,PAA_Ceded,P&C_GA CI_PF_PAA_P,0.0,0.0
NI03PGACIPF2015,PAA,2015,20,20221231_NGN_LP100_INC,1_JANUARY,0.0,0,INCEPTION_YIELD,4_NO,1_YES_INCL_CALIBRATION,0,1_IF,NGN,NGN,3_RE_CEDED_NON_RETRO ,Commercial P&C - Non Motor_PAA_Ceded,PAA_Ceded,P&C_GA CI_PF_PAA_P,0.0,0.0
NI03PGACIPF2016,PAA,2016,20,20161231_NGN_LP100_AVG,1_JANUARY,0.0,0,INCEPTION_YIELD,4_NO,1_YES_INCL_CALIBRATION,96,1_IF,NGN,NGN,3_RE_CEDED_NON_RETRO ,Commercial P&C - Non Motor_PAA_Ceded,PAA_Ceded,P&C_GA CI_PF_PAA_P,0.0,0.0
NI03PGACIPF2017,PAA,2017,20,20171231_NGN_LP100_AVG,1_JANUARY,0.0,0,INCEPTION_YIELD,4_NO,1_YES_INCL_CALIBRATION,84,1_IF,NGN,NGN,3_RE_CEDED_NON_RETRO ,Commercial P&C - Non Motor_PAA_Ceded,PAA_Ceded,P&C_GA CI_PF_PAA_P,0.0,0.0
NI03PGACIPF2018,PAA,2018,20,20181231_NGN_LP100_AVG,1_JANUARY,0.0,0,INCEPTION_YIELD,4_NO,1_YES_INCL_CALIBRATION,72,1_IF,NGN,NGN,3_RE_CEDED_NON_RETRO ,Commercial P&C - Non Motor_PAA_Ceded,PAA_Ceded,P&C_GA CI_PF_PAA_P,0.0,0.0
NI03PGACIPF2019,PAA,2019,20,20191231_NGN_LP100_AVG,1_JANUARY,0.0,0,INCEPTION_YIELD,4_NO,1_YES_INCL_CALIBRATION,60,1_IF,NGN,NGN,3_RE_CEDED_NON_RETRO ,Commercial P&C - Non Motor_PAA_Ceded,PAA_Ceded,P&C_GA CI_PF_PAA_P,0.0,0.0
NI03PGACIPF2020,PAA,2020,20,20201231_NGN_LP100_AVG,1_JANUARY,0.0,0,INCEPTION_YIELD,4_NO,1_YES_INCL_CALIBRATION,48,1_IF,NGN,NGN,3_RE_CEDED_NON_RETRO ,Commercial P&C - Non Motor_PAA_Ceded,PAA_Ceded,P&C_GA CI_PF_PAA_P,0.0,0.0
NI03PGACIPF2021,PAA,2021,20,20211231_NGN_LP100_AVG,1_JANUARY,0.0,0,INCEPTION_YIELD,4_NO,1_YES_INCL_CALIBRATION,36,1_IF,NGN,NGN,3_RE_CEDED_NON_RETRO ,Commercial P&C - Non Motor_PAA_Ceded,PAA_Ceded,P&C_GA CI_PF_PAA_P,0.0,0.0
NI03PGACIPF2022,PAA,2022,20,20221231_NGN_LP100_AVG,1_JANUARY,0.0,0,INCEPTION_YIELD,4_NO,1_YES_INCL_CALIBRATION,24,1_IF,NGN,NGN,3_RE_CEDED_NON_RETRO ,Commercial P&C - Non Motor_PAA_Ceded,PAA_Ceded,P&C_GA CI_PF_PAA_P,0.0,0.0
NI03PGACIPF2023,PAA,2023,20,20231231_NGN_LP100_AVG,1_JANUARY,0.0,0,INCEPTION_YIELD,4_NO,1_YES_INCL_CALIBRATION,12,1_IF,NGN,NGN,3_RE_CEDED_NON_RETRO ,Commercial P&C - Non Motor_PAA_Ceded,PAA_Ceded,P&C_GA CI_PF_PAA_P,0.0,0.0
NI03PGACIPF2024,PAA,2024,20,20241231_NGN_LP100_AVG,1_JANUARY,0.0,0,INCEPTION_YIELD,4_NO,1_YES_INCL_CALIBRATION,0,1_IF,NGN,NGN,3_RE_CEDED_NON_RETRO ,Commercial P&C - Non Motor_PAA_Ceded,PAA_Ceded,P&C_GA CI_PF_PAA_P,0.0,0.0
NI03PGACIPF2025,PAA,2025,20,20251231_NGN_LP100_AVG,13_YEAR_END,0.0,0,INCEPTION_YIELD,4_NO,1_YES_INCL_CALIBRATION,0,1_IF,NGN,NGN,3_RE_CEDED_NON_RETRO ,Commercial P&C - Non Motor_PAA_Ceded,PAA_Ceded,P&C_GA CI_PF_PAA_P,0.0,0.0
NI03PGACIXL2013,PAA,2013,20,20221231_NGN_LP100_INC,1_JANUARY,0.0,0,INCEPTION_YIELD,4_NO,1_YES_INCL_CALIBRATION,0,1_IF,NGN,NGN,3_RE_CEDED_NON_RETRO ,Commercial P&C - Non Motor_PAA_Ceded,PAA_Ceded,P&C_GA CI_XL_PAA_P,0.0,0.0
NI03PGACIXL2014,PAA,2014,20,20221231_NGN_LP100_INC,1_JANUARY,0.0,0,INCEPTION_YIELD,4_NO,1_YES_INCL_CALIBRATION,0,1_IF,NGN,NGN,3_RE_CEDED_NON_RETRO ,Commercial P&C - Non Motor_PAA_Ceded,PAA_Ceded,P&C_GA CI_XL_PAA_P,0.0,0.0
NI03PGACIXL2015,PAA,2015,20,20221231_NGN_LP100_INC,1_JANUARY,0.0,0,INCEPTION_YIELD,4_NO,1_YES_INCL_CALIBRATION,0,1_IF,NGN,NGN,3_RE_CEDED_NON_RETRO ,Commercial P&C - Non Motor_PAA_Ceded,PAA_Ceded,P&C_GA CI_XL_PAA_P,0.0,0.0
NI03PGACIXL2016,PAA,2016,20,20161231_NGN_LP100_AVG,1_JANUARY,0.0,0,INCEPTION_YIELD,4_NO,1_YES_INCL_CALIBRATION,96,1_IF,NGN,NGN,3_RE_CEDED_NON_RETRO ,Commercial P&C - Non Motor_PAA_Ceded,PAA_Ceded,P&C_GA CI_XL_PAA_P,0.0,0.0
NI03PGACIXL2017,PAA,2017,20,20171231_NGN_LP100_AVG,1_JANUARY,0.0,0,INCEPTION_YIELD,4_NO,1_YES_INCL_CALIBRATION,84,1_IF,NGN,NGN,3_RE_CEDED_NON_RETRO ,Commercial P&C - Non Motor_PAA_Ceded,PAA_Ceded,P&C_GA CI_XL_PAA_P,0.0,0.0
NI03PGACIXL2018,PAA,2018,20,20181231_NGN_LP100_AVG,1_JANUARY,0.0,0,INCEPTION_YIELD,4_NO,1_YES_INCL_CALIBRATION,72,1_IF,NGN,NGN,3_RE_CEDED_NON_RETRO ,Commercial P&C - Non Motor_PAA_Ceded,PAA_Ceded,P&C_GA CI_XL_PAA_P,0.0,0.0
NI03PGACIXL2019,PAA,2019,20,20191231_NGN_LP100_AVG,1_JANUARY,0.0,0,INCEPTION_YIELD,4_NO,1_YES_INCL_CALIBRATION,60,1_IF,NGN,NGN,3_RE_CEDED_NON_RETRO ,Commercial P&C - Non Motor_PAA_Ceded,PAA_Ceded,P&C_GA CI_XL_PAA_P,0.0,0.0
NI03PGACIXL2020,PAA,2020,20,20201231_NGN_LP100_AVG,1_JANUARY,0.0,0,INCEPTION_YIELD,4_NO,1_YES_INCL_CALIBRATION,48,1_IF,NGN,NGN,3_RE_CEDED_NON_RETRO ,Commercial P&C - Non Motor_PAA_Ceded,PAA_Ceded,P&C_GA CI_XL_PAA_P,0.0,0.0
NI03PGACIXL2021,PAA,2021,20,20211231_NGN_LP100_AVG,1_JANUARY,0.0,0,INCEPTION_YIELD,4_NO,1_YES_INCL_CALIBRATION,36,1_IF,NGN,NGN,3_RE_CEDED_NON_RETRO ,Commercial P&C - Non Motor_PAA_Ceded,PAA_Ceded,P&C_GA CI_XL_PAA_P,0.0,0.0
NI03PGACIXL2022,PAA,2022,20,20221231_NGN_LP100_AVG,1_JANUARY,0.0,0,INCEPTION_YIELD,4_NO,1_YES_INCL_CALIBRATION,24,1_IF,NGN,NGN,3_RE_CEDED_NON_RETRO ,Commercial P&C - Non Motor_PAA_Ceded,PAA_Ceded,P&C_GA CI_XL_PAA_P,0.0,0.0
NI03PGACIXL2023,PAA,2023,20,20231231_NGN_LP100_AVG,1_JANUARY,0.0,0,INCEPTION_YIELD,4_NO,1_YES_INCL_CALIBRATION,12,1_IF,NGN,NGN,3_RE_CEDED_NON_RETRO ,Commercial P&C - Non Motor_PAA_Ceded,PAA_Ceded,P&C_GA CI_XL_PAA_P,0.0,0.0
NI03PGACIXL2024,PAA,2024,20,20241231_NGN_LP100_AVG,1_JANUARY,0.0,0,INCEPTION_YIELD,4_NO,1_YES_INCL_CALIBRATION,0,1_IF,NGN,NGN,3_RE_CEDED_NON_RETRO ,Commercial P&C - Non Motor_PAA_Ceded,PAA_Ceded,P&C_GA CI_XL_PAA_P,0.0,0.0
NI03PGACIXL2025,PAA,2025,20,20251231_NGN_LP100_AVG,13_YEAR_END,0.0,0,INCEPTION_YIELD,4_NO,1_YES_INCL_CALIBRATION,0,1_IF,NGN,NGN,3_RE_CEDED_NON_RETRO ,Commercial P&C - Non Motor_PAA_Ceded,PAA_Ceded,P&C_GA CI_XL_PAA_P,0.0,0.0
NI03PGAPIPF2013,PAA,2013,20,20221231_NGN_LP100_INC,1_JANUARY,0.0,0,INCEPTION_YIELD,4_NO,1_YES_INCL_CALIBRATION,0,1_IF,NGN,NGN,3_RE_CEDED_NON_RETRO ,Personal P&C - Non Motor_PAA_Ceded,PAA_Ceded,P&C_GA PI_PF_PAA_P,0.0,0.0
NI03PGAPIPF2014,PAA,2014,20,20221231_NGN_LP100_INC,1_JANUARY,0.0,0,INCEPTION_YIELD,4_NO,1_YES_INCL_CALIBRATION,0,1_IF,NGN,NGN,3_RE_CEDED_NON_RETRO ,Personal P&C - Non Motor_PAA_Ceded,PAA_Ceded,P&C_GA PI_PF_PAA_P,0.0,0.0
NI03PGAPIPF2015,PAA,2015,20,20221231_NGN_LP100_INC,1_JANUARY,0.0,0,INCEPTION_YIELD,4_NO,1_YES_INCL_CALIBRATION,0,1_IF,NGN,NGN,3_RE_CEDED_NON_RETRO ,Personal P&C - Non Motor_PAA_Ceded,PAA_Ceded,P&C_GA PI_PF_PAA_P,0.0,0.0
NI03PGAPIPF2016,PAA,2016,20,20161231_NGN_LP100_AVG,1_JANUARY,0.0,0,INCEPTION_YIELD,4_NO,1_YES_INCL_CALIBRATION,96,1_IF,NGN,NGN,3_RE_CEDED_NON_RETRO ,Personal P&C - Non Motor_PAA_Ceded,PAA_Ceded,P&C_GA PI_PF_PAA_P,0.0,0.0
NI03PGAPIPF2017,PAA,2017,20,20171231_NGN_LP100_AVG,1_JANUARY,0.0,0,INCEPTION_YIELD,4_NO,1_YES_INCL_CALIBRATION,84,1_IF,NGN,NGN,3_RE_CEDED_NON_RETRO ,Personal P&C - Non Motor_PAA_Ceded,PAA_Ceded,P&C_GA PI_PF_PAA_P,0.0,0.0
NI03PGAPIPF2018,PAA,2018,20,20181231_NGN_LP100_AVG,1_JANUARY,0.0,0,INCEPTION_YIELD,4_NO,1_YES_INCL_CALIBRATION,72,1_IF,NGN,NGN,3_RE_CEDED_NON_RETRO ,Personal P&C - Non Motor_PAA_Ceded,PAA_Ceded,P&C_GA PI_PF_PAA_P,0.0,0.0
NI03PGAPIPF2019,PAA,2019,20,20191231_NGN_LP100_AVG,1_JANUARY,0.0,0,INCEPTION_YIELD,4_NO,1_YES_INCL_CALIBRATION,60,1_IF,NGN,NGN,3_RE_CEDED_NON_RETRO ,Personal P&C - Non Motor_PAA_Ceded,PAA_Ceded,P&C_GA PI_PF_PAA_P,0.0,0.0
NI03PGAPIPF2020,PAA,2020,20,20201231_NGN_LP100_AVG,1_JANUARY,0.0,0,INCEPTION_YIELD,4_NO,1_YES_INCL_CALIBRATION,48,1_IF,NGN,NGN,3_RE_CEDED_NON_RETRO ,Personal P&C - Non Motor_PAA_Ceded,PAA_Ceded,P&C_GA PI_PF_PAA_P,0.0,0.0
NI03PGAPIPF2021,PAA,2021,20,20211231_NGN_LP100_AVG,1_JANUARY,0.0,0,INCEPTION_YIELD,4_NO,1_YES_INCL_CALIBRATION,36,1_IF,NGN,NGN,3_RE_CEDED_NON_RETRO ,Personal P&C - Non Motor_PAA_Ceded,PAA_Ceded,P&C_GA PI_PF_PAA_P,0.0,0.0
NI03PGAPIPF2022,PAA,2022,20,20221231_NGN_LP100_AVG,1_JANUARY,0.0,0,INCEPTION_YIELD,4_NO,1_YES_INCL_CALIBRATION,24,1_IF,NGN,NGN,3_RE_CEDED_NON_RETRO ,Personal P&C - Non Motor_PAA_Ceded,PAA_Ceded,P&C_GA PI_PF_PAA_P,0.0,0.0
NI03PGAPIPF2023,PAA,2023,20,20231231_NGN_LP100_AVG,1_JANUARY,0.0,0,INCEPTION_YIELD,4_NO,1_YES_INCL_CALIBRATION,12,1_IF,NGN,NGN,3_RE_CEDED_NON_RETRO ,Personal P&C - Non Motor_PAA_Ceded,PAA_Ceded,P&C_GA PI_PF_PAA_P,0.0,0.0
NI03PGAPIPF2024,PAA,2024,20,20241231_NGN_LP100_AVG,1_JANUARY,0.0,0,INCEPTION_YIELD,4_NO,1_YES_INCL_CALIBRATION,0,1_IF,NGN,NGN,3_RE_CEDED_NON_RETRO ,Personal P&C - Non Motor_PAA_Ceded,PAA_Ceded,P&C_GA PI_PF_PAA_P,0.0,0.0
NI03PGAPIPF2025,PAA,2025,20,20251231_NGN_LP100_AVG,13_YEAR_END,0.0,0,INCEPTION_YIELD,4_NO,1_YES_INCL_CALIBRATION,0,1_IF,NGN,NGN,3_RE_CEDED_NON_RETRO ,Personal P&C - Non Motor_PAA_Ceded,PAA_Ceded,P&C_GA PI_PF_PAA_P,0.0,0.0
NI03PGAPIXL2013,PAA,2013,20,20221231_NGN_LP100_INC,1_JANUARY,0.0,0,INCEPTION_YIELD,4_NO,1_YES_INCL_CALIBRATION,0,1_IF,NGN,NGN,3_RE_CEDED_NON_RETRO ,Personal P&C - Non Motor_PAA_Ceded,PAA_Ceded,P&C_GA PI_XL_PAA_P,0.0,0.0
NI03PGAPIXL2014,PAA,2014,20,20221231_NGN_LP100_INC,1_JANUARY,0.0,0,INCEPTION_YIELD,4_NO,1_YES_INCL_CALIBRATION,0,1_IF,NGN,NGN,3_RE_CEDED_NON_RETRO ,Personal P&C - Non Motor_PAA_Ceded,PAA_Ceded,P&C_GA PI_XL_PAA_P,0.0,0.0
NI03PGAPIXL2015,PAA,2015,20,20221231_NGN_LP100_INC,1_JANUARY,0.0,0,INCEPTION_YIELD,4_NO,1_YES_INCL_CALIBRATION,0,1_IF,NGN,NGN,3_RE_CEDED_NON_RETRO ,Personal P&C - Non Motor_PAA_Ceded,PAA_Ceded,P&C_GA PI_XL_PAA_P,0.0,0.0
NI03PGAPIXL2016,PAA,2016,20,20161231_NGN_LP100_AVG,1_JANUARY,0.0,0,INCEPTION_YIELD,4_NO,1_YES_INCL_CALIBRATION,96,1_IF,NGN,NGN,3_RE_CEDED_NON_RETRO ,Personal P&C - Non Motor_PAA_Ceded,PAA_Ceded,P&C_GA PI_XL_PAA_P,0.0,0.0
NI03PGAPIXL2017,PAA,2017,20,20171231_NGN_LP100_AVG,1_JANUARY,0.0,0,INCEPTION_YIELD,4_NO,1_YES_INCL_CALIBRATION,84,1_IF,NGN,NGN,3_RE_CEDED_NON_RETRO ,Personal P&C - Non Motor_PAA_Ceded,PAA_Ceded,P&C_GA PI_XL_PAA_P,0.0,0.0
NI03PGAPIXL2018,PAA,2018,20,20181231_NGN_LP100_AVG,1_JANUARY,0.0,0,INCEPTION_YIELD,4_NO,1_YES_INCL_CALIBRATION,72,1_IF,NGN,NGN,3_RE_CEDED_NON_RETRO ,Personal P&C - Non Motor_PAA_Ceded,PAA_Ceded,P&C_GA PI_XL_PAA_P,0.0,0.0
NI03PGAPIXL2019,PAA,2019,20,20191231_NGN_LP100_AVG,1_JANUARY,0.0,0,INCEPTION_YIELD,4_NO,1_YES_INCL_CALIBRATION,60,1_IF,NGN,NGN,3_RE_CEDED_NON_RETRO ,Personal P&C - Non Motor_PAA_Ceded,PAA_Ceded,P&C_GA PI_XL_PAA_P,0.0,0.0
NI03PGAPIXL2020,PAA,2020,20,20201231_NGN_LP100_AVG,1_JANUARY,0.0,0,INCEPTION_YIELD,4_NO,1_YES_INCL_CALIBRATION,48,1_IF,NGN,NGN,3_RE_CEDED_NON_RETRO ,Personal P&C - Non Motor_PAA_Ceded,PAA_Ceded,P&C_GA PI_XL_PAA_P,0.0,0.0
NI03PGAPIXL2021,PAA,2021,20,20211231_NGN_LP100_AVG,1_JANUARY,0.0,0,INCEPTION_YIELD,4_NO,1_YES_INCL_CALIBRATION,36,1_IF,NGN,NGN,3_RE_CEDED_NON_RETRO ,Personal P&C - Non Motor_PAA_Ceded,PAA_Ceded,P&C_GA PI_XL_PAA_P,0.0,0.0
NI03PGAPIXL2022,PAA,2022,20,20221231_NGN_LP100_AVG,1_JANUARY,0.0,0,INCEPTION_YIELD,4_NO,1_YES_INCL_CALIBRATION,24,1_IF,NGN,NGN,3_RE_CEDED_NON_RETRO ,Personal P&C - Non Motor_PAA_Ceded,PAA_Ceded,P&C_GA PI_XL_PAA_P,0.0,0.0
NI03PGAPIXL2023,PAA,2023,20,20231231_NGN_LP100_AVG,1_JANUARY,0.0,0,INCEPTION_YIELD,4_NO,1_YES_INCL_CALIBRATION,12,1_IF,NGN,NGN,3_RE_CEDED_NON_RETRO ,Personal P&C - Non Motor_PAA_Ceded,PAA_Ceded,P&C_GA PI_XL_PAA_P,0.0,0.0
NI03PGAPIXL2024,PAA,2024,20,20241231_NGN_LP100_AVG,1_JANUARY,0.0,0,INCEPTION_YIELD,4_NO,1_YES_INCL_CALIBRATION,0,1_IF,NGN,NGN,3_RE_CEDED_NON_RETRO ,Personal P&C - Non Motor_PAA_Ceded,PAA_Ceded,P&C_GA PI_XL_PAA_P,0.0,0.0
NI03PGAPIXL2025,PAA,2025,20,20251231_NGN_LP100_AVG,13_YEAR_END,0.0,0,INCEPTION_YIELD,4_NO,1_YES_INCL_CALIBRATION,0,1_IF,NGN,NGN,3_RE_CEDED_NON_RETRO ,Personal P&C - Non Motor_PAA_Ceded,PAA_Ceded,P&C_GA PI_XL_PAA_P,0.0,0.0
NI03PMCGOST2013,PAA,2013,20,20221231_NGN_LP100_INC,1_JANUARY,0.0,0,INCEPTION_YIELD,4_NO,1_YES_INCL_CALIBRATION,0,1_IF,NGN,NGN,3_RE_CEDED_NON_RETRO ,Commercial P&C - Non Motor_PAA_Ceded,PAA_Ceded,P&C_Marine Cargo_ST_PAA_P,0.0,0.0
NI03PMCGOST2014,PAA,2014,20,20221231_NGN_LP100_INC,1_JANUARY,0.0,0,INCEPTION_YIELD,4_NO,1_YES_INCL_CALIBRATION,0,1_IF,NGN,NGN,3_RE_CEDED_NON_RETRO ,Commercial P&C - Non Motor_PAA_Ceded,PAA_Ceded,P&C_Marine Cargo_ST_PAA_P,0.0,0.0
NI03PMCGOST2015,PAA,2015,20,20221231_NGN_LP100_INC,1_JANUARY,0.0,0,INCEPTION_YIELD,4_NO,1_YES_INCL_CALIBRATION,0,1_IF,NGN,NGN,3_RE_CEDED_NON_RETRO ,Commercial P&C - Non Motor_PAA_Ceded,PAA_Ceded,P&C_Marine Cargo_ST_PAA_P,0.0,0.0
NI03PMCGOST2016,PAA,2016,20,20161231_NGN_LP100_AVG,1_JANUARY,0.0,0,INCEPTION_YIELD,4_NO,1_YES_INCL_CALIBRATION,96,1_IF,NGN,NGN,3_RE_CEDED_NON_RETRO ,Commercial P&C - Non Motor_PAA_Ceded,PAA_Ceded,P&C_Marine Cargo_ST_PAA_P,0.0,0.0
NI03PMCGOST2017,PAA,2017,20,20171231_NGN_LP100_AVG,1_JANUARY,0.0,0,INCEPTION_YIELD,4_NO,1_YES_INCL_CALIBRATION,84,1_IF,NGN,NGN,3_RE_CEDED_NON_RETRO ,Commercial P&C - Non Motor_PAA_Ceded,PAA_Ceded,P&C_Marine Cargo_ST_PAA_P,0.0,0.0
NI03PMCGOST2018,PAA,2018,20,20181231_NGN_LP100_AVG,1_JANUARY,0.0,0,INCEPTION_YIELD,4_NO,1_YES_INCL_CALIBRATION,72,1_IF,NGN,NGN,3_RE_CEDED_NON_RETRO ,Commercial P&C - Non Motor_PAA_Ceded,PAA_Ceded,P&C_Marine Cargo_ST_PAA_P,0.0,0.0
NI03PMCGOST2019,PAA,2019,20,20191231_NGN_LP100_AVG,1_JANUARY,0.0,0,INCEPTION_YIELD,4_NO,1_YES_INCL_CALIBRATION,60,1_IF,NGN,NGN,3_RE_CEDED_NON_RETRO ,Commercial P&C - Non Motor_PAA_Ceded,PAA_Ceded,P&C_Marine Cargo_ST_PAA_P,0.0,0.0
NI03PMCGOST2020,PAA,2020,20,20201231_NGN_LP100_AVG,1_JANUARY,0.0,0,INCEPTION_YIELD,4_NO,1_YES_INCL_CALIBRATION,48,1_IF,NGN,NGN,3_RE_CEDED_NON_RETRO ,Commercial P&C - Non Motor_PAA_Ceded,PAA_Ceded,P&C_Marine Cargo_ST_PAA_P,0.0,0.0
NI03PMCGOST2021,PAA,2021,20,20211231_NGN_LP100_AVG,1_JANUARY,0.0,0,INCEPTION_YIELD,4_NO,1_YES_INCL_CALIBRATION,36,1_IF,NGN,NGN,3_RE_CEDED_NON_RETRO ,Commercial P&C - Non Motor_PAA_Ceded,PAA_Ceded,P&C_Marine Cargo_ST_PAA_P,0.0,0.0
NI03PMCGOST2022,PAA,2022,20,20221231_NGN_LP100_AVG,1_JANUARY,0.0,0,INCEPTION_YIELD,4_NO,1_YES_INCL_CALIBRATION,24,1_IF,NGN,NGN,3_RE_CEDED_NON_RETRO ,Commercial P&C - Non Motor_PAA_Ceded,PAA_Ceded,P&C_Marine Cargo_ST_PAA_P,0.0,0.0
NI03PMCGOST2023,PAA,2023,20,20231231_NGN_LP100_AVG,1_JANUARY,0.0,0,INCEPTION_YIELD,4_NO,1_YES_INCL_CALIBRATION,12,1_IF,NGN,NGN,3_RE_CEDED_NON_RETRO ,Commercial P&C - Non Motor_PAA_Ceded,PAA_Ceded,P&C_Marine Cargo_ST_PAA_P,0.0,0.0
NI03PMCGOST2024,PAA,2024,20,20241231_NGN_LP100_AVG,1_JANUARY,0.0,0,INCEPTION_YIELD,4_NO,1_YES_INCL_CALIBRATION,0,1_IF,NGN,NGN,3_RE_CEDED_NON_RETRO ,Commercial P&C - Non Motor_PAA_Ceded,PAA_Ceded,P&C_Marine Cargo_ST_PAA_P,0.0,0.0
NI03PMCGOST2025,PAA,2025,20,20251231_NGN_LP100_AVG,13_YEAR_END,0.0,0,INCEPTION_YIELD,4_NO,1_YES_INCL_CALIBRATION,0,1_IF,NGN,NGN,3_RE_CEDED_NON_RETRO ,Commercial P&C - Non Motor_PAA_Ceded,PAA_Ceded,P&C_Marine Cargo_ST_PAA_P,0.0,0.0
NI03PMHHLST2013,PAA,2013,20,20221231_NGN_LP100_INC,1_JANUARY,0.0,0,INCEPTION_YIELD,4_NO,1_YES_INCL_CALIBRATION,0,1_IF,NGN,NGN,3_RE_CEDED_NON_RETRO ,Commercial P&C - Non Motor_PAA_Ceded,PAA_Ceded,P&C_Marine Hull_ST_PAA_P,0.0,0.0
NI03PMHHLST2014,PAA,2014,20,20221231_NGN_LP100_INC,1_JANUARY,0.0,0,INCEPTION_YIELD,4_NO,1_YES_INCL_CALIBRATION,0,1_IF,NGN,NGN,3_RE_CEDED_NON_RETRO ,Commercial P&C - Non Motor_PAA_Ceded,PAA_Ceded,P&C_Marine Hull_ST_PAA_P,0.0,0.0
NI03PMHHLST2015,PAA,2015,20,20221231_NGN_LP100_INC,1_JANUARY,0.0,0,INCEPTION_YIELD,4_NO,1_YES_INCL_CALIBRATION,0,1_IF,NGN,NGN,3_RE_CEDED_NON_RETRO ,Commercial P&C - Non Motor_PAA_Ceded,PAA_Ceded,P&C_Marine Hull_ST_PAA_P,0.0,0.0
NI03PMHHLST2016,PAA,2016,20,20161231_NGN_LP100_AVG,1_JANUARY,0.0,0,INCEPTION_YIELD,4_NO,1_YES_INCL_CALIBRATION,96,1_IF,NGN,NGN,3_RE_CEDED_NON_RETRO ,Commercial P&C - Non Motor_PAA_Ceded,PAA_Ceded,P&C_Marine Hull_ST_PAA_P,0.0,0.0
NI03PMHHLST2017,PAA,2017,20,20171231_NGN_LP100_AVG,1_JANUARY,0.0,0,INCEPTION_YIELD,4_NO,1_YES_INCL_CALIBRATION,84,1_IF,NGN,NGN,3_RE_CEDED_NON_RETRO ,Commercial P&C - Non Motor_PAA_Ceded,PAA_Ceded,P&C_Marine Hull_ST_PAA_P,0.0,0.0
NI03PMHHLST2018,PAA,2018,20,20181231_NGN_LP100_AVG,1_JANUARY,0.0,0,INCEPTION_YIELD,4_NO,1_YES_INCL_CALIBRATION,72,1_IF,NGN,NGN,3_RE_CEDED_NON_RETRO ,Commercial P&C - Non Motor_PAA_Ceded,PAA_Ceded,P&C_Marine Hull_ST_PAA_P,0.0,0.0
NI03PMHHLST2019,PAA,2019,20,20191231_NGN_LP100_AVG,1_JANUARY,0.0,0,INCEPTION_YIELD,4_NO,1_YES_INCL_CALIBRATION,60,1_IF,NGN,NGN,3_RE_CEDED_NON_RETRO ,Commercial P&C - Non Motor_PAA_Ceded,PAA_Ceded,P&C_Marine Hull_ST_PAA_P,0.0,0.0
NI03PMHHLST2020,PAA,2020,20,20201231_NGN_LP100_AVG,1_JANUARY,0.0,0,INCEPTION_YIELD,4_NO,1_YES_INCL_CALIBRATION,48,1_IF,NGN,NGN,3_RE_CEDED_NON_RETRO ,Commercial P&C - Non Motor_PAA_Ceded,PAA_Ceded,P&C_Marine Hull_ST_PAA_P,0.0,0.0
NI03PMHHLST2021,PAA,2021,20,20211231_NGN_LP100_AVG,1_JANUARY,0.0,0,INCEPTION_YIELD,4_NO,1_YES_INCL_CALIBRATION,36,1_IF,NGN,NGN,3_RE_CEDED_NON_RETRO ,Commercial P&C - Non Motor_PAA_Ceded,PAA_Ceded,P&C_Marine Hull_ST_PAA_P,0.0,0.0
NI03PMHHLST2022,PAA,2022,20,20221231_NGN_LP100_AVG,1_JANUARY,0.0,0,INCEPTION_YIELD,4_NO,1_YES_INCL_CALIBRATION,24,1_IF,NGN,NGN,3_RE_CEDED_NON_RETRO ,Commercial P&C - Non Motor_PAA_Ceded,PAA_Ceded,P&C_Marine Hull_ST_PAA_P,0.0,0.0
NI03PMHHLST2023,PAA,2023,20,20231231_NGN_LP100_AVG,1_JANUARY,0.0,0,INCEPTION_YIELD,4_NO,1_YES_INCL_CALIBRATION,12,1_IF,NGN,NGN,3_RE_CEDED_NON_RETRO ,Commercial P&C - Non Motor_PAA_Ceded,PAA_Ceded,P&C_Marine Hull_ST_PAA_P,0.0,0.0
NI03PMHHLST2024,PAA,2024,20,20241231_NGN_LP100_AVG,1_JANUARY,0.0,0,INCEPTION_YIELD,4_NO,1_YES_INCL_CALIBRATION,0,1_IF,NGN,NGN,3_RE_CEDED_NON_RETRO ,Commercial P&C - Non Motor_PAA_Ceded,PAA_Ceded,P&C_Marine Hull_ST_PAA_P,0.0,0.0
NI03PMHHLST2025,PAA,2025,20,20251231_NGN_LP100_AVG,13_YEAR_END,0.0,0,INCEPTION_YIELD,4_NO,1_YES_INCL_CALIBRATION,0,1_IF,NGN,NGN,3_RE_CEDED_NON_RETRO ,Commercial P&C - Non Motor_PAA_Ceded,PAA_Ceded,P&C_Marine Hull_ST_PAA_P,0.0,0.0
NI03PMTCIXL2013,PAA,2013,20,20221231_NGN_LP100_INC,1_JANUARY,0.0,0,INCEPTION_YIELD,4_NO,1_YES_INCL_CALIBRATION,0,1_IF,NGN,NGN,3_RE_CEDED_NON_RETRO ,Commercial P&C - Motor_PAA_Ceded,PAA_Ceded,P&C_Motor_XOL_CI_PAA_P,0.0,0.0
NI03PMTCIXL2014,PAA,2014,20,20221231_NGN_LP100_INC,1_JANUARY,0.0,0,INCEPTION_YIELD,4_NO,1_YES_INCL_CALIBRATION,0,1_IF,NGN,NGN,3_RE_CEDED_NON_RETRO ,Commercial P&C - Motor_PAA_Ceded,PAA_Ceded,P&C_Motor_XOL_CI_PAA_P,0.0,0.0
NI03PMTCIXL2015,PAA,2015,20,20221231_NGN_LP100_INC,1_JANUARY,0.0,0,INCEPTION_YIELD,4_NO,1_YES_INCL_CALIBRATION,0,1_IF,NGN,NGN,3_RE_CEDED_NON_RETRO ,Commercial P&C - Motor_PAA_Ceded,PAA_Ceded,P&C_Motor_XOL_CI_PAA_P,0.0,0.0
NI03PMTCIXL2016,PAA,2016,20,20161231_NGN_LP100_AVG,1_JANUARY,0.0,0,INCEPTION_YIELD,4_NO,1_YES_INCL_CALIBRATION,96,1_IF,NGN,NGN,3_RE_CEDED_NON_RETRO ,Commercial P&C - Motor_PAA_Ceded,PAA_Ceded,P&C_Motor_XOL_CI_PAA_P,0.0,0.0
NI03PMTCIXL2017,PAA,2017,20,20171231_NGN_LP100_AVG,1_JANUARY,0.0,0,INCEPTION_YIELD,4_NO,1_YES_INCL_CALIBRATION,84,1_IF,NGN,NGN,3_RE_CEDED_NON_RETRO ,Commercial P&C - Motor_PAA_Ceded,PAA_Ceded,P&C_Motor_XOL_CI_PAA_P,0.0,0.0
NI03PMTCIXL2018,PAA,2018,20,20181231_NGN_LP100_AVG,1_JANUARY,0.0,0,INCEPTION_YIELD,4_NO,1_YES_INCL_CALIBRATION,72,1_IF,NGN,NGN,3_RE_CEDED_NON_RETRO ,Commercial P&C - Motor_PAA_Ceded,PAA_Ceded,P&C_Motor_XOL_CI_PAA_P,0.0,0.0
NI03PMTCIXL2019,PAA,2019,20,20191231_NGN_LP100_AVG,1_JANUARY,0.0,0,INCEPTION_YIELD,4_NO,1_YES_INCL_CALIBRATION,60,1_IF,NGN,NGN,3_RE_CEDED_NON_RETRO ,Commercial P&C - Motor_PAA_Ceded,PAA_Ceded,P&C_Motor_XOL_CI_PAA_P,0.0,0.0
NI03PMTCIXL2020,PAA,2020,20,20201231_NGN_LP100_AVG,1_JANUARY,0.0,0,INCEPTION_YIELD,4_NO,1_YES_INCL_CALIBRATION,48,1_IF,NGN,NGN,3_RE_CEDED_NON_RETRO ,Commercial P&C - Motor_PAA_Ceded,PAA_Ceded,P&C_Motor_XOL_CI_PAA_P,0.0,0.0
NI03PMTCIXL2021,PAA,2021,20,20211231_NGN_LP100_AVG,1_JANUARY,0.0,0,INCEPTION_YIELD,4_NO,1_YES_INCL_CALIBRATION,36,1_IF,NGN,NGN,3_RE_CEDED_NON_RETRO ,Commercial P&C - Motor_PAA_Ceded,PAA_Ceded,P&C_Motor_XOL_CI_PAA_P,0.0,0.0
NI03PMTCIXL2022,PAA,2022,20,20221231_NGN_LP100_AVG,1_JANUARY,0.0,0,INCEPTION_YIELD,4_NO,1_YES_INCL_CALIBRATION,24,1_IF,NGN,NGN,3_RE_CEDED_NON_RETRO ,Commercial P&C - Motor_PAA_Ceded,PAA_Ceded,P&C_Motor_XOL_CI_PAA_P,0.0,0.0
NI03PMTCIXL2023,PAA,2023,20,20231231_NGN_LP100_AVG,1_JANUARY,0.0,0,INCEPTION_YIELD,4_NO,1_YES_INCL_CALIBRATION,12,1_IF,NGN,NGN,3_RE_CEDED_NON_RETRO ,Commercial P&C - Motor_PAA_Ceded,PAA_Ceded,P&C_Motor_XOL_CI_PAA_P,0.0,0.0
NI03PMTCIXL2024,PAA,2024,20,20241231_NGN_LP100_AVG,1_JANUARY,0.0,0,INCEPTION_YIELD,4_NO,1_YES_INCL_CALIBRATION,0,1_IF,NGN,NGN,3_RE_CEDED_NON_RETRO ,Commercial P&C - Motor_PAA_Ceded,PAA_Ceded,P&C_Motor_XOL_CI_PAA_P,0.0,0.0
NI03PMTCIXL2025,PAA,2025,20,20251231_NGN_LP100_AVG,13_YEAR_END,0.0,0,INCEPTION_YIELD,4_NO,1_YES_INCL_CALIBRATION,0,1_IF,NGN,NGN,3_RE_CEDED_NON_RETRO ,Commercial P&C - Motor_PAA_Ceded,PAA_Ceded,P&C_Motor_XOL_CI_PAA_P,0.0,0.0
NI03PMTPIXL2013,PAA,2013,20,20221231_NGN_LP100_INC,1_JANUARY,0.0,0,INCEPTION_YIELD,4_NO,1_YES_INCL_CALIBRATION,0,1_IF,NGN,NGN,3_RE_CEDED_NON_RETRO ,Personal P&C - Motor_PAA_Ceded,PAA_Ceded,P&C_Motor_XOL_PI_PAA_P,0.0,0.0
NI03PMTPIXL2014,PAA,2014,20,20221231_NGN_LP100_INC,1_JANUARY,0.0,0,INCEPTION_YIELD,4_NO,1_YES_INCL_CALIBRATION,0,1_IF,NGN,NGN,3_RE_CEDED_NON_RETRO ,Personal P&C - Motor_PAA_Ceded,PAA_Ceded,P&C_Motor_XOL_PI_PAA_P,0.0,0.0
NI03PMTPIXL2015,PAA,2015,20,20221231_NGN_LP100_INC,1_JANUARY,0.0,0,INCEPTION_YIELD,4_NO,1_YES_INCL_CALIBRATION,0,1_IF,NGN,NGN,3_RE_CEDED_NON_RETRO ,Personal P&C - Motor_PAA_Ceded,PAA_Ceded,P&C_Motor_XOL_PI_PAA_P,0.0,0.0
NI03PMTPIXL2016,PAA,2016,20,20161231_NGN_LP100_AVG,1_JANUARY,0.0,0,INCEPTION_YIELD,4_NO,1_YES_INCL_CALIBRATION,96,1_IF,NGN,NGN,3_RE_CEDED_NON_RETRO ,Personal P&C - Motor_PAA_Ceded,PAA_Ceded,P&C_Motor_XOL_PI_PAA_P,0.0,0.0
NI03PMTPIXL2017,PAA,2017,20,20171231_NGN_LP100_AVG,1_JANUARY,0.0,0,INCEPTION_YIELD,4_NO,1_YES_INCL_CALIBRATION,84,1_IF,NGN,NGN,3_RE_CEDED_NON_RETRO ,Personal P&C - Motor_PAA_Ceded,PAA_Ceded,P&C_Motor_XOL_PI_PAA_P,0.0,0.0
NI03PMTPIXL2018,PAA,2018,20,20181231_NGN_LP100_AVG,1_JANUARY,0.0,0,INCEPTION_YIELD,4_NO,1_YES_INCL_CALIBRATION,72,1_IF,NGN,NGN,3_RE_CEDED_NON_RETRO ,Personal P&C - Motor_PAA_Ceded,PAA_Ceded,P&C_Motor_XOL_PI_PAA_P,0.0,0.0
NI03PMTPIXL2019,PAA,2019,20,20191231_NGN_LP100_AVG,1_JANUARY,0.0,0,INCEPTION_YIELD,4_NO,1_YES_INCL_CALIBRATION,60,1_IF,NGN,NGN,3_RE_CEDED_NON_RETRO ,Personal P&C - Motor_PAA_Ceded,PAA_Ceded,P&C_Motor_XOL_PI_PAA_P,0.0,0.0
NI03PMTPIXL2020,PAA,2020,20,20201231_NGN_LP100_AVG,1_JANUARY,0.0,0,INCEPTION_YIELD,4_NO,1_YES_INCL_CALIBRATION,48,1_IF,NGN,NGN,3_RE_CEDED_NON_RETRO ,Personal P&C - Motor_PAA_Ceded,PAA_Ceded,P&C_Motor_XOL_PI_PAA_P,0.0,0.0
NI03PMTPIXL2021,PAA,2021,20,20211231_NGN_LP100_AVG,1_JANUARY,0.0,0,INCEPTION_YIELD,4_NO,1_YES_INCL_CALIBRATION,36,1_IF,NGN,NGN,3_RE_CEDED_NON_RETRO ,Personal P&C - Motor_PAA_Ceded,PAA_Ceded,P&C_Motor_XOL_PI_PAA_P,0.0,0.0
NI03PMTPIXL2022,PAA,2022,20,20221231_NGN_LP100_AVG,1_JANUARY,0.0,0,INCEPTION_YIELD,4_NO,1_YES_INCL_CALIBRATION,24,1_IF,NGN,NGN,3_RE_CEDED_NON_RETRO ,Personal P&C - Motor_PAA_Ceded,PAA_Ceded,P&C_Motor_XOL_PI_PAA_P,0.0,0.0
NI03PMTPIXL2023,PAA,2023,20,20231231_NGN_LP100_AVG,1_JANUARY,0.0,0,INCEPTION_YIELD,4_NO,1_YES_INCL_CALIBRATION,12,1_IF,NGN,NGN,3_RE_CEDED_NON_RETRO ,Personal P&C - Motor_PAA_Ceded,PAA_Ceded,P&C_Motor_XOL_PI_PAA_P,0.0,0.0
NI03PMTPIXL2024,PAA,2024,20,20241231_NGN_LP100_AVG,1_JANUARY,0.0,0,INCEPTION_YIELD,4_NO,1_YES_INCL_CALIBRATION,0,1_IF,NGN,NGN,3_RE_CEDED_NON_RETRO ,Personal P&C - Motor_PAA_Ceded,PAA_Ceded,P&C_Motor_XOL_PI_PAA_P,0.0,0.0
NI03PMTPIXL2025,PAA,2025,20,20251231_NGN_LP100_AVG,13_YEAR_END,0.0,0,INCEPTION_YIELD,4_NO,1_YES_INCL_CALIBRATION,0,1_IF,NGN,NGN,3_RE_CEDED_NON_RETRO ,Personal P&C - Motor_PAA_Ceded,PAA_Ceded,P&C_Motor_XOL_PI_PAA_P,0.0,0.0
