GOC_SEG_ID,GOC_ID,SEG_ID,ALLOCATION_RATIO
NI03PAVTNCI2013_02_P&C,0.0,0.0,1
NI03PAVTNCI2014_02_P&C,0.0,0.0,1
NI03PAVTNCI2015_02_P&C,0.0,0.0,1
NI03PAVTNCI2016_02_P&C,0.0,0.0,1
NI03PAVTNCI2017_02_P&C,0.0,0.0,1
NI03PAVTNCI2018_02_P&C,0.0,0.0,1
NI03PAVTNCI2019_02_P&C,0.0,0.0,1
NI03PAVTNCI2020_02_P&C,0.0,0.0,1
NI03PAVTNCI2021_02_P&C,0.0,0.0,1
NI03PAVTNCI2022_02_P&C,0.0,0.0,1
NI03PAVTNCI2023_02_P&C,0.0,0.0,1
NI03PAVTNCI2024_02_P&C,0.0,0.0,1
NI03PAVTNCI2025_02_P&C,0.0,0.0,1
NI03PENGYCI2013_02_P&C,0.0,0.0,1
NI03PENGYCI2014_02_P&C,0.0,0.0,1
NI03PENGYCI2015_02_P&C,0.0,0.0,1
NI03PENGYCI2016_02_P&C,0.0,0.0,1
NI03PENGYCI2017_02_P&C,0.0,0.0,1
NI03PENGYCI2018_02_P&C,0.0,0.0,1
NI03PENGYCI2019_02_P&C,0.0,0.0,1
NI03PENGYCI2020_02_P&C,0.0,0.0,1
NI03PENGYCI2021_02_P&C,0.0,0.0,1
NI03PENGYCI2022_02_P&C,0.0,0.0,1
NI03PENGYCI2023_02_P&C,0.0,0.0,1
NI03PENGYCI2024_02_P&C,0.0,0.0,1
NI03PENGYCI2025_02_P&C,0.0,0.0,1
NI03PEGNRCI2013_02_P&C,0.0,0.0,1
NI03PEGNRCI2014_02_P&C,0.0,0.0,1
NI03PEGNRCI2015_02_P&C,0.0,0.0,1
NI03PEGNRCI2016_02_P&C,0.0,0.0,1
NI03PEGNRCI2017_02_P&C,0.0,0.0,1
NI03PEGNRCI2018_02_P&C,0.0,0.0,1
NI03PEGNRCI2019_02_P&C,0.0,0.0,1
NI03PEGNRCI2020_02_P&C,0.0,0.0,1
NI03PEGNRCI2021_02_P&C,0.0,0.0,1
NI03PEGNRCI2022_02_P&C,0.0,0.0,1
NI03PEGNRCI2023_02_P&C,0.0,0.0,1
NI03PEGNRCI2024_02_P&C,0.0,0.0,1
NI03PEGNRCI2025_02_P&C,0.0,0.0,1
NI03PFIRECI2013_02_P&C,0.0,0.0,1
NI03PFIRECI2014_02_P&C,0.0,0.0,1
NI03PFIRECI2015_02_P&C,0.0,0.0,1
NI03PFIRECI2016_02_P&C,0.0,0.0,1
NI03PFIRECI2017_02_P&C,0.0,0.0,1
NI03PFIRECI2018_02_P&C,0.0,0.0,1
NI03PFIRECI2019_02_P&C,0.0,0.0,1
NI03PFIRECI2020_02_P&C,0.0,0.0,1
NI03PFIRECI2021_02_P&C,0.0,0.0,1
NI03PFIRECI2022_02_P&C,0.0,0.0,1
NI03PFIRECI2023_02_P&C,0.0,0.0,1
NI03PFIRECI2024_02_P&C,0.0,0.0,1
NI03PFIRECI2025_02_P&C,0.0,0.0,1
NI03PFIREPI2013_02_P&C,0.0,0.0,1
NI03PFIREPI2014_02_P&C,0.0,0.0,1
NI03PFIREPI2015_02_P&C,0.0,0.0,1
NI03PFIREPI2016_02_P&C,0.0,0.0,1
NI03PFIREPI2017_02_P&C,0.0,0.0,1
NI03PFIREPI2018_02_P&C,0.0,0.0,1
NI03PFIREPI2019_02_P&C,0.0,0.0,1
NI03PFIREPI2020_02_P&C,0.0,0.0,1
NI03PFIREPI2021_02_P&C,0.0,0.0,1
NI03PFIREPI2022_02_P&C,0.0,0.0,1
NI03PFIREPI2023_02_P&C,0.0,0.0,1
NI03PFIREPI2024_02_P&C,0.0,0.0,1
NI03PFIREPI2025_02_P&C,0.0,0.0,1
NI03PFXAGCI2013_02_P&C,0.0,0.0,1
NI03PFXAGCI2014_02_P&C,0.0,0.0,1
NI03PFXAGCI2015_02_P&C,0.0,0.0,1
NI03PFXAGCI2016_02_P&C,0.0,0.0,1
NI03PFXAGCI2017_02_P&C,0.0,0.0,1
NI03PFXAGCI2018_02_P&C,0.0,0.0,1
NI03PFXAGCI2019_02_P&C,0.0,0.0,1
NI03PFXAGCI2020_02_P&C,0.0,0.0,1
NI03PFXAGCI2021_02_P&C,0.0,0.0,1
NI03PFXAGCI2022_02_P&C,0.0,0.0,1
NI03PFXAGCI2023_02_P&C,0.0,0.0,1
NI03PFXAGCI2024_02_P&C,0.0,0.0,1
NI03PFXAGCI2025_02_P&C,0.0,0.0,1
NI03PGAACCI2013_02_P&C,0.0,0.0,1
NI03PGAACCI2014_02_P&C,0.0,0.0,1
NI03PGAACCI2015_02_P&C,0.0,0.0,1
NI03PGAACCI2016_02_P&C,0.0,0.0,1
NI03PGAACCI2017_02_P&C,0.0,0.0,1
NI03PGAACCI2018_02_P&C,0.0,0.0,1
NI03PGAACCI2019_02_P&C,0.0,0.0,1
NI03PGAACCI2020_02_P&C,0.0,0.0,1
NI03PGAACCI2021_02_P&C,0.0,0.0,1
NI03PGAACCI2022_02_P&C,0.0,0.0,1
NI03PGAACCI2023_02_P&C,0.0,0.0,1
NI03PGAACCI2024_02_P&C,0.0,0.0,1
NI03PGAACCI2025_02_P&C,0.0,0.0,1
NI03PGAACPI2013_02_P&C,0.0,0.0,1
NI03PGAACPI2014_02_P&C,0.0,0.0,1
NI03PGAACPI2015_02_P&C,0.0,0.0,1
NI03PGAACPI2016_02_P&C,0.0,0.0,1
NI03PGAACPI2017_02_P&C,0.0,0.0,1
NI03PGAACPI2018_02_P&C,0.0,0.0,1
NI03PGAACPI2019_02_P&C,0.0,0.0,1
NI03PGAACPI2020_02_P&C,0.0,0.0,1
NI03PGAACPI2021_02_P&C,0.0,0.0,1
NI03PGAACPI2022_02_P&C,0.0,0.0,1
NI03PGAACPI2023_02_P&C,0.0,0.0,1
NI03PGAACPI2024_02_P&C,0.0,0.0,1
NI03PGAACPI2025_02_P&C,0.0,0.0,1
NI03PMCGOCI2013_02_P&C,0.0,0.0,1
NI03PMCGOCI2014_02_P&C,0.0,0.0,1
NI03PMCGOCI2015_02_P&C,0.0,0.0,1
NI03PMCGOCI2016_02_P&C,0.0,0.0,1
NI03PMCGOCI2017_02_P&C,0.0,0.0,1
NI03PMCGOCI2018_02_P&C,0.0,0.0,1
NI03PMCGOCI2019_02_P&C,0.0,0.0,1
NI03PMCGOCI2020_02_P&C,0.0,0.0,1
NI03PMCGOCI2021_02_P&C,0.0,0.0,1
NI03PMCGOCI2022_02_P&C,0.0,0.0,1
NI03PMCGOCI2023_02_P&C,0.0,0.0,1
NI03PMCGOCI2024_02_P&C,0.0,0.0,1
NI03PMCGOCI2025_02_P&C,0.0,0.0,1
NI03PMHHLCI2013_02_P&C,0.0,0.0,1
NI03PMHHLCI2014_02_P&C,0.0,0.0,1
NI03PMHHLCI2015_02_P&C,0.0,0.0,1
NI03PMHHLCI2016_02_P&C,0.0,0.0,1
NI03PMHHLCI2017_02_P&C,0.0,0.0,1
NI03PMHHLCI2018_02_P&C,0.0,0.0,1
NI03PMHHLCI2019_02_P&C,0.0,0.0,1
NI03PMHHLCI2020_02_P&C,0.0,0.0,1
NI03PMHHLCI2021_02_P&C,0.0,0.0,1
NI03PMHHLCI2022_02_P&C,0.0,0.0,1
NI03PMHHLCI2023_02_P&C,0.0,0.0,1
NI03PMHHLCI2024_02_P&C,0.0,0.0,1
NI03PMHHLCI2025_02_P&C,0.0,0.0,1
NI03PMTORCI2013_02_P&C,0.0,0.0,1
NI03PMTORCI2014_02_P&C,0.0,0.0,1
NI03PMTORCI2015_02_P&C,0.0,0.0,1
NI03PMTORCI2016_02_P&C,0.0,0.0,1
NI03PMTORCI2017_02_P&C,0.0,0.0,1
NI03PMTORCI2018_02_P&C,0.0,0.0,1
NI03PMTORCI2019_02_P&C,0.0,0.0,1
NI03PMTORCI2020_02_P&C,0.0,0.0,1
NI03PMTORCI2021_02_P&C,0.0,0.0,1
NI03PMTORCI2022_02_P&C,0.0,0.0,1
NI03PMTORCI2023_02_P&C,0.0,0.0,1
NI03PMTORCI2024_02_P&C,0.0,0.0,1
NI03PMTORCI2025_02_P&C,0.0,0.0,1
NI03PMTORPI2013_02_P&C,0.0,0.0,1
NI03PMTORPI2014_02_P&C,0.0,0.0,1
NI03PMTORPI2015_02_P&C,0.0,0.0,1
NI03PMTORPI2016_02_P&C,0.0,0.0,1
NI03PMTORPI2017_02_P&C,0.0,0.0,1
NI03PMTORPI2018_02_P&C,0.0,0.0,1
NI03PMTORPI2019_02_P&C,0.0,0.0,1
NI03PMTORPI2020_02_P&C,0.0,0.0,1
NI03PMTORPI2021_02_P&C,0.0,0.0,1
NI03PMTORPI2022_02_P&C,0.0,0.0,1
NI03PMTORPI2023_02_P&C,0.0,0.0,1
NI03PMTORPI2024_02_P&C,0.0,0.0,1
NI03PMTORPI2025_02_P&C,0.0,0.0,1
NI03PAVTNPF2013_02_P&C,0.0,0.0,1
NI03PAVTNPF2014_02_P&C,0.0,0.0,1
NI03PAVTNPF2015_02_P&C,0.0,0.0,1
NI03PAVTNPF2016_02_P&C,0.0,0.0,1
NI03PAVTNPF2017_02_P&C,0.0,0.0,1
NI03PAVTNPF2018_02_P&C,0.0,0.0,1
NI03PAVTNPF2019_02_P&C,0.0,0.0,1
NI03PAVTNPF2020_02_P&C,0.0,0.0,1
NI03PAVTNPF2021_02_P&C,0.0,0.0,1
NI03PAVTNPF2022_02_P&C,0.0,0.0,1
NI03PAVTNPF2023_02_P&C,0.0,0.0,1
NI03PAVTNPF2024_02_P&C,0.0,0.0,1
NI03PAVTNPF2025_02_P&C,0.0,0.0,1
NI03PENGYPF2013_02_P&C,0.0,0.0,1
NI03PENGYPF2014_02_P&C,0.0,0.0,1
NI03PENGYPF2015_02_P&C,0.0,0.0,1
NI03PENGYPF2016_02_P&C,0.0,0.0,1
NI03PENGYPF2017_02_P&C,0.0,0.0,1
NI03PENGYPF2018_02_P&C,0.0,0.0,1
NI03PENGYPF2019_02_P&C,0.0,0.0,1
NI03PENGYPF2020_02_P&C,0.0,0.0,1
NI03PENGYPF2021_02_P&C,0.0,0.0,1
NI03PENGYPF2022_02_P&C,0.0,0.0,1
NI03PENGYPF2023_02_P&C,0.0,0.0,1
NI03PENGYPF2024_02_P&C,0.0,0.0,1
NI03PENGYPF2025_02_P&C,0.0,0.0,1
NI03PENGYST2013_02_P&C,0.0,0.0,1
NI03PENGYST2014_02_P&C,0.0,0.0,1
NI03PENGYST2015_02_P&C,0.0,0.0,1
NI03PENGYST2016_02_P&C,0.0,0.0,1
NI03PENGYST2017_02_P&C,0.0,0.0,1
NI03PENGYST2018_02_P&C,0.0,0.0,1
NI03PENGYST2019_02_P&C,0.0,0.0,1
NI03PENGYST2020_02_P&C,0.0,0.0,1
NI03PENGYST2021_02_P&C,0.0,0.0,1
NI03PENGYST2022_02_P&C,0.0,0.0,1
NI03PENGYST2023_02_P&C,0.0,0.0,1
NI03PENGYST2024_02_P&C,0.0,0.0,1
NI03PENGYST2025_02_P&C,0.0,0.0,1
NI03PEGNRPF2013_02_P&C,0.0,0.0,1
NI03PEGNRPF2014_02_P&C,0.0,0.0,1
NI03PEGNRPF2015_02_P&C,0.0,0.0,1
NI03PEGNRPF2016_02_P&C,0.0,0.0,1
NI03PEGNRPF2017_02_P&C,0.0,0.0,1
NI03PEGNRPF2018_02_P&C,0.0,0.0,1
NI03PEGNRPF2019_02_P&C,0.0,0.0,1
NI03PEGNRPF2020_02_P&C,0.0,0.0,1
NI03PEGNRPF2021_02_P&C,0.0,0.0,1
NI03PEGNRPF2022_02_P&C,0.0,0.0,1
NI03PEGNRPF2023_02_P&C,0.0,0.0,1
NI03PEGNRPF2024_02_P&C,0.0,0.0,1
NI03PEGNRPF2025_02_P&C,0.0,0.0,1
NI03PEGNRST2013_02_P&C,0.0,0.0,1
NI03PEGNRST2014_02_P&C,0.0,0.0,1
NI03PEGNRST2015_02_P&C,0.0,0.0,1
NI03PEGNRST2016_02_P&C,0.0,0.0,1
NI03PEGNRST2017_02_P&C,0.0,0.0,1
NI03PEGNRST2018_02_P&C,0.0,0.0,1
NI03PEGNRST2019_02_P&C,0.0,0.0,1
NI03PEGNRST2020_02_P&C,0.0,0.0,1
NI03PEGNRST2021_02_P&C,0.0,0.0,1
NI03PEGNRST2022_02_P&C,0.0,0.0,1
NI03PEGNRST2023_02_P&C,0.0,0.0,1
NI03PEGNRST2024_02_P&C,0.0,0.0,1
NI03PEGNRST2025_02_P&C,0.0,0.0,1
NI03PFICIPF2013_02_P&C,0.0,0.0,1
NI03PFICIPF2014_02_P&C,0.0,0.0,1
NI03PFICIPF2015_02_P&C,0.0,0.0,1
NI03PFICIPF2016_02_P&C,0.0,0.0,1
NI03PFICIPF2017_02_P&C,0.0,0.0,1
NI03PFICIPF2018_02_P&C,0.0,0.0,1
NI03PFICIPF2019_02_P&C,0.0,0.0,1
NI03PFICIPF2020_02_P&C,0.0,0.0,1
NI03PFICIPF2021_02_P&C,0.0,0.0,1
NI03PFICIPF2022_02_P&C,0.0,0.0,1
NI03PFICIPF2023_02_P&C,0.0,0.0,1
NI03PFICIPF2024_02_P&C,0.0,0.0,1
NI03PFICIPF2025_02_P&C,0.0,0.0,1
NI03PFICIST2013_02_P&C,0.0,0.0,1
NI03PFICIST2014_02_P&C,0.0,0.0,1
NI03PFICIST2015_02_P&C,0.0,0.0,1
NI03PFICIST2016_02_P&C,0.0,0.0,1
NI03PFICIST2017_02_P&C,0.0,0.0,1
NI03PFICIST2018_02_P&C,0.0,0.0,1
NI03PFICIST2019_02_P&C,0.0,0.0,1
NI03PFICIST2020_02_P&C,0.0,0.0,1
NI03PFICIST2021_02_P&C,0.0,0.0,1
NI03PFICIST2022_02_P&C,0.0,0.0,1
NI03PFICIST2023_02_P&C,0.0,0.0,1
NI03PFICIST2024_02_P&C,0.0,0.0,1
NI03PFICIST2025_02_P&C,0.0,0.0,1
NI03PFIPIPF2013_02_P&C,0.0,0.0,1
NI03PFIPIPF2014_02_P&C,0.0,0.0,1
NI03PFIPIPF2015_02_P&C,0.0,0.0,1
NI03PFIPIPF2016_02_P&C,0.0,0.0,1
NI03PFIPIPF2017_02_P&C,0.0,0.0,1
NI03PFIPIPF2018_02_P&C,0.0,0.0,1
NI03PFIPIPF2019_02_P&C,0.0,0.0,1
NI03PFIPIPF2020_02_P&C,0.0,0.0,1
NI03PFIPIPF2021_02_P&C,0.0,0.0,1
NI03PFIPIPF2022_02_P&C,0.0,0.0,1
NI03PFIPIPF2023_02_P&C,0.0,0.0,1
NI03PFIPIPF2024_02_P&C,0.0,0.0,1
NI03PFIPIPF2025_02_P&C,0.0,0.0,1
NI03PFIPIST2013_02_P&C,0.0,0.0,1
NI03PFIPIST2014_02_P&C,0.0,0.0,1
NI03PFIPIST2015_02_P&C,0.0,0.0,1
NI03PFIPIST2016_02_P&C,0.0,0.0,1
NI03PFIPIST2017_02_P&C,0.0,0.0,1
NI03PFIPIST2018_02_P&C,0.0,0.0,1
NI03PFIPIST2019_02_P&C,0.0,0.0,1
NI03PFIPIST2020_02_P&C,0.0,0.0,1
NI03PFIPIST2021_02_P&C,0.0,0.0,1
NI03PFIPIST2022_02_P&C,0.0,0.0,1
NI03PFIPIST2023_02_P&C,0.0,0.0,1
NI03PFIPIST2024_02_P&C,0.0,0.0,1
NI03PFIPIST2025_02_P&C,0.0,0.0,1
NI03PFXARCI2013_02_P&C,0.0,0.0,1
NI03PFXARCI2014_02_P&C,0.0,0.0,1
NI03PFXARCI2015_02_P&C,0.0,0.0,1
NI03PFXARCI2016_02_P&C,0.0,0.0,1
NI03PFXARCI2017_02_P&C,0.0,0.0,1
NI03PFXARCI2018_02_P&C,0.0,0.0,1
NI03PFXARCI2019_02_P&C,0.0,0.0,1
NI03PFXARCI2020_02_P&C,0.0,0.0,1
NI03PFXARCI2021_02_P&C,0.0,0.0,1
NI03PFXARCI2022_02_P&C,0.0,0.0,1
NI03PFXARCI2023_02_P&C,0.0,0.0,1
NI03PFXARCI2024_02_P&C,0.0,0.0,1
NI03PFXARCI2025_02_P&C,0.0,0.0,1
NI03PGACIPF2013_02_P&C,0.0,0.0,1
NI03PGACIPF2014_02_P&C,0.0,0.0,1
NI03PGACIPF2015_02_P&C,0.0,0.0,1
NI03PGACIPF2016_02_P&C,0.0,0.0,1
NI03PGACIPF2017_02_P&C,0.0,0.0,1
NI03PGACIPF2018_02_P&C,0.0,0.0,1
NI03PGACIPF2019_02_P&C,0.0,0.0,1
NI03PGACIPF2020_02_P&C,0.0,0.0,1
NI03PGACIPF2021_02_P&C,0.0,0.0,1
NI03PGACIPF2022_02_P&C,0.0,0.0,1
NI03PGACIPF2023_02_P&C,0.0,0.0,1
NI03PGACIPF2024_02_P&C,0.0,0.0,1
NI03PGACIPF2025_02_P&C,0.0,0.0,1
NI03PGACIXL2013_02_P&C,0.0,0.0,1
NI03PGACIXL2014_02_P&C,0.0,0.0,1
NI03PGACIXL2015_02_P&C,0.0,0.0,1
NI03PGACIXL2016_02_P&C,0.0,0.0,1
NI03PGACIXL2017_02_P&C,0.0,0.0,1
NI03PGACIXL2018_02_P&C,0.0,0.0,1
NI03PGACIXL2019_02_P&C,0.0,0.0,1
NI03PGACIXL2020_02_P&C,0.0,0.0,1
NI03PGACIXL2021_02_P&C,0.0,0.0,1
NI03PGACIXL2022_02_P&C,0.0,0.0,1
NI03PGACIXL2023_02_P&C,0.0,0.0,1
NI03PGACIXL2024_02_P&C,0.0,0.0,1
NI03PGACIXL2025_02_P&C,0.0,0.0,1
NI03PGAPIPF2013_02_P&C,0.0,0.0,1
NI03PGAPIPF2014_02_P&C,0.0,0.0,1
NI03PGAPIPF2015_02_P&C,0.0,0.0,1
NI03PGAPIPF2016_02_P&C,0.0,0.0,1
NI03PGAPIPF2017_02_P&C,0.0,0.0,1
NI03PGAPIPF2018_02_P&C,0.0,0.0,1
NI03PGAPIPF2019_02_P&C,0.0,0.0,1
NI03PGAPIPF2020_02_P&C,0.0,0.0,1
NI03PGAPIPF2021_02_P&C,0.0,0.0,1
NI03PGAPIPF2022_02_P&C,0.0,0.0,1
NI03PGAPIPF2023_02_P&C,0.0,0.0,1
NI03PGAPIPF2024_02_P&C,0.0,0.0,1
NI03PGAPIPF2025_02_P&C,0.0,0.0,1
NI03PGAPIXL2013_02_P&C,0.0,0.0,1
NI03PGAPIXL2014_02_P&C,0.0,0.0,1
NI03PGAPIXL2015_02_P&C,0.0,0.0,1
NI03PGAPIXL2016_02_P&C,0.0,0.0,1
NI03PGAPIXL2017_02_P&C,0.0,0.0,1
NI03PGAPIXL2018_02_P&C,0.0,0.0,1
NI03PGAPIXL2019_02_P&C,0.0,0.0,1
NI03PGAPIXL2020_02_P&C,0.0,0.0,1
NI03PGAPIXL2021_02_P&C,0.0,0.0,1
NI03PGAPIXL2022_02_P&C,0.0,0.0,1
NI03PGAPIXL2023_02_P&C,0.0,0.0,1
NI03PGAPIXL2024_02_P&C,0.0,0.0,1
NI03PGAPIXL2025_02_P&C,0.0,0.0,1
NI03PMCGOST2013_02_P&C,0.0,0.0,1
NI03PMCGOST2014_02_P&C,0.0,0.0,1
NI03PMCGOST2015_02_P&C,0.0,0.0,1
NI03PMCGOST2016_02_P&C,0.0,0.0,1
NI03PMCGOST2017_02_P&C,0.0,0.0,1
NI03PMCGOST2018_02_P&C,0.0,0.0,1
NI03PMCGOST2019_02_P&C,0.0,0.0,1
NI03PMCGOST2020_02_P&C,0.0,0.0,1
NI03PMCGOST2021_02_P&C,0.0,0.0,1
NI03PMCGOST2022_02_P&C,0.0,0.0,1
NI03PMCGOST2023_02_P&C,0.0,0.0,1
NI03PMCGOST2024_02_P&C,0.0,0.0,1
NI03PMCGOST2025_02_P&C,0.0,0.0,1
NI03PMHHLST2013_02_P&C,0.0,0.0,1
NI03PMHHLST2014_02_P&C,0.0,0.0,1
NI03PMHHLST2015_02_P&C,0.0,0.0,1
NI03PMHHLST2016_02_P&C,0.0,0.0,1
NI03PMHHLST2017_02_P&C,0.0,0.0,1
NI03PMHHLST2018_02_P&C,0.0,0.0,1
NI03PMHHLST2019_02_P&C,0.0,0.0,1
NI03PMHHLST2020_02_P&C,0.0,0.0,1
NI03PMHHLST2021_02_P&C,0.0,0.0,1
NI03PMHHLST2022_02_P&C,0.0,0.0,1
NI03PMHHLST2023_02_P&C,0.0,0.0,1
NI03PMHHLST2024_02_P&C,0.0,0.0,1
NI03PMHHLST2025_02_P&C,0.0,0.0,1
NI03PMTCIXL2013_02_P&C,0.0,0.0,1
NI03PMTCIXL2014_02_P&C,0.0,0.0,1
NI03PMTCIXL2015_02_P&C,0.0,0.0,1
NI03PMTCIXL2016_02_P&C,0.0,0.0,1
NI03PMTCIXL2017_02_P&C,0.0,0.0,1
NI03PMTCIXL2018_02_P&C,0.0,0.0,1
NI03PMTCIXL2019_02_P&C,0.0,0.0,1
NI03PMTCIXL2020_02_P&C,0.0,0.0,1
NI03PMTCIXL2021_02_P&C,0.0,0.0,1
NI03PMTCIXL2022_02_P&C,0.0,0.0,1
NI03PMTCIXL2023_02_P&C,0.0,0.0,1
NI03PMTCIXL2024_02_P&C,0.0,0.0,1
NI03PMTCIXL2025_02_P&C,0.0,0.0,1
NI03PMTPIXL2013_02_P&C,0.0,0.0,1
NI03PMTPIXL2014_02_P&C,0.0,0.0,1
NI03PMTPIXL2015_02_P&C,0.0,0.0,1
NI03PMTPIXL2016_02_P&C,0.0,0.0,1
NI03PMTPIXL2017_02_P&C,0.0,0.0,1
NI03PMTPIXL2018_02_P&C,0.0,0.0,1
NI03PMTPIXL2019_02_P&C,0.0,0.0,1
NI03PMTPIXL2020_02_P&C,0.0,0.0,1
NI03PMTPIXL2021_02_P&C,0.0,0.0,1
NI03PMTPIXL2022_02_P&C,0.0,0.0,1
NI03PMTPIXL2023_02_P&C,0.0,0.0,1
NI03PMTPIXL2024_02_P&C,0.0,0.0,1
NI03PMTPIXL2025_02_P&C,0.0,0.0,1
