GOC_ID,VARIABLE_NAME,1
NI03PMTORCI2014,PVFC_LIC_CUMULATIVE_OCI_DERECOG,0.0
NI03PMTORCI2015,PVFC_LIC_CUMULATIVE_OCI_DERECOG,0.0
NI03PMTORCI2016,PVFC_LIC_CUMULATIVE_OCI_DERECOG,0.723099620744776
NI03PMTORCI2017,PVFC_LIC_CUMULATIVE_OCI_DERECOG,0.0
NI03PMTORCI2018,PVFC_LIC_CUMULATIVE_OCI_DERECOG,0.667807938747469
NI03PMTORCI2019,PVFC_LIC_CUMULATIVE_OCI_DERECOG,0.557931751963899
NI03PMTORCI2020,PVFC_LIC_CUMULATIVE_OCI_DERECOG,-241.602947306372
NI03PMTORCI2021,PVFC_LIC_CUMULATIVE_OCI_DERECOG,704.026226679242
NI03PMTORCI2022,PVFC_LIC_CUMULATIVE_OCI_DERECOG,243.160954755996
NI03PMTORCI2023,PVFC_LIC_CUMULATIVE_OCI_DERECOG,3074.50931304492
NI03PMTORCI2024,PVFC_LIC_CUMULATIVE_OCI_DERECOG,4848.97024365412
NI03PMTORCI2025,PVFC_LIC_CUMULATIVE_OCI_DERECOG,147.175764312529
NI03PMTORCI2026,PVFC_LIC_CUMULATIVE_OCI_DERECOG,0.0
NI03PMTORCI2014,RA_LIC_CUMULATIVE_OCI_DERECOG,0.0
NI03PMTORCI2015,RA_LIC_CUMULATIVE_OCI_DERECOG,0.0
NI03PMTORCI2016,RA_LIC_CUMULATIVE_OCI_DERECOG,0.0
NI03PMTORCI2017,RA_LIC_CUMULATIVE_OCI_DERECOG,0.0
NI03PMTORCI2018,RA_LIC_CUMULATIVE_OCI_DERECOG,0.0
NI03PMTORCI2019,RA_LIC_CUMULATIVE_OCI_DERECOG,0.0
NI03PMTORCI2020,RA_LIC_CUMULATIVE_OCI_DERECOG,0.0
NI03PMTORCI2021,RA_LIC_CUMULATIVE_OCI_DERECOG,0.0
NI03PMTORCI2022,RA_LIC_CUMULATIVE_OCI_DERECOG,0.0
NI03PMTORCI2023,RA_LIC_CUMULATIVE_OCI_DERECOG,0.0
NI03PMTORCI2024,RA_LIC_CUMULATIVE_OCI_DERECOG,0.0
NI03PMTORCI2025,RA_LIC_CUMULATIVE_OCI_DERECOG,0.0
NI03PMTORCI2026,RA_LIC_CUMULATIVE_OCI_DERECOG,0.0
NI03PMTORPI2014,PVFC_LIC_CUMULATIVE_OCI_DERECOG,24.635601128188
NI03PMTORPI2015,PVFC_LIC_CUMULATIVE_OCI_DERECOG,0.0
NI03PMTORPI2016,PVFC_LIC_CUMULATIVE_OCI_DERECOG,0.0
NI03PMTORPI2017,PVFC_LIC_CUMULATIVE_OCI_DERECOG,46.1791275287163
NI03PMTORPI2018,PVFC_LIC_CUMULATIVE_OCI_DERECOG,0.0
NI03PMTORPI2019,PVFC_LIC_CUMULATIVE_OCI_DERECOG,2.30868832034257
NI03PMTORPI2020,PVFC_LIC_CUMULATIVE_OCI_DERECOG,35.8273368613541
NI03PMTORPI2021,PVFC_LIC_CUMULATIVE_OCI_DERECOG,3.45545426890033
NI03PMTORPI2022,PVFC_LIC_CUMULATIVE_OCI_DERECOG,0.0
NI03PMTORPI2023,PVFC_LIC_CUMULATIVE_OCI_DERECOG,735.890707016574
NI03PMTORPI2024,PVFC_LIC_CUMULATIVE_OCI_DERECOG,3949.75811800669
NI03PMTORPI2025,PVFC_LIC_CUMULATIVE_OCI_DERECOG,3599.02859571292
NI03PMTORPI2026,PVFC_LIC_CUMULATIVE_OCI_DERECOG,0.0
NI03PMTORPI2014,RA_LIC_CUMULATIVE_OCI_DERECOG,0.0
NI03PMTORPI2015,RA_LIC_CUMULATIVE_OCI_DERECOG,0.0
NI03PMTORPI2016,RA_LIC_CUMULATIVE_OCI_DERECOG,0.0
NI03PMTORPI2017,RA_LIC_CUMULATIVE_OCI_DERECOG,0.0
NI03PMTORPI2018,RA_LIC_CUMULATIVE_OCI_DERECOG,0.0
NI03PMTORPI2019,RA_LIC_CUMULATIVE_OCI_DERECOG,0.0
NI03PMTORPI2020,RA_LIC_CUMULATIVE_OCI_DERECOG,0.0
NI03PMTORPI2021,RA_LIC_CUMULATIVE_OCI_DERECOG,0.0
NI03PMTORPI2022,RA_LIC_CUMULATIVE_OCI_DERECOG,0.0
NI03PMTORPI2023,RA_LIC_CUMULATIVE_OCI_DERECOG,0.0
NI03PMTORPI2024,RA_LIC_CUMULATIVE_OCI_DERECOG,0.0
NI03PMTORPI2025,RA_LIC_CUMULATIVE_OCI_DERECOG,0.0
NI03PMTORPI2026,RA_LIC_CUMULATIVE_OCI_DERECOG,0.0
NI03PGAACCI2014,PVFC_LIC_CUMULATIVE_OCI_DERECOG,0.0
NI03PGAACCI2015,PVFC_LIC_CUMULATIVE_OCI_DERECOG,-0.313150848
NI03PGAACCI2016,PVFC_LIC_CUMULATIVE_OCI_DERECOG,457.182958504274
NI03PGAACCI2017,PVFC_LIC_CUMULATIVE_OCI_DERECOG,1083.30772898686
NI03PGAACCI2018,PVFC_LIC_CUMULATIVE_OCI_DERECOG,466.334918102475
NI03PGAACCI2019,PVFC_LIC_CUMULATIVE_OCI_DERECOG,4124.24733011627
NI03PGAACCI2020,PVFC_LIC_CUMULATIVE_OCI_DERECOG,-77115.0719335029
NI03PGAACCI2021,PVFC_LIC_CUMULATIVE_OCI_DERECOG,-98910.8835037254
NI03PGAACCI2022,PVFC_LIC_CUMULATIVE_OCI_DERECOG,-32021.072165042
NI03PGAACCI2023,PVFC_LIC_CUMULATIVE_OCI_DERECOG,35180.9458728101
NI03PGAACCI2024,PVFC_LIC_CUMULATIVE_OCI_DERECOG,-138194.294459051
NI03PGAACCI2025,PVFC_LIC_CUMULATIVE_OCI_DERECOG,-256.942950115951
NI03PGAACCI2026,PVFC_LIC_CUMULATIVE_OCI_DERECOG,0.0
NI03PGAACCI2014,RA_LIC_CUMULATIVE_OCI_DERECOG,0.0
NI03PGAACCI2015,RA_LIC_CUMULATIVE_OCI_DERECOG,0.0
NI03PGAACCI2016,RA_LIC_CUMULATIVE_OCI_DERECOG,0.0
NI03PGAACCI2017,RA_LIC_CUMULATIVE_OCI_DERECOG,0.0
NI03PGAACCI2018,RA_LIC_CUMULATIVE_OCI_DERECOG,0.0
NI03PGAACCI2019,RA_LIC_CUMULATIVE_OCI_DERECOG,0.0
NI03PGAACCI2020,RA_LIC_CUMULATIVE_OCI_DERECOG,0.0
NI03PGAACCI2021,RA_LIC_CUMULATIVE_OCI_DERECOG,0.0
NI03PGAACCI2022,RA_LIC_CUMULATIVE_OCI_DERECOG,0.0
NI03PGAACCI2023,RA_LIC_CUMULATIVE_OCI_DERECOG,0.0
NI03PGAACCI2024,RA_LIC_CUMULATIVE_OCI_DERECOG,0.0
NI03PGAACCI2025,RA_LIC_CUMULATIVE_OCI_DERECOG,0.0
NI03PGAACCI2026,RA_LIC_CUMULATIVE_OCI_DERECOG,0.0
NI03PGAACPI2014,PVFC_LIC_CUMULATIVE_OCI_DERECOG,0.0
NI03PGAACPI2015,PVFC_LIC_CUMULATIVE_OCI_DERECOG,-2.570957424
NI03PGAACPI2016,PVFC_LIC_CUMULATIVE_OCI_DERECOG,-9.63285584432117
NI03PGAACPI2017,PVFC_LIC_CUMULATIVE_OCI_DERECOG,-73.5976783617804
NI03PGAACPI2018,PVFC_LIC_CUMULATIVE_OCI_DERECOG,-96.066654613383
NI03PGAACPI2019,PVFC_LIC_CUMULATIVE_OCI_DERECOG,-53.0146733542504
NI03PGAACPI2020,PVFC_LIC_CUMULATIVE_OCI_DERECOG,-442.436904212356
NI03PGAACPI2021,PVFC_LIC_CUMULATIVE_OCI_DERECOG,363.762612157454
NI03PGAACPI2022,PVFC_LIC_CUMULATIVE_OCI_DERECOG,-209.767170990941
NI03PGAACPI2023,PVFC_LIC_CUMULATIVE_OCI_DERECOG,-1463.42485754805
NI03PGAACPI2024,PVFC_LIC_CUMULATIVE_OCI_DERECOG,268.085933269799
NI03PGAACPI2025,PVFC_LIC_CUMULATIVE_OCI_DERECOG,62.6416697286468
NI03PGAACPI2026,PVFC_LIC_CUMULATIVE_OCI_DERECOG,0.0
NI03PGAACPI2014,RA_LIC_CUMULATIVE_OCI_DERECOG,0.0
NI03PGAACPI2015,RA_LIC_CUMULATIVE_OCI_DERECOG,0.0
NI03PGAACPI2016,RA_LIC_CUMULATIVE_OCI_DERECOG,0.0
NI03PGAACPI2017,RA_LIC_CUMULATIVE_OCI_DERECOG,0.0
NI03PGAACPI2018,RA_LIC_CUMULATIVE_OCI_DERECOG,0.0
NI03PGAACPI2019,RA_LIC_CUMULATIVE_OCI_DERECOG,0.0
NI03PGAACPI2020,RA_LIC_CUMULATIVE_OCI_DERECOG,0.0
NI03PGAACPI2021,RA_LIC_CUMULATIVE_OCI_DERECOG,0.0
NI03PGAACPI2022,RA_LIC_CUMULATIVE_OCI_DERECOG,0.0
NI03PGAACPI2023,RA_LIC_CUMULATIVE_OCI_DERECOG,0.0
NI03PGAACPI2024,RA_LIC_CUMULATIVE_OCI_DERECOG,0.0
NI03PGAACPI2025,RA_LIC_CUMULATIVE_OCI_DERECOG,0.0
NI03PGAACPI2026,RA_LIC_CUMULATIVE_OCI_DERECOG,0.0
NI03PMHHLCI2014,PVFC_LIC_CUMULATIVE_OCI_DERECOG,0.0
NI03PMHHLCI2015,PVFC_LIC_CUMULATIVE_OCI_DERECOG,23.6364378782755
NI03PMHHLCI2016,PVFC_LIC_CUMULATIVE_OCI_DERECOG,0.0
NI03PMHHLCI2017,PVFC_LIC_CUMULATIVE_OCI_DERECOG,0.0
NI03PMHHLCI2018,PVFC_LIC_CUMULATIVE_OCI_DERECOG,0.0
NI03PMHHLCI2019,PVFC_LIC_CUMULATIVE_OCI_DERECOG,0.022389333
NI03PMHHLCI2020,PVFC_LIC_CUMULATIVE_OCI_DERECOG,0.333366536433332
NI03PMHHLCI2021,PVFC_LIC_CUMULATIVE_OCI_DERECOG,19.6443449644971
NI03PMHHLCI2022,PVFC_LIC_CUMULATIVE_OCI_DERECOG,71.5022123857823
NI03PMHHLCI2023,PVFC_LIC_CUMULATIVE_OCI_DERECOG,108.725811396155
NI03PMHHLCI2024,PVFC_LIC_CUMULATIVE_OCI_DERECOG,678.378581743781
NI03PMHHLCI2025,PVFC_LIC_CUMULATIVE_OCI_DERECOG,-99.5451300386903
NI03PMHHLCI2026,PVFC_LIC_CUMULATIVE_OCI_DERECOG,0.0
NI03PMHHLCI2014,RA_LIC_CUMULATIVE_OCI_DERECOG,0.0
NI03PMHHLCI2015,RA_LIC_CUMULATIVE_OCI_DERECOG,0.0
NI03PMHHLCI2016,RA_LIC_CUMULATIVE_OCI_DERECOG,0.0
NI03PMHHLCI2017,RA_LIC_CUMULATIVE_OCI_DERECOG,0.0
NI03PMHHLCI2018,RA_LIC_CUMULATIVE_OCI_DERECOG,0.0
NI03PMHHLCI2019,RA_LIC_CUMULATIVE_OCI_DERECOG,0.0
NI03PMHHLCI2020,RA_LIC_CUMULATIVE_OCI_DERECOG,0.0
NI03PMHHLCI2021,RA_LIC_CUMULATIVE_OCI_DERECOG,0.0
NI03PMHHLCI2022,RA_LIC_CUMULATIVE_OCI_DERECOG,0.0
NI03PMHHLCI2023,RA_LIC_CUMULATIVE_OCI_DERECOG,0.0
NI03PMHHLCI2024,RA_LIC_CUMULATIVE_OCI_DERECOG,0.0
NI03PMHHLCI2025,RA_LIC_CUMULATIVE_OCI_DERECOG,0.0
NI03PMHHLCI2026,RA_LIC_CUMULATIVE_OCI_DERECOG,0.0
NI03PENGYCI2014,PVFC_LIC_CUMULATIVE_OCI_DERECOG,-0.944878848259294
NI03PENGYCI2015,PVFC_LIC_CUMULATIVE_OCI_DERECOG,0.28556273032607
NI03PENGYCI2016,PVFC_LIC_CUMULATIVE_OCI_DERECOG,0.0201063676068902
NI03PENGYCI2017,PVFC_LIC_CUMULATIVE_OCI_DERECOG,0.0503638163963839
NI03PENGYCI2018,PVFC_LIC_CUMULATIVE_OCI_DERECOG,0.0771133760150426
NI03PENGYCI2019,PVFC_LIC_CUMULATIVE_OCI_DERECOG,0.154839967985356
NI03PENGYCI2020,PVFC_LIC_CUMULATIVE_OCI_DERECOG,0.834630201809575
NI03PENGYCI2021,PVFC_LIC_CUMULATIVE_OCI_DERECOG,0.628382608157403
NI03PENGYCI2022,PVFC_LIC_CUMULATIVE_OCI_DERECOG,4.69813726501385
NI03PENGYCI2023,PVFC_LIC_CUMULATIVE_OCI_DERECOG,7.36387313923295
NI03PENGYCI2024,PVFC_LIC_CUMULATIVE_OCI_DERECOG,-45.4033617906578
NI03PENGYCI2025,PVFC_LIC_CUMULATIVE_OCI_DERECOG,-0.0432662392819445
NI03PENGYCI2026,PVFC_LIC_CUMULATIVE_OCI_DERECOG,0.0
NI03PENGYCI2014,RA_LIC_CUMULATIVE_OCI_DERECOG,0.0
NI03PENGYCI2015,RA_LIC_CUMULATIVE_OCI_DERECOG,0.0
NI03PENGYCI2016,RA_LIC_CUMULATIVE_OCI_DERECOG,0.0
NI03PENGYCI2017,RA_LIC_CUMULATIVE_OCI_DERECOG,0.0
NI03PENGYCI2018,RA_LIC_CUMULATIVE_OCI_DERECOG,0.0
NI03PENGYCI2019,RA_LIC_CUMULATIVE_OCI_DERECOG,0.0
NI03PENGYCI2020,RA_LIC_CUMULATIVE_OCI_DERECOG,0.0
NI03PENGYCI2021,RA_LIC_CUMULATIVE_OCI_DERECOG,0.0
NI03PENGYCI2022,RA_LIC_CUMULATIVE_OCI_DERECOG,0.0
NI03PENGYCI2023,RA_LIC_CUMULATIVE_OCI_DERECOG,0.0
NI03PENGYCI2024,RA_LIC_CUMULATIVE_OCI_DERECOG,0.0
NI03PENGYCI2025,RA_LIC_CUMULATIVE_OCI_DERECOG,0.0
NI03PENGYCI2026,RA_LIC_CUMULATIVE_OCI_DERECOG,0.0
NI03PEGNRCI2014,PVFC_LIC_CUMULATIVE_OCI_DERECOG,0.438280221
NI03PEGNRCI2015,PVFC_LIC_CUMULATIVE_OCI_DERECOG,1.339367009
NI03PEGNRCI2016,PVFC_LIC_CUMULATIVE_OCI_DERECOG,-3900.68581955525
NI03PEGNRCI2017,PVFC_LIC_CUMULATIVE_OCI_DERECOG,-532.150120406681
NI03PEGNRCI2018,PVFC_LIC_CUMULATIVE_OCI_DERECOG,-21022.4795662423
NI03PEGNRCI2019,PVFC_LIC_CUMULATIVE_OCI_DERECOG,351.466581393798
NI03PEGNRCI2020,PVFC_LIC_CUMULATIVE_OCI_DERECOG,52530.640299978
NI03PEGNRCI2021,PVFC_LIC_CUMULATIVE_OCI_DERECOG,56838.357974548
NI03PEGNRCI2022,PVFC_LIC_CUMULATIVE_OCI_DERECOG,54319.7836912606
NI03PEGNRCI2023,PVFC_LIC_CUMULATIVE_OCI_DERECOG,64574.9733554226
NI03PEGNRCI2024,PVFC_LIC_CUMULATIVE_OCI_DERECOG,-203110.701641554
NI03PEGNRCI2025,PVFC_LIC_CUMULATIVE_OCI_DERECOG,322.249552088226
NI03PEGNRCI2026,PVFC_LIC_CUMULATIVE_OCI_DERECOG,0.0
NI03PEGNRCI2014,RA_LIC_CUMULATIVE_OCI_DERECOG,0.0
NI03PEGNRCI2015,RA_LIC_CUMULATIVE_OCI_DERECOG,0.0
NI03PEGNRCI2016,RA_LIC_CUMULATIVE_OCI_DERECOG,0.0
NI03PEGNRCI2017,RA_LIC_CUMULATIVE_OCI_DERECOG,0.0
NI03PEGNRCI2018,RA_LIC_CUMULATIVE_OCI_DERECOG,0.0
NI03PEGNRCI2019,RA_LIC_CUMULATIVE_OCI_DERECOG,0.0
NI03PEGNRCI2020,RA_LIC_CUMULATIVE_OCI_DERECOG,0.0
NI03PEGNRCI2021,RA_LIC_CUMULATIVE_OCI_DERECOG,0.0
NI03PEGNRCI2022,RA_LIC_CUMULATIVE_OCI_DERECOG,0.0
NI03PEGNRCI2023,RA_LIC_CUMULATIVE_OCI_DERECOG,0.0
NI03PEGNRCI2024,RA_LIC_CUMULATIVE_OCI_DERECOG,0.0
NI03PEGNRCI2025,RA_LIC_CUMULATIVE_OCI_DERECOG,0.0
NI03PEGNRCI2026,RA_LIC_CUMULATIVE_OCI_DERECOG,0.0
NI03PFIRECI2014,PVFC_LIC_CUMULATIVE_OCI_DERECOG,19.28700715
NI03PFIRECI2015,PVFC_LIC_CUMULATIVE_OCI_DERECOG,19.48976821
NI03PFIRECI2016,PVFC_LIC_CUMULATIVE_OCI_DERECOG,27.71154177
NI03PFIRECI2017,PVFC_LIC_CUMULATIVE_OCI_DERECOG,43.59771255
NI03PFIRECI2018,PVFC_LIC_CUMULATIVE_OCI_DERECOG,69.65742411
NI03PFIRECI2019,PVFC_LIC_CUMULATIVE_OCI_DERECOG,61.6976209543551
NI03PFIRECI2020,PVFC_LIC_CUMULATIVE_OCI_DERECOG,-26281.299417105
NI03PFIRECI2021,PVFC_LIC_CUMULATIVE_OCI_DERECOG,-19166.2725267072
NI03PFIRECI2022,PVFC_LIC_CUMULATIVE_OCI_DERECOG,-22818.0949302908
NI03PFIRECI2023,PVFC_LIC_CUMULATIVE_OCI_DERECOG,42608.0038730937
NI03PFIRECI2024,PVFC_LIC_CUMULATIVE_OCI_DERECOG,38342.7449745831
NI03PFIRECI2025,PVFC_LIC_CUMULATIVE_OCI_DERECOG,960.933711657301
NI03PFIRECI2026,PVFC_LIC_CUMULATIVE_OCI_DERECOG,0.0
NI03PFIRECI2014,RA_LIC_CUMULATIVE_OCI_DERECOG,0.0
NI03PFIRECI2015,RA_LIC_CUMULATIVE_OCI_DERECOG,0.0
NI03PFIRECI2016,RA_LIC_CUMULATIVE_OCI_DERECOG,0.0
NI03PFIRECI2017,RA_LIC_CUMULATIVE_OCI_DERECOG,0.0
NI03PFIRECI2018,RA_LIC_CUMULATIVE_OCI_DERECOG,0.0
NI03PFIRECI2019,RA_LIC_CUMULATIVE_OCI_DERECOG,0.0
NI03PFIRECI2020,RA_LIC_CUMULATIVE_OCI_DERECOG,0.0
NI03PFIRECI2021,RA_LIC_CUMULATIVE_OCI_DERECOG,0.0
NI03PFIRECI2022,RA_LIC_CUMULATIVE_OCI_DERECOG,0.0
NI03PFIRECI2023,RA_LIC_CUMULATIVE_OCI_DERECOG,0.0
NI03PFIRECI2024,RA_LIC_CUMULATIVE_OCI_DERECOG,0.0
NI03PFIRECI2025,RA_LIC_CUMULATIVE_OCI_DERECOG,0.0
NI03PFIRECI2026,RA_LIC_CUMULATIVE_OCI_DERECOG,0.0
NI03PFIREPI2014,PVFC_LIC_CUMULATIVE_OCI_DERECOG,4.823151062
NI03PFIREPI2015,PVFC_LIC_CUMULATIVE_OCI_DERECOG,3.250005725
NI03PFIREPI2016,PVFC_LIC_CUMULATIVE_OCI_DERECOG,5.193438933
NI03PFIREPI2017,PVFC_LIC_CUMULATIVE_OCI_DERECOG,6.498128477
NI03PFIREPI2018,PVFC_LIC_CUMULATIVE_OCI_DERECOG,11.92534324
NI03PFIREPI2019,PVFC_LIC_CUMULATIVE_OCI_DERECOG,12.266236221281
NI03PFIREPI2020,PVFC_LIC_CUMULATIVE_OCI_DERECOG,-2357.17508384504
NI03PFIREPI2021,PVFC_LIC_CUMULATIVE_OCI_DERECOG,-1293.76552910819
NI03PFIREPI2022,PVFC_LIC_CUMULATIVE_OCI_DERECOG,-1917.94253321548
NI03PFIREPI2023,PVFC_LIC_CUMULATIVE_OCI_DERECOG,3395.32852150697
NI03PFIREPI2024,PVFC_LIC_CUMULATIVE_OCI_DERECOG,4085.28302335997
NI03PFIREPI2025,PVFC_LIC_CUMULATIVE_OCI_DERECOG,118.883993184686
NI03PFIREPI2026,PVFC_LIC_CUMULATIVE_OCI_DERECOG,0.0
NI03PFIREPI2014,RA_LIC_CUMULATIVE_OCI_DERECOG,0.0
NI03PFIREPI2015,RA_LIC_CUMULATIVE_OCI_DERECOG,0.0
NI03PFIREPI2016,RA_LIC_CUMULATIVE_OCI_DERECOG,0.0
NI03PFIREPI2017,RA_LIC_CUMULATIVE_OCI_DERECOG,0.0
NI03PFIREPI2018,RA_LIC_CUMULATIVE_OCI_DERECOG,0.0
NI03PFIREPI2019,RA_LIC_CUMULATIVE_OCI_DERECOG,0.0
NI03PFIREPI2020,RA_LIC_CUMULATIVE_OCI_DERECOG,0.0
NI03PFIREPI2021,RA_LIC_CUMULATIVE_OCI_DERECOG,0.0
NI03PFIREPI2022,RA_LIC_CUMULATIVE_OCI_DERECOG,0.0
NI03PFIREPI2023,RA_LIC_CUMULATIVE_OCI_DERECOG,0.0
NI03PFIREPI2024,RA_LIC_CUMULATIVE_OCI_DERECOG,0.0
NI03PFIREPI2025,RA_LIC_CUMULATIVE_OCI_DERECOG,0.0
NI03PFIREPI2026,RA_LIC_CUMULATIVE_OCI_DERECOG,0.0
NI03PFXAGCI2014,PVFC_LIC_CUMULATIVE_OCI_DERECOG,0.0
NI03PFXAGCI2015,PVFC_LIC_CUMULATIVE_OCI_DERECOG,0.0
NI03PFXAGCI2016,PVFC_LIC_CUMULATIVE_OCI_DERECOG,0.0
NI03PFXAGCI2017,PVFC_LIC_CUMULATIVE_OCI_DERECOG,0.0
NI03PFXAGCI2018,PVFC_LIC_CUMULATIVE_OCI_DERECOG,0.0
NI03PFXAGCI2019,PVFC_LIC_CUMULATIVE_OCI_DERECOG,0.0
NI03PFXAGCI2020,PVFC_LIC_CUMULATIVE_OCI_DERECOG,0.0
NI03PFXAGCI2021,PVFC_LIC_CUMULATIVE_OCI_DERECOG,0.0
NI03PFXAGCI2022,PVFC_LIC_CUMULATIVE_OCI_DERECOG,0.0
NI03PFXAGCI2023,PVFC_LIC_CUMULATIVE_OCI_DERECOG,2.00000358745456e-05
NI03PFXAGCI2024,PVFC_LIC_CUMULATIVE_OCI_DERECOG,0.0
NI03PFXAGCI2025,PVFC_LIC_CUMULATIVE_OCI_DERECOG,0.0
NI03PFXAGCI2026,PVFC_LIC_CUMULATIVE_OCI_DERECOG,0.0
NI03PFXAGCI2014,RA_LIC_CUMULATIVE_OCI_DERECOG,0.0
NI03PFXAGCI2015,RA_LIC_CUMULATIVE_OCI_DERECOG,0.0
NI03PFXAGCI2016,RA_LIC_CUMULATIVE_OCI_DERECOG,0.0
NI03PFXAGCI2017,RA_LIC_CUMULATIVE_OCI_DERECOG,0.0
NI03PFXAGCI2018,RA_LIC_CUMULATIVE_OCI_DERECOG,0.0
NI03PFXAGCI2019,RA_LIC_CUMULATIVE_OCI_DERECOG,0.0
NI03PFXAGCI2020,RA_LIC_CUMULATIVE_OCI_DERECOG,0.0
NI03PFXAGCI2021,RA_LIC_CUMULATIVE_OCI_DERECOG,0.0
NI03PFXAGCI2022,RA_LIC_CUMULATIVE_OCI_DERECOG,0.0
NI03PFXAGCI2023,RA_LIC_CUMULATIVE_OCI_DERECOG,0.0
NI03PFXAGCI2024,RA_LIC_CUMULATIVE_OCI_DERECOG,0.0
NI03PFXAGCI2025,RA_LIC_CUMULATIVE_OCI_DERECOG,0.0
NI03PFXAGCI2026,RA_LIC_CUMULATIVE_OCI_DERECOG,0.0
NI03PAVTNCI2014,PVFC_LIC_CUMULATIVE_OCI_DERECOG,926.920610078017
NI03PAVTNCI2015,PVFC_LIC_CUMULATIVE_OCI_DERECOG,-14.371310471843
NI03PAVTNCI2016,PVFC_LIC_CUMULATIVE_OCI_DERECOG,22.6584701154671
NI03PAVTNCI2017,PVFC_LIC_CUMULATIVE_OCI_DERECOG,2.537106062
NI03PAVTNCI2018,PVFC_LIC_CUMULATIVE_OCI_DERECOG,0.0
NI03PAVTNCI2019,PVFC_LIC_CUMULATIVE_OCI_DERECOG,11.25154757
NI03PAVTNCI2020,PVFC_LIC_CUMULATIVE_OCI_DERECOG,0.0
NI03PAVTNCI2021,PVFC_LIC_CUMULATIVE_OCI_DERECOG,533.484960204977
NI03PAVTNCI2022,PVFC_LIC_CUMULATIVE_OCI_DERECOG,250.570488222551
NI03PAVTNCI2023,PVFC_LIC_CUMULATIVE_OCI_DERECOG,2627.58501387445
NI03PAVTNCI2024,PVFC_LIC_CUMULATIVE_OCI_DERECOG,1756.78217021853
NI03PAVTNCI2025,PVFC_LIC_CUMULATIVE_OCI_DERECOG,212.441426727046
NI03PAVTNCI2026,PVFC_LIC_CUMULATIVE_OCI_DERECOG,0.0
NI03PAVTNCI2014,RA_LIC_CUMULATIVE_OCI_DERECOG,0.0
NI03PAVTNCI2015,RA_LIC_CUMULATIVE_OCI_DERECOG,0.0
NI03PAVTNCI2016,RA_LIC_CUMULATIVE_OCI_DERECOG,0.0
NI03PAVTNCI2017,RA_LIC_CUMULATIVE_OCI_DERECOG,0.0
NI03PAVTNCI2018,RA_LIC_CUMULATIVE_OCI_DERECOG,0.0
NI03PAVTNCI2019,RA_LIC_CUMULATIVE_OCI_DERECOG,0.0
NI03PAVTNCI2020,RA_LIC_CUMULATIVE_OCI_DERECOG,0.0
NI03PAVTNCI2021,RA_LIC_CUMULATIVE_OCI_DERECOG,0.0
NI03PAVTNCI2022,RA_LIC_CUMULATIVE_OCI_DERECOG,0.0
NI03PAVTNCI2023,RA_LIC_CUMULATIVE_OCI_DERECOG,0.0
NI03PAVTNCI2024,RA_LIC_CUMULATIVE_OCI_DERECOG,0.0
NI03PAVTNCI2025,RA_LIC_CUMULATIVE_OCI_DERECOG,0.0
NI03PAVTNCI2026,RA_LIC_CUMULATIVE_OCI_DERECOG,0.0
NI03PMTPIXL2014,PVFC_LIC_CUMULATIVE_OCI_DERECOG,0.000699672
NI03PMTPIXL2015,PVFC_LIC_CUMULATIVE_OCI_DERECOG,5.65e-05
NI03PMTPIXL2016,PVFC_LIC_CUMULATIVE_OCI_DERECOG,-9.83933821530059e-07
NI03PMTPIXL2017,PVFC_LIC_CUMULATIVE_OCI_DERECOG,0.484608273
NI03PMTPIXL2018,PVFC_LIC_CUMULATIVE_OCI_DERECOG,-3.87088039394134e-06
NI03PMTPIXL2019,PVFC_LIC_CUMULATIVE_OCI_DERECOG,0.0216598148269131
NI03PMTPIXL2020,PVFC_LIC_CUMULATIVE_OCI_DERECOG,-3.3818469842295e-06
NI03PMTPIXL2021,PVFC_LIC_CUMULATIVE_OCI_DERECOG,-101.161040278758
NI03PMTPIXL2022,PVFC_LIC_CUMULATIVE_OCI_DERECOG,-66.1992483816591
NI03PMTPIXL2023,PVFC_LIC_CUMULATIVE_OCI_DERECOG,-75.8507209477371
NI03PMTPIXL2024,PVFC_LIC_CUMULATIVE_OCI_DERECOG,-74.1153140426677
NI03PMTPIXL2025,PVFC_LIC_CUMULATIVE_OCI_DERECOG,3.95423204853978
NI03PMTPIXL2026,PVFC_LIC_CUMULATIVE_OCI_DERECOG,0.0
NI03PMTPIXL2014,RA_LIC_CUMULATIVE_OCI_DERECOG,0.0
NI03PMTPIXL2015,RA_LIC_CUMULATIVE_OCI_DERECOG,0.0
NI03PMTPIXL2016,RA_LIC_CUMULATIVE_OCI_DERECOG,0.0
NI03PMTPIXL2017,RA_LIC_CUMULATIVE_OCI_DERECOG,0.0
NI03PMTPIXL2018,RA_LIC_CUMULATIVE_OCI_DERECOG,0.0
NI03PMTPIXL2019,RA_LIC_CUMULATIVE_OCI_DERECOG,0.0
NI03PMTPIXL2020,RA_LIC_CUMULATIVE_OCI_DERECOG,0.0
NI03PMTPIXL2021,RA_LIC_CUMULATIVE_OCI_DERECOG,0.0
NI03PMTPIXL2022,RA_LIC_CUMULATIVE_OCI_DERECOG,0.0
NI03PMTPIXL2023,RA_LIC_CUMULATIVE_OCI_DERECOG,0.0
NI03PMTPIXL2024,RA_LIC_CUMULATIVE_OCI_DERECOG,0.0
NI03PMTPIXL2025,RA_LIC_CUMULATIVE_OCI_DERECOG,0.0
NI03PMTPIXL2026,RA_LIC_CUMULATIVE_OCI_DERECOG,0.0
NI03PGAPIXL2014,PVFC_LIC_CUMULATIVE_OCI_DERECOG,0.0
NI03PGAPIXL2015,PVFC_LIC_CUMULATIVE_OCI_DERECOG,4.4e-09
NI03PGAPIXL2016,PVFC_LIC_CUMULATIVE_OCI_DERECOG,-2.52509066711593e-08
NI03PGAPIXL2017,PVFC_LIC_CUMULATIVE_OCI_DERECOG,7.36929961497879e-11
NI03PGAPIXL2018,PVFC_LIC_CUMULATIVE_OCI_DERECOG,2.04126119396353e-07
NI03PGAPIXL2019,PVFC_LIC_CUMULATIVE_OCI_DERECOG,-2.70240440247704e-07
NI03PGAPIXL2020,PVFC_LIC_CUMULATIVE_OCI_DERECOG,-5.81845515768009e-07
NI03PGAPIXL2021,PVFC_LIC_CUMULATIVE_OCI_DERECOG,-32.5525233693872
NI03PGAPIXL2022,PVFC_LIC_CUMULATIVE_OCI_DERECOG,-22.3968069542548
NI03PGAPIXL2023,PVFC_LIC_CUMULATIVE_OCI_DERECOG,-29.0047048999857
NI03PGAPIXL2024,PVFC_LIC_CUMULATIVE_OCI_DERECOG,-109.34024534674
NI03PGAPIXL2025,PVFC_LIC_CUMULATIVE_OCI_DERECOG,48.2031140165127
NI03PGAPIXL2026,PVFC_LIC_CUMULATIVE_OCI_DERECOG,0.0
NI03PGAPIXL2014,RA_LIC_CUMULATIVE_OCI_DERECOG,0.0
NI03PGAPIXL2015,RA_LIC_CUMULATIVE_OCI_DERECOG,0.0
NI03PGAPIXL2016,RA_LIC_CUMULATIVE_OCI_DERECOG,0.0
NI03PGAPIXL2017,RA_LIC_CUMULATIVE_OCI_DERECOG,0.0
NI03PGAPIXL2018,RA_LIC_CUMULATIVE_OCI_DERECOG,0.0
NI03PGAPIXL2019,RA_LIC_CUMULATIVE_OCI_DERECOG,0.0
NI03PGAPIXL2020,RA_LIC_CUMULATIVE_OCI_DERECOG,0.0
NI03PGAPIXL2021,RA_LIC_CUMULATIVE_OCI_DERECOG,0.0
NI03PGAPIXL2022,RA_LIC_CUMULATIVE_OCI_DERECOG,0.0
NI03PGAPIXL2023,RA_LIC_CUMULATIVE_OCI_DERECOG,0.0
NI03PGAPIXL2024,RA_LIC_CUMULATIVE_OCI_DERECOG,0.0
NI03PGAPIXL2025,RA_LIC_CUMULATIVE_OCI_DERECOG,0.0
NI03PGAPIXL2026,RA_LIC_CUMULATIVE_OCI_DERECOG,0.0
NI03PMCGOST2014,PVFC_LIC_CUMULATIVE_OCI_DERECOG,0.0
NI03PMCGOST2015,PVFC_LIC_CUMULATIVE_OCI_DERECOG,0.0
NI03PMCGOST2016,PVFC_LIC_CUMULATIVE_OCI_DERECOG,0.0
NI03PMCGOST2017,PVFC_LIC_CUMULATIVE_OCI_DERECOG,-2.62e-08
NI03PMCGOST2018,PVFC_LIC_CUMULATIVE_OCI_DERECOG,-5.02e-06
NI03PMCGOST2019,PVFC_LIC_CUMULATIVE_OCI_DERECOG,4.68170830458803e-06
NI03PMCGOST2020,PVFC_LIC_CUMULATIVE_OCI_DERECOG,3.78841633619231e-08
NI03PMCGOST2021,PVFC_LIC_CUMULATIVE_OCI_DERECOG,1.36957396534854e-07
NI03PMCGOST2022,PVFC_LIC_CUMULATIVE_OCI_DERECOG,6.11090485769239e-07
NI03PMCGOST2023,PVFC_LIC_CUMULATIVE_OCI_DERECOG,-6.79789049939927e-06
NI03PMCGOST2024,PVFC_LIC_CUMULATIVE_OCI_DERECOG,-74.6116511694815
NI03PMCGOST2025,PVFC_LIC_CUMULATIVE_OCI_DERECOG,37.8077887418331
NI03PMCGOST2026,PVFC_LIC_CUMULATIVE_OCI_DERECOG,0.0
NI03PMCGOST2014,RA_LIC_CUMULATIVE_OCI_DERECOG,0.0
NI03PMCGOST2015,RA_LIC_CUMULATIVE_OCI_DERECOG,0.0
NI03PMCGOST2016,RA_LIC_CUMULATIVE_OCI_DERECOG,0.0
NI03PMCGOST2017,RA_LIC_CUMULATIVE_OCI_DERECOG,0.0
NI03PMCGOST2018,RA_LIC_CUMULATIVE_OCI_DERECOG,0.0
NI03PMCGOST2019,RA_LIC_CUMULATIVE_OCI_DERECOG,0.0
NI03PMCGOST2020,RA_LIC_CUMULATIVE_OCI_DERECOG,0.0
NI03PMCGOST2021,RA_LIC_CUMULATIVE_OCI_DERECOG,0.0
NI03PMCGOST2022,RA_LIC_CUMULATIVE_OCI_DERECOG,0.0
NI03PMCGOST2023,RA_LIC_CUMULATIVE_OCI_DERECOG,0.0
NI03PMCGOST2024,RA_LIC_CUMULATIVE_OCI_DERECOG,0.0
NI03PMCGOST2025,RA_LIC_CUMULATIVE_OCI_DERECOG,0.0
NI03PMCGOST2026,RA_LIC_CUMULATIVE_OCI_DERECOG,0.0
NI03PMHHLST2014,PVFC_LIC_CUMULATIVE_OCI_DERECOG,0.0
NI03PMHHLST2015,PVFC_LIC_CUMULATIVE_OCI_DERECOG,2.13e-07
NI03PMHHLST2016,PVFC_LIC_CUMULATIVE_OCI_DERECOG,0.0
NI03PMHHLST2017,PVFC_LIC_CUMULATIVE_OCI_DERECOG,0.0
NI03PMHHLST2018,PVFC_LIC_CUMULATIVE_OCI_DERECOG,0.0
NI03PMHHLST2019,PVFC_LIC_CUMULATIVE_OCI_DERECOG,0.0
NI03PMHHLST2020,PVFC_LIC_CUMULATIVE_OCI_DERECOG,-1.93873006537615e-09
NI03PMHHLST2021,PVFC_LIC_CUMULATIVE_OCI_DERECOG,8.67698176421072e-07
NI03PMHHLST2022,PVFC_LIC_CUMULATIVE_OCI_DERECOG,5.33912781008894e-06
NI03PMHHLST2023,PVFC_LIC_CUMULATIVE_OCI_DERECOG,-2.88256381963947e-06
NI03PMHHLST2024,PVFC_LIC_CUMULATIVE_OCI_DERECOG,22.7778042345469
NI03PMHHLST2025,PVFC_LIC_CUMULATIVE_OCI_DERECOG,42.7824122994061
NI03PMHHLST2026,PVFC_LIC_CUMULATIVE_OCI_DERECOG,0.0
NI03PMHHLST2014,RA_LIC_CUMULATIVE_OCI_DERECOG,0.0
NI03PMHHLST2015,RA_LIC_CUMULATIVE_OCI_DERECOG,0.0
NI03PMHHLST2016,RA_LIC_CUMULATIVE_OCI_DERECOG,0.0
NI03PMHHLST2017,RA_LIC_CUMULATIVE_OCI_DERECOG,0.0
NI03PMHHLST2018,RA_LIC_CUMULATIVE_OCI_DERECOG,0.0
NI03PMHHLST2019,RA_LIC_CUMULATIVE_OCI_DERECOG,0.0
NI03PMHHLST2020,RA_LIC_CUMULATIVE_OCI_DERECOG,0.0
NI03PMHHLST2021,RA_LIC_CUMULATIVE_OCI_DERECOG,0.0
NI03PMHHLST2022,RA_LIC_CUMULATIVE_OCI_DERECOG,0.0
NI03PMHHLST2023,RA_LIC_CUMULATIVE_OCI_DERECOG,0.0
NI03PMHHLST2024,RA_LIC_CUMULATIVE_OCI_DERECOG,0.0
NI03PMHHLST2025,RA_LIC_CUMULATIVE_OCI_DERECOG,0.0
NI03PMHHLST2026,RA_LIC_CUMULATIVE_OCI_DERECOG,0.0
NI03PMTCIXL2014,PVFC_LIC_CUMULATIVE_OCI_DERECOG,0.000699672
NI03PMTCIXL2015,PVFC_LIC_CUMULATIVE_OCI_DERECOG,5.65e-05
NI03PMTCIXL2016,PVFC_LIC_CUMULATIVE_OCI_DERECOG,-5.94835920963988e-07
NI03PMTCIXL2017,PVFC_LIC_CUMULATIVE_OCI_DERECOG,0.484608273
NI03PMTCIXL2018,PVFC_LIC_CUMULATIVE_OCI_DERECOG,-2.78068956088839e-06
NI03PMTCIXL2019,PVFC_LIC_CUMULATIVE_OCI_DERECOG,0.0216598079659942
NI03PMTCIXL2020,PVFC_LIC_CUMULATIVE_OCI_DERECOG,-2.60418378017491e-06
NI03PMTCIXL2021,PVFC_LIC_CUMULATIVE_OCI_DERECOG,-4.38068441859931
NI03PMTCIXL2022,PVFC_LIC_CUMULATIVE_OCI_DERECOG,-4.48360513606971
NI03PMTCIXL2023,PVFC_LIC_CUMULATIVE_OCI_DERECOG,-5.13728824457996
NI03PMTCIXL2024,PVFC_LIC_CUMULATIVE_OCI_DERECOG,-118.506829060576
NI03PMTCIXL2025,PVFC_LIC_CUMULATIVE_OCI_DERECOG,7.06820289788084
NI03PMTCIXL2026,PVFC_LIC_CUMULATIVE_OCI_DERECOG,0.0
NI03PMTCIXL2014,RA_LIC_CUMULATIVE_OCI_DERECOG,0.0
NI03PMTCIXL2015,RA_LIC_CUMULATIVE_OCI_DERECOG,0.0
NI03PMTCIXL2016,RA_LIC_CUMULATIVE_OCI_DERECOG,0.0
NI03PMTCIXL2017,RA_LIC_CUMULATIVE_OCI_DERECOG,0.0
NI03PMTCIXL2018,RA_LIC_CUMULATIVE_OCI_DERECOG,0.0
NI03PMTCIXL2019,RA_LIC_CUMULATIVE_OCI_DERECOG,0.0
NI03PMTCIXL2020,RA_LIC_CUMULATIVE_OCI_DERECOG,0.0
NI03PMTCIXL2021,RA_LIC_CUMULATIVE_OCI_DERECOG,0.0
NI03PMTCIXL2022,RA_LIC_CUMULATIVE_OCI_DERECOG,0.0
NI03PMTCIXL2023,RA_LIC_CUMULATIVE_OCI_DERECOG,0.0
NI03PMTCIXL2024,RA_LIC_CUMULATIVE_OCI_DERECOG,0.0
NI03PMTCIXL2025,RA_LIC_CUMULATIVE_OCI_DERECOG,0.0
NI03PMTCIXL2026,RA_LIC_CUMULATIVE_OCI_DERECOG,0.0
NI03PFIPIST2014,PVFC_LIC_CUMULATIVE_OCI_DERECOG,-9.12e-09
NI03PFIPIST2015,PVFC_LIC_CUMULATIVE_OCI_DERECOG,3.6e-09
NI03PFIPIST2016,PVFC_LIC_CUMULATIVE_OCI_DERECOG,7.32e-08
NI03PFIPIST2017,PVFC_LIC_CUMULATIVE_OCI_DERECOG,-2.13e-07
NI03PFIPIST2018,PVFC_LIC_CUMULATIVE_OCI_DERECOG,-6.43e-07
NI03PFIPIST2019,PVFC_LIC_CUMULATIVE_OCI_DERECOG,-2.18540750429597e-06
NI03PFIPIST2020,PVFC_LIC_CUMULATIVE_OCI_DERECOG,-2.75966994820465e-05
NI03PFIPIST2021,PVFC_LIC_CUMULATIVE_OCI_DERECOG,3.21903264506318e-05
NI03PFIPIST2022,PVFC_LIC_CUMULATIVE_OCI_DERECOG,5.72421038214088e-06
NI03PFIPIST2023,PVFC_LIC_CUMULATIVE_OCI_DERECOG,1.4990979934737e-05
NI03PFIPIST2024,PVFC_LIC_CUMULATIVE_OCI_DERECOG,-68.6203124760552
NI03PFIPIST2025,PVFC_LIC_CUMULATIVE_OCI_DERECOG,117.154555500631
NI03PFIPIST2026,PVFC_LIC_CUMULATIVE_OCI_DERECOG,0.0
NI03PFIPIST2014,RA_LIC_CUMULATIVE_OCI_DERECOG,0.0
NI03PFIPIST2015,RA_LIC_CUMULATIVE_OCI_DERECOG,0.0
NI03PFIPIST2016,RA_LIC_CUMULATIVE_OCI_DERECOG,0.0
NI03PFIPIST2017,RA_LIC_CUMULATIVE_OCI_DERECOG,0.0
NI03PFIPIST2018,RA_LIC_CUMULATIVE_OCI_DERECOG,0.0
NI03PFIPIST2019,RA_LIC_CUMULATIVE_OCI_DERECOG,0.0
NI03PFIPIST2020,RA_LIC_CUMULATIVE_OCI_DERECOG,0.0
NI03PFIPIST2021,RA_LIC_CUMULATIVE_OCI_DERECOG,0.0
NI03PFIPIST2022,RA_LIC_CUMULATIVE_OCI_DERECOG,0.0
NI03PFIPIST2023,RA_LIC_CUMULATIVE_OCI_DERECOG,0.0
NI03PFIPIST2024,RA_LIC_CUMULATIVE_OCI_DERECOG,0.0
NI03PFIPIST2025,RA_LIC_CUMULATIVE_OCI_DERECOG,0.0
NI03PFIPIST2026,RA_LIC_CUMULATIVE_OCI_DERECOG,0.0
NI03PFXARCI2014,PVFC_LIC_CUMULATIVE_OCI_DERECOG,0.0
NI03PFXARCI2015,PVFC_LIC_CUMULATIVE_OCI_DERECOG,0.0
NI03PFXARCI2016,PVFC_LIC_CUMULATIVE_OCI_DERECOG,0.0
NI03PFXARCI2017,PVFC_LIC_CUMULATIVE_OCI_DERECOG,0.0
NI03PFXARCI2018,PVFC_LIC_CUMULATIVE_OCI_DERECOG,0.0
NI03PFXARCI2019,PVFC_LIC_CUMULATIVE_OCI_DERECOG,0.0
NI03PFXARCI2020,PVFC_LIC_CUMULATIVE_OCI_DERECOG,0.0
NI03PFXARCI2021,PVFC_LIC_CUMULATIVE_OCI_DERECOG,0.0
NI03PFXARCI2022,PVFC_LIC_CUMULATIVE_OCI_DERECOG,0.0
NI03PFXARCI2023,PVFC_LIC_CUMULATIVE_OCI_DERECOG,0.0
NI03PFXARCI2024,PVFC_LIC_CUMULATIVE_OCI_DERECOG,0.0
NI03PFXARCI2025,PVFC_LIC_CUMULATIVE_OCI_DERECOG,0.0
NI03PFXARCI2026,PVFC_LIC_CUMULATIVE_OCI_DERECOG,0.0
NI03PFXARCI2014,RA_LIC_CUMULATIVE_OCI_DERECOG,0.0
NI03PFXARCI2015,RA_LIC_CUMULATIVE_OCI_DERECOG,0.0
NI03PFXARCI2016,RA_LIC_CUMULATIVE_OCI_DERECOG,0.0
NI03PFXARCI2017,RA_LIC_CUMULATIVE_OCI_DERECOG,0.0
NI03PFXARCI2018,RA_LIC_CUMULATIVE_OCI_DERECOG,0.0
NI03PFXARCI2019,RA_LIC_CUMULATIVE_OCI_DERECOG,0.0
NI03PFXARCI2020,RA_LIC_CUMULATIVE_OCI_DERECOG,0.0
NI03PFXARCI2021,RA_LIC_CUMULATIVE_OCI_DERECOG,0.0
NI03PFXARCI2022,RA_LIC_CUMULATIVE_OCI_DERECOG,0.0
NI03PFXARCI2023,RA_LIC_CUMULATIVE_OCI_DERECOG,0.0
NI03PFXARCI2024,RA_LIC_CUMULATIVE_OCI_DERECOG,0.0
NI03PFXARCI2025,RA_LIC_CUMULATIVE_OCI_DERECOG,0.0
NI03PFXARCI2026,RA_LIC_CUMULATIVE_OCI_DERECOG,0.0
NI03PGACIPF2014,PVFC_LIC_CUMULATIVE_OCI_DERECOG,0.0
NI03PGACIPF2015,PVFC_LIC_CUMULATIVE_OCI_DERECOG,0.0
NI03PGACIPF2016,PVFC_LIC_CUMULATIVE_OCI_DERECOG,-8.74062060229885e-09
NI03PGACIPF2017,PVFC_LIC_CUMULATIVE_OCI_DERECOG,-6.64438984943061e-08
NI03PGACIPF2018,PVFC_LIC_CUMULATIVE_OCI_DERECOG,-1.18218430752992e-07
NI03PGACIPF2019,PVFC_LIC_CUMULATIVE_OCI_DERECOG,-3.19451869623677e-07
NI03PGACIPF2020,PVFC_LIC_CUMULATIVE_OCI_DERECOG,-1.39994645032004e-06
NI03PGACIPF2021,PVFC_LIC_CUMULATIVE_OCI_DERECOG,-20.6106494044263
NI03PGACIPF2022,PVFC_LIC_CUMULATIVE_OCI_DERECOG,-14.1805412340826
NI03PGACIPF2023,PVFC_LIC_CUMULATIVE_OCI_DERECOG,-18.3643369544564
NI03PGACIPF2024,PVFC_LIC_CUMULATIVE_OCI_DERECOG,-23.7346212013829
NI03PGACIPF2025,PVFC_LIC_CUMULATIVE_OCI_DERECOG,6.34349207497235
NI03PGACIPF2026,PVFC_LIC_CUMULATIVE_OCI_DERECOG,0.0
NI03PGACIPF2014,RA_LIC_CUMULATIVE_OCI_DERECOG,0.0
NI03PGACIPF2015,RA_LIC_CUMULATIVE_OCI_DERECOG,0.0
NI03PGACIPF2016,RA_LIC_CUMULATIVE_OCI_DERECOG,0.0
NI03PGACIPF2017,RA_LIC_CUMULATIVE_OCI_DERECOG,0.0
NI03PGACIPF2018,RA_LIC_CUMULATIVE_OCI_DERECOG,0.0
NI03PGACIPF2019,RA_LIC_CUMULATIVE_OCI_DERECOG,0.0
NI03PGACIPF2020,RA_LIC_CUMULATIVE_OCI_DERECOG,0.0
NI03PGACIPF2021,RA_LIC_CUMULATIVE_OCI_DERECOG,0.0
NI03PGACIPF2022,RA_LIC_CUMULATIVE_OCI_DERECOG,0.0
NI03PGACIPF2023,RA_LIC_CUMULATIVE_OCI_DERECOG,0.0
NI03PGACIPF2024,RA_LIC_CUMULATIVE_OCI_DERECOG,0.0
NI03PGACIPF2025,RA_LIC_CUMULATIVE_OCI_DERECOG,0.0
NI03PGACIPF2026,RA_LIC_CUMULATIVE_OCI_DERECOG,0.0
NI03PGACIXL2014,PVFC_LIC_CUMULATIVE_OCI_DERECOG,0.0
NI03PGACIXL2015,PVFC_LIC_CUMULATIVE_OCI_DERECOG,2.96e-08
NI03PGACIXL2016,PVFC_LIC_CUMULATIVE_OCI_DERECOG,2.80327485668863e-08
NI03PGACIXL2017,PVFC_LIC_CUMULATIVE_OCI_DERECOG,4.29277662306049e-08
NI03PGACIXL2018,PVFC_LIC_CUMULATIVE_OCI_DERECOG,1.45794415429279e-07
NI03PGACIXL2019,PVFC_LIC_CUMULATIVE_OCI_DERECOG,6.85164849301145e-07
NI03PGACIXL2020,PVFC_LIC_CUMULATIVE_OCI_DERECOG,-6.64399559013873e-06
NI03PGACIXL2021,PVFC_LIC_CUMULATIVE_OCI_DERECOG,-238.59648298559
NI03PGACIXL2022,PVFC_LIC_CUMULATIVE_OCI_DERECOG,-164.159190659603
NI03PGACIXL2023,PVFC_LIC_CUMULATIVE_OCI_DERECOG,-212.592376271448
NI03PGACIXL2024,PVFC_LIC_CUMULATIVE_OCI_DERECOG,-274.760777524666
NI03PGACIXL2025,PVFC_LIC_CUMULATIVE_OCI_DERECOG,73.4346168886987
NI03PGACIXL2026,PVFC_LIC_CUMULATIVE_OCI_DERECOG,0.0
NI03PGACIXL2014,RA_LIC_CUMULATIVE_OCI_DERECOG,0.0
NI03PGACIXL2015,RA_LIC_CUMULATIVE_OCI_DERECOG,0.0
NI03PGACIXL2016,RA_LIC_CUMULATIVE_OCI_DERECOG,0.0
NI03PGACIXL2017,RA_LIC_CUMULATIVE_OCI_DERECOG,0.0
NI03PGACIXL2018,RA_LIC_CUMULATIVE_OCI_DERECOG,0.0
NI03PGACIXL2019,RA_LIC_CUMULATIVE_OCI_DERECOG,0.0
NI03PGACIXL2020,RA_LIC_CUMULATIVE_OCI_DERECOG,0.0
NI03PGACIXL2021,RA_LIC_CUMULATIVE_OCI_DERECOG,0.0
NI03PGACIXL2022,RA_LIC_CUMULATIVE_OCI_DERECOG,0.0
NI03PGACIXL2023,RA_LIC_CUMULATIVE_OCI_DERECOG,0.0
NI03PGACIXL2024,RA_LIC_CUMULATIVE_OCI_DERECOG,0.0
NI03PGACIXL2025,RA_LIC_CUMULATIVE_OCI_DERECOG,0.0
NI03PGACIXL2026,RA_LIC_CUMULATIVE_OCI_DERECOG,0.0
NI03PGAPIPF2014,PVFC_LIC_CUMULATIVE_OCI_DERECOG,0.0
NI03PGAPIPF2015,PVFC_LIC_CUMULATIVE_OCI_DERECOG,-1.97e-10
NI03PGAPIPF2016,PVFC_LIC_CUMULATIVE_OCI_DERECOG,5.47529778634204e-09
NI03PGAPIPF2017,PVFC_LIC_CUMULATIVE_OCI_DERECOG,-3.06204429798007e-08
NI03PGAPIPF2018,PVFC_LIC_CUMULATIVE_OCI_DERECOG,-7.72395449023799e-08
NI03PGAPIPF2019,PVFC_LIC_CUMULATIVE_OCI_DERECOG,-2.60636826870941e-07
NI03PGAPIPF2020,PVFC_LIC_CUMULATIVE_OCI_DERECOG,3.71325443282444e-07
NI03PGAPIPF2021,PVFC_LIC_CUMULATIVE_OCI_DERECOG,-2.81198252661932
NI03PGAPIPF2022,PVFC_LIC_CUMULATIVE_OCI_DERECOG,-1.93470686182173
NI03PGAPIPF2023,PVFC_LIC_CUMULATIVE_OCI_DERECOG,-2.50551905872886
NI03PGAPIPF2024,PVFC_LIC_CUMULATIVE_OCI_DERECOG,-9.44512295329028
NI03PGAPIPF2025,PVFC_LIC_CUMULATIVE_OCI_DERECOG,4.16392274776126
NI03PGAPIPF2026,PVFC_LIC_CUMULATIVE_OCI_DERECOG,0.0
NI03PGAPIPF2014,RA_LIC_CUMULATIVE_OCI_DERECOG,0.0
NI03PGAPIPF2015,RA_LIC_CUMULATIVE_OCI_DERECOG,0.0
NI03PGAPIPF2016,RA_LIC_CUMULATIVE_OCI_DERECOG,0.0
NI03PGAPIPF2017,RA_LIC_CUMULATIVE_OCI_DERECOG,0.0
NI03PGAPIPF2018,RA_LIC_CUMULATIVE_OCI_DERECOG,0.0
NI03PGAPIPF2019,RA_LIC_CUMULATIVE_OCI_DERECOG,0.0
NI03PGAPIPF2020,RA_LIC_CUMULATIVE_OCI_DERECOG,0.0
NI03PGAPIPF2021,RA_LIC_CUMULATIVE_OCI_DERECOG,0.0
NI03PGAPIPF2022,RA_LIC_CUMULATIVE_OCI_DERECOG,0.0
NI03PGAPIPF2023,RA_LIC_CUMULATIVE_OCI_DERECOG,0.0
NI03PGAPIPF2024,RA_LIC_CUMULATIVE_OCI_DERECOG,0.0
NI03PGAPIPF2025,RA_LIC_CUMULATIVE_OCI_DERECOG,0.0
NI03PGAPIPF2026,RA_LIC_CUMULATIVE_OCI_DERECOG,0.0
NI03PENGYST2014,PVFC_LIC_CUMULATIVE_OCI_DERECOG,0.397454174100899
NI03PENGYST2015,PVFC_LIC_CUMULATIVE_OCI_DERECOG,0.0175712554993752
NI03PENGYST2016,PVFC_LIC_CUMULATIVE_OCI_DERECOG,0.00105982878556011
NI03PENGYST2017,PVFC_LIC_CUMULATIVE_OCI_DERECOG,-1.16492955559711e-09
NI03PENGYST2018,PVFC_LIC_CUMULATIVE_OCI_DERECOG,-0.000432106594452902
NI03PENGYST2019,PVFC_LIC_CUMULATIVE_OCI_DERECOG,-1.46904502285536e-05
NI03PENGYST2020,PVFC_LIC_CUMULATIVE_OCI_DERECOG,-0.0246119176560761
NI03PENGYST2021,PVFC_LIC_CUMULATIVE_OCI_DERECOG,-0.024114101335035
NI03PENGYST2022,PVFC_LIC_CUMULATIVE_OCI_DERECOG,-1.49767191210594
NI03PENGYST2023,PVFC_LIC_CUMULATIVE_OCI_DERECOG,0.175134188634365
NI03PENGYST2024,PVFC_LIC_CUMULATIVE_OCI_DERECOG,7.54281201780986
NI03PENGYST2025,PVFC_LIC_CUMULATIVE_OCI_DERECOG,0.0146113346900734
NI03PENGYST2026,PVFC_LIC_CUMULATIVE_OCI_DERECOG,0.0
NI03PENGYST2014,RA_LIC_CUMULATIVE_OCI_DERECOG,0.0
NI03PENGYST2015,RA_LIC_CUMULATIVE_OCI_DERECOG,0.0
NI03PENGYST2016,RA_LIC_CUMULATIVE_OCI_DERECOG,0.0
NI03PENGYST2017,RA_LIC_CUMULATIVE_OCI_DERECOG,0.0
NI03PENGYST2018,RA_LIC_CUMULATIVE_OCI_DERECOG,0.0
NI03PENGYST2019,RA_LIC_CUMULATIVE_OCI_DERECOG,0.0
NI03PENGYST2020,RA_LIC_CUMULATIVE_OCI_DERECOG,0.0
NI03PENGYST2021,RA_LIC_CUMULATIVE_OCI_DERECOG,0.0
NI03PENGYST2022,RA_LIC_CUMULATIVE_OCI_DERECOG,0.0
NI03PENGYST2023,RA_LIC_CUMULATIVE_OCI_DERECOG,0.0
NI03PENGYST2024,RA_LIC_CUMULATIVE_OCI_DERECOG,0.0
NI03PENGYST2025,RA_LIC_CUMULATIVE_OCI_DERECOG,0.0
NI03PENGYST2026,RA_LIC_CUMULATIVE_OCI_DERECOG,0.0
NI03PEGNRPF2014,PVFC_LIC_CUMULATIVE_OCI_DERECOG,-3.46e-09
NI03PEGNRPF2015,PVFC_LIC_CUMULATIVE_OCI_DERECOG,9.29e-09
NI03PEGNRPF2016,PVFC_LIC_CUMULATIVE_OCI_DERECOG,2.53983184483886e-09
NI03PEGNRPF2017,PVFC_LIC_CUMULATIVE_OCI_DERECOG,1.04767252651072e-08
NI03PEGNRPF2018,PVFC_LIC_CUMULATIVE_OCI_DERECOG,4.93880270013847e-10
NI03PEGNRPF2019,PVFC_LIC_CUMULATIVE_OCI_DERECOG,5.77397365475463e-07
NI03PEGNRPF2020,PVFC_LIC_CUMULATIVE_OCI_DERECOG,-4.2522687260238e-08
NI03PEGNRPF2021,PVFC_LIC_CUMULATIVE_OCI_DERECOG,-8.75816204638891
NI03PEGNRPF2022,PVFC_LIC_CUMULATIVE_OCI_DERECOG,-5.57254539737875
NI03PEGNRPF2023,PVFC_LIC_CUMULATIVE_OCI_DERECOG,-7.05964835130516
NI03PEGNRPF2024,PVFC_LIC_CUMULATIVE_OCI_DERECOG,-3.46857566433926
NI03PEGNRPF2025,PVFC_LIC_CUMULATIVE_OCI_DERECOG,18.3732481658699
NI03PEGNRPF2026,PVFC_LIC_CUMULATIVE_OCI_DERECOG,0.0
NI03PEGNRPF2014,RA_LIC_CUMULATIVE_OCI_DERECOG,0.0
NI03PEGNRPF2015,RA_LIC_CUMULATIVE_OCI_DERECOG,0.0
NI03PEGNRPF2016,RA_LIC_CUMULATIVE_OCI_DERECOG,0.0
NI03PEGNRPF2017,RA_LIC_CUMULATIVE_OCI_DERECOG,0.0
NI03PEGNRPF2018,RA_LIC_CUMULATIVE_OCI_DERECOG,0.0
NI03PEGNRPF2019,RA_LIC_CUMULATIVE_OCI_DERECOG,0.0
NI03PEGNRPF2020,RA_LIC_CUMULATIVE_OCI_DERECOG,0.0
NI03PEGNRPF2021,RA_LIC_CUMULATIVE_OCI_DERECOG,0.0
NI03PEGNRPF2022,RA_LIC_CUMULATIVE_OCI_DERECOG,0.0
NI03PEGNRPF2023,RA_LIC_CUMULATIVE_OCI_DERECOG,0.0
NI03PEGNRPF2024,RA_LIC_CUMULATIVE_OCI_DERECOG,0.0
NI03PEGNRPF2025,RA_LIC_CUMULATIVE_OCI_DERECOG,0.0
NI03PEGNRPF2026,RA_LIC_CUMULATIVE_OCI_DERECOG,0.0
NI03PEGNRST2014,PVFC_LIC_CUMULATIVE_OCI_DERECOG,-4.6e-09
NI03PEGNRST2015,PVFC_LIC_CUMULATIVE_OCI_DERECOG,-1.72e-08
NI03PEGNRST2016,PVFC_LIC_CUMULATIVE_OCI_DERECOG,1.35306246207278e-08
NI03PEGNRST2017,PVFC_LIC_CUMULATIVE_OCI_DERECOG,5.22149136372718e-07
NI03PEGNRST2018,PVFC_LIC_CUMULATIVE_OCI_DERECOG,2.13083488631582e-07
NI03PEGNRST2019,PVFC_LIC_CUMULATIVE_OCI_DERECOG,5.42278428383725e-06
NI03PEGNRST2020,PVFC_LIC_CUMULATIVE_OCI_DERECOG,-1.46354343755206e-07
NI03PEGNRST2021,PVFC_LIC_CUMULATIVE_OCI_DERECOG,-160.625880432719
NI03PEGNRST2022,PVFC_LIC_CUMULATIVE_OCI_DERECOG,-102.201302813041
NI03PEGNRST2023,PVFC_LIC_CUMULATIVE_OCI_DERECOG,-129.474849169466
NI03PEGNRST2024,PVFC_LIC_CUMULATIVE_OCI_DERECOG,-63.614223561829
NI03PEGNRST2025,PVFC_LIC_CUMULATIVE_OCI_DERECOG,336.967889713997
NI03PEGNRST2026,PVFC_LIC_CUMULATIVE_OCI_DERECOG,0.0
NI03PEGNRST2014,RA_LIC_CUMULATIVE_OCI_DERECOG,0.0
NI03PEGNRST2015,RA_LIC_CUMULATIVE_OCI_DERECOG,0.0
NI03PEGNRST2016,RA_LIC_CUMULATIVE_OCI_DERECOG,0.0
NI03PEGNRST2017,RA_LIC_CUMULATIVE_OCI_DERECOG,0.0
NI03PEGNRST2018,RA_LIC_CUMULATIVE_OCI_DERECOG,0.0
NI03PEGNRST2019,RA_LIC_CUMULATIVE_OCI_DERECOG,0.0
NI03PEGNRST2020,RA_LIC_CUMULATIVE_OCI_DERECOG,0.0
NI03PEGNRST2021,RA_LIC_CUMULATIVE_OCI_DERECOG,0.0
NI03PEGNRST2022,RA_LIC_CUMULATIVE_OCI_DERECOG,0.0
NI03PEGNRST2023,RA_LIC_CUMULATIVE_OCI_DERECOG,0.0
NI03PEGNRST2024,RA_LIC_CUMULATIVE_OCI_DERECOG,0.0
NI03PEGNRST2025,RA_LIC_CUMULATIVE_OCI_DERECOG,0.0
NI03PEGNRST2026,RA_LIC_CUMULATIVE_OCI_DERECOG,0.0
NI03PFICIPF2014,PVFC_LIC_CUMULATIVE_OCI_DERECOG,-6.3e-08
NI03PFICIPF2015,PVFC_LIC_CUMULATIVE_OCI_DERECOG,-6.84e-07
NI03PFICIPF2016,PVFC_LIC_CUMULATIVE_OCI_DERECOG,5.71e-08
NI03PFICIPF2017,PVFC_LIC_CUMULATIVE_OCI_DERECOG,-6.4e-07
NI03PFICIPF2018,PVFC_LIC_CUMULATIVE_OCI_DERECOG,-6.12e-07
NI03PFICIPF2019,PVFC_LIC_CUMULATIVE_OCI_DERECOG,-1.13581467564572e-06
NI03PFICIPF2020,PVFC_LIC_CUMULATIVE_OCI_DERECOG,-1.67003854585346e-05
NI03PFICIPF2021,PVFC_LIC_CUMULATIVE_OCI_DERECOG,-45.0020707181791
NI03PFICIPF2022,PVFC_LIC_CUMULATIVE_OCI_DERECOG,-33.4897266070639
NI03PFICIPF2023,PVFC_LIC_CUMULATIVE_OCI_DERECOG,-48.2993948812928
NI03PFICIPF2024,PVFC_LIC_CUMULATIVE_OCI_DERECOG,-443.01441703823
NI03PFICIPF2025,PVFC_LIC_CUMULATIVE_OCI_DERECOG,1016.43508776254
NI03PFICIPF2026,PVFC_LIC_CUMULATIVE_OCI_DERECOG,0.0
NI03PFICIPF2014,RA_LIC_CUMULATIVE_OCI_DERECOG,0.0
NI03PFICIPF2015,RA_LIC_CUMULATIVE_OCI_DERECOG,0.0
NI03PFICIPF2016,RA_LIC_CUMULATIVE_OCI_DERECOG,0.0
NI03PFICIPF2017,RA_LIC_CUMULATIVE_OCI_DERECOG,0.0
NI03PFICIPF2018,RA_LIC_CUMULATIVE_OCI_DERECOG,0.0
NI03PFICIPF2019,RA_LIC_CUMULATIVE_OCI_DERECOG,0.0
NI03PFICIPF2020,RA_LIC_CUMULATIVE_OCI_DERECOG,0.0
NI03PFICIPF2021,RA_LIC_CUMULATIVE_OCI_DERECOG,0.0
NI03PFICIPF2022,RA_LIC_CUMULATIVE_OCI_DERECOG,0.0
NI03PFICIPF2023,RA_LIC_CUMULATIVE_OCI_DERECOG,0.0
NI03PFICIPF2024,RA_LIC_CUMULATIVE_OCI_DERECOG,0.0
NI03PFICIPF2025,RA_LIC_CUMULATIVE_OCI_DERECOG,0.0
NI03PFICIPF2026,RA_LIC_CUMULATIVE_OCI_DERECOG,0.0
NI03PFICIST2014,PVFC_LIC_CUMULATIVE_OCI_DERECOG,3.23e-07
NI03PFICIST2015,PVFC_LIC_CUMULATIVE_OCI_DERECOG,3.16e-07
NI03PFICIST2016,PVFC_LIC_CUMULATIVE_OCI_DERECOG,-3.35e-07
NI03PFICIST2017,PVFC_LIC_CUMULATIVE_OCI_DERECOG,1.66e-07
NI03PFICIST2018,PVFC_LIC_CUMULATIVE_OCI_DERECOG,6.13e-07
NI03PFICIST2019,PVFC_LIC_CUMULATIVE_OCI_DERECOG,-253.981886876732
NI03PFICIST2020,PVFC_LIC_CUMULATIVE_OCI_DERECOG,-18993.1364627296
NI03PFICIST2021,PVFC_LIC_CUMULATIVE_OCI_DERECOG,-58138.3064659969
NI03PFICIST2022,PVFC_LIC_CUMULATIVE_OCI_DERECOG,-102846.777636925
NI03PFICIST2023,PVFC_LIC_CUMULATIVE_OCI_DERECOG,492899.853190227
NI03PFICIST2024,PVFC_LIC_CUMULATIVE_OCI_DERECOG,28081.6784862208
NI03PFICIST2025,PVFC_LIC_CUMULATIVE_OCI_DERECOG,1056.51681206271
NI03PFICIST2026,PVFC_LIC_CUMULATIVE_OCI_DERECOG,0.0
NI03PFICIST2014,RA_LIC_CUMULATIVE_OCI_DERECOG,0.0
NI03PFICIST2015,RA_LIC_CUMULATIVE_OCI_DERECOG,0.0
NI03PFICIST2016,RA_LIC_CUMULATIVE_OCI_DERECOG,0.0
NI03PFICIST2017,RA_LIC_CUMULATIVE_OCI_DERECOG,0.0
NI03PFICIST2018,RA_LIC_CUMULATIVE_OCI_DERECOG,0.0
NI03PFICIST2019,RA_LIC_CUMULATIVE_OCI_DERECOG,0.0
NI03PFICIST2020,RA_LIC_CUMULATIVE_OCI_DERECOG,0.0
NI03PFICIST2021,RA_LIC_CUMULATIVE_OCI_DERECOG,0.0
NI03PFICIST2022,RA_LIC_CUMULATIVE_OCI_DERECOG,0.0
NI03PFICIST2023,RA_LIC_CUMULATIVE_OCI_DERECOG,0.0
NI03PFICIST2024,RA_LIC_CUMULATIVE_OCI_DERECOG,0.0
NI03PFICIST2025,RA_LIC_CUMULATIVE_OCI_DERECOG,0.0
NI03PFICIST2026,RA_LIC_CUMULATIVE_OCI_DERECOG,0.0
NI03PFIPIPF2014,PVFC_LIC_CUMULATIVE_OCI_DERECOG,9.49e-09
NI03PFIPIPF2015,PVFC_LIC_CUMULATIVE_OCI_DERECOG,-6.95e-08
NI03PFIPIPF2016,PVFC_LIC_CUMULATIVE_OCI_DERECOG,-8.46e-08
NI03PFIPIPF2017,PVFC_LIC_CUMULATIVE_OCI_DERECOG,-9.62e-08
NI03PFIPIPF2018,PVFC_LIC_CUMULATIVE_OCI_DERECOG,-3.31e-07
NI03PFIPIPF2019,PVFC_LIC_CUMULATIVE_OCI_DERECOG,-7.15963541397802e-07
NI03PFIPIPF2020,PVFC_LIC_CUMULATIVE_OCI_DERECOG,-1.46744118580955e-05
NI03PFIPIPF2021,PVFC_LIC_CUMULATIVE_OCI_DERECOG,3.34969478643643e-05
NI03PFIPIPF2022,PVFC_LIC_CUMULATIVE_OCI_DERECOG,7.87874128604926e-06
NI03PFIPIPF2023,PVFC_LIC_CUMULATIVE_OCI_DERECOG,1.10843831180318e-05
NI03PFIPIPF2024,PVFC_LIC_CUMULATIVE_OCI_DERECOG,-66.0170177069883
NI03PFIPIPF2025,PVFC_LIC_CUMULATIVE_OCI_DERECOG,112.709991482603
NI03PFIPIPF2026,PVFC_LIC_CUMULATIVE_OCI_DERECOG,0.0
NI03PFIPIPF2014,RA_LIC_CUMULATIVE_OCI_DERECOG,0.0
NI03PFIPIPF2015,RA_LIC_CUMULATIVE_OCI_DERECOG,0.0
NI03PFIPIPF2016,RA_LIC_CUMULATIVE_OCI_DERECOG,0.0
NI03PFIPIPF2017,RA_LIC_CUMULATIVE_OCI_DERECOG,0.0
NI03PFIPIPF2018,RA_LIC_CUMULATIVE_OCI_DERECOG,0.0
NI03PFIPIPF2019,RA_LIC_CUMULATIVE_OCI_DERECOG,0.0
NI03PFIPIPF2020,RA_LIC_CUMULATIVE_OCI_DERECOG,0.0
NI03PFIPIPF2021,RA_LIC_CUMULATIVE_OCI_DERECOG,0.0
NI03PFIPIPF2022,RA_LIC_CUMULATIVE_OCI_DERECOG,0.0
NI03PFIPIPF2023,RA_LIC_CUMULATIVE_OCI_DERECOG,0.0
NI03PFIPIPF2024,RA_LIC_CUMULATIVE_OCI_DERECOG,0.0
NI03PFIPIPF2025,RA_LIC_CUMULATIVE_OCI_DERECOG,0.0
NI03PFIPIPF2026,RA_LIC_CUMULATIVE_OCI_DERECOG,0.0
NI03PAVTNPF2014,PVFC_LIC_CUMULATIVE_OCI_DERECOG,0.27964089062101
NI03PAVTNPF2015,PVFC_LIC_CUMULATIVE_OCI_DERECOG,0.0372143160261862
NI03PAVTNPF2016,PVFC_LIC_CUMULATIVE_OCI_DERECOG,2.22115215109397e-10
NI03PAVTNPF2017,PVFC_LIC_CUMULATIVE_OCI_DERECOG,0.0
NI03PAVTNPF2018,PVFC_LIC_CUMULATIVE_OCI_DERECOG,0.0
NI03PAVTNPF2019,PVFC_LIC_CUMULATIVE_OCI_DERECOG,0.0
NI03PAVTNPF2020,PVFC_LIC_CUMULATIVE_OCI_DERECOG,3.07e-07
NI03PAVTNPF2021,PVFC_LIC_CUMULATIVE_OCI_DERECOG,-35.383915902902
NI03PAVTNPF2022,PVFC_LIC_CUMULATIVE_OCI_DERECOG,-30.5120674451605
NI03PAVTNPF2023,PVFC_LIC_CUMULATIVE_OCI_DERECOG,-69.3301233138509
NI03PAVTNPF2024,PVFC_LIC_CUMULATIVE_OCI_DERECOG,-4.09940461772862
NI03PAVTNPF2025,PVFC_LIC_CUMULATIVE_OCI_DERECOG,187.292039060561
NI03PAVTNPF2026,PVFC_LIC_CUMULATIVE_OCI_DERECOG,0.0
NI03PAVTNPF2014,RA_LIC_CUMULATIVE_OCI_DERECOG,0.0
NI03PAVTNPF2015,RA_LIC_CUMULATIVE_OCI_DERECOG,0.0
NI03PAVTNPF2016,RA_LIC_CUMULATIVE_OCI_DERECOG,0.0
NI03PAVTNPF2017,RA_LIC_CUMULATIVE_OCI_DERECOG,0.0
NI03PAVTNPF2018,RA_LIC_CUMULATIVE_OCI_DERECOG,0.0
NI03PAVTNPF2019,RA_LIC_CUMULATIVE_OCI_DERECOG,0.0
NI03PAVTNPF2020,RA_LIC_CUMULATIVE_OCI_DERECOG,0.0
NI03PAVTNPF2021,RA_LIC_CUMULATIVE_OCI_DERECOG,0.0
NI03PAVTNPF2022,RA_LIC_CUMULATIVE_OCI_DERECOG,0.0
NI03PAVTNPF2023,RA_LIC_CUMULATIVE_OCI_DERECOG,0.0
NI03PAVTNPF2024,RA_LIC_CUMULATIVE_OCI_DERECOG,0.0
NI03PAVTNPF2025,RA_LIC_CUMULATIVE_OCI_DERECOG,0.0
NI03PAVTNPF2026,RA_LIC_CUMULATIVE_OCI_DERECOG,0.0
NI03PENGYPF2014,PVFC_LIC_CUMULATIVE_OCI_DERECOG,0.0308395450709167
NI03PENGYPF2015,PVFC_LIC_CUMULATIVE_OCI_DERECOG,0.0013633965852685
NI03PENGYPF2016,PVFC_LIC_CUMULATIVE_OCI_DERECOG,8.22354140925979e-05
NI03PENGYPF2017,PVFC_LIC_CUMULATIVE_OCI_DERECOG,-1.41410258502894e-10
NI03PENGYPF2018,PVFC_LIC_CUMULATIVE_OCI_DERECOG,-3.35272456937381e-05
NI03PENGYPF2019,PVFC_LIC_CUMULATIVE_OCI_DERECOG,-1.14199544459098e-06
NI03PENGYPF2020,PVFC_LIC_CUMULATIVE_OCI_DERECOG,-0.00190968201483416
NI03PENGYPF2021,PVFC_LIC_CUMULATIVE_OCI_DERECOG,-0.00187107328578273
NI03PENGYPF2022,PVFC_LIC_CUMULATIVE_OCI_DERECOG,-0.116208432764464
NI03PENGYPF2023,PVFC_LIC_CUMULATIVE_OCI_DERECOG,0.0135894622825212
NI03PENGYPF2024,PVFC_LIC_CUMULATIVE_OCI_DERECOG,9.07769234916884
NI03PENGYPF2025,PVFC_LIC_CUMULATIVE_OCI_DERECOG,0.0239143805033564
NI03PENGYPF2026,PVFC_LIC_CUMULATIVE_OCI_DERECOG,0.0
NI03PENGYPF2014,RA_LIC_CUMULATIVE_OCI_DERECOG,0.0
NI03PENGYPF2015,RA_LIC_CUMULATIVE_OCI_DERECOG,0.0
NI03PENGYPF2016,RA_LIC_CUMULATIVE_OCI_DERECOG,0.0
NI03PENGYPF2017,RA_LIC_CUMULATIVE_OCI_DERECOG,0.0
NI03PENGYPF2018,RA_LIC_CUMULATIVE_OCI_DERECOG,0.0
NI03PENGYPF2019,RA_LIC_CUMULATIVE_OCI_DERECOG,0.0
NI03PENGYPF2020,RA_LIC_CUMULATIVE_OCI_DERECOG,0.0
NI03PENGYPF2021,RA_LIC_CUMULATIVE_OCI_DERECOG,0.0
NI03PENGYPF2022,RA_LIC_CUMULATIVE_OCI_DERECOG,0.0
NI03PENGYPF2023,RA_LIC_CUMULATIVE_OCI_DERECOG,0.0
NI03PENGYPF2024,RA_LIC_CUMULATIVE_OCI_DERECOG,0.0
NI03PENGYPF2025,RA_LIC_CUMULATIVE_OCI_DERECOG,0.0
NI03PENGYPF2026,RA_LIC_CUMULATIVE_OCI_DERECOG,0.0
