GOC_ID,VARIABLE_NAME,1
NI03PAVTNCI2013,PVFC_LIC_CUMULATIVE_OCI_DERECOG,0.0
NI03PAVTNCI2014,PVFC_LIC_CUMULATIVE_OCI_DERECOG,2152.20100323186
NI03PAVTNCI2015,PVFC_LIC_CUMULATIVE_OCI_DERECOG,286.412655400171
NI03PAVTNCI2016,PVFC_LIC_CUMULATIVE_OCI_DERECOG,67.4459415113366
NI03PAVTNCI2017,PVFC_LIC_CUMULATIVE_OCI_DERECOG,2.53710606227649
NI03PAVTNCI2018,PVFC_LIC_CUMULATIVE_OCI_DERECOG,0.0
NI03PAVTNCI2019,PVFC_LIC_CUMULATIVE_OCI_DERECOG,11.2515475727395
NI03PAVTNCI2020,PVFC_LIC_CUMULATIVE_OCI_DERECOG,0.0
NI03PAVTNCI2021,PVFC_LIC_CUMULATIVE_OCI_DERECOG,619.570368738783
NI03PAVTNCI2022,PVFC_LIC_CUMULATIVE_OCI_DERECOG,1656.58721808655
NI03PAVTNCI2023,PVFC_LIC_CUMULATIVE_OCI_DERECOG,5624.61568855825
NI03PAVTNCI2024,PVFC_LIC_CUMULATIVE_OCI_DERECOG,4807.61582516869
NI03PAVTNCI2025,PVFC_LIC_CUMULATIVE_OCI_DERECOG,0.0
NI03PAVTNCI2013,RA_LIC_CUMULATIVE_OCI_DERECOG,0.0
NI03PAVTNCI2014,RA_LIC_CUMULATIVE_OCI_DERECOG,0.0
NI03PAVTNCI2015,RA_LIC_CUMULATIVE_OCI_DERECOG,0.0
NI03PAVTNCI2016,RA_LIC_CUMULATIVE_OCI_DERECOG,0.0
NI03PAVTNCI2017,RA_LIC_CUMULATIVE_OCI_DERECOG,0.0
NI03PAVTNCI2018,RA_LIC_CUMULATIVE_OCI_DERECOG,0.0
NI03PAVTNCI2019,RA_LIC_CUMULATIVE_OCI_DERECOG,0.0
NI03PAVTNCI2020,RA_LIC_CUMULATIVE_OCI_DERECOG,0.0
NI03PAVTNCI2021,RA_LIC_CUMULATIVE_OCI_DERECOG,0.0
NI03PAVTNCI2022,RA_LIC_CUMULATIVE_OCI_DERECOG,0.0
NI03PAVTNCI2023,RA_LIC_CUMULATIVE_OCI_DERECOG,0.0
NI03PAVTNCI2024,RA_LIC_CUMULATIVE_OCI_DERECOG,0.0
NI03PAVTNCI2025,RA_LIC_CUMULATIVE_OCI_DERECOG,0.0
NI03PENGYCI2013,PVFC_LIC_CUMULATIVE_OCI_DERECOG,-0.944878848259294
NI03PENGYCI2014,PVFC_LIC_CUMULATIVE_OCI_DERECOG,0.28556273032607
NI03PENGYCI2015,PVFC_LIC_CUMULATIVE_OCI_DERECOG,0.0201063676068902
NI03PENGYCI2016,PVFC_LIC_CUMULATIVE_OCI_DERECOG,0.0503638163963839
NI03PENGYCI2017,PVFC_LIC_CUMULATIVE_OCI_DERECOG,0.0771133760150426
NI03PENGYCI2018,PVFC_LIC_CUMULATIVE_OCI_DERECOG,0.154839967985356
NI03PENGYCI2019,PVFC_LIC_CUMULATIVE_OCI_DERECOG,0.834630201809575
NI03PENGYCI2020,PVFC_LIC_CUMULATIVE_OCI_DERECOG,0.628382608157403
NI03PENGYCI2021,PVFC_LIC_CUMULATIVE_OCI_DERECOG,4.69813726501385
NI03PENGYCI2022,PVFC_LIC_CUMULATIVE_OCI_DERECOG,7.36387313923295
NI03PENGYCI2023,PVFC_LIC_CUMULATIVE_OCI_DERECOG,-45.4033617906578
NI03PENGYCI2024,PVFC_LIC_CUMULATIVE_OCI_DERECOG,-0.0432662392819445
NI03PENGYCI2025,PVFC_LIC_CUMULATIVE_OCI_DERECOG,0.0
NI03PENGYCI2013,RA_LIC_CUMULATIVE_OCI_DERECOG,0.0
NI03PENGYCI2014,RA_LIC_CUMULATIVE_OCI_DERECOG,0.0
NI03PENGYCI2015,RA_LIC_CUMULATIVE_OCI_DERECOG,0.0
NI03PENGYCI2016,RA_LIC_CUMULATIVE_OCI_DERECOG,0.0
NI03PENGYCI2017,RA_LIC_CUMULATIVE_OCI_DERECOG,0.0
NI03PENGYCI2018,RA_LIC_CUMULATIVE_OCI_DERECOG,0.0
NI03PENGYCI2019,RA_LIC_CUMULATIVE_OCI_DERECOG,0.0
NI03PENGYCI2020,RA_LIC_CUMULATIVE_OCI_DERECOG,0.0
NI03PENGYCI2021,RA_LIC_CUMULATIVE_OCI_DERECOG,0.0
NI03PENGYCI2022,RA_LIC_CUMULATIVE_OCI_DERECOG,0.0
NI03PENGYCI2023,RA_LIC_CUMULATIVE_OCI_DERECOG,0.0
NI03PENGYCI2024,RA_LIC_CUMULATIVE_OCI_DERECOG,0.0
NI03PENGYCI2025,RA_LIC_CUMULATIVE_OCI_DERECOG,0.0
NI03PEGNRCI2013,PVFC_LIC_CUMULATIVE_OCI_DERECOG,0.297637037046542
NI03PEGNRCI2014,PVFC_LIC_CUMULATIVE_OCI_DERECOG,0.438280220856878
NI03PEGNRCI2015,PVFC_LIC_CUMULATIVE_OCI_DERECOG,1.3393670087099
NI03PEGNRCI2016,PVFC_LIC_CUMULATIVE_OCI_DERECOG,7.34878535957827
NI03PEGNRCI2017,PVFC_LIC_CUMULATIVE_OCI_DERECOG,152.328944670143
NI03PEGNRCI2018,PVFC_LIC_CUMULATIVE_OCI_DERECOG,22.6628001802806
NI03PEGNRCI2019,PVFC_LIC_CUMULATIVE_OCI_DERECOG,901.312360167975
NI03PEGNRCI2020,PVFC_LIC_CUMULATIVE_OCI_DERECOG,16.1508794294779
NI03PEGNRCI2021,PVFC_LIC_CUMULATIVE_OCI_DERECOG,491.272197843183
NI03PEGNRCI2022,PVFC_LIC_CUMULATIVE_OCI_DERECOG,66.0799252323988
NI03PEGNRCI2023,PVFC_LIC_CUMULATIVE_OCI_DERECOG,12494.6344101395
NI03PEGNRCI2024,PVFC_LIC_CUMULATIVE_OCI_DERECOG,15870.0363927204
NI03PEGNRCI2025,PVFC_LIC_CUMULATIVE_OCI_DERECOG,0.0
NI03PEGNRCI2013,RA_LIC_CUMULATIVE_OCI_DERECOG,0.0
NI03PEGNRCI2014,RA_LIC_CUMULATIVE_OCI_DERECOG,0.0
NI03PEGNRCI2015,RA_LIC_CUMULATIVE_OCI_DERECOG,0.0
NI03PEGNRCI2016,RA_LIC_CUMULATIVE_OCI_DERECOG,0.0
NI03PEGNRCI2017,RA_LIC_CUMULATIVE_OCI_DERECOG,0.0
NI03PEGNRCI2018,RA_LIC_CUMULATIVE_OCI_DERECOG,0.0
NI03PEGNRCI2019,RA_LIC_CUMULATIVE_OCI_DERECOG,0.0
NI03PEGNRCI2020,RA_LIC_CUMULATIVE_OCI_DERECOG,0.0
NI03PEGNRCI2021,RA_LIC_CUMULATIVE_OCI_DERECOG,0.0
NI03PEGNRCI2022,RA_LIC_CUMULATIVE_OCI_DERECOG,0.0
NI03PEGNRCI2023,RA_LIC_CUMULATIVE_OCI_DERECOG,0.0
NI03PEGNRCI2024,RA_LIC_CUMULATIVE_OCI_DERECOG,0.0
NI03PEGNRCI2025,RA_LIC_CUMULATIVE_OCI_DERECOG,0.0
NI03PFIRECI2013,PVFC_LIC_CUMULATIVE_OCI_DERECOG,34.4901024227763
NI03PFIRECI2014,PVFC_LIC_CUMULATIVE_OCI_DERECOG,19.2870071464525
NI03PFIRECI2015,PVFC_LIC_CUMULATIVE_OCI_DERECOG,19.489768205396
NI03PFIRECI2016,PVFC_LIC_CUMULATIVE_OCI_DERECOG,27.7115417691077
NI03PFIRECI2017,PVFC_LIC_CUMULATIVE_OCI_DERECOG,43.5977125450767
NI03PFIRECI2018,PVFC_LIC_CUMULATIVE_OCI_DERECOG,69.6574241121174
NI03PFIRECI2019,PVFC_LIC_CUMULATIVE_OCI_DERECOG,73.9088425600362
NI03PFIRECI2020,PVFC_LIC_CUMULATIVE_OCI_DERECOG,2951.20240807579
NI03PFIRECI2021,PVFC_LIC_CUMULATIVE_OCI_DERECOG,8804.62412894759
NI03PFIRECI2022,PVFC_LIC_CUMULATIVE_OCI_DERECOG,14558.1373702981
NI03PFIRECI2023,PVFC_LIC_CUMULATIVE_OCI_DERECOG,37931.5491511514
NI03PFIRECI2024,PVFC_LIC_CUMULATIVE_OCI_DERECOG,73836.927838727
NI03PFIRECI2025,PVFC_LIC_CUMULATIVE_OCI_DERECOG,0.0
NI03PFIRECI2013,RA_LIC_CUMULATIVE_OCI_DERECOG,0.0
NI03PFIRECI2014,RA_LIC_CUMULATIVE_OCI_DERECOG,0.0
NI03PFIRECI2015,RA_LIC_CUMULATIVE_OCI_DERECOG,0.0
NI03PFIRECI2016,RA_LIC_CUMULATIVE_OCI_DERECOG,0.0
NI03PFIRECI2017,RA_LIC_CUMULATIVE_OCI_DERECOG,0.0
NI03PFIRECI2018,RA_LIC_CUMULATIVE_OCI_DERECOG,0.0
NI03PFIRECI2019,RA_LIC_CUMULATIVE_OCI_DERECOG,0.0
NI03PFIRECI2020,RA_LIC_CUMULATIVE_OCI_DERECOG,0.0
NI03PFIRECI2021,RA_LIC_CUMULATIVE_OCI_DERECOG,0.0
NI03PFIRECI2022,RA_LIC_CUMULATIVE_OCI_DERECOG,0.0
NI03PFIRECI2023,RA_LIC_CUMULATIVE_OCI_DERECOG,0.0
NI03PFIRECI2024,RA_LIC_CUMULATIVE_OCI_DERECOG,0.0
NI03PFIRECI2025,RA_LIC_CUMULATIVE_OCI_DERECOG,0.0
NI03PFIREPI2013,PVFC_LIC_CUMULATIVE_OCI_DERECOG,5.41885914952022
NI03PFIREPI2014,PVFC_LIC_CUMULATIVE_OCI_DERECOG,4.82315106181741
NI03PFIREPI2015,PVFC_LIC_CUMULATIVE_OCI_DERECOG,3.25000572543224
NI03PFIREPI2016,PVFC_LIC_CUMULATIVE_OCI_DERECOG,5.19343893296872
NI03PFIREPI2017,PVFC_LIC_CUMULATIVE_OCI_DERECOG,6.49812847744549
NI03PFIREPI2018,PVFC_LIC_CUMULATIVE_OCI_DERECOG,11.9253432388989
NI03PFIREPI2019,PVFC_LIC_CUMULATIVE_OCI_DERECOG,13.3124128578807
NI03PFIREPI2020,PVFC_LIC_CUMULATIVE_OCI_DERECOG,297.183048741249
NI03PFIREPI2021,PVFC_LIC_CUMULATIVE_OCI_DERECOG,890.281139143637
NI03PFIREPI2022,PVFC_LIC_CUMULATIVE_OCI_DERECOG,1206.18402831797
NI03PFIREPI2023,PVFC_LIC_CUMULATIVE_OCI_DERECOG,3084.37451435547
NI03PFIREPI2024,PVFC_LIC_CUMULATIVE_OCI_DERECOG,6327.3175968248
NI03PFIREPI2025,PVFC_LIC_CUMULATIVE_OCI_DERECOG,0.0
NI03PFIREPI2013,RA_LIC_CUMULATIVE_OCI_DERECOG,0.0
NI03PFIREPI2014,RA_LIC_CUMULATIVE_OCI_DERECOG,0.0
NI03PFIREPI2015,RA_LIC_CUMULATIVE_OCI_DERECOG,0.0
NI03PFIREPI2016,RA_LIC_CUMULATIVE_OCI_DERECOG,0.0
NI03PFIREPI2017,RA_LIC_CUMULATIVE_OCI_DERECOG,0.0
NI03PFIREPI2018,RA_LIC_CUMULATIVE_OCI_DERECOG,0.0
NI03PFIREPI2019,RA_LIC_CUMULATIVE_OCI_DERECOG,0.0
NI03PFIREPI2020,RA_LIC_CUMULATIVE_OCI_DERECOG,0.0
NI03PFIREPI2021,RA_LIC_CUMULATIVE_OCI_DERECOG,0.0
NI03PFIREPI2022,RA_LIC_CUMULATIVE_OCI_DERECOG,0.0
NI03PFIREPI2023,RA_LIC_CUMULATIVE_OCI_DERECOG,0.0
NI03PFIREPI2024,RA_LIC_CUMULATIVE_OCI_DERECOG,0.0
NI03PFIREPI2025,RA_LIC_CUMULATIVE_OCI_DERECOG,0.0
NI03PFXAGCI2013,PVFC_LIC_CUMULATIVE_OCI_DERECOG,0.0
NI03PFXAGCI2014,PVFC_LIC_CUMULATIVE_OCI_DERECOG,0.0
NI03PFXAGCI2015,PVFC_LIC_CUMULATIVE_OCI_DERECOG,0.0
NI03PFXAGCI2016,PVFC_LIC_CUMULATIVE_OCI_DERECOG,0.0
NI03PFXAGCI2017,PVFC_LIC_CUMULATIVE_OCI_DERECOG,0.0
NI03PFXAGCI2018,PVFC_LIC_CUMULATIVE_OCI_DERECOG,0.0
NI03PFXAGCI2019,PVFC_LIC_CUMULATIVE_OCI_DERECOG,0.0
NI03PFXAGCI2020,PVFC_LIC_CUMULATIVE_OCI_DERECOG,0.0
NI03PFXAGCI2021,PVFC_LIC_CUMULATIVE_OCI_DERECOG,0.0
NI03PFXAGCI2022,PVFC_LIC_CUMULATIVE_OCI_DERECOG,2.00000358745456e-05
NI03PFXAGCI2023,PVFC_LIC_CUMULATIVE_OCI_DERECOG,0.0
NI03PFXAGCI2024,PVFC_LIC_CUMULATIVE_OCI_DERECOG,0.0
NI03PFXAGCI2025,PVFC_LIC_CUMULATIVE_OCI_DERECOG,0.0
NI03PFXAGCI2013,RA_LIC_CUMULATIVE_OCI_DERECOG,0.0
NI03PFXAGCI2014,RA_LIC_CUMULATIVE_OCI_DERECOG,0.0
NI03PFXAGCI2015,RA_LIC_CUMULATIVE_OCI_DERECOG,0.0
NI03PFXAGCI2016,RA_LIC_CUMULATIVE_OCI_DERECOG,0.0
NI03PFXAGCI2017,RA_LIC_CUMULATIVE_OCI_DERECOG,0.0
NI03PFXAGCI2018,RA_LIC_CUMULATIVE_OCI_DERECOG,0.0
NI03PFXAGCI2019,RA_LIC_CUMULATIVE_OCI_DERECOG,0.0
NI03PFXAGCI2020,RA_LIC_CUMULATIVE_OCI_DERECOG,0.0
NI03PFXAGCI2021,RA_LIC_CUMULATIVE_OCI_DERECOG,0.0
NI03PFXAGCI2022,RA_LIC_CUMULATIVE_OCI_DERECOG,0.0
NI03PFXAGCI2023,RA_LIC_CUMULATIVE_OCI_DERECOG,0.0
NI03PFXAGCI2024,RA_LIC_CUMULATIVE_OCI_DERECOG,0.0
NI03PFXAGCI2025,RA_LIC_CUMULATIVE_OCI_DERECOG,0.0
NI03PGAACCI2013,PVFC_LIC_CUMULATIVE_OCI_DERECOG,19.334013203216
NI03PGAACCI2014,PVFC_LIC_CUMULATIVE_OCI_DERECOG,0.0
NI03PGAACCI2015,PVFC_LIC_CUMULATIVE_OCI_DERECOG,-0.313150847818692
NI03PGAACCI2016,PVFC_LIC_CUMULATIVE_OCI_DERECOG,3.89867171345835
NI03PGAACCI2017,PVFC_LIC_CUMULATIVE_OCI_DERECOG,4.14366042549355
NI03PGAACCI2018,PVFC_LIC_CUMULATIVE_OCI_DERECOG,-5.94018876678861
NI03PGAACCI2019,PVFC_LIC_CUMULATIVE_OCI_DERECOG,50.3747231282195
NI03PGAACCI2020,PVFC_LIC_CUMULATIVE_OCI_DERECOG,636.929460155064
NI03PGAACCI2021,PVFC_LIC_CUMULATIVE_OCI_DERECOG,971.260223889525
NI03PGAACCI2022,PVFC_LIC_CUMULATIVE_OCI_DERECOG,2267.1362747122
NI03PGAACCI2023,PVFC_LIC_CUMULATIVE_OCI_DERECOG,3122.44828366413
NI03PGAACCI2024,PVFC_LIC_CUMULATIVE_OCI_DERECOG,3975.32631147591
NI03PGAACCI2025,PVFC_LIC_CUMULATIVE_OCI_DERECOG,0.0
NI03PGAACCI2013,RA_LIC_CUMULATIVE_OCI_DERECOG,0.0
NI03PGAACCI2014,RA_LIC_CUMULATIVE_OCI_DERECOG,0.0
NI03PGAACCI2015,RA_LIC_CUMULATIVE_OCI_DERECOG,0.0
NI03PGAACCI2016,RA_LIC_CUMULATIVE_OCI_DERECOG,0.0
NI03PGAACCI2017,RA_LIC_CUMULATIVE_OCI_DERECOG,0.0
NI03PGAACCI2018,RA_LIC_CUMULATIVE_OCI_DERECOG,0.0
NI03PGAACCI2019,RA_LIC_CUMULATIVE_OCI_DERECOG,0.0
NI03PGAACCI2020,RA_LIC_CUMULATIVE_OCI_DERECOG,0.0
NI03PGAACCI2021,RA_LIC_CUMULATIVE_OCI_DERECOG,0.0
NI03PGAACCI2022,RA_LIC_CUMULATIVE_OCI_DERECOG,0.0
NI03PGAACCI2023,RA_LIC_CUMULATIVE_OCI_DERECOG,0.0
NI03PGAACCI2024,RA_LIC_CUMULATIVE_OCI_DERECOG,0.0
NI03PGAACCI2025,RA_LIC_CUMULATIVE_OCI_DERECOG,0.0
NI03PGAACPI2013,PVFC_LIC_CUMULATIVE_OCI_DERECOG,2.05747904585388
NI03PGAACPI2014,PVFC_LIC_CUMULATIVE_OCI_DERECOG,0.0
NI03PGAACPI2015,PVFC_LIC_CUMULATIVE_OCI_DERECOG,-2.57095742396409
NI03PGAACPI2016,PVFC_LIC_CUMULATIVE_OCI_DERECOG,-9.10060370964374
NI03PGAACPI2017,PVFC_LIC_CUMULATIVE_OCI_DERECOG,-72.2221203050566
NI03PGAACPI2018,PVFC_LIC_CUMULATIVE_OCI_DERECOG,-95.4620936977843
NI03PGAACPI2019,PVFC_LIC_CUMULATIVE_OCI_DERECOG,-47.050736327214
NI03PGAACPI2020,PVFC_LIC_CUMULATIVE_OCI_DERECOG,-224.6369551293
NI03PGAACPI2021,PVFC_LIC_CUMULATIVE_OCI_DERECOG,-125.321048904655
NI03PGAACPI2022,PVFC_LIC_CUMULATIVE_OCI_DERECOG,-285.037999943
NI03PGAACPI2023,PVFC_LIC_CUMULATIVE_OCI_DERECOG,-1793.15631787158
NI03PGAACPI2024,PVFC_LIC_CUMULATIVE_OCI_DERECOG,423.044636401245
NI03PGAACPI2025,PVFC_LIC_CUMULATIVE_OCI_DERECOG,0.0
NI03PGAACPI2013,RA_LIC_CUMULATIVE_OCI_DERECOG,0.0
NI03PGAACPI2014,RA_LIC_CUMULATIVE_OCI_DERECOG,0.0
NI03PGAACPI2015,RA_LIC_CUMULATIVE_OCI_DERECOG,0.0
NI03PGAACPI2016,RA_LIC_CUMULATIVE_OCI_DERECOG,0.0
NI03PGAACPI2017,RA_LIC_CUMULATIVE_OCI_DERECOG,0.0
NI03PGAACPI2018,RA_LIC_CUMULATIVE_OCI_DERECOG,0.0
NI03PGAACPI2019,RA_LIC_CUMULATIVE_OCI_DERECOG,0.0
NI03PGAACPI2020,RA_LIC_CUMULATIVE_OCI_DERECOG,0.0
NI03PGAACPI2021,RA_LIC_CUMULATIVE_OCI_DERECOG,0.0
NI03PGAACPI2022,RA_LIC_CUMULATIVE_OCI_DERECOG,0.0
NI03PGAACPI2023,RA_LIC_CUMULATIVE_OCI_DERECOG,0.0
NI03PGAACPI2024,RA_LIC_CUMULATIVE_OCI_DERECOG,0.0
NI03PGAACPI2025,RA_LIC_CUMULATIVE_OCI_DERECOG,0.0
NI03PMCGOCI2013,PVFC_LIC_CUMULATIVE_OCI_DERECOG,0.0
NI03PMCGOCI2014,PVFC_LIC_CUMULATIVE_OCI_DERECOG,0.0
NI03PMCGOCI2015,PVFC_LIC_CUMULATIVE_OCI_DERECOG,0.0
NI03PMCGOCI2016,PVFC_LIC_CUMULATIVE_OCI_DERECOG,0.0
NI03PMCGOCI2017,PVFC_LIC_CUMULATIVE_OCI_DERECOG,0.436016441223868
NI03PMCGOCI2018,PVFC_LIC_CUMULATIVE_OCI_DERECOG,66.4035132184204
NI03PMCGOCI2019,PVFC_LIC_CUMULATIVE_OCI_DERECOG,64.4732593648747
NI03PMCGOCI2020,PVFC_LIC_CUMULATIVE_OCI_DERECOG,184.311931809288
NI03PMCGOCI2021,PVFC_LIC_CUMULATIVE_OCI_DERECOG,431.348622598821
NI03PMCGOCI2022,PVFC_LIC_CUMULATIVE_OCI_DERECOG,267.657072764975
NI03PMCGOCI2023,PVFC_LIC_CUMULATIVE_OCI_DERECOG,-121.982123618444
NI03PMCGOCI2024,PVFC_LIC_CUMULATIVE_OCI_DERECOG,2496.27990645401
NI03PMCGOCI2025,PVFC_LIC_CUMULATIVE_OCI_DERECOG,0.0
NI03PMCGOCI2013,RA_LIC_CUMULATIVE_OCI_DERECOG,0.0
NI03PMCGOCI2014,RA_LIC_CUMULATIVE_OCI_DERECOG,0.0
NI03PMCGOCI2015,RA_LIC_CUMULATIVE_OCI_DERECOG,0.0
NI03PMCGOCI2016,RA_LIC_CUMULATIVE_OCI_DERECOG,0.0
NI03PMCGOCI2017,RA_LIC_CUMULATIVE_OCI_DERECOG,0.0
NI03PMCGOCI2018,RA_LIC_CUMULATIVE_OCI_DERECOG,0.0
NI03PMCGOCI2019,RA_LIC_CUMULATIVE_OCI_DERECOG,0.0
NI03PMCGOCI2020,RA_LIC_CUMULATIVE_OCI_DERECOG,0.0
NI03PMCGOCI2021,RA_LIC_CUMULATIVE_OCI_DERECOG,0.0
NI03PMCGOCI2022,RA_LIC_CUMULATIVE_OCI_DERECOG,0.0
NI03PMCGOCI2023,RA_LIC_CUMULATIVE_OCI_DERECOG,0.0
NI03PMCGOCI2024,RA_LIC_CUMULATIVE_OCI_DERECOG,0.0
NI03PMCGOCI2025,RA_LIC_CUMULATIVE_OCI_DERECOG,0.0
NI03PMHHLCI2013,PVFC_LIC_CUMULATIVE_OCI_DERECOG,0.0
NI03PMHHLCI2014,PVFC_LIC_CUMULATIVE_OCI_DERECOG,0.0
NI03PMHHLCI2015,PVFC_LIC_CUMULATIVE_OCI_DERECOG,-1382.16918
NI03PMHHLCI2016,PVFC_LIC_CUMULATIVE_OCI_DERECOG,1382.704681
NI03PMHHLCI2017,PVFC_LIC_CUMULATIVE_OCI_DERECOG,371.2043681
NI03PMHHLCI2018,PVFC_LIC_CUMULATIVE_OCI_DERECOG,56161.69847
NI03PMHHLCI2019,PVFC_LIC_CUMULATIVE_OCI_DERECOG,-25967.32082
NI03PMHHLCI2020,PVFC_LIC_CUMULATIVE_OCI_DERECOG,-29571.81939
NI03PMHHLCI2021,PVFC_LIC_CUMULATIVE_OCI_DERECOG,8450.986024
NI03PMHHLCI2022,PVFC_LIC_CUMULATIVE_OCI_DERECOG,-5953.410029
NI03PMHHLCI2023,PVFC_LIC_CUMULATIVE_OCI_DERECOG,-134751.9104
NI03PMHHLCI2024,PVFC_LIC_CUMULATIVE_OCI_DERECOG,132910.3367
NI03PMHHLCI2025,PVFC_LIC_CUMULATIVE_OCI_DERECOG,0.0
NI03PMHHLCI2013,RA_LIC_CUMULATIVE_OCI_DERECOG,0.0
NI03PMHHLCI2014,RA_LIC_CUMULATIVE_OCI_DERECOG,0.0
NI03PMHHLCI2015,RA_LIC_CUMULATIVE_OCI_DERECOG,0.0
NI03PMHHLCI2016,RA_LIC_CUMULATIVE_OCI_DERECOG,0.0
NI03PMHHLCI2017,RA_LIC_CUMULATIVE_OCI_DERECOG,0.0
NI03PMHHLCI2018,RA_LIC_CUMULATIVE_OCI_DERECOG,0.0
NI03PMHHLCI2019,RA_LIC_CUMULATIVE_OCI_DERECOG,0.0
NI03PMHHLCI2020,RA_LIC_CUMULATIVE_OCI_DERECOG,0.0
NI03PMHHLCI2021,RA_LIC_CUMULATIVE_OCI_DERECOG,0.0
NI03PMHHLCI2022,RA_LIC_CUMULATIVE_OCI_DERECOG,0.0
NI03PMHHLCI2023,RA_LIC_CUMULATIVE_OCI_DERECOG,0.0
NI03PMHHLCI2024,RA_LIC_CUMULATIVE_OCI_DERECOG,0.0
NI03PMHHLCI2025,RA_LIC_CUMULATIVE_OCI_DERECOG,0.0
NI03PMTORCI2013,PVFC_LIC_CUMULATIVE_OCI_DERECOG,23.4623138474199
NI03PMTORCI2014,PVFC_LIC_CUMULATIVE_OCI_DERECOG,0.0
NI03PMTORCI2015,PVFC_LIC_CUMULATIVE_OCI_DERECOG,0.0
NI03PMTORCI2016,PVFC_LIC_CUMULATIVE_OCI_DERECOG,43.9783268969648
NI03PMTORCI2017,PVFC_LIC_CUMULATIVE_OCI_DERECOG,0.0
NI03PMTORCI2018,PVFC_LIC_CUMULATIVE_OCI_DERECOG,1.96136430723178
NI03PMTORCI2019,PVFC_LIC_CUMULATIVE_OCI_DERECOG,34.1210355699559
NI03PMTORCI2020,PVFC_LIC_CUMULATIVE_OCI_DERECOG,3.27755363688288
NI03PMTORCI2021,PVFC_LIC_CUMULATIVE_OCI_DERECOG,0.0
NI03PMTORCI2022,PVFC_LIC_CUMULATIVE_OCI_DERECOG,689.510145608224
NI03PMTORCI2023,PVFC_LIC_CUMULATIVE_OCI_DERECOG,3773.2337296911
NI03PMTORCI2024,PVFC_LIC_CUMULATIVE_OCI_DERECOG,3427.62240960398
NI03PMTORCI2025,PVFC_LIC_CUMULATIVE_OCI_DERECOG,0.0
NI03PMTORCI2013,RA_LIC_CUMULATIVE_OCI_DERECOG,0.0
NI03PMTORCI2014,RA_LIC_CUMULATIVE_OCI_DERECOG,0.0
NI03PMTORCI2015,RA_LIC_CUMULATIVE_OCI_DERECOG,0.0
NI03PMTORCI2016,RA_LIC_CUMULATIVE_OCI_DERECOG,0.0
NI03PMTORCI2017,RA_LIC_CUMULATIVE_OCI_DERECOG,0.0
NI03PMTORCI2018,RA_LIC_CUMULATIVE_OCI_DERECOG,0.0
NI03PMTORCI2019,RA_LIC_CUMULATIVE_OCI_DERECOG,0.0
NI03PMTORCI2020,RA_LIC_CUMULATIVE_OCI_DERECOG,0.0
NI03PMTORCI2021,RA_LIC_CUMULATIVE_OCI_DERECOG,0.0
NI03PMTORCI2022,RA_LIC_CUMULATIVE_OCI_DERECOG,0.0
NI03PMTORCI2023,RA_LIC_CUMULATIVE_OCI_DERECOG,0.0
NI03PMTORCI2024,RA_LIC_CUMULATIVE_OCI_DERECOG,0.0
NI03PMTORCI2025,RA_LIC_CUMULATIVE_OCI_DERECOG,0.0
NI03PMTORPI2013,PVFC_LIC_CUMULATIVE_OCI_DERECOG,24.635601128188
NI03PMTORPI2014,PVFC_LIC_CUMULATIVE_OCI_DERECOG,0.0
NI03PMTORPI2015,PVFC_LIC_CUMULATIVE_OCI_DERECOG,0.0
NI03PMTORPI2016,PVFC_LIC_CUMULATIVE_OCI_DERECOG,46.1791275287163
NI03PMTORPI2017,PVFC_LIC_CUMULATIVE_OCI_DERECOG,0.0
NI03PMTORPI2018,PVFC_LIC_CUMULATIVE_OCI_DERECOG,2.30868832034257
NI03PMTORPI2019,PVFC_LIC_CUMULATIVE_OCI_DERECOG,35.8273368613541
NI03PMTORPI2020,PVFC_LIC_CUMULATIVE_OCI_DERECOG,3.45545426890033
NI03PMTORPI2021,PVFC_LIC_CUMULATIVE_OCI_DERECOG,0.0
NI03PMTORPI2022,PVFC_LIC_CUMULATIVE_OCI_DERECOG,735.890707016574
NI03PMTORPI2023,PVFC_LIC_CUMULATIVE_OCI_DERECOG,3949.75811800669
NI03PMTORPI2024,PVFC_LIC_CUMULATIVE_OCI_DERECOG,3599.02859571292
NI03PMTORPI2025,PVFC_LIC_CUMULATIVE_OCI_DERECOG,0.0
NI03PMTORPI2013,RA_LIC_CUMULATIVE_OCI_DERECOG,0.0
NI03PMTORPI2014,RA_LIC_CUMULATIVE_OCI_DERECOG,0.0
NI03PMTORPI2015,RA_LIC_CUMULATIVE_OCI_DERECOG,0.0
NI03PMTORPI2016,RA_LIC_CUMULATIVE_OCI_DERECOG,0.0
NI03PMTORPI2017,RA_LIC_CUMULATIVE_OCI_DERECOG,0.0
NI03PMTORPI2018,RA_LIC_CUMULATIVE_OCI_DERECOG,0.0
NI03PMTORPI2019,RA_LIC_CUMULATIVE_OCI_DERECOG,0.0
NI03PMTORPI2020,RA_LIC_CUMULATIVE_OCI_DERECOG,0.0
NI03PMTORPI2021,RA_LIC_CUMULATIVE_OCI_DERECOG,0.0
NI03PMTORPI2022,RA_LIC_CUMULATIVE_OCI_DERECOG,0.0
NI03PMTORPI2023,RA_LIC_CUMULATIVE_OCI_DERECOG,0.0
NI03PMTORPI2024,RA_LIC_CUMULATIVE_OCI_DERECOG,0.0
NI03PMTORPI2025,RA_LIC_CUMULATIVE_OCI_DERECOG,0.0
NI03PAVTNPF2013,PVFC_LIC_CUMULATIVE_OCI_DERECOG,0.0
NI03PAVTNPF2014,PVFC_LIC_CUMULATIVE_OCI_DERECOG,-42.9565376832206
NI03PAVTNPF2015,PVFC_LIC_CUMULATIVE_OCI_DERECOG,-5.7166110307017
NI03PAVTNPF2016,PVFC_LIC_CUMULATIVE_OCI_DERECOG,-1.32617414522214
NI03PAVTNPF2017,PVFC_LIC_CUMULATIVE_OCI_DERECOG,0.0
NI03PAVTNPF2018,PVFC_LIC_CUMULATIVE_OCI_DERECOG,0.0
NI03PAVTNPF2019,PVFC_LIC_CUMULATIVE_OCI_DERECOG,0.0
NI03PAVTNPF2020,PVFC_LIC_CUMULATIVE_OCI_DERECOG,3.06803974520578e-07
NI03PAVTNPF2021,PVFC_LIC_CUMULATIVE_OCI_DERECOG,-12.509105650366
NI03PAVTNPF2022,PVFC_LIC_CUMULATIVE_OCI_DERECOG,-34.0722557418412
NI03PAVTNPF2023,PVFC_LIC_CUMULATIVE_OCI_DERECOG,-260.742107810832
NI03PAVTNPF2024,PVFC_LIC_CUMULATIVE_OCI_DERECOG,-1236.45847584963
NI03PAVTNPF2025,PVFC_LIC_CUMULATIVE_OCI_DERECOG,0.0
NI03PAVTNPF2013,RA_LIC_CUMULATIVE_OCI_DERECOG,0.0
NI03PAVTNPF2014,RA_LIC_CUMULATIVE_OCI_DERECOG,0.0
NI03PAVTNPF2015,RA_LIC_CUMULATIVE_OCI_DERECOG,0.0
NI03PAVTNPF2016,RA_LIC_CUMULATIVE_OCI_DERECOG,0.0
NI03PAVTNPF2017,RA_LIC_CUMULATIVE_OCI_DERECOG,0.0
NI03PAVTNPF2018,RA_LIC_CUMULATIVE_OCI_DERECOG,0.0
NI03PAVTNPF2019,RA_LIC_CUMULATIVE_OCI_DERECOG,0.0
NI03PAVTNPF2020,RA_LIC_CUMULATIVE_OCI_DERECOG,0.0
NI03PAVTNPF2021,RA_LIC_CUMULATIVE_OCI_DERECOG,0.0
NI03PAVTNPF2022,RA_LIC_CUMULATIVE_OCI_DERECOG,0.0
NI03PAVTNPF2023,RA_LIC_CUMULATIVE_OCI_DERECOG,0.0
NI03PAVTNPF2024,RA_LIC_CUMULATIVE_OCI_DERECOG,0.0
NI03PAVTNPF2025,RA_LIC_CUMULATIVE_OCI_DERECOG,0.0
NI03PENGYPF2013,PVFC_LIC_CUMULATIVE_OCI_DERECOG,0.0308395450709167
NI03PENGYPF2014,PVFC_LIC_CUMULATIVE_OCI_DERECOG,0.0013633965852685
NI03PENGYPF2015,PVFC_LIC_CUMULATIVE_OCI_DERECOG,8.22354140925979e-05
NI03PENGYPF2016,PVFC_LIC_CUMULATIVE_OCI_DERECOG,-1.41410258502894e-10
NI03PENGYPF2017,PVFC_LIC_CUMULATIVE_OCI_DERECOG,-3.35272456937381e-05
NI03PENGYPF2018,PVFC_LIC_CUMULATIVE_OCI_DERECOG,-1.14199544459098e-06
NI03PENGYPF2019,PVFC_LIC_CUMULATIVE_OCI_DERECOG,-0.00190968201483416
NI03PENGYPF2020,PVFC_LIC_CUMULATIVE_OCI_DERECOG,-0.00187107328578273
NI03PENGYPF2021,PVFC_LIC_CUMULATIVE_OCI_DERECOG,-0.116208432764464
NI03PENGYPF2022,PVFC_LIC_CUMULATIVE_OCI_DERECOG,0.0135894622825212
NI03PENGYPF2023,PVFC_LIC_CUMULATIVE_OCI_DERECOG,9.07769234916884
NI03PENGYPF2024,PVFC_LIC_CUMULATIVE_OCI_DERECOG,0.0239143805033564
NI03PENGYPF2025,PVFC_LIC_CUMULATIVE_OCI_DERECOG,0.0239143805033564
NI03PENGYPF2013,RA_LIC_CUMULATIVE_OCI_DERECOG,0.0
NI03PENGYPF2014,RA_LIC_CUMULATIVE_OCI_DERECOG,0.0
NI03PENGYPF2015,RA_LIC_CUMULATIVE_OCI_DERECOG,0.0
NI03PENGYPF2016,RA_LIC_CUMULATIVE_OCI_DERECOG,0.0
NI03PENGYPF2017,RA_LIC_CUMULATIVE_OCI_DERECOG,0.0
NI03PENGYPF2018,RA_LIC_CUMULATIVE_OCI_DERECOG,0.0
NI03PENGYPF2019,RA_LIC_CUMULATIVE_OCI_DERECOG,0.0
NI03PENGYPF2020,RA_LIC_CUMULATIVE_OCI_DERECOG,0.0
NI03PENGYPF2021,RA_LIC_CUMULATIVE_OCI_DERECOG,0.0
NI03PENGYPF2022,RA_LIC_CUMULATIVE_OCI_DERECOG,0.0
NI03PENGYPF2023,RA_LIC_CUMULATIVE_OCI_DERECOG,0.0
NI03PENGYPF2024,RA_LIC_CUMULATIVE_OCI_DERECOG,0.0
NI03PENGYPF2025,RA_LIC_CUMULATIVE_OCI_DERECOG,0.0
NI03PENGYST2013,PVFC_LIC_CUMULATIVE_OCI_DERECOG,0.397454174100899
NI03PENGYST2014,PVFC_LIC_CUMULATIVE_OCI_DERECOG,0.0175712554993752
NI03PENGYST2015,PVFC_LIC_CUMULATIVE_OCI_DERECOG,0.00105982878556011
NI03PENGYST2016,PVFC_LIC_CUMULATIVE_OCI_DERECOG,-1.16492955559711e-09
NI03PENGYST2017,PVFC_LIC_CUMULATIVE_OCI_DERECOG,-0.000432106594452902
NI03PENGYST2018,PVFC_LIC_CUMULATIVE_OCI_DERECOG,-1.46904502285536e-05
NI03PENGYST2019,PVFC_LIC_CUMULATIVE_OCI_DERECOG,-0.0246119176560761
NI03PENGYST2020,PVFC_LIC_CUMULATIVE_OCI_DERECOG,-0.024114101335035
NI03PENGYST2021,PVFC_LIC_CUMULATIVE_OCI_DERECOG,-1.49767191210594
NI03PENGYST2022,PVFC_LIC_CUMULATIVE_OCI_DERECOG,0.175134188634365
NI03PENGYST2023,PVFC_LIC_CUMULATIVE_OCI_DERECOG,7.54281201780986
NI03PENGYST2024,PVFC_LIC_CUMULATIVE_OCI_DERECOG,0.0146113346900734
NI03PENGYST2025,PVFC_LIC_CUMULATIVE_OCI_DERECOG,0.0
NI03PENGYST2013,RA_LIC_CUMULATIVE_OCI_DERECOG,0.0
NI03PENGYST2014,RA_LIC_CUMULATIVE_OCI_DERECOG,0.0
NI03PENGYST2015,RA_LIC_CUMULATIVE_OCI_DERECOG,0.0
NI03PENGYST2016,RA_LIC_CUMULATIVE_OCI_DERECOG,0.0
NI03PENGYST2017,RA_LIC_CUMULATIVE_OCI_DERECOG,0.0
NI03PENGYST2018,RA_LIC_CUMULATIVE_OCI_DERECOG,0.0
NI03PENGYST2019,RA_LIC_CUMULATIVE_OCI_DERECOG,0.0
NI03PENGYST2020,RA_LIC_CUMULATIVE_OCI_DERECOG,0.0
NI03PENGYST2021,RA_LIC_CUMULATIVE_OCI_DERECOG,0.0
NI03PENGYST2022,RA_LIC_CUMULATIVE_OCI_DERECOG,0.0
NI03PENGYST2023,RA_LIC_CUMULATIVE_OCI_DERECOG,0.0
NI03PENGYST2024,RA_LIC_CUMULATIVE_OCI_DERECOG,0.0
NI03PENGYST2025,RA_LIC_CUMULATIVE_OCI_DERECOG,0.0
NI03PEGNRPF2013,PVFC_LIC_CUMULATIVE_OCI_DERECOG,-1.26599209240852e-09
NI03PEGNRPF2014,PVFC_LIC_CUMULATIVE_OCI_DERECOG,-3.46454182356681e-09
NI03PEGNRPF2015,PVFC_LIC_CUMULATIVE_OCI_DERECOG,9.2880113808369e-09
NI03PEGNRPF2016,PVFC_LIC_CUMULATIVE_OCI_DERECOG,-0.267351025009774
NI03PEGNRPF2017,PVFC_LIC_CUMULATIVE_OCI_DERECOG,-5.74260529010414
NI03PEGNRPF2018,PVFC_LIC_CUMULATIVE_OCI_DERECOG,-0.85297552645676
NI03PEGNRPF2019,PVFC_LIC_CUMULATIVE_OCI_DERECOG,-34.1157224072318
NI03PEGNRPF2020,PVFC_LIC_CUMULATIVE_OCI_DERECOG,-0.609858396226432
NI03PEGNRPF2021,PVFC_LIC_CUMULATIVE_OCI_DERECOG,-18.6825803487903
NI03PEGNRPF2022,PVFC_LIC_CUMULATIVE_OCI_DERECOG,-2.20744859447569
NI03PEGNRPF2023,PVFC_LIC_CUMULATIVE_OCI_DERECOG,-465.716640066111
NI03PEGNRPF2024,PVFC_LIC_CUMULATIVE_OCI_DERECOG,-353.705934573898
NI03PEGNRPF2025,PVFC_LIC_CUMULATIVE_OCI_DERECOG,0.0
NI03PEGNRPF2013,RA_LIC_CUMULATIVE_OCI_DERECOG,0.0
NI03PEGNRPF2014,RA_LIC_CUMULATIVE_OCI_DERECOG,0.0
NI03PEGNRPF2015,RA_LIC_CUMULATIVE_OCI_DERECOG,0.0
NI03PEGNRPF2016,RA_LIC_CUMULATIVE_OCI_DERECOG,0.0
NI03PEGNRPF2017,RA_LIC_CUMULATIVE_OCI_DERECOG,0.0
NI03PEGNRPF2018,RA_LIC_CUMULATIVE_OCI_DERECOG,0.0
NI03PEGNRPF2019,RA_LIC_CUMULATIVE_OCI_DERECOG,0.0
NI03PEGNRPF2020,RA_LIC_CUMULATIVE_OCI_DERECOG,0.0
NI03PEGNRPF2021,RA_LIC_CUMULATIVE_OCI_DERECOG,0.0
NI03PEGNRPF2022,RA_LIC_CUMULATIVE_OCI_DERECOG,0.0
NI03PEGNRPF2023,RA_LIC_CUMULATIVE_OCI_DERECOG,0.0
NI03PEGNRPF2024,RA_LIC_CUMULATIVE_OCI_DERECOG,0.0
NI03PEGNRPF2025,RA_LIC_CUMULATIVE_OCI_DERECOG,0.0
NI03PEGNRST2013,PVFC_LIC_CUMULATIVE_OCI_DERECOG,-4.61787064143238e-09
NI03PEGNRST2014,PVFC_LIC_CUMULATIVE_OCI_DERECOG,-4.5960607819584e-09
NI03PEGNRST2015,PVFC_LIC_CUMULATIVE_OCI_DERECOG,-1.71864237286101e-08
NI03PEGNRST2016,PVFC_LIC_CUMULATIVE_OCI_DERECOG,-4.90325447564241
NI03PEGNRST2017,PVFC_LIC_CUMULATIVE_OCI_DERECOG,-105.320167766131
NI03PEGNRST2018,PVFC_LIC_CUMULATIVE_OCI_DERECOG,-15.6436878491597
NI03PEGNRST2019,PVFC_LIC_CUMULATIVE_OCI_DERECOG,-625.687030428766
NI03PEGNRST2020,PVFC_LIC_CUMULATIVE_OCI_DERECOG,-11.1848859381179
NI03PEGNRST2021,PVFC_LIC_CUMULATIVE_OCI_DERECOG,-342.641076774791
NI03PEGNRST2022,PVFC_LIC_CUMULATIVE_OCI_DERECOG,-40.4849673221644
NI03PEGNRST2023,PVFC_LIC_CUMULATIVE_OCI_DERECOG,-8541.30696455006
NI03PEGNRST2024,PVFC_LIC_CUMULATIVE_OCI_DERECOG,-6487.01532190497
NI03PEGNRST2025,PVFC_LIC_CUMULATIVE_OCI_DERECOG,0.0
NI03PEGNRST2013,RA_LIC_CUMULATIVE_OCI_DERECOG,0.0
NI03PEGNRST2014,RA_LIC_CUMULATIVE_OCI_DERECOG,0.0
NI03PEGNRST2015,RA_LIC_CUMULATIVE_OCI_DERECOG,0.0
NI03PEGNRST2016,RA_LIC_CUMULATIVE_OCI_DERECOG,0.0
NI03PEGNRST2017,RA_LIC_CUMULATIVE_OCI_DERECOG,0.0
NI03PEGNRST2018,RA_LIC_CUMULATIVE_OCI_DERECOG,0.0
NI03PEGNRST2019,RA_LIC_CUMULATIVE_OCI_DERECOG,0.0
NI03PEGNRST2020,RA_LIC_CUMULATIVE_OCI_DERECOG,0.0
NI03PEGNRST2021,RA_LIC_CUMULATIVE_OCI_DERECOG,0.0
NI03PEGNRST2022,RA_LIC_CUMULATIVE_OCI_DERECOG,0.0
NI03PEGNRST2023,RA_LIC_CUMULATIVE_OCI_DERECOG,0.0
NI03PEGNRST2024,RA_LIC_CUMULATIVE_OCI_DERECOG,0.0
NI03PEGNRST2025,RA_LIC_CUMULATIVE_OCI_DERECOG,0.0
NI03PFICIPF2013,PVFC_LIC_CUMULATIVE_OCI_DERECOG,-2.28364548239028
NI03PFICIPF2014,PVFC_LIC_CUMULATIVE_OCI_DERECOG,-6.29548997377327e-08
NI03PFICIPF2015,PVFC_LIC_CUMULATIVE_OCI_DERECOG,-6.83960035385844e-07
NI03PFICIPF2016,PVFC_LIC_CUMULATIVE_OCI_DERECOG,5.70691600643158e-08
NI03PFICIPF2017,PVFC_LIC_CUMULATIVE_OCI_DERECOG,-6.40334981483193e-07
NI03PFICIPF2018,PVFC_LIC_CUMULATIVE_OCI_DERECOG,-6.11934467542596e-07
NI03PFICIPF2019,PVFC_LIC_CUMULATIVE_OCI_DERECOG,-3.36243307647713
NI03PFICIPF2020,PVFC_LIC_CUMULATIVE_OCI_DERECOG,-406.468237270347
NI03PFICIPF2021,PVFC_LIC_CUMULATIVE_OCI_DERECOG,-1345.44330917882
NI03PFICIPF2022,PVFC_LIC_CUMULATIVE_OCI_DERECOG,-2434.58429807308
NI03PFICIPF2023,PVFC_LIC_CUMULATIVE_OCI_DERECOG,-6587.25609436231
NI03PFICIPF2024,PVFC_LIC_CUMULATIVE_OCI_DERECOG,-21556.9910944136
NI03PFICIPF2025,PVFC_LIC_CUMULATIVE_OCI_DERECOG,0.0
NI03PFICIPF2013,RA_LIC_CUMULATIVE_OCI_DERECOG,0.0
NI03PFICIPF2014,RA_LIC_CUMULATIVE_OCI_DERECOG,0.0
NI03PFICIPF2015,RA_LIC_CUMULATIVE_OCI_DERECOG,0.0
NI03PFICIPF2016,RA_LIC_CUMULATIVE_OCI_DERECOG,0.0
NI03PFICIPF2017,RA_LIC_CUMULATIVE_OCI_DERECOG,0.0
NI03PFICIPF2018,RA_LIC_CUMULATIVE_OCI_DERECOG,0.0
NI03PFICIPF2019,RA_LIC_CUMULATIVE_OCI_DERECOG,0.0
NI03PFICIPF2020,RA_LIC_CUMULATIVE_OCI_DERECOG,0.0
NI03PFICIPF2021,RA_LIC_CUMULATIVE_OCI_DERECOG,0.0
NI03PFICIPF2022,RA_LIC_CUMULATIVE_OCI_DERECOG,0.0
NI03PFICIPF2023,RA_LIC_CUMULATIVE_OCI_DERECOG,0.0
NI03PFICIPF2024,RA_LIC_CUMULATIVE_OCI_DERECOG,0.0
NI03PFICIPF2025,RA_LIC_CUMULATIVE_OCI_DERECOG,0.0
NI03PFICIST2013,PVFC_LIC_CUMULATIVE_OCI_DERECOG,-2.37369837450198
NI03PFICIST2014,PVFC_LIC_CUMULATIVE_OCI_DERECOG,3.23489436571123e-07
NI03PFICIST2015,PVFC_LIC_CUMULATIVE_OCI_DERECOG,3.15870404721252e-07
NI03PFICIST2016,PVFC_LIC_CUMULATIVE_OCI_DERECOG,-3.35008193630415e-07
NI03PFICIST2017,PVFC_LIC_CUMULATIVE_OCI_DERECOG,1.6581965311957e-07
NI03PFICIST2018,PVFC_LIC_CUMULATIVE_OCI_DERECOG,6.12508706865356e-07
NI03PFICIST2019,PVFC_LIC_CUMULATIVE_OCI_DERECOG,-3.49502571146003
NI03PFICIST2020,PVFC_LIC_CUMULATIVE_OCI_DERECOG,-422.496751441808
NI03PFICIST2021,PVFC_LIC_CUMULATIVE_OCI_DERECOG,-1398.49902671325
NI03PFICIST2022,PVFC_LIC_CUMULATIVE_OCI_DERECOG,-2530.58880722043
NI03PFICIST2023,PVFC_LIC_CUMULATIVE_OCI_DERECOG,-6847.01553897853
NI03PFICIST2024,PVFC_LIC_CUMULATIVE_OCI_DERECOG,-22407.0614877047
NI03PFICIST2025,PVFC_LIC_CUMULATIVE_OCI_DERECOG,0.0
NI03PFICIST2013,RA_LIC_CUMULATIVE_OCI_DERECOG,0.0
NI03PFICIST2014,RA_LIC_CUMULATIVE_OCI_DERECOG,0.0
NI03PFICIST2015,RA_LIC_CUMULATIVE_OCI_DERECOG,0.0
NI03PFICIST2016,RA_LIC_CUMULATIVE_OCI_DERECOG,0.0
NI03PFICIST2017,RA_LIC_CUMULATIVE_OCI_DERECOG,0.0
NI03PFICIST2018,RA_LIC_CUMULATIVE_OCI_DERECOG,0.0
NI03PFICIST2019,RA_LIC_CUMULATIVE_OCI_DERECOG,0.0
NI03PFICIST2020,RA_LIC_CUMULATIVE_OCI_DERECOG,0.0
NI03PFICIST2021,RA_LIC_CUMULATIVE_OCI_DERECOG,0.0
NI03PFICIST2022,RA_LIC_CUMULATIVE_OCI_DERECOG,0.0
NI03PFICIST2023,RA_LIC_CUMULATIVE_OCI_DERECOG,0.0
NI03PFICIST2024,RA_LIC_CUMULATIVE_OCI_DERECOG,0.0
NI03PFICIST2025,RA_LIC_CUMULATIVE_OCI_DERECOG,0.0
NI03PFIPIPF2013,PVFC_LIC_CUMULATIVE_OCI_DERECOG,-0.195647604523835
NI03PFIPIPF2014,PVFC_LIC_CUMULATIVE_OCI_DERECOG,9.49449527332114e-09
NI03PFIPIPF2015,PVFC_LIC_CUMULATIVE_OCI_DERECOG,-6.94820845442701e-08
NI03PFIPIPF2016,PVFC_LIC_CUMULATIVE_OCI_DERECOG,-8.46110914665132e-08
NI03PFIPIPF2017,PVFC_LIC_CUMULATIVE_OCI_DERECOG,-9.62421644601363e-08
NI03PFIPIPF2018,PVFC_LIC_CUMULATIVE_OCI_DERECOG,-3.30666992454098e-07
NI03PFIPIPF2019,PVFC_LIC_CUMULATIVE_OCI_DERECOG,-0.288071627624924
NI03PFIPIPF2020,PVFC_LIC_CUMULATIVE_OCI_DERECOG,-34.8241507833191
NI03PFIPIPF2021,PVFC_LIC_CUMULATIVE_OCI_DERECOG,-115.264351005219
NI03PFIPIPF2022,PVFC_LIC_CUMULATIVE_OCI_DERECOG,-208.587376638372
NI03PFIPIPF2023,PVFC_LIC_CUMULATIVE_OCI_DERECOG,-564.268873257647
NI03PFIPIPF2024,PVFC_LIC_CUMULATIVE_OCI_DERECOG,-1846.44338682081
NI03PFIPIPF2025,PVFC_LIC_CUMULATIVE_OCI_DERECOG,0.0
NI03PFIPIPF2013,RA_LIC_CUMULATIVE_OCI_DERECOG,0.0
NI03PFIPIPF2014,RA_LIC_CUMULATIVE_OCI_DERECOG,0.0
NI03PFIPIPF2015,RA_LIC_CUMULATIVE_OCI_DERECOG,0.0
NI03PFIPIPF2016,RA_LIC_CUMULATIVE_OCI_DERECOG,0.0
NI03PFIPIPF2017,RA_LIC_CUMULATIVE_OCI_DERECOG,0.0
NI03PFIPIPF2018,RA_LIC_CUMULATIVE_OCI_DERECOG,0.0
NI03PFIPIPF2019,RA_LIC_CUMULATIVE_OCI_DERECOG,0.0
NI03PFIPIPF2020,RA_LIC_CUMULATIVE_OCI_DERECOG,0.0
NI03PFIPIPF2021,RA_LIC_CUMULATIVE_OCI_DERECOG,0.0
NI03PFIPIPF2022,RA_LIC_CUMULATIVE_OCI_DERECOG,0.0
NI03PFIPIPF2023,RA_LIC_CUMULATIVE_OCI_DERECOG,0.0
NI03PFIPIPF2024,RA_LIC_CUMULATIVE_OCI_DERECOG,0.0
NI03PFIPIPF2025,RA_LIC_CUMULATIVE_OCI_DERECOG,0.0
NI03PFIPIST2013,PVFC_LIC_CUMULATIVE_OCI_DERECOG,-0.203362730509656
NI03PFIPIST2014,PVFC_LIC_CUMULATIVE_OCI_DERECOG,-9.11844198758782e-09
NI03PFIPIST2015,PVFC_LIC_CUMULATIVE_OCI_DERECOG,3.59796818727443e-09
NI03PFIPIST2016,PVFC_LIC_CUMULATIVE_OCI_DERECOG,7.31876594883829e-08
NI03PFIPIST2017,PVFC_LIC_CUMULATIVE_OCI_DERECOG,-2.12964808454785e-07
NI03PFIPIST2018,PVFC_LIC_CUMULATIVE_OCI_DERECOG,-6.4322182424803e-07
NI03PFIPIST2019,PVFC_LIC_CUMULATIVE_OCI_DERECOG,-0.299432779116208
NI03PFIPIST2020,PVFC_LIC_CUMULATIVE_OCI_DERECOG,-36.1974061619667
NI03PFIPIST2021,PVFC_LIC_CUMULATIVE_OCI_DERECOG,-119.809645851568
NI03PFIPIST2022,PVFC_LIC_CUMULATIVE_OCI_DERECOG,-216.812736087341
NI03PFIPIST2023,PVFC_LIC_CUMULATIVE_OCI_DERECOG,-586.520036559971
NI03PFIPIST2024,PVFC_LIC_CUMULATIVE_OCI_DERECOG,-1919.25535065
NI03PFIPIST2025,PVFC_LIC_CUMULATIVE_OCI_DERECOG,0.0
NI03PFIPIST2013,RA_LIC_CUMULATIVE_OCI_DERECOG,0.0
NI03PFIPIST2014,RA_LIC_CUMULATIVE_OCI_DERECOG,0.0
NI03PFIPIST2015,RA_LIC_CUMULATIVE_OCI_DERECOG,0.0
NI03PFIPIST2016,RA_LIC_CUMULATIVE_OCI_DERECOG,0.0
NI03PFIPIST2017,RA_LIC_CUMULATIVE_OCI_DERECOG,0.0
NI03PFIPIST2018,RA_LIC_CUMULATIVE_OCI_DERECOG,0.0
NI03PFIPIST2019,RA_LIC_CUMULATIVE_OCI_DERECOG,0.0
NI03PFIPIST2020,RA_LIC_CUMULATIVE_OCI_DERECOG,0.0
NI03PFIPIST2021,RA_LIC_CUMULATIVE_OCI_DERECOG,0.0
NI03PFIPIST2022,RA_LIC_CUMULATIVE_OCI_DERECOG,0.0
NI03PFIPIST2023,RA_LIC_CUMULATIVE_OCI_DERECOG,0.0
NI03PFIPIST2024,RA_LIC_CUMULATIVE_OCI_DERECOG,0.0
NI03PFIPIST2025,RA_LIC_CUMULATIVE_OCI_DERECOG,0.0
NI03PFXARCI2013,PVFC_LIC_CUMULATIVE_OCI_DERECOG,0.0
NI03PFXARCI2014,PVFC_LIC_CUMULATIVE_OCI_DERECOG,0.0
NI03PFXARCI2015,PVFC_LIC_CUMULATIVE_OCI_DERECOG,0.0
NI03PFXARCI2016,PVFC_LIC_CUMULATIVE_OCI_DERECOG,0.0
NI03PFXARCI2017,PVFC_LIC_CUMULATIVE_OCI_DERECOG,0.0
NI03PFXARCI2018,PVFC_LIC_CUMULATIVE_OCI_DERECOG,0.0
NI03PFXARCI2019,PVFC_LIC_CUMULATIVE_OCI_DERECOG,0.0
NI03PFXARCI2020,PVFC_LIC_CUMULATIVE_OCI_DERECOG,0.0
NI03PFXARCI2021,PVFC_LIC_CUMULATIVE_OCI_DERECOG,0.0
NI03PFXARCI2022,PVFC_LIC_CUMULATIVE_OCI_DERECOG,0.0
NI03PFXARCI2023,PVFC_LIC_CUMULATIVE_OCI_DERECOG,0.0
NI03PFXARCI2024,PVFC_LIC_CUMULATIVE_OCI_DERECOG,0.0
NI03PFXARCI2025,PVFC_LIC_CUMULATIVE_OCI_DERECOG,0.0
NI03PFXARCI2013,RA_LIC_CUMULATIVE_OCI_DERECOG,0.0
NI03PFXARCI2014,RA_LIC_CUMULATIVE_OCI_DERECOG,0.0
NI03PFXARCI2015,RA_LIC_CUMULATIVE_OCI_DERECOG,0.0
NI03PFXARCI2016,RA_LIC_CUMULATIVE_OCI_DERECOG,0.0
NI03PFXARCI2017,RA_LIC_CUMULATIVE_OCI_DERECOG,0.0
NI03PFXARCI2018,RA_LIC_CUMULATIVE_OCI_DERECOG,0.0
NI03PFXARCI2019,RA_LIC_CUMULATIVE_OCI_DERECOG,0.0
NI03PFXARCI2020,RA_LIC_CUMULATIVE_OCI_DERECOG,0.0
NI03PFXARCI2021,RA_LIC_CUMULATIVE_OCI_DERECOG,0.0
NI03PFXARCI2022,RA_LIC_CUMULATIVE_OCI_DERECOG,0.0
NI03PFXARCI2023,RA_LIC_CUMULATIVE_OCI_DERECOG,0.0
NI03PFXARCI2024,RA_LIC_CUMULATIVE_OCI_DERECOG,0.0
NI03PFXARCI2025,RA_LIC_CUMULATIVE_OCI_DERECOG,0.0
NI03PGACIPF2013,PVFC_LIC_CUMULATIVE_OCI_DERECOG,-0.399587963824327
NI03PGACIPF2014,PVFC_LIC_CUMULATIVE_OCI_DERECOG,0.0
NI03PGACIPF2015,PVFC_LIC_CUMULATIVE_OCI_DERECOG,2.3756551717144e-10
NI03PGACIPF2016,PVFC_LIC_CUMULATIVE_OCI_DERECOG,-0.104844956534323
NI03PGACIPF2017,PVFC_LIC_CUMULATIVE_OCI_DERECOG,-0.270962460880645
NI03PGACIPF2018,PVFC_LIC_CUMULATIVE_OCI_DERECOG,-0.119088711190363
NI03PGACIPF2019,PVFC_LIC_CUMULATIVE_OCI_DERECOG,-1.17479817975449
NI03PGACIPF2020,PVFC_LIC_CUMULATIVE_OCI_DERECOG,-13.9096082224422
NI03PGACIPF2021,PVFC_LIC_CUMULATIVE_OCI_DERECOG,-15.1076350529273
NI03PGACIPF2022,PVFC_LIC_CUMULATIVE_OCI_DERECOG,-35.241081439857
NI03PGACIPF2023,PVFC_LIC_CUMULATIVE_OCI_DERECOG,-53.5514952842984
NI03PGACIPF2024,PVFC_LIC_CUMULATIVE_OCI_DERECOG,-23.7582664969809
NI03PGACIPF2025,PVFC_LIC_CUMULATIVE_OCI_DERECOG,0.0
NI03PGACIPF2013,RA_LIC_CUMULATIVE_OCI_DERECOG,0.0
NI03PGACIPF2014,RA_LIC_CUMULATIVE_OCI_DERECOG,0.0
NI03PGACIPF2015,RA_LIC_CUMULATIVE_OCI_DERECOG,0.0
NI03PGACIPF2016,RA_LIC_CUMULATIVE_OCI_DERECOG,0.0
NI03PGACIPF2017,RA_LIC_CUMULATIVE_OCI_DERECOG,0.0
NI03PGACIPF2018,RA_LIC_CUMULATIVE_OCI_DERECOG,0.0
NI03PGACIPF2019,RA_LIC_CUMULATIVE_OCI_DERECOG,0.0
NI03PGACIPF2020,RA_LIC_CUMULATIVE_OCI_DERECOG,0.0
NI03PGACIPF2021,RA_LIC_CUMULATIVE_OCI_DERECOG,0.0
NI03PGACIPF2022,RA_LIC_CUMULATIVE_OCI_DERECOG,0.0
NI03PGACIPF2023,RA_LIC_CUMULATIVE_OCI_DERECOG,0.0
NI03PGACIPF2024,RA_LIC_CUMULATIVE_OCI_DERECOG,0.0
NI03PGACIPF2025,RA_LIC_CUMULATIVE_OCI_DERECOG,0.0
NI03PGACIXL2013,PVFC_LIC_CUMULATIVE_OCI_DERECOG,-4.6257784648646
NI03PGACIXL2014,PVFC_LIC_CUMULATIVE_OCI_DERECOG,0.0
NI03PGACIXL2015,PVFC_LIC_CUMULATIVE_OCI_DERECOG,2.96137532412866e-08
NI03PGACIXL2016,PVFC_LIC_CUMULATIVE_OCI_DERECOG,-1.21372397684471
NI03PGACIXL2017,PVFC_LIC_CUMULATIVE_OCI_DERECOG,-3.13676112940867
NI03PGACIXL2018,PVFC_LIC_CUMULATIVE_OCI_DERECOG,-1.37861357115872
NI03PGACIXL2019,PVFC_LIC_CUMULATIVE_OCI_DERECOG,-13.5998950460817
NI03PGACIXL2020,PVFC_LIC_CUMULATIVE_OCI_DERECOG,-161.022773129491
NI03PGACIXL2021,PVFC_LIC_CUMULATIVE_OCI_DERECOG,-174.891548447412
NI03PGACIXL2022,PVFC_LIC_CUMULATIVE_OCI_DERECOG,-407.963812400979
NI03PGACIXL2023,PVFC_LIC_CUMULATIVE_OCI_DERECOG,-619.931968882696
NI03PGACIXL2024,PVFC_LIC_CUMULATIVE_OCI_DERECOG,-275.034504261044
NI03PGACIXL2025,PVFC_LIC_CUMULATIVE_OCI_DERECOG,0.0
NI03PGACIXL2013,RA_LIC_CUMULATIVE_OCI_DERECOG,0.0
NI03PGACIXL2014,RA_LIC_CUMULATIVE_OCI_DERECOG,0.0
NI03PGACIXL2015,RA_LIC_CUMULATIVE_OCI_DERECOG,0.0
NI03PGACIXL2016,RA_LIC_CUMULATIVE_OCI_DERECOG,0.0
NI03PGACIXL2017,RA_LIC_CUMULATIVE_OCI_DERECOG,0.0
NI03PGACIXL2018,RA_LIC_CUMULATIVE_OCI_DERECOG,0.0
NI03PGACIXL2019,RA_LIC_CUMULATIVE_OCI_DERECOG,0.0
NI03PGACIXL2020,RA_LIC_CUMULATIVE_OCI_DERECOG,0.0
NI03PGACIXL2021,RA_LIC_CUMULATIVE_OCI_DERECOG,0.0
NI03PGACIXL2022,RA_LIC_CUMULATIVE_OCI_DERECOG,0.0
NI03PGACIXL2023,RA_LIC_CUMULATIVE_OCI_DERECOG,0.0
NI03PGACIXL2024,RA_LIC_CUMULATIVE_OCI_DERECOG,0.0
NI03PGACIXL2025,RA_LIC_CUMULATIVE_OCI_DERECOG,0.0
NI03PGAPIPF2013,PVFC_LIC_CUMULATIVE_OCI_DERECOG,-0.0425231871919203
NI03PGAPIPF2014,PVFC_LIC_CUMULATIVE_OCI_DERECOG,0.0
NI03PGAPIPF2015,PVFC_LIC_CUMULATIVE_OCI_DERECOG,-1.97469833887465e-10
NI03PGAPIPF2016,PVFC_LIC_CUMULATIVE_OCI_DERECOG,-0.0111573408001178
NI03PGAPIPF2017,PVFC_LIC_CUMULATIVE_OCI_DERECOG,-0.028835194563372
NI03PGAPIPF2018,PVFC_LIC_CUMULATIVE_OCI_DERECOG,-0.0126731982164419
NI03PGAPIPF2019,PVFC_LIC_CUMULATIVE_OCI_DERECOG,-0.125019414976572
NI03PGAPIPF2020,PVFC_LIC_CUMULATIVE_OCI_DERECOG,-1.48022643568731
NI03PGAPIPF2021,PVFC_LIC_CUMULATIVE_OCI_DERECOG,-1.60783474308789
NI03PGAPIPF2022,PVFC_LIC_CUMULATIVE_OCI_DERECOG,-3.75306084556985
NI03PGAPIPF2023,PVFC_LIC_CUMULATIVE_OCI_DERECOG,-5.70231611390193
NI03PGAPIPF2024,PVFC_LIC_CUMULATIVE_OCI_DERECOG,-2.52956219960774
NI03PGAPIPF2025,PVFC_LIC_CUMULATIVE_OCI_DERECOG,0.0
NI03PGAPIPF2013,RA_LIC_CUMULATIVE_OCI_DERECOG,0.0
NI03PGAPIPF2014,RA_LIC_CUMULATIVE_OCI_DERECOG,0.0
NI03PGAPIPF2015,RA_LIC_CUMULATIVE_OCI_DERECOG,0.0
NI03PGAPIPF2016,RA_LIC_CUMULATIVE_OCI_DERECOG,0.0
NI03PGAPIPF2017,RA_LIC_CUMULATIVE_OCI_DERECOG,0.0
NI03PGAPIPF2018,RA_LIC_CUMULATIVE_OCI_DERECOG,0.0
NI03PGAPIPF2019,RA_LIC_CUMULATIVE_OCI_DERECOG,0.0
NI03PGAPIPF2020,RA_LIC_CUMULATIVE_OCI_DERECOG,0.0
NI03PGAPIPF2021,RA_LIC_CUMULATIVE_OCI_DERECOG,0.0
NI03PGAPIPF2022,RA_LIC_CUMULATIVE_OCI_DERECOG,0.0
NI03PGAPIPF2023,RA_LIC_CUMULATIVE_OCI_DERECOG,0.0
NI03PGAPIPF2024,RA_LIC_CUMULATIVE_OCI_DERECOG,0.0
NI03PGAPIPF2025,RA_LIC_CUMULATIVE_OCI_DERECOG,0.0
NI03PGAPIXL2013,PVFC_LIC_CUMULATIVE_OCI_DERECOG,-0.492264185620137
NI03PGAPIXL2014,PVFC_LIC_CUMULATIVE_OCI_DERECOG,0.0
NI03PGAPIXL2015,PVFC_LIC_CUMULATIVE_OCI_DERECOG,4.39556640217942e-09
NI03PGAPIXL2016,PVFC_LIC_CUMULATIVE_OCI_DERECOG,-0.129161606054122
NI03PGAPIXL2017,PVFC_LIC_CUMULATIVE_OCI_DERECOG,-0.333806557140144
NI03PGAPIXL2018,PVFC_LIC_CUMULATIVE_OCI_DERECOG,-0.14670854182868
NI03PGAPIXL2019,PVFC_LIC_CUMULATIVE_OCI_DERECOG,-1.44726836747063
NI03PGAPIXL2020,PVFC_LIC_CUMULATIVE_OCI_DERECOG,-17.1356550995345
NI03PGAPIXL2021,PVFC_LIC_CUMULATIVE_OCI_DERECOG,-18.6128619956153
NI03PGAPIXL2022,PVFC_LIC_CUMULATIVE_OCI_DERECOG,-43.4467476953021
NI03PGAPIXL2023,PVFC_LIC_CUMULATIVE_OCI_DERECOG,-66.0120131931742
NI03PGAPIXL2024,PVFC_LIC_CUMULATIVE_OCI_DERECOG,-29.2831501682992
NI03PGAPIXL2025,PVFC_LIC_CUMULATIVE_OCI_DERECOG,0.0
NI03PGAPIXL2013,RA_LIC_CUMULATIVE_OCI_DERECOG,0.0
NI03PGAPIXL2014,RA_LIC_CUMULATIVE_OCI_DERECOG,0.0
NI03PGAPIXL2015,RA_LIC_CUMULATIVE_OCI_DERECOG,0.0
NI03PGAPIXL2016,RA_LIC_CUMULATIVE_OCI_DERECOG,0.0
NI03PGAPIXL2017,RA_LIC_CUMULATIVE_OCI_DERECOG,0.0
NI03PGAPIXL2018,RA_LIC_CUMULATIVE_OCI_DERECOG,0.0
NI03PGAPIXL2019,RA_LIC_CUMULATIVE_OCI_DERECOG,0.0
NI03PGAPIXL2020,RA_LIC_CUMULATIVE_OCI_DERECOG,0.0
NI03PGAPIXL2021,RA_LIC_CUMULATIVE_OCI_DERECOG,0.0
NI03PGAPIXL2022,RA_LIC_CUMULATIVE_OCI_DERECOG,0.0
NI03PGAPIXL2023,RA_LIC_CUMULATIVE_OCI_DERECOG,0.0
NI03PGAPIXL2024,RA_LIC_CUMULATIVE_OCI_DERECOG,0.0
NI03PGAPIXL2025,RA_LIC_CUMULATIVE_OCI_DERECOG,0.0
NI03PMCGOST2013,PVFC_LIC_CUMULATIVE_OCI_DERECOG,0.0
NI03PMCGOST2014,PVFC_LIC_CUMULATIVE_OCI_DERECOG,0.0
NI03PMCGOST2015,PVFC_LIC_CUMULATIVE_OCI_DERECOG,0.0
NI03PMCGOST2016,PVFC_LIC_CUMULATIVE_OCI_DERECOG,0.0
NI03PMCGOST2017,PVFC_LIC_CUMULATIVE_OCI_DERECOG,-2.62451979038403e-08
NI03PMCGOST2018,PVFC_LIC_CUMULATIVE_OCI_DERECOG,-5.02270535207572e-06
NI03PMCGOST2019,PVFC_LIC_CUMULATIVE_OCI_DERECOG,12.9910654409882
NI03PMCGOST2020,PVFC_LIC_CUMULATIVE_OCI_DERECOG,-115.064367846707
NI03PMCGOST2021,PVFC_LIC_CUMULATIVE_OCI_DERECOG,-260.097263564934
NI03PMCGOST2022,PVFC_LIC_CUMULATIVE_OCI_DERECOG,7.67537419102218
NI03PMCGOST2023,PVFC_LIC_CUMULATIVE_OCI_DERECOG,10.7052579397339
NI03PMCGOST2024,PVFC_LIC_CUMULATIVE_OCI_DERECOG,-1787.2227704812
NI03PMCGOST2025,PVFC_LIC_CUMULATIVE_OCI_DERECOG,0.0
NI03PMCGOST2013,RA_LIC_CUMULATIVE_OCI_DERECOG,0.0
NI03PMCGOST2014,RA_LIC_CUMULATIVE_OCI_DERECOG,0.0
NI03PMCGOST2015,RA_LIC_CUMULATIVE_OCI_DERECOG,0.0
NI03PMCGOST2016,RA_LIC_CUMULATIVE_OCI_DERECOG,0.0
NI03PMCGOST2017,RA_LIC_CUMULATIVE_OCI_DERECOG,0.0
NI03PMCGOST2018,RA_LIC_CUMULATIVE_OCI_DERECOG,0.0
NI03PMCGOST2019,RA_LIC_CUMULATIVE_OCI_DERECOG,0.0
NI03PMCGOST2020,RA_LIC_CUMULATIVE_OCI_DERECOG,0.0
NI03PMCGOST2021,RA_LIC_CUMULATIVE_OCI_DERECOG,0.0
NI03PMCGOST2022,RA_LIC_CUMULATIVE_OCI_DERECOG,0.0
NI03PMCGOST2023,RA_LIC_CUMULATIVE_OCI_DERECOG,0.0
NI03PMCGOST2024,RA_LIC_CUMULATIVE_OCI_DERECOG,0.0
NI03PMCGOST2025,RA_LIC_CUMULATIVE_OCI_DERECOG,0.0
NI03PMHHLST2013,PVFC_LIC_CUMULATIVE_OCI_DERECOG,0.0
NI03PMHHLST2014,PVFC_LIC_CUMULATIVE_OCI_DERECOG,0.0
NI03PMHHLST2015,PVFC_LIC_CUMULATIVE_OCI_DERECOG,2.12570152147151e-07
NI03PMHHLST2016,PVFC_LIC_CUMULATIVE_OCI_DERECOG,0.0
NI03PMHHLST2017,PVFC_LIC_CUMULATIVE_OCI_DERECOG,0.0
NI03PMHHLST2018,PVFC_LIC_CUMULATIVE_OCI_DERECOG,0.0
NI03PMHHLST2019,PVFC_LIC_CUMULATIVE_OCI_DERECOG,4.53629266528727e-10
NI03PMHHLST2020,PVFC_LIC_CUMULATIVE_OCI_DERECOG,-1.51994257595081
NI03PMHHLST2021,PVFC_LIC_CUMULATIVE_OCI_DERECOG,-108.709522431267
NI03PMHHLST2022,PVFC_LIC_CUMULATIVE_OCI_DERECOG,-103.976554782897
NI03PMHHLST2023,PVFC_LIC_CUMULATIVE_OCI_DERECOG,-271.020247760547
NI03PMHHLST2024,PVFC_LIC_CUMULATIVE_OCI_DERECOG,-1730.68080674013
NI03PMHHLST2025,PVFC_LIC_CUMULATIVE_OCI_DERECOG,0.0
NI03PMHHLST2013,RA_LIC_CUMULATIVE_OCI_DERECOG,0.0
NI03PMHHLST2014,RA_LIC_CUMULATIVE_OCI_DERECOG,0.0
NI03PMHHLST2015,RA_LIC_CUMULATIVE_OCI_DERECOG,0.0
NI03PMHHLST2016,RA_LIC_CUMULATIVE_OCI_DERECOG,0.0
NI03PMHHLST2017,RA_LIC_CUMULATIVE_OCI_DERECOG,0.0
NI03PMHHLST2018,RA_LIC_CUMULATIVE_OCI_DERECOG,0.0
NI03PMHHLST2019,RA_LIC_CUMULATIVE_OCI_DERECOG,0.0
NI03PMHHLST2020,RA_LIC_CUMULATIVE_OCI_DERECOG,0.0
NI03PMHHLST2021,RA_LIC_CUMULATIVE_OCI_DERECOG,0.0
NI03PMHHLST2022,RA_LIC_CUMULATIVE_OCI_DERECOG,0.0
NI03PMHHLST2023,RA_LIC_CUMULATIVE_OCI_DERECOG,0.0
NI03PMHHLST2024,RA_LIC_CUMULATIVE_OCI_DERECOG,0.0
NI03PMHHLST2025,RA_LIC_CUMULATIVE_OCI_DERECOG,0.0
NI03PMTCIXL2013,PVFC_LIC_CUMULATIVE_OCI_DERECOG,-7.72738447968251
NI03PMTCIXL2014,PVFC_LIC_CUMULATIVE_OCI_DERECOG,0.000699671575010274
NI03PMTCIXL2015,PVFC_LIC_CUMULATIVE_OCI_DERECOG,5.65125267062427e-05
NI03PMTCIXL2016,PVFC_LIC_CUMULATIVE_OCI_DERECOG,-14.4830618224742
NI03PMTCIXL2017,PVFC_LIC_CUMULATIVE_OCI_DERECOG,0.484608273309334
NI03PMTCIXL2018,PVFC_LIC_CUMULATIVE_OCI_DERECOG,-0.433121671572707
NI03PMTCIXL2019,PVFC_LIC_CUMULATIVE_OCI_DERECOG,-11.2162070971113
NI03PMTCIXL2020,PVFC_LIC_CUMULATIVE_OCI_DERECOG,-1.06727509615803
NI03PMTCIXL2021,PVFC_LIC_CUMULATIVE_OCI_DERECOG,2.65034769232989
NI03PMTCIXL2022,PVFC_LIC_CUMULATIVE_OCI_DERECOG,-190.105905217374
NI03PMTCIXL2023,PVFC_LIC_CUMULATIVE_OCI_DERECOG,-355.183739860807
NI03PMTCIXL2024,PVFC_LIC_CUMULATIVE_OCI_DERECOG,-2190.46384169132
NI03PMTCIXL2025,PVFC_LIC_CUMULATIVE_OCI_DERECOG,0.0
NI03PMTCIXL2013,RA_LIC_CUMULATIVE_OCI_DERECOG,0.0
NI03PMTCIXL2014,RA_LIC_CUMULATIVE_OCI_DERECOG,0.0
NI03PMTCIXL2015,RA_LIC_CUMULATIVE_OCI_DERECOG,0.0
NI03PMTCIXL2016,RA_LIC_CUMULATIVE_OCI_DERECOG,0.0
NI03PMTCIXL2017,RA_LIC_CUMULATIVE_OCI_DERECOG,0.0
NI03PMTCIXL2018,RA_LIC_CUMULATIVE_OCI_DERECOG,0.0
NI03PMTCIXL2019,RA_LIC_CUMULATIVE_OCI_DERECOG,0.0
NI03PMTCIXL2020,RA_LIC_CUMULATIVE_OCI_DERECOG,0.0
NI03PMTCIXL2021,RA_LIC_CUMULATIVE_OCI_DERECOG,0.0
NI03PMTCIXL2022,RA_LIC_CUMULATIVE_OCI_DERECOG,0.0
NI03PMTCIXL2023,RA_LIC_CUMULATIVE_OCI_DERECOG,0.0
NI03PMTCIXL2024,RA_LIC_CUMULATIVE_OCI_DERECOG,0.0
NI03PMTCIXL2025,RA_LIC_CUMULATIVE_OCI_DERECOG,0.0
NI03PMTPIXL2013,PVFC_LIC_CUMULATIVE_OCI_DERECOG,-8.11381021220532
NI03PMTPIXL2014,PVFC_LIC_CUMULATIVE_OCI_DERECOG,0.000699671575010274
NI03PMTPIXL2015,PVFC_LIC_CUMULATIVE_OCI_DERECOG,5.65125267062427e-05
NI03PMTPIXL2016,PVFC_LIC_CUMULATIVE_OCI_DERECOG,-15.2073211813075
NI03PMTPIXL2017,PVFC_LIC_CUMULATIVE_OCI_DERECOG,0.484608273309334
NI03PMTPIXL2018,PVFC_LIC_CUMULATIVE_OCI_DERECOG,-0.454781874209544
NI03PMTPIXL2019,PVFC_LIC_CUMULATIVE_OCI_DERECOG,-11.7781826239721
NI03PMTPIXL2020,PVFC_LIC_CUMULATIVE_OCI_DERECOG,-1.12064731829071
NI03PMTPIXL2021,PVFC_LIC_CUMULATIVE_OCI_DERECOG,2.65034769232989
NI03PMTPIXL2022,PVFC_LIC_CUMULATIVE_OCI_DERECOG,-199.612603503725
NI03PMTPIXL2023,PVFC_LIC_CUMULATIVE_OCI_DERECOG,-372.945534990333
NI03PMTPIXL2024,PVFC_LIC_CUMULATIVE_OCI_DERECOG,-2300.0030521127
NI03PMTPIXL2025,PVFC_LIC_CUMULATIVE_OCI_DERECOG,0.0
NI03PMTPIXL2013,RA_LIC_CUMULATIVE_OCI_DERECOG,0.0
NI03PMTPIXL2014,RA_LIC_CUMULATIVE_OCI_DERECOG,0.0
NI03PMTPIXL2015,RA_LIC_CUMULATIVE_OCI_DERECOG,0.0
NI03PMTPIXL2016,RA_LIC_CUMULATIVE_OCI_DERECOG,0.0
NI03PMTPIXL2017,RA_LIC_CUMULATIVE_OCI_DERECOG,0.0
NI03PMTPIXL2018,RA_LIC_CUMULATIVE_OCI_DERECOG,0.0
NI03PMTPIXL2019,RA_LIC_CUMULATIVE_OCI_DERECOG,0.0
NI03PMTPIXL2020,RA_LIC_CUMULATIVE_OCI_DERECOG,0.0
NI03PMTPIXL2021,RA_LIC_CUMULATIVE_OCI_DERECOG,0.0
NI03PMTPIXL2022,RA_LIC_CUMULATIVE_OCI_DERECOG,0.0
NI03PMTPIXL2023,RA_LIC_CUMULATIVE_OCI_DERECOG,0.0
NI03PMTPIXL2024,RA_LIC_CUMULATIVE_OCI_DERECOG,0.0
NI03PMTPIXL2025,RA_LIC_CUMULATIVE_OCI_DERECOG,0.0
