GOC_ID,VARIABLE_NAME,1
NI01PCBCHLT2023,PVFC_LIC_CUMULATIVE_OCI_DERECOG,7.96531776889766
NI01PCBCHLT2024,PVFC_LIC_CUMULATIVE_OCI_DERECOG,374.60478235983
NI01PCBCHLT2025,PVFC_LIC_CUMULATIVE_OCI_DERECOG,0.0
NI01PCBCHLT2023,RA_LIC_CUMULATIVE_OCI_DERECOG,0.0
NI01PCBCHLT2024,RA_LIC_CUMULATIVE_OCI_DERECOG,0.0
NI01PCBCHLT2025,RA_LIC_CUMULATIVE_OCI_DERECOG,0.0
NI01PCBRHLT2023,PVFC_LIC_CUMULATIVE_OCI_DERECOG,36.5474219630264
NI01PCBRHLT2024,PVFC_LIC_CUMULATIVE_OCI_DERECOG,1982.74655275301
NI01PCBRHLT2025,PVFC_LIC_CUMULATIVE_OCI_DERECOG,0.0
NI01PCBRHLT2023,RA_LIC_CUMULATIVE_OCI_DERECOG,0.0
NI01PCBRHLT2024,RA_LIC_CUMULATIVE_OCI_DERECOG,0.0
NI01PCBRHLT2025,RA_LIC_CUMULATIVE_OCI_DERECOG,0.0
NI01PCECHLT2023,PVFC_LIC_CUMULATIVE_OCI_DERECOG,5.04631504412554
NI01PCECHLT2024,PVFC_LIC_CUMULATIVE_OCI_DERECOG,344.399005647231
NI01PCECHLT2025,PVFC_LIC_CUMULATIVE_OCI_DERECOG,0.0
NI01PCECHLT2023,RA_LIC_CUMULATIVE_OCI_DERECOG,0.0
NI01PCECHLT2024,RA_LIC_CUMULATIVE_OCI_DERECOG,0.0
NI01PCECHLT2025,RA_LIC_CUMULATIVE_OCI_DERECOG,0.0
NI01PCGOHLT2022,PVFC_LIC_CUMULATIVE_OCI_DERECOG,174.376581475181
NI01PCGOHLT2023,PVFC_LIC_CUMULATIVE_OCI_DERECOG,9578.92692388147
NI01PCGOHLT2024,PVFC_LIC_CUMULATIVE_OCI_DERECOG,0.0
NI01PCGOHLT2022,RA_LIC_CUMULATIVE_OCI_DERECOG,0.0
NI01PCGOHLT2023,RA_LIC_CUMULATIVE_OCI_DERECOG,0.0
NI01PCGOHLT2024,RA_LIC_CUMULATIVE_OCI_DERECOG,0.0
NI01PCPLHLT2023,PVFC_LIC_CUMULATIVE_OCI_DERECOG,146.387222547411
NI01PCPLHLT2024,PVFC_LIC_CUMULATIVE_OCI_DERECOG,7655.34058581545
NI01PCPLHLT2025,PVFC_LIC_CUMULATIVE_OCI_DERECOG,0.0
NI01PCPLHLT2023,RA_LIC_CUMULATIVE_OCI_DERECOG,0.0
NI01PCPLHLT2024,RA_LIC_CUMULATIVE_OCI_DERECOG,0.0
NI01PCPLHLT2025,RA_LIC_CUMULATIVE_OCI_DERECOG,0.0
NI01PCSIHLT2023,PVFC_LIC_CUMULATIVE_OCI_DERECOG,69.2130856696608
NI01PCSIHLT2024,PVFC_LIC_CUMULATIVE_OCI_DERECOG,3412.25922125903
NI01PCSIHLT2025,PVFC_LIC_CUMULATIVE_OCI_DERECOG,0.0
NI01PCSIHLT2023,RA_LIC_CUMULATIVE_OCI_DERECOG,0.0
NI01PCSIHLT2024,RA_LIC_CUMULATIVE_OCI_DERECOG,0.0
NI01PCSIHLT2025,RA_LIC_CUMULATIVE_OCI_DERECOG,0.0
NI01PIMEHLT2023,PVFC_LIC_CUMULATIVE_OCI_DERECOG,23.590072165531
NI01PIMEHLT2024,PVFC_LIC_CUMULATIVE_OCI_DERECOG,1009.10042844533
NI01PIMEHLT2025,PVFC_LIC_CUMULATIVE_OCI_DERECOG,0.0
NI01PIMEHLT2023,RA_LIC_CUMULATIVE_OCI_DERECOG,0.0
NI01PIMEHLT2024,RA_LIC_CUMULATIVE_OCI_DERECOG,0.0
NI01PIMEHLT2025,RA_LIC_CUMULATIVE_OCI_DERECOG,0.0
NI01PPBRHLT2023,PVFC_LIC_CUMULATIVE_OCI_DERECOG,1.32407305010252
NI01PPBRHLT2024,PVFC_LIC_CUMULATIVE_OCI_DERECOG,111.24050471376
NI01PPBRHLT2025,PVFC_LIC_CUMULATIVE_OCI_DERECOG,0.0
NI01PPBRHLT2023,RA_LIC_CUMULATIVE_OCI_DERECOG,0.0
NI01PPBRHLT2024,RA_LIC_CUMULATIVE_OCI_DERECOG,0.0
NI01PPBRHLT2025,RA_LIC_CUMULATIVE_OCI_DERECOG,0.0
NI01PPGOHLT2023,PVFC_LIC_CUMULATIVE_OCI_DERECOG,4.91439841897325
NI01PPGOHLT2024,PVFC_LIC_CUMULATIVE_OCI_DERECOG,242.827984453147
NI01PPGOHLT2025,PVFC_LIC_CUMULATIVE_OCI_DERECOG,0.0
NI01PPGOHLT2023,RA_LIC_CUMULATIVE_OCI_DERECOG,0.0
NI01PPGOHLT2024,RA_LIC_CUMULATIVE_OCI_DERECOG,0.0
NI01PPGOHLT2025,RA_LIC_CUMULATIVE_OCI_DERECOG,0.0
NI01PPPLHLT2023,PVFC_LIC_CUMULATIVE_OCI_DERECOG,5.47592521109495
NI01PPPLHLT2024,PVFC_LIC_CUMULATIVE_OCI_DERECOG,256.933894414234
NI01PPPLHLT2025,PVFC_LIC_CUMULATIVE_OCI_DERECOG,0.0
NI01PPPLHLT2023,RA_LIC_CUMULATIVE_OCI_DERECOG,0.0
NI01PPPLHLT2024,RA_LIC_CUMULATIVE_OCI_DERECOG,0.0
NI01PPPLHLT2025,RA_LIC_CUMULATIVE_OCI_DERECOG,0.0
NI01PPSIHLT2023,PVFC_LIC_CUMULATIVE_OCI_DERECOG,1.82342482558937
NI01PPSIHLT2024,PVFC_LIC_CUMULATIVE_OCI_DERECOG,88.75416281847
NI01PPSIHLT2025,PVFC_LIC_CUMULATIVE_OCI_DERECOG,0.0
NI01PPSIHLT2023,RA_LIC_CUMULATIVE_OCI_DERECOG,0.0
NI01PPSIHLT2024,RA_LIC_CUMULATIVE_OCI_DERECOG,0.0
NI01PPSIHLT2025,RA_LIC_CUMULATIVE_OCI_DERECOG,0.0
NI01PIMEDQS2023,PVFC_LIC_CUMULATIVE_OCI_DERECOG,-8.91464861967708
NI01PIMEDQS2024,PVFC_LIC_CUMULATIVE_OCI_DERECOG,-264.742790929406
NI01PIMEDQS2025,PVFC_LIC_CUMULATIVE_OCI_DERECOG,0.0
NI01PIMEDQS2023,RA_LIC_CUMULATIVE_OCI_DERECOG,0.0
NI01PIMEDQS2024,RA_LIC_CUMULATIVE_OCI_DERECOG,0.0
NI01PIMEDQS2025,RA_LIC_CUMULATIVE_OCI_DERECOG,0.0
