GOC_ID,VARIABLE_NAME,1
NI02PPRIVSH2012,PVFC_LIC_CUMULATIVE_OCI_DERECOG,0.241169363
NI02PPRIVSH2013,PVFC_LIC_CUMULATIVE_OCI_DERECOG,0.2492991
NI02PPRIVSH2014,PVFC_LIC_CUMULATIVE_OCI_DERECOG,0.862625491
NI02PPRIVSH2015,PVFC_LIC_CUMULATIVE_OCI_DERECOG,0.384303971
NI02PPRIVSH2016,PVFC_LIC_CUMULATIVE_OCI_DERECOG,-15.58523438
NI02PPRIVSH2017,PVFC_LIC_CUMULATIVE_OCI_DERECOG,-102.507192
NI02PPRIVSH2018,PVFC_LIC_CUMULATIVE_OCI_DERECOG,-6.579357788
NI02PPRIVSH2019,PVFC_LIC_CUMULATIVE_OCI_DERECOG,1.738395853
NI02PPRIVSH2020,PVFC_LIC_CUMULATIVE_OCI_DERECOG,832.190489
NI02PPRIVSH2021,PVFC_LIC_CUMULATIVE_OCI_DERECOG,2124.57557
NI02PPRIVSH2022,PVFC_LIC_CUMULATIVE_OCI_DERECOG,2628.524054
NI02PPRIVSH2023,PVFC_LIC_CUMULATIVE_OCI_DERECOG,10195.19037
NI02PPRIVSH2024,PVFC_LIC_CUMULATIVE_OCI_DERECOG,0.0
NI02PPRIVSH2012,RA_LIC_CUMULATIVE_OCI_DERECOG,0.0
NI02PPRIVSH2013,RA_LIC_CUMULATIVE_OCI_DERECOG,0.0
NI02PPRIVSH2014,RA_LIC_CUMULATIVE_OCI_DERECOG,0.0
NI02PPRIVSH2015,RA_LIC_CUMULATIVE_OCI_DERECOG,0.0
NI02PPRIVSH2016,RA_LIC_CUMULATIVE_OCI_DERECOG,0.0
NI02PPRIVSH2017,RA_LIC_CUMULATIVE_OCI_DERECOG,0.0
NI02PPRIVSH2018,RA_LIC_CUMULATIVE_OCI_DERECOG,0.0
NI02PPRIVSH2019,RA_LIC_CUMULATIVE_OCI_DERECOG,0.0
NI02PPRIVSH2020,RA_LIC_CUMULATIVE_OCI_DERECOG,0.0
NI02PPRIVSH2021,RA_LIC_CUMULATIVE_OCI_DERECOG,0.0
NI02PPRIVSH2022,RA_LIC_CUMULATIVE_OCI_DERECOG,0.0
NI02PPRIVSH2023,RA_LIC_CUMULATIVE_OCI_DERECOG,0.0
NI02PPRIVSH2024,RA_LIC_CUMULATIVE_OCI_DERECOG,0.0
