GOC_ID,VARIABLE_NAME,1
NI01PCBCHLT2023,PVFC_LIC_CUMULATIVE_OCI_DERECOG,1272.0
NI01PCBCHLT2024,PVFC_LIC_CUMULATIVE_OCI_DERECOG,3866.0
NI01PCBCHLT2025,PVFC_LIC_CUMULATIVE_OCI_DERECOG,0.0
NI01PCBCHLT2023,RA_LIC_CUMULATIVE_OCI_DERECOG,0.0
NI01PCBCHLT2024,RA_LIC_CUMULATIVE_OCI_DERECOG,0.0
NI01PCBCHLT2025,RA_LIC_CUMULATIVE_OCI_DERECOG,0.0
NI01PCBRHLT2023,PVFC_LIC_CUMULATIVE_OCI_DERECOG,902.0
NI01PCBRHLT2024,PVFC_LIC_CUMULATIVE_OCI_DERECOG,3245.0
NI01PCBRHLT2025,PVFC_LIC_CUMULATIVE_OCI_DERECOG,0.0
NI01PCBRHLT2023,RA_LIC_CUMULATIVE_OCI_DERECOG,0.0
NI01PCBRHLT2024,RA_LIC_CUMULATIVE_OCI_DERECOG,0.0
NI01PCBRHLT2025,RA_LIC_CUMULATIVE_OCI_DERECOG,0.0
NI01PCECHLT2023,PVFC_LIC_CUMULATIVE_OCI_DERECOG,542.0
NI01PCECHLT2024,PVFC_LIC_CUMULATIVE_OCI_DERECOG,66.0
NI01PCECHLT2025,PVFC_LIC_CUMULATIVE_OCI_DERECOG,0.0
NI01PCECHLT2023,RA_LIC_CUMULATIVE_OCI_DERECOG,0.0
NI01PCECHLT2024,RA_LIC_CUMULATIVE_OCI_DERECOG,0.0
NI01PCECHLT2025,RA_LIC_CUMULATIVE_OCI_DERECOG,0.0
NI01PCGOHLT2023,PVFC_LIC_CUMULATIVE_OCI_DERECOG,4774.33463409282
NI01PCGOHLT2024,PVFC_LIC_CUMULATIVE_OCI_DERECOG,15849.8760580074
NI01PCGOHLT2025,PVFC_LIC_CUMULATIVE_OCI_DERECOG,0.0
NI01PCGOHLT2023,RA_LIC_CUMULATIVE_OCI_DERECOG,0.0
NI01PCGOHLT2024,RA_LIC_CUMULATIVE_OCI_DERECOG,0.0
NI01PCGOHLT2025,RA_LIC_CUMULATIVE_OCI_DERECOG,0.0
NI01PCPLHLT2023,PVFC_LIC_CUMULATIVE_OCI_DERECOG,3197.0
NI01PCPLHLT2024,PVFC_LIC_CUMULATIVE_OCI_DERECOG,17643.0
NI01PCPLHLT2025,PVFC_LIC_CUMULATIVE_OCI_DERECOG,0.0
NI01PCPLHLT2023,RA_LIC_CUMULATIVE_OCI_DERECOG,0.0
NI01PCPLHLT2024,RA_LIC_CUMULATIVE_OCI_DERECOG,0.0
NI01PCPLHLT2025,RA_LIC_CUMULATIVE_OCI_DERECOG,0.0
NI01PCSIHLT2023,PVFC_LIC_CUMULATIVE_OCI_DERECOG,3154.0
NI01PCSIHLT2024,PVFC_LIC_CUMULATIVE_OCI_DERECOG,5362.0
NI01PCSIHLT2025,PVFC_LIC_CUMULATIVE_OCI_DERECOG,0.0
NI01PCSIHLT2023,RA_LIC_CUMULATIVE_OCI_DERECOG,0.0
NI01PCSIHLT2024,RA_LIC_CUMULATIVE_OCI_DERECOG,0.0
NI01PCSIHLT2025,RA_LIC_CUMULATIVE_OCI_DERECOG,0.0
NI01PIMEHLT2023,PVFC_LIC_CUMULATIVE_OCI_DERECOG,1200.0
NI01PIMEHLT2024,PVFC_LIC_CUMULATIVE_OCI_DERECOG,2013.0
NI01PIMEHLT2025,PVFC_LIC_CUMULATIVE_OCI_DERECOG,0.0
NI01PIMEHLT2023,RA_LIC_CUMULATIVE_OCI_DERECOG,0.0
NI01PIMEHLT2024,RA_LIC_CUMULATIVE_OCI_DERECOG,0.0
NI01PIMEHLT2025,RA_LIC_CUMULATIVE_OCI_DERECOG,0.0
NI01PPBRHLT2023,PVFC_LIC_CUMULATIVE_OCI_DERECOG,71.0
NI01PPBRHLT2024,PVFC_LIC_CUMULATIVE_OCI_DERECOG,83.0
NI01PPBRHLT2025,PVFC_LIC_CUMULATIVE_OCI_DERECOG,0.0
NI01PPBRHLT2023,RA_LIC_CUMULATIVE_OCI_DERECOG,0.0
NI01PPBRHLT2024,RA_LIC_CUMULATIVE_OCI_DERECOG,0.0
NI01PPBRHLT2025,RA_LIC_CUMULATIVE_OCI_DERECOG,0.0
NI01PPGOHLT2023,PVFC_LIC_CUMULATIVE_OCI_DERECOG,47.0
NI01PPGOHLT2024,PVFC_LIC_CUMULATIVE_OCI_DERECOG,541.0
NI01PPGOHLT2025,PVFC_LIC_CUMULATIVE_OCI_DERECOG,0.0
NI01PPGOHLT2023,RA_LIC_CUMULATIVE_OCI_DERECOG,0.0
NI01PPGOHLT2024,RA_LIC_CUMULATIVE_OCI_DERECOG,0.0
NI01PPGOHLT2025,RA_LIC_CUMULATIVE_OCI_DERECOG,0.0
NI01PPPLHLT2023,PVFC_LIC_CUMULATIVE_OCI_DERECOG,110.0
NI01PPPLHLT2024,PVFC_LIC_CUMULATIVE_OCI_DERECOG,308.0
NI01PPPLHLT2025,PVFC_LIC_CUMULATIVE_OCI_DERECOG,0.0
NI01PPPLHLT2023,RA_LIC_CUMULATIVE_OCI_DERECOG,0.0
NI01PPPLHLT2024,RA_LIC_CUMULATIVE_OCI_DERECOG,0.0
NI01PPPLHLT2025,RA_LIC_CUMULATIVE_OCI_DERECOG,0.0
NI01PPSIHLT2023,PVFC_LIC_CUMULATIVE_OCI_DERECOG,-12.0
NI01PPSIHLT2024,PVFC_LIC_CUMULATIVE_OCI_DERECOG,233.0
NI01PPSIHLT2025,PVFC_LIC_CUMULATIVE_OCI_DERECOG,0.0
NI01PPSIHLT2023,RA_LIC_CUMULATIVE_OCI_DERECOG,0.0
NI01PPSIHLT2024,RA_LIC_CUMULATIVE_OCI_DERECOG,0.0
NI01PPSIHLT2025,RA_LIC_CUMULATIVE_OCI_DERECOG,0.0
NI01PIMEDQS2023,PVFC_LIC_CUMULATIVE_OCI_DERECOG,350.0
NI01PIMEDQS2024,PVFC_LIC_CUMULATIVE_OCI_DERECOG,-5404.0
NI01PIMEDQS2025,PVFC_LIC_CUMULATIVE_OCI_DERECOG,0.0
NI01PIMEDQS2023,RA_LIC_CUMULATIVE_OCI_DERECOG,0.0
NI01PIMEDQS2024,RA_LIC_CUMULATIVE_OCI_DERECOG,0.0
NI01PIMEDQS2025,RA_LIC_CUMULATIVE_OCI_DERECOG,0.0
