GOC_ID,VARIABLE_NAME,1
NI01PPSIHLT2023,PVFC_LIC_CUMULATIVE_OCI_DERECOG,-12.0
NI01PPSIHLT2024,PVFC_LIC_CUMULATIVE_OCI_DERECOG,1.86339931057921
NI01PPSIHLT2025,PVFC_LIC_CUMULATIVE_OCI_DERECOG,-41.7493006419718
NI01PPSIHLT2026,PVFC_LIC_CUMULATIVE_OCI_DERECOG,0.0
NI01PPSIHLT2023,RA_LIC_CUMULATIVE_OCI_DERECOG,0.0
NI01PPSIHLT2024,RA_LIC_CUMULATIVE_OCI_DERECOG,0.0
NI01PPSIHLT2025,RA_LIC_CUMULATIVE_OCI_DERECOG,0.0
NI01PPSIHLT2026,RA_LIC_CUMULATIVE_OCI_DERECOG,0.0
NI01PPBRHLT2023,PVFC_LIC_CUMULATIVE_OCI_DERECOG,36.4046913790519
NI01PPBRHLT2024,PVFC_LIC_CUMULATIVE_OCI_DERECOG,1.00451486068144
NI01PPBRHLT2025,PVFC_LIC_CUMULATIVE_OCI_DERECOG,-41.3128060930019
NI01PPBRHLT2026,PVFC_LIC_CUMULATIVE_OCI_DERECOG,0.0
NI01PPBRHLT2023,RA_LIC_CUMULATIVE_OCI_DERECOG,0.0
NI01PPBRHLT2024,RA_LIC_CUMULATIVE_OCI_DERECOG,0.0
NI01PPBRHLT2025,RA_LIC_CUMULATIVE_OCI_DERECOG,0.0
NI01PPBRHLT2026,RA_LIC_CUMULATIVE_OCI_DERECOG,0.0
NI01PPGOHLT2023,PVFC_LIC_CUMULATIVE_OCI_DERECOG,-8.83838610124209
NI01PPGOHLT2024,PVFC_LIC_CUMULATIVE_OCI_DERECOG,3.5530762552296
NI01PPGOHLT2025,PVFC_LIC_CUMULATIVE_OCI_DERECOG,-202.824816560103
NI01PPGOHLT2026,PVFC_LIC_CUMULATIVE_OCI_DERECOG,0.0
NI01PPGOHLT2023,RA_LIC_CUMULATIVE_OCI_DERECOG,0.0
NI01PPGOHLT2024,RA_LIC_CUMULATIVE_OCI_DERECOG,0.0
NI01PPGOHLT2025,RA_LIC_CUMULATIVE_OCI_DERECOG,0.0
NI01PPGOHLT2026,RA_LIC_CUMULATIVE_OCI_DERECOG,0.0
NI01PPPLHLT2023,PVFC_LIC_CUMULATIVE_OCI_DERECOG,-172.486321367169
NI01PPPLHLT2024,PVFC_LIC_CUMULATIVE_OCI_DERECOG,2.03296128053114
NI01PPPLHLT2025,PVFC_LIC_CUMULATIVE_OCI_DERECOG,-127.148194985291
NI01PPPLHLT2026,PVFC_LIC_CUMULATIVE_OCI_DERECOG,0.0
NI01PPPLHLT2023,RA_LIC_CUMULATIVE_OCI_DERECOG,0.0
NI01PPPLHLT2024,RA_LIC_CUMULATIVE_OCI_DERECOG,0.0
NI01PPPLHLT2025,RA_LIC_CUMULATIVE_OCI_DERECOG,0.0
NI01PPPLHLT2026,RA_LIC_CUMULATIVE_OCI_DERECOG,0.0
NI01PCGOHLT2023,PVFC_LIC_CUMULATIVE_OCI_DERECOG,-1700.2030146822
NI01PCGOHLT2024,PVFC_LIC_CUMULATIVE_OCI_DERECOG,192.127319229074
NI01PCGOHLT2025,PVFC_LIC_CUMULATIVE_OCI_DERECOG,-11548.8580715352
NI01PCGOHLT2026,PVFC_LIC_CUMULATIVE_OCI_DERECOG,0.0
NI01PCGOHLT2023,RA_LIC_CUMULATIVE_OCI_DERECOG,0.0
NI01PCGOHLT2024,RA_LIC_CUMULATIVE_OCI_DERECOG,0.0
NI01PCGOHLT2025,RA_LIC_CUMULATIVE_OCI_DERECOG,0.0
NI01PCGOHLT2026,RA_LIC_CUMULATIVE_OCI_DERECOG,0.0
NI01PCPLHLT2023,PVFC_LIC_CUMULATIVE_OCI_DERECOG,-717.238411322196
NI01PCPLHLT2024,PVFC_LIC_CUMULATIVE_OCI_DERECOG,157.112918130399
NI01PCPLHLT2025,PVFC_LIC_CUMULATIVE_OCI_DERECOG,-9266.21338255076
NI01PCPLHLT2026,PVFC_LIC_CUMULATIVE_OCI_DERECOG,0.0
NI01PCPLHLT2023,RA_LIC_CUMULATIVE_OCI_DERECOG,0.0
NI01PCPLHLT2024,RA_LIC_CUMULATIVE_OCI_DERECOG,0.0
NI01PCPLHLT2025,RA_LIC_CUMULATIVE_OCI_DERECOG,0.0
NI01PCPLHLT2026,RA_LIC_CUMULATIVE_OCI_DERECOG,0.0
NI01PCSIHLT2023,PVFC_LIC_CUMULATIVE_OCI_DERECOG,173.814614114123
NI01PCSIHLT2024,PVFC_LIC_CUMULATIVE_OCI_DERECOG,86.0872485781038
NI01PCSIHLT2025,PVFC_LIC_CUMULATIVE_OCI_DERECOG,-3992.91424067841
NI01PCSIHLT2026,PVFC_LIC_CUMULATIVE_OCI_DERECOG,0.0
NI01PCSIHLT2023,RA_LIC_CUMULATIVE_OCI_DERECOG,0.0
NI01PCSIHLT2024,RA_LIC_CUMULATIVE_OCI_DERECOG,0.0
NI01PCSIHLT2025,RA_LIC_CUMULATIVE_OCI_DERECOG,0.0
NI01PCSIHLT2026,RA_LIC_CUMULATIVE_OCI_DERECOG,0.0
NI01PIMEHLT2023,PVFC_LIC_CUMULATIVE_OCI_DERECOG,-102.383486905386
NI01PIMEHLT2024,PVFC_LIC_CUMULATIVE_OCI_DERECOG,24.6761026370195
NI01PIMEHLT2025,PVFC_LIC_CUMULATIVE_OCI_DERECOG,-1820.81551376634
NI01PIMEHLT2026,PVFC_LIC_CUMULATIVE_OCI_DERECOG,0.0
NI01PIMEHLT2023,RA_LIC_CUMULATIVE_OCI_DERECOG,0.0
NI01PIMEHLT2024,RA_LIC_CUMULATIVE_OCI_DERECOG,0.0
NI01PIMEHLT2025,RA_LIC_CUMULATIVE_OCI_DERECOG,0.0
NI01PIMEHLT2026,RA_LIC_CUMULATIVE_OCI_DERECOG,0.0
NI01PCBCHLT2023,PVFC_LIC_CUMULATIVE_OCI_DERECOG,4.75022741560906
NI01PCBCHLT2024,PVFC_LIC_CUMULATIVE_OCI_DERECOG,6.74483939928086
NI01PCBCHLT2025,PVFC_LIC_CUMULATIVE_OCI_DERECOG,-474.536611756259
NI01PCBCHLT2026,PVFC_LIC_CUMULATIVE_OCI_DERECOG,0.0
NI01PCBCHLT2023,RA_LIC_CUMULATIVE_OCI_DERECOG,0.0
NI01PCBCHLT2024,RA_LIC_CUMULATIVE_OCI_DERECOG,0.0
NI01PCBCHLT2025,RA_LIC_CUMULATIVE_OCI_DERECOG,0.0
NI01PCBCHLT2026,RA_LIC_CUMULATIVE_OCI_DERECOG,0.0
NI01PCBRHLT2023,PVFC_LIC_CUMULATIVE_OCI_DERECOG,139.453530846212
NI01PCBRHLT2024,PVFC_LIC_CUMULATIVE_OCI_DERECOG,40.4732755543791
NI01PCBRHLT2025,PVFC_LIC_CUMULATIVE_OCI_DERECOG,-1835.74307317106
NI01PCBRHLT2026,PVFC_LIC_CUMULATIVE_OCI_DERECOG,0.0
NI01PCBRHLT2023,RA_LIC_CUMULATIVE_OCI_DERECOG,0.0
NI01PCBRHLT2024,RA_LIC_CUMULATIVE_OCI_DERECOG,0.0
NI01PCBRHLT2025,RA_LIC_CUMULATIVE_OCI_DERECOG,0.0
NI01PCBRHLT2026,RA_LIC_CUMULATIVE_OCI_DERECOG,0.0
NI01PCECHLT2023,PVFC_LIC_CUMULATIVE_OCI_DERECOG,-61.6261551729874
NI01PCECHLT2024,PVFC_LIC_CUMULATIVE_OCI_DERECOG,0.889286565802792
NI01PCECHLT2025,PVFC_LIC_CUMULATIVE_OCI_DERECOG,-191.652739301574
NI01PCECHLT2026,PVFC_LIC_CUMULATIVE_OCI_DERECOG,0.0
NI01PCECHLT2023,RA_LIC_CUMULATIVE_OCI_DERECOG,0.0
NI01PCECHLT2024,RA_LIC_CUMULATIVE_OCI_DERECOG,0.0
NI01PCECHLT2025,RA_LIC_CUMULATIVE_OCI_DERECOG,0.0
NI01PCECHLT2026,RA_LIC_CUMULATIVE_OCI_DERECOG,0.0
NI01PIMEDQS2023,PVFC_LIC_CUMULATIVE_OCI_DERECOG,858.88966731596
NI01PIMEDQS2024,PVFC_LIC_CUMULATIVE_OCI_DERECOG,-76.7175512904851
NI01PIMEDQS2025,PVFC_LIC_CUMULATIVE_OCI_DERECOG,1934.8378616285
NI01PIMEDQS2026,PVFC_LIC_CUMULATIVE_OCI_DERECOG,0.0
NI01PIMEDQS2023,RA_LIC_CUMULATIVE_OCI_DERECOG,0.0
NI01PIMEDQS2024,RA_LIC_CUMULATIVE_OCI_DERECOG,0.0
NI01PIMEDQS2025,RA_LIC_CUMULATIVE_OCI_DERECOG,0.0
NI01PIMEDQS2026,RA_LIC_CUMULATIVE_OCI_DERECOG,0.0
